Model,Clusters,Silhouette Score
KMeans k=5,5,0.2190263302317255
Hierarchical k=5,5,0.18941992609176608
DBSCAN,11,-0.17407496441851444
Mean Shift,3,0.4002859310968885
