customer_id,cluster
3,4
4,6
5,2
7,5
8,3
9,1
10,0
11,5
12,4
14,1
15,6
16,4
18,3
19,2
20,5
22,6
24,1
25,4
26,5
27,4
28,4
29,2
30,1
31,5
33,2
34,2
35,2
36,0
37,5
38,2
39,5
40,0
41,1
42,4
44,6
46,6
47,4
48,4
49,0
50,5
52,3
53,4
54,3
55,0
56,4
57,4
59,2
60,2
61,1
62,0
63,1
64,4
66,1
69,6
70,5
71,1
72,6
73,3
74,6
75,3
76,2
77,1
78,0
79,5
80,4
81,4
82,4
83,3
84,5
85,2
86,5
87,5
89,1
90,3
91,4
92,4
94,1
95,5
97,4
100,4
102,3
103,6
105,0
106,3
107,5
108,4
109,6
110,2
111,1
112,4
113,2
114,2
115,3
116,3
117,5
119,1
120,6
121,5
122,0
123,0
124,6
125,1
126,2
127,0
128,3
129,6
130,2
131,2
132,2
134,4
135,2
136,4
137,1
138,4
139,1
141,6
142,5
144,3
145,3
146,1
147,5
148,1
149,0
152,4
154,3
157,2
158,0
159,2
160,1
161,2
162,4
163,1
165,0
166,5
168,4
170,3
171,4
172,1
173,4
174,2
176,4
179,4
180,5
182,4
184,0
185,5
186,0
187,3
188,1
189,6
191,2
192,4
193,1
195,2
196,4
197,1
198,4
199,2
200,5
201,0
202,2
203,4
204,5
205,6
206,5
207,5
208,0
210,2
211,5
212,2
213,2
214,4
215,4
216,2
217,4
218,2
219,5
220,2
221,0
225,4
226,1
229,0
231,0
232,2
233,4
235,2
236,3
238,4
240,3
241,2
242,4
243,6
244,2
245,2
248,5
249,2
250,1
251,4
254,4
256,5
257,5
258,2
259,4
260,3
261,0
262,4
263,3
264,6
265,4
266,4
270,6
272,2
274,0
276,4
278,5
279,2
280,0
282,2
283,2
284,4
285,1
286,0
287,2
288,5
290,5
292,2
293,5
295,2
296,2
297,6
298,2
299,0
300,3
301,2
303,6
304,2
305,2
306,2
307,6
308,5
310,5
311,6
312,4
313,2
315,2
317,6
321,4
322,5
323,4
324,6
325,0
326,0
328,4
329,6
330,2
331,3
336,4
337,2
338,3
339,5
340,5
341,4
342,0
343,4
344,0
346,4
347,0
350,2
351,2
352,2
353,0
355,2
356,6
358,1
360,2
361,5
362,2
363,3
364,1
365,1
366,1
367,4
368,2
369,2
370,2
371,5
372,5
373,5
375,0
376,4
377,4
378,2
379,0
381,2
382,4
383,0
384,4
385,1
386,4
387,4
389,1
390,3
391,0
392,4
393,6
394,4
395,2
396,0
397,2
398,3
399,6
400,6
401,4
402,4
403,6
405,5
406,5
407,4
408,3
410,5
411,2
412,3
413,0
414,5
416,6
417,6
418,5
419,1
420,1
421,2
422,0
424,1
425,6
426,3
427,2
428,5
429,2
431,0
432,6
434,4
435,0
436,5
437,0
438,5
440,4
441,6
442,4
443,5
445,3
446,4
447,2
448,4
449,2
450,5
451,0
452,5
453,0
455,5
456,6
457,1
460,1
461,5
462,1
464,2
465,3
467,6
469,0
470,3
471,4
472,3
473,0
474,5
475,1
476,5
477,5
479,4
480,6
481,3
482,4
484,5
485,4
486,2
487,5
488,5
489,2
490,5
491,2
492,2
494,4
495,2
496,1
497,0
498,2
499,4
501,4
502,4
503,0
504,0
505,5
506,2
508,5
509,3
510,5
511,2
513,2
514,2
515,1
516,3
517,1
518,2
520,0
521,2
522,2
523,0
524,4
526,6
527,2
528,4
529,4
530,4
531,0
532,2
533,2
534,5
535,1
536,1
537,0
538,5
539,4
540,4
541,4
542,5
543,4
545,2
547,1
548,2
549,6
550,4
551,5
552,4
553,0
554,4
556,3
557,5
558,0
559,2
561,4
562,2
563,4
565,4
566,1
568,3
569,6
570,0
571,5
573,5
574,4
575,4
576,0
577,4
578,2
579,5
580,0
581,2
582,0
583,2
584,4
585,5
586,1
587,4
588,4
589,3
590,2
591,3
592,4
593,4
594,4
595,0
596,2
597,5
598,3
603,2
604,2
605,4
606,4
609,0
611,1
613,3
614,2
615,2
617,4
618,4
619,4
621,3
622,4
623,1
624,4
625,4
626,2
627,4
628,5
629,1
631,2
632,4
633,2
634,5
635,1
636,1
637,2
638,3
639,0
640,2
641,1
642,1
643,2
644,6
645,4
646,2
647,4
648,3
650,4
653,2
654,0
655,2
656,0
657,4
658,2
659,4
660,6
662,0
663,4
664,2
665,4
666,4
667,4
668,6
669,1
670,4
671,5
673,3
674,1
675,6
676,1
677,2
678,1
679,2
680,2
681,2
682,1
685,6
686,4
687,4
688,4
689,2
691,4
692,5
694,5
695,5
696,4
697,0
699,4
700,4
701,2
703,3
704,6
705,3
707,1
708,6
709,1
710,1
712,2
713,4
714,2
715,4
717,0
718,4
719,1
721,4
722,5
723,2
725,2
726,4
727,2
728,0
729,4
730,2
731,2
732,6
733,1
734,2
735,5
736,5
737,0
738,4
739,2
741,6
742,2
743,4
744,1
745,5
746,3
747,4
748,5
749,1
752,4
753,1
754,5
755,0
757,0
758,4
759,2
760,6
761,4
762,4
763,4
764,2
765,6
766,3
767,4
768,1
769,4
770,1
771,2
772,6
773,6
776,5
777,1
779,6
780,2
781,6
782,4
783,4
785,2
787,3
788,2
789,2
791,3
792,6
793,4
794,2
795,1
797,2
798,0
799,4
800,0
803,2
804,6
805,2
806,3
808,4
809,3
810,2
811,5
812,5
813,4
814,4
815,4
816,4
817,5
818,0
819,2
820,2
821,2
822,4
823,6
824,5
826,6
827,5
830,1
831,2
832,2
833,3
834,2
835,4
836,1
837,1
838,4
839,6
840,4
842,4
843,2
844,4
845,2
846,4
847,4
848,0
849,0
851,1
852,0
853,0
854,6
855,2
856,3
857,6
859,1
860,2
862,5
863,6
864,4
865,1
866,1
867,3
868,1
870,2
873,4
874,3
875,0
876,6
878,1
879,1
880,6
881,0
883,6
884,1
886,4
887,2
889,2
890,4
891,6
893,4
894,2
896,4
897,2
898,4
899,4
900,4
901,4
902,5
903,3
904,4
905,5
906,2
907,1
908,0
909,1
910,1
911,5
913,2
914,5
916,2
917,4
918,4
919,4
920,2
921,5
922,5
923,2
924,1
925,6
926,2
927,2
928,2
929,4
930,4
931,6
933,3
934,5
935,3
936,2
937,3
938,0
939,3
940,6
941,1
942,3
944,6
945,4
946,5
947,0
948,4
950,0
951,4
953,4
954,6
955,2
956,5
957,0
958,2
960,3
962,1
963,1
964,5
965,5
966,2
967,3
968,6
969,4
970,2
973,4
974,6
975,6
977,3
978,2
979,3
980,2
981,2
982,3
983,1
986,2
989,0
990,4
991,3
992,0
993,2
994,5
996,2
997,1
998,4
999,0
1000,6
1001,6
1002,1
1003,0
1004,2
1007,1
1008,1
1009,1
1011,4
1014,4
1015,4
1016,2
1018,4
1019,6
1021,3
1022,4
1023,0
1024,2
1025,5
1026,3
1027,5
1028,3
1029,6
1030,5
1031,2
1032,5
1033,6
1034,4
1035,5
1038,4
1039,2
1040,0
1041,6
1042,0
1043,4
1044,2
1045,4
1046,2
1048,4
1049,2
1050,4
1051,1
1052,2
1055,3
1058,4
1060,5
1061,2
1063,5
1064,0
1065,3
1066,0
1067,1
1068,3
1069,5
1071,3
1072,3
1073,5
1074,0
1075,0
1076,5
1077,3
1078,2
1079,1
1080,1
1082,2
1083,2
1084,4
1085,2
1086,3
1087,4
1088,2
1089,0
1090,6
1091,2
1092,4
1093,6
1094,0
1095,5
1096,1
1097,0
1098,6
1099,3
1101,4
1103,3
1104,3
1105,0
1106,2
1108,2
1110,4
1111,4
1112,1
1113,2
1114,0
1115,3
1117,1
1118,4
1119,5
1120,0
1121,4
1122,0
1123,2
1124,6
1125,4
1126,2
1127,4
1128,4
1129,4
1130,2
1131,6
1132,5
1133,5
1134,1
1135,4
1136,6
1137,5
1138,4
1139,3
1140,3
1141,4
1142,2
1143,5
1145,5
1146,3
1150,0
1152,4
1153,5
1154,0
1155,5
1156,5
1157,1
1158,1
1159,6
1160,3
1163,2
1164,0
1167,0
1168,4
1170,5
1171,4
1172,0
1173,5
1175,6
1177,3
1178,2
1179,5
1180,6
1181,6
1182,5
1183,3
1184,0
1186,4
1187,5
1189,2
1190,0
1191,3
1193,0
1194,2
1196,1
1197,6
1199,4
1200,4
1201,5
1203,4
1205,4
1206,2
1207,0
1208,4
1209,0
1210,6
1211,0
1212,4
1213,2
1216,1
1217,6
1218,5
1219,2
1221,0
1222,5
1223,5
1224,0
1227,3
1228,6
1229,4
1230,0
1231,2
1233,4
1234,2
1235,6
1236,1
1237,1
1238,1
1239,5
1240,3
1241,2
1242,5
1243,6
1245,0
1246,2
1247,1
1249,5
1250,2
1251,4
1252,5
1253,3
1255,0
1256,2
1257,4
1258,2
1259,1
1261,0
1262,4
1263,2
1264,2
1265,4
1266,6
1268,2
1269,4
1271,4
1272,2
1273,1
1274,4
1275,5
1277,4
1278,2
1279,2
1280,1
1281,4
1282,3
1283,5
1284,1
1285,2
1286,5
1289,0
1290,4
1291,6
1292,6
1293,6
1294,3
1295,2
1296,2
1297,6
1298,4
1299,3
1300,2
1301,0
1302,5
1303,3
1304,3
1305,4
1306,2
1307,2
1310,0
1311,2
1312,5
1313,0
1314,1
1315,3
1316,2
1317,4
1318,4
1320,4
1321,5
1322,1
1323,1
1324,2
1326,5
1327,4
1328,4
1329,6
1330,4
1331,1
1332,4
1333,5
1334,4
1335,5
1336,5
1338,3
1339,3
1340,6
1341,0
1342,0
1343,4
1344,6
1345,4
1346,5
1347,0
1348,2
1349,1
1350,2
1351,1
1352,3
1353,0
1354,1
1355,4
1356,4
1357,2
1358,4
1359,4
1360,1
1361,2
1362,5
1363,5
1364,0
1365,5
1366,5
1367,2
1368,5
1370,2
1371,0
1373,2
1374,5
1376,6
1377,0
1378,4
1379,5
1380,2
1381,1
1383,4
1387,0
1388,2
1389,4
1390,6
1391,2
1392,1
1393,4
1394,6
1396,0
1397,1
1398,1
1399,4
1400,1
1401,6
1402,6
1403,2
1404,2
1405,6
1406,1
1407,3
1408,3
1409,3
1411,2
1412,5
1413,2
1414,2
1415,4
1416,2
1417,5
1418,0
1419,0
1420,0
1421,5
1422,0
1423,0
1424,4
1426,4
1427,4
1428,1
1429,0
1430,1
1431,4
1432,0
1433,4
1434,4
1435,6
1436,3
1437,5
1438,4
1439,5
1440,4
1441,2
1442,0
1443,5
1444,4
1447,4
1448,4
1450,2
1451,0
1452,6
1453,3
1454,5
1456,1
1460,4
1461,1
1462,4
1463,2
1465,0
1466,4
1467,5
1468,3
1469,5
1471,0
1472,4
1474,3
1475,3
1476,2
1477,5
1478,1
1479,0
1480,1
1481,4
1483,6
1484,2
1485,4
1486,2
1487,4
1488,1
1489,4
1490,3
1491,4
1492,5
1495,4
1496,4
1497,3
1498,1
1499,1
1500,5
1501,2
1502,4
1503,6
1504,2
1505,5
1506,5
1507,1
1510,2
1511,5
1512,6
1513,3
1514,4
1516,4
1517,2
1518,1
1519,1
1520,6
1522,2
1523,2
1524,2
1526,6
1527,0
1528,5
1529,0
1530,3
1531,2
1532,2
1533,6
1534,2
1535,2
1536,2
1537,0
1538,4
1539,0
1541,5
1542,0
1543,4
1544,0
1546,4
1547,0
1550,5
1551,4
1552,0
1553,0
1555,6
1556,3
1557,3
1558,5
1559,1
1560,6
1561,2
1562,2
1564,2
1565,1
1566,2
1568,6
1570,3
1571,4
1572,4
1575,4
1579,4
1580,1
1581,3
1583,1
1584,4
1585,6
1586,2
1587,6
1590,2
1591,5
1592,0
1593,3
1595,2
1596,0
1597,2
1598,1
1599,5
1600,0
1601,5
1602,2
1603,0
1604,1
1605,3
1606,4
1607,0
1608,4
1609,6
1610,0
1611,4
1612,0
1613,4
1614,0
1615,2
1616,4
1618,5
1619,4
1620,1
1621,1
1622,6
1623,2
1625,1
1626,2
1627,1
1628,4
1629,6
1631,0
1633,2
1635,4
1636,0
1637,2
1638,4
1639,2
1641,2
1642,6
1643,1
1644,4
1646,6
1647,3
1649,2
1650,2
1651,2
1652,0
1653,6
1655,4
1657,5
1658,2
1659,6
1660,5
1661,4
1662,2
1665,0
1666,2
1667,4
1668,4
1669,3
1670,0
1671,1
1672,1
1673,2
1674,4
1675,6
1676,2
1677,6
1678,2
1679,3
1681,5
1682,2
1683,2
1684,5
1685,4
1686,6
1687,2
1688,2
1689,2
1690,6
1691,4
1692,2
1693,3
1694,5
1695,4
1696,0
1698,5
1699,2
1700,6
1701,5
1702,3
1703,2
1704,6
1705,1
1707,3
1708,4
1709,2
1710,4
1711,4
1712,2
1714,2
1715,1
1716,0
1717,3
1718,2
1719,2
1720,2
1721,5
1722,6
1723,6
1724,6
1726,3
1727,4
1728,0
1729,1
1730,3
1731,2
1732,6
1733,5
1734,0
1735,2
1736,6
1737,0
1738,6
1739,4
1741,4
1742,1
1744,3
1746,2
1747,2
1749,4
1750,5
1751,5
1752,0
1753,6
1754,3
1755,0
1756,1
1757,6
1758,5
1759,1
1760,2
1761,1
1762,4
1763,4
1764,2
1765,2
1766,0
1767,1
1768,2
1769,3
1770,2
1771,5
1772,2
1773,4
1774,2
1775,5
1776,4
1778,5
1779,5
1780,1
1781,4
1782,4
1783,5
1784,5
1785,4
1786,2
1787,4
1788,4
1789,0
1790,0
1791,4
1792,2
1793,2
1794,0
1795,6
1796,2
1797,2
1798,3
1799,4
1800,0
1801,3
1803,6
1804,2
1805,4
1806,4
1807,0
1808,1
1809,4
1810,6
1811,2
1813,3
1814,0
1816,2
1818,2
1820,1
1821,4
1824,1
1825,5
1828,3
1829,5
1830,4
1831,1
1832,2
1833,2
1834,4
1835,3
1836,5
1837,1
1838,2
1839,1
1840,4
1841,4
1842,2
1844,1
1845,0
1846,2
1848,2
1849,3
1850,3
1851,4
1853,4
1854,2
1856,1
1857,5
1858,4
1859,5
1860,4
1861,4
1863,2
1864,4
1865,2
1866,0
1867,6
1869,3
1870,4
1871,5
1872,4
1874,1
1876,3
1877,0
1878,1
1880,5
1881,4
1882,5
1883,0
1884,0
1886,1
1887,4
1888,4
1889,6
1890,4
1891,6
1892,1
1893,2
1896,3
1897,4
1898,2
1899,3
1900,5
1901,3
1903,1
1904,1
1905,2
1906,0
1908,3
1909,2
1910,4
1911,3
1912,2
1914,4
1915,4
1917,4
1918,5
1920,0
1922,3
1923,2
1924,5
1925,5
1926,3
1927,1
1928,5
1929,2
1930,0
1931,1
1932,6
1933,0
1936,1
1939,2
1940,4
1941,3
1942,2
1943,5
1944,6
1945,2
1946,0
1948,0
1949,6
1950,2
1951,3
1952,1
1953,4
1954,5
1955,0
1956,4
1957,6
1958,4
1959,0
1962,6
1963,5
1964,5
1965,2
1967,0
1969,1
1970,2
1971,1
1972,4
1973,2
1974,4
1975,0
1976,2
1977,5
1979,0
1980,1
1981,6
1982,4
1983,4
1984,0
1985,4
1986,6
1987,6
1990,4
1991,4
1992,4
1993,4
1994,4
1995,1
1996,4
1998,3
1999,1
2000,5
2001,3
2002,2
2004,1
2005,5
2006,2
2007,0
2008,2
2009,6
2010,3
2011,3
2012,3
2013,4
2014,4
2015,0
2016,1
2017,4
2018,2
2019,4
2020,6
2021,4
2022,3
2023,4
2024,4
2025,0
2026,4
2027,1
2028,4
2029,0
2030,4
2031,0
2032,6
2033,4
2034,3
2035,1
2037,6
2038,2
2039,1
2040,2
2041,4
2042,5
2043,0
2044,6
2045,3
2046,1
2047,4
2048,0
2049,2
2051,4
2052,1
2053,0
2055,4
2056,5
2058,6
2059,1
2061,6
2062,2
2063,0
2064,4
2065,3
2066,4
2067,2
2068,0
2069,2
2070,4
2071,2
2072,1
2075,1
2076,1
2077,2
2078,2
2081,1
2082,2
2083,0
2084,4
2085,6
2086,4
2087,5
2089,5
2090,0
2091,1
2093,4
2094,6
2095,4
2098,0
2099,2
2100,2
2101,3
2102,1
2103,4
2104,4
2105,3
2107,4
2108,6
2109,0
2110,4
2111,4
2112,0
2113,0
2114,2
2116,3
2117,1
2118,2
2119,2
2120,6
2121,1
2123,2
2124,6
2125,6
2126,5
2127,2
2128,6
2129,6
2130,2
2132,5
2133,3
2134,3
2135,3
2137,6
2138,2
2139,3
2140,4
2141,5
2142,2
2143,3
2144,3
2146,5
2148,4
2149,2
2150,0
2151,5
2154,1
2155,0
2156,4
2157,0
2158,1
2159,0
2160,3
2161,0
2162,4
2163,6
2164,2
2165,1
2166,2
2167,4
2168,1
2169,1
2170,2
2171,4
2172,0
2173,2
2174,1
2175,1
2176,4
2177,1
2178,2
2179,6
2181,2
2182,6
2185,2
2186,2
2187,1
2188,1
2189,6
2190,2
2191,0
2192,1
2193,2
2195,4
2196,3
2197,5
2199,2
2200,5
2202,5
2203,5
2204,2
2205,1
2206,4
2207,5
2209,6
2210,2
2212,6
2213,5
2214,6
2215,1
2216,4
2217,1
2218,2
2219,2
2222,4
2223,6
2224,6
2225,5
2226,1
2227,3
2228,3
2231,4
2232,2
2233,6
2234,2
2236,4
2237,0
2238,4
2239,3
2240,2
2242,6
2243,6
2244,2
2246,4
2247,0
2248,4
2249,1
2250,6
2251,1
2252,0
2253,6
2254,3
2255,6
2256,4
2257,0
2259,6
2261,2
2262,2
2263,4
2265,4
2266,1
2267,5
2268,3
2269,5
2271,6
2272,2
2273,4
2274,0
2275,3
2276,0
2277,0
2278,2
2279,3
2280,2
2281,0
2285,0
2286,6
2288,2
2289,4
2290,6
2291,3
2292,5
2293,4
2294,3
2295,2
2296,2
2297,4
2299,2
2302,2
2303,3
2304,0
2305,6
2306,6
2307,4
2309,4
2310,0
2311,3
2312,4
2313,4
2314,3
2315,6
2316,2
2317,5
2318,1
2319,4
2320,6
2321,5
2323,1
2325,4
2326,1
2327,2
2328,3
2329,1
2330,4
2331,5
2332,3
2333,6
2334,0
2336,4
2337,3
2338,3
2339,2
2340,2
2341,3
2342,3
2343,4
2344,2
2345,2
2346,4
2347,2
2348,1
2349,4
2351,5
2352,5
2353,2
2354,0
2355,4
2356,0
2357,2
2358,2
2359,2
2360,0
2361,6
2363,4
2364,6
2365,0
2366,2
2367,2
2368,3
2369,2
2370,5
2372,4
2373,4
2376,2
2377,2
2378,4
2379,1
2380,2
2381,5
2382,4
2384,4
2385,3
2386,1
2387,6
2388,4
2389,3
2390,5
2392,5
2393,4
2394,3
2395,2
2397,4
2398,1
2399,6
2401,3
2402,4
2403,4
2404,4
2405,3
2406,6
2407,4
2408,2
2409,5
2410,4
2411,2
2412,5
2413,5
2414,1
2415,5
2416,2
2417,2
2418,6
2419,4
2420,4
2421,1
2422,4
2423,0
2424,3
2425,2
2426,0
2427,4
2428,4
2431,3
2432,2
2433,6
2435,4
2437,1
2438,5
2439,4
2441,1
2442,3
2443,2
2445,2
2446,2
2447,4
2448,4
2451,4
2452,4
2453,4
2456,5
2457,6
2458,6
2459,6
2462,4
2463,4
2464,6
2465,4
2466,0
2467,6
2468,3
2469,4
2470,6
2471,1
2472,0
2473,4
2474,2
2475,0
2476,6
2478,0
2479,6
2480,3
2481,5
2482,4
2483,5
2484,0
2485,2
2486,5
2487,0
2488,2
2490,2
2491,2
2492,4
2494,0
2495,1
2496,6
2498,3
2499,0
2500,1
2501,4
2502,5
2503,1
2504,2
2505,3
2506,4
2507,2
2508,3
2509,1
2511,1
2512,1
2513,5
2514,4
2515,1
2517,4
2518,4
2520,0
2521,4
2522,2
2524,1
2525,6
2526,5
2528,0
2529,1
2530,5
2531,4
2533,3
2534,1
2536,2
2538,1
2541,2
2542,5
2543,5
2544,2
2545,6
2546,2
2547,5
2548,2
2549,5
2550,2
2552,4
2553,6
2554,6
2555,4
2556,6
2557,1
2558,5
2559,5
2560,3
2561,1
2562,4
2564,2
2565,1
2566,2
2567,3
2569,4
2570,2
2572,4
2573,4
2575,3
2576,3
2577,4
2580,6
2581,2
2582,6
2583,5
2584,4
2586,5
2587,4
2588,4
2589,1
2590,0
2591,4
2592,3
2593,4
2594,6
2596,5
2597,4
2598,0
2599,2
2600,5
2601,2
2602,1
2603,5
2604,5
2605,5
2606,1
2607,0
2608,5
2610,4
2611,2
2612,4
2613,3
2614,4
2615,5
2616,2
2617,4
2618,5
2619,4
2621,5
2622,5
2624,1
2625,5
2626,2
2627,6
2628,3
2629,4
2630,2
2631,4
2632,3
2633,1
2634,3
2635,1
2636,5
2637,5
2638,1
2639,2
2640,4
2641,6
2642,1
2643,4
2644,4
2645,4
2646,0
2647,4
2648,4
2649,1
2650,1
2651,0
2652,2
2653,4
2654,5
2655,2
2656,0
2657,1
2658,4
2659,2
2660,3
2661,6
2662,3
2663,4
2664,4
2665,0
2667,4
2668,1
2669,1
2670,3
2671,0
2672,4
2674,2
2675,2
2676,0
2677,4
2678,4
2680,3
2681,2
2682,5
2683,4
2684,6
2685,4
2686,3
2690,0
2692,4
2693,1
2694,4
2695,4
2696,1
2697,4
2698,0
2699,1
2700,3
2701,4
2702,4
2703,4
2704,4
2705,2
2706,0
2707,4
2708,5
2709,6
2710,5
2711,4
2712,4
2713,3
2715,2
2716,2
2717,4
2718,2
2719,2
2720,6
2721,6
2722,3
2723,1
2724,2
2725,6
2727,4
2728,2
2729,4
2730,4
2732,3
2733,2
2734,1
2735,2
2736,0
2737,2
2738,0
2739,3
2740,2
2741,6
2742,6
2743,4
2745,2
2746,6
2747,4
2750,5
2751,2
2752,1
2754,2
2756,6
2757,6
2759,5
2760,5
2761,6
2762,5
2764,4
2766,4
2768,2
2769,2
2770,4
2771,4
2772,2
2774,1
2775,0
2777,4
2778,1
2779,2
2780,5
2782,4
2784,0
2786,0
2787,6
2788,1
2789,3
2790,4
2792,5
2793,6
2794,0
2796,3
2797,1
2798,5
2799,4
2800,5
2801,6
2802,2
2803,6
2804,5
2806,5
2807,2
2808,0
2809,1
2810,6
2811,2
2812,2
2813,5
2814,2
2815,2
2818,1
2819,5
2820,4
2821,0
2822,2
2823,0
2824,5
2826,5
2827,4
2828,5
2829,5
2830,4
2832,6
2833,3
2834,6
2835,6
2836,1
2837,2
2838,1
2840,6
2841,2
2842,6
2843,4
2844,0
2846,5
2847,4
2848,3
2849,4
2850,4
2851,4
2852,4
2853,6
2854,0
2855,3
2856,3
2858,1
2860,1
2861,6
2863,5
2864,1
2865,4
2866,5
2867,0
2869,2
2870,6
2874,6
2875,2
2877,1
2878,1
2879,1
2880,3
2881,2
2882,6
2883,3
2884,5
2885,4
2886,4
2887,5
2888,4
2890,0
2892,2
2893,4
2894,5
2896,6
2897,1
2899,5
2900,2
2901,2
2902,6
2903,4
2904,6
2905,5
2906,5
2907,4
2908,2
2909,2
2910,5
2911,3
2912,2
2913,2
2914,2
2916,2
2917,5
2918,1
2919,3
2920,3
2921,4
2922,2
2923,1
2925,1
2926,6
2927,3
2929,2
2930,4
2932,5
2933,2
2934,6
2935,6
2936,1
2938,2
2939,2
2940,1
2942,5
2943,4
2944,0
2945,5
2946,1
2947,4
2948,2
2949,5
2951,4
2952,3
2953,5
2954,6
2955,2
2956,5
2957,3
2958,6
2959,6
2960,0
2961,2
2962,2
2963,3
2965,2
2966,5
2967,2
2969,5
2972,5
2974,5
2975,5
2976,5
2977,4
2978,5
2980,5
2981,4
2982,2
2984,6
2985,4
2986,4
2987,2
2988,3
2989,0
2991,2
2992,2
2993,0
2994,4
2995,4
2996,1
2997,6
2998,2
2999,4
3000,5
3001,0
3002,4
3003,2
3004,2
3005,6
3007,2
3008,6
3009,2
3010,1
3011,0
3012,2
3013,1
3015,4
3017,2
3019,3
3020,2
3021,6
3024,2
3025,6
3026,5
3028,4
3029,4
3030,0
3031,3
3032,6
3033,1
3034,1
3035,4
3036,4
3037,5
3038,5
3039,2
3040,1
3041,2
3042,2
3043,5
3044,5
3045,1
3046,4
3048,6
3049,1
3050,2
3051,3
3052,5
3053,2
3054,5
3055,4
3056,0
3057,0
3058,3
3059,4
3060,5
3061,5
3062,1
3063,3
3064,4
3065,6
3066,3
3067,6
3068,1
3069,2
3070,4
3071,6
3072,5
3073,2
3074,2
3075,3
3076,5
3079,4
3080,4
3081,0
3082,0
3083,4
3084,4
3085,2
3086,0
3087,1
3088,4
3089,2
3090,5
3091,0
3092,4
3093,4
3094,2
3095,0
3096,6
3097,2
3098,1
3099,5
3100,4
3101,4
3105,5
3106,1
3107,0
3110,5
3112,2
3113,0
3114,2
3115,1
3116,6
3117,6
3118,5
3119,3
3120,4
3121,5
3122,4
3123,2
3124,5
3125,3
3126,2
3128,1
3129,0
3130,4
3131,1
3132,6
3133,4
3135,2
3136,5
3138,1
3139,5
3140,4
3142,3
3143,4
3146,4
3147,5
3149,6
3150,2
3151,0
3154,4
3155,2
3156,6
3157,5
3158,3
3159,4
3160,4
3161,2
3162,4
3163,1
3164,3
3165,3
3167,3
3168,1
3169,0
3170,1
3171,6
3172,0
3173,2
3175,4
3176,4
3177,2
3178,3
3179,6
3180,0
3183,2
3184,0
3185,6
3186,4
3187,2
3188,4
3189,2
3190,5
3191,4
3192,5
3193,2
3194,6
3196,2
3197,2
3198,5
3199,0
3200,4
3201,0
3202,6
3204,4
3205,4
3206,1
3207,2
3209,4
3211,2
3213,1
3214,0
3215,4
3216,2
3217,3
3219,3
3220,6
3221,5
3223,6
3224,0
3225,4
3226,4
3227,4
3230,2
3231,5
3232,3
3234,6
3235,6
3236,5
3237,1
3238,3
3239,1
3240,5
3241,2
3242,6
3243,4
3244,0
3245,1
3246,4
3247,2
3248,6
3249,4
3250,1
3251,0
3252,2
3253,2
3255,1
3256,4
3258,2
3259,4
3260,4
3262,2
3263,2
3264,2
3265,0
3266,2
3267,5
3269,2
3270,2
3271,1
3272,2
3273,1
3274,5
3275,6
3276,6
3278,1
3279,6
3280,5
3282,2
3283,3
3285,2
3286,2
3287,2
3288,4
3289,4
3291,4
3293,0
3294,4
3295,2
3296,4
3297,0
3298,4
3299,2
3300,2
3301,1
3303,2
3304,0
3306,3
3307,4
3309,1
3310,0
3311,4
3312,4
3314,2
3315,4
3316,2
3317,2
3319,1
3320,4
3321,3
3322,1
3323,5
3324,0
3325,2
3326,3
3327,3
3328,4
3329,0
3330,1
3332,0
3333,5
3334,5
3335,2
3336,6
3337,3
3338,0
3339,4
3340,5
3341,3
3342,6
3343,2
3344,5
3345,4
3346,0
3347,5
3348,4
3349,2
3350,4
3352,0
3353,5
3354,4
3356,4
3357,2
3358,2
3359,1
3360,5
3361,2
3362,6
3363,2
3364,4
3365,4
3366,4
3367,2
3369,4
3370,6
3371,1
3372,2
3374,0
3376,4
3377,4
3378,2
3379,5
3381,5
3382,3
3383,1
3384,0
3387,5
3388,5
3389,5
3390,4
3391,4
3392,1
3393,4
3395,5
3396,0
3397,4
3398,1
3399,0
3400,0
3401,6
3402,1
3403,2
3404,4
3405,3
3406,4
3407,2
3408,1
3410,4
3411,1
3412,0
3413,4
3414,1
3415,2
3416,0
3418,5
3419,5
3421,0
3422,2
3423,5
3425,3
3426,4
3427,1
3428,3
3430,2
3431,4
3432,5
3433,4
3434,2
3435,3
3437,6
3438,0
3440,5
3441,4
3442,0
3443,1
3444,2
3445,4
3446,5
3447,2
3448,6
3449,4
3451,6
3452,1
3453,2
3454,5
3455,1
3456,3
3458,3
3459,5
3460,1
3461,5
3463,5
3464,5
3465,2
3466,2
3467,2
3468,0
3469,2
3470,4
3471,2
3472,0
3473,2
3474,4
3475,4
3476,2
3477,2
3478,0
3479,4
3481,4
3482,2
3483,4
3484,4
3485,6
3486,2
3488,1
3489,6
3490,4
3491,2
3492,5
3493,4
3494,2
3495,0
3496,6
3497,2
3498,2
3501,3
3502,4
3504,0
3505,4
3507,4
3508,2
3509,4
3511,4
3513,6
3514,2
3515,4
3516,1
3517,2
3518,0
3519,2
3520,1
3521,4
3522,4
3523,3
3524,0
3525,3
3526,4
3527,3
3528,0
3529,1
3530,4
3532,5
3533,1
3534,5
3535,2
3536,6
3537,3
3538,2
3539,1
3540,3
3541,2
3542,2
3543,1
3544,1
3546,2
3547,1
3548,5
3550,1
3551,5
3552,4
3553,5
3554,4
3555,2
3556,4
3557,4
3558,2
3560,2
3561,5
3562,4
3564,5
3565,4
3566,0
3567,6
3568,2
3569,6
3570,0
3571,3
3572,4
3573,1
3574,4
3575,3
3576,6
3578,2
3579,3
3580,0
3581,3
3582,4
3584,2
3585,2
3586,2
3587,1
3588,0
3589,0
3591,5
3593,1
3594,0
3595,2
3596,0
3597,4
3598,6
3599,2
3600,2
3601,5
3602,2
3603,2
3604,6
3605,4
3607,2
3608,5
3610,5
3611,2
3612,2
3615,2
3616,2
3617,1
3618,0
3619,5
3620,4
3621,4
3622,2
3623,2
3624,2
3625,4
3626,4
3627,2
3628,3
3629,4
3631,5
3633,2
3635,0
3639,6
3640,0
3641,3
3642,2
3643,5
3644,4
3645,4
3646,3
3647,5
3648,4
3649,1
3650,0
3652,5
3653,1
3654,5
3655,4
3656,0
3657,4
3658,2
3660,5
3661,4
3662,6
3664,4
3665,6
3666,1
3667,4
3668,4
3669,4
3670,4
3671,6
3672,5
3674,6
3675,1
3676,6
3677,2
3679,1
3680,2
3681,3
3682,5
3684,2
3689,2
3690,6
3691,0
3692,4
3693,0
3694,2
3695,4
3696,6
3697,0
3699,4
3701,0
3703,3
3704,3
3705,3
3707,1
3708,2
3710,5
3712,6
3713,2
3714,4
3715,4
3716,1
3717,5
3718,2
3719,4
3720,0
3721,2
3722,2
3723,4
3726,4
3728,2
3729,3
3732,3
3733,2
3734,5
3735,2
3736,3
3737,4
3738,4
3739,0
3740,4
3742,5
3743,6
3745,2
3747,6
3748,4
3749,0
3751,0
3752,4
3753,1
3754,5
3757,1
3758,0
3760,5
3761,2
3762,4
3763,0
3765,2
3766,4
3770,5
3771,1
3772,5
3773,1
3774,2
3775,3
3776,5
3777,2
3778,0
3779,0
3780,1
3781,0
3782,0
3783,0
3785,6
3786,2
3789,2
3790,3
3791,5
3792,3
3793,2
3795,1
3796,6
3797,2
3798,4
3799,4
3800,2
3801,2
3802,4
3803,5
3805,5
3806,1
3807,6
3808,0
3809,1
3810,4
3811,6
3812,5
3813,6
3814,1
3815,5
3816,4
3817,4
3818,5
3819,0
3821,2
3822,5
3823,3
3824,2
3825,1
3828,4
3830,2
3831,3
3832,4
3833,5
3834,4
3835,2
3836,5
3837,0
3838,3
3839,4
3840,4
3841,4
3842,2
3843,2
3844,3
3845,3
3846,1
3847,0
3848,1
3849,3
3850,2
3851,2
3852,6
3855,1
3856,2
3858,4
3859,4
3860,6
3861,3
3862,0
3863,1
3864,4
3865,6
3866,5
3867,4
3868,4
3869,4
3870,6
3872,5
3873,6
3874,4
3875,2
3876,4
3877,3
3878,2
3879,2
3881,4
3882,0
3883,2
3884,1
3887,5
3889,1
3892,4
3893,1
3894,2
3895,5
3896,2
3897,4
3899,4
3900,4
3901,2
3902,1
3903,5
3904,6
3905,5
3907,4
3908,2
3910,1
3912,4
3913,3
3914,5
3916,2
3917,0
3918,4
3919,2
3920,3
3921,5
3922,5
3925,0
3926,1
3927,4
3932,2
3933,0
3934,5
3936,5
3937,2
3938,2
3940,6
3942,2
3943,2
3944,5
3946,6
3947,0
3948,6
3949,2
3950,6
3951,6
3952,1
3953,2
3954,4
3955,2
3956,2
3957,6
3958,2
3960,0
3963,4
3964,4
3965,0
3967,3
3970,2
3971,2
3972,0
3973,6
3974,5
3976,3
3977,6
3978,2
3979,3
3980,3
3981,6
3982,1
3985,3
3986,4
3987,2
3988,3
3989,5
3990,0
3991,3
3992,2
3993,2
3994,6
3995,1
3996,0
3997,5
3998,1
3999,0
4000,2
4002,3
4003,1
4004,5
4005,1
4007,6
4008,1
4009,1
4010,4
4011,4
4013,4
4014,6
4015,2
4016,6
4017,5
4018,4
4019,4
4020,3
4021,2
4022,0
4023,6
4024,4
4025,4
4026,2
4027,4
4028,5
4029,2
4030,6
4031,4
4035,0
4036,4
4037,0
4038,4
4039,0
4041,6
4042,4
4043,6
4044,6
4045,0
4046,4
4047,4
4048,1
4049,2
4050,6
4051,1
4052,2
4054,2
4055,5
4056,4
4057,1
4058,5
4059,4
4060,5
4061,1
4062,4
4063,1
4064,4
4065,4
4066,2
4068,1
4069,0
4070,2
4071,4
4072,0
4073,0
4074,2
4075,2
4076,5
4077,6
4079,2
4080,1
4081,4
4082,0
4083,1
4085,0
4086,5
4087,5
4088,6
4089,0
4090,1
4091,1
4092,6
4093,1
4095,4
4096,2
4097,4
4098,4
4099,0
4100,2
4101,2
4102,5
4103,1
4104,0
4106,6
4108,4
4109,4
4110,2
4111,5
4112,2
4113,5
4114,4
4115,2
4116,4
4117,5
4118,4
4119,5
4121,0
4122,4
4123,0
4126,3
4127,2
4128,2
4129,3
4130,4
4132,2
4133,5
4134,5
4136,6
4137,6
4138,2
4140,4
4141,1
4142,0
4143,0
4144,2
4145,5
4146,6
4148,4
4149,2
4150,0
4151,4
4152,3
4153,3
4154,4
4155,2
4156,6
4157,5
4158,2
4160,6
4161,5
4162,5
4163,0
4164,1
4165,2
4166,0
4167,1
4168,0
4169,3
4170,4
4171,2
4173,0
4174,2
4176,4
4177,3
4179,5
4180,2
4181,0
4182,4
4183,0
4185,1
4186,4
4187,3
4188,5
4189,3
4190,1
4193,4
4194,5
4195,6
4197,2
4198,0
4199,5
4202,2
4204,4
4205,1
4206,1
4207,2
4208,3
4209,3
4210,5
4211,1
4212,5
4213,5
4214,6
4215,6
4217,2
4218,4
4221,5
4222,4
4223,4
4224,1
4225,1
4226,0
4227,4
4228,2
4229,5
4230,3
4233,4
4234,3
4235,4
4237,3
4238,1
4239,1
4241,3
4242,4
4244,6
4245,1
4246,0
4247,4
4249,0
4250,1
4251,0
4253,4
4254,3
4255,4
4256,4
4257,1
4258,4
4259,5
4260,3
4261,4
4264,2
4265,0
4267,2
4268,0
4269,2
4270,6
4271,1
4272,2
4273,2
4274,2
4275,5
4276,4
4277,1
4278,2
4281,4
4282,4
4283,0
4284,1
4285,4
4286,4
4287,5
4288,2
4289,2
4290,1
4291,3
4292,1
4293,3
4295,6
4297,2
4298,0
4299,0
4300,4
4301,0
4302,2
4303,0
4304,0
4305,2
4307,4
4308,4
4309,1
4311,6
4312,1
4313,5
4314,6
4315,5
4316,2
4318,5
4319,5
4320,4
4321,3
4322,3
4323,3
4324,1
4325,6
4326,3
4327,1
4328,2
4329,1
4330,6
4331,4
4332,5
4333,1
4334,5
4336,2
4338,2
4339,5
4343,2
4344,2
4345,5
4346,2
4348,2
4349,4
4350,4
4352,0
4353,0
4354,3
4356,0
4357,6
4358,5
4360,6
4361,5
4362,2
4363,2
4364,6
4367,0
4368,2
4369,1
4370,0
4371,0
4372,5
4373,2
4374,0
4378,6
4380,4
4382,2
4383,3
4385,5
4386,6
4387,2
4388,4
4389,2
4390,0
4392,2
4393,4
4394,0
4395,2
4396,5
4397,4
4398,4
4399,4
4400,2
4401,3
4403,5
4404,2
4406,4
4407,0
4408,6
4409,0
4411,3
4412,6
4413,2
4414,2
4415,1
4417,1
4418,3
4421,1
4422,4
4423,1
4424,4
4425,4
4427,2
4428,3
4429,2
4430,0
4433,0
4434,2
4436,4
4438,5
4439,1
4440,4
4441,5
4442,1
4443,3
4444,5
4445,4
4446,2
4447,1
4448,3
4449,2
4450,5
4451,0
4452,5
4453,1
4455,3
4456,6
4458,6
4459,5
4461,3
4462,5
4464,2
4466,2
4467,0
4468,1
4469,3
4470,1
4472,5
4473,1
4474,5
4476,3
4477,2
4478,5
4480,6
4482,6
4484,2
4485,2
4489,5
4490,4
4492,4
4494,2
4495,4
4497,4
4498,1
4499,6
4500,5
4502,1
4504,4
4505,2
4506,6
4507,2
4508,4
4510,1
4511,2
4512,2
4513,2
4515,0
4516,4
4517,4
4518,2
4520,0
4521,3
4522,5
4523,2
4524,1
4525,3
4527,4
4528,3
4529,6
4532,4
4533,2
4534,2
4536,1
4537,1
4538,5
4539,4
4540,2
4541,4
4542,1
4543,0
4544,6
4545,2
4546,0
4547,4
4548,1
4549,4
4550,6
4551,2
4552,2
4553,4
4554,6
4556,3
4558,2
4559,2
4560,2
4562,4
4563,4
4564,4
4565,2
4566,2
4567,2
4568,5
4570,2
4571,0
4572,2
4574,0
4575,4
4576,1
4577,0
4578,1
4579,5
4580,5
4581,4
4582,3
4583,4
4584,5
4585,4
4586,4
4587,5
4588,6
4589,5
4590,4
4591,0
4592,0
4593,1
4594,5
4595,4
4596,4
4597,1
4598,5
4599,2
4601,6
4602,4
4603,5
4604,3
4605,4
4606,2
4607,3
4608,2
4609,2
4610,3
4611,6
4612,6
4613,6
4614,2
4615,3
4616,6
4617,5
4618,5
4619,3
4621,6
4624,2
4625,2
4626,3
4627,0
4628,0
4629,2
4630,4
4631,2
4632,4
4633,1
4634,2
4635,6
4636,5
4637,0
4638,4
4639,6
4640,2
4641,4
4643,5
4644,4
4645,2
4646,2
4647,2
4648,4
4649,5
4650,5
4651,2
4652,3
4653,5
4655,6
4656,2
4657,2
4658,4
4659,3
4660,6
4661,5
4662,1
4664,0
4665,2
4666,5
4667,0
4668,6
4669,4
4670,2
4671,3
4672,6
4673,2
4674,0
4675,1
4676,4
4677,3
4678,4
4679,0
4680,4
4681,2
4683,0
4684,6
4685,2
4686,3
4687,2
4689,3
4690,5
4692,3
4693,4
4694,4
4697,2
4699,4
4702,2
4703,6
4704,1
4705,3
4706,2
4707,1
4708,2
4709,1
4710,6
4712,2
4713,5
4715,4
4716,4
4717,1
4718,6
4719,2
4721,1
4722,4
4724,4
4726,4
4727,2
4728,5
4729,2
4730,2
4731,2
4733,5
4735,4
4736,3
4737,4
4739,0
4741,5
4742,5
4744,0
4745,5
4747,5
4748,1
4749,6
4750,0
4751,2
4753,0
4754,4
4755,2
4756,2
4757,5
4759,1
4760,4
4761,0
4762,2
4764,4
4765,5
4766,2
4767,5
4768,4
4769,4
4771,0
4772,5
4774,1
4775,4
4776,2
4777,3
4778,4
4779,3
4781,1
4782,2
4783,5
4784,4
4785,6
4786,4
4787,6
4790,1
4791,2
4792,4
4795,4
4796,6
4797,2
4798,0
4799,4
4801,4
4802,3
4803,6
4804,2
4805,1
4806,2
4807,4
4808,1
4809,1
4810,5
4811,1
4812,3
4813,4
4814,2
4815,4
4817,0
4818,6
4819,4
4820,2
4821,4
4824,4
4826,0
4827,5
4828,4
4829,4
4830,2
4831,6
4833,6
4834,5
4835,1
4836,4
4837,3
4839,6
4840,5
4841,2
4842,4
4844,4
4846,3
4847,6
4848,1
4849,2
4851,2
4852,4
4853,0
4854,5
4855,3
4856,5
4857,5
4860,2
4862,5
4863,5
4864,2
4865,0
4866,5
4868,4
4869,4
4871,4
4872,6
4874,1
4875,2
4876,6
4877,0
4878,2
4879,1
4880,1
4881,4
4882,4
4884,6
4885,4
4886,0
4889,4
4890,2
4891,0
4892,4
4893,2
4894,3
4896,0
4897,5
4898,1
4899,2
4900,2
4901,1
4902,4
4903,4
4904,4
4905,0
4906,3
4907,4
4909,4
4910,3
4911,2
4912,6
4913,6
4914,1
4916,1
4918,1
4919,2
4920,2
4921,3
4922,6
4924,2
4925,4
4926,1
4927,3
4928,2
4929,4
4930,2
4931,0
4932,5
4933,4
4934,2
4935,2
4936,1
4937,2
4938,4
4939,5
4940,4
4942,2
4943,3
4944,0
4945,1
4946,2
4948,6
4949,5
4950,2
4952,6
4953,6
4954,0
4955,0
4956,2
4958,5
4959,5
4960,4
4962,1
4963,4
4964,4
4965,1
4966,4
4967,4
4969,2
4970,2
4972,5
4973,0
4974,4
4975,6
4976,6
4978,4
4979,5
4981,1
4982,6
4983,4
4984,2
4986,2
4988,2
4989,5
4992,0
4993,1
4994,2
4995,1
4996,2
4998,5
4999,5
5000,3
5001,0
5002,3
5003,1
5004,1
5005,2
5006,3
5007,1
5008,0
5009,2
5010,6
5012,3
5013,6
5015,2
5016,4
5017,4
5021,4
5022,2
5023,1
5024,5
5025,2
5026,5
5027,3
5028,2
5029,0
5030,4
5031,6
5034,4
5035,3
5036,0
5037,2
5038,2
5039,2
5040,6
5041,2
5042,0
5043,3
5044,5
5045,2
5046,2
5048,1
5049,2
5050,6
5051,2
5052,5
5053,4
5054,4
5055,4
5057,2
5058,4
5060,4
5061,3
5062,2
5065,4
5066,3
5067,2
5069,2
5070,1
5071,2
5072,5
5074,6
5075,2
5076,2
5077,5
5078,6
5081,2
5082,2
5083,4
5084,5
5085,3
5086,2
5087,6
5088,2
5089,4
5091,4
5092,2
5093,5
5094,2
5096,1
5097,0
5098,0
5100,4
5101,3
5103,4
5104,2
5105,5
5106,3
5107,1
5108,4
5109,1
5110,4
5111,5
5112,0
5114,2
5115,4
5116,6
5117,4
5118,4
5119,4
5120,5
5121,5
5122,5
5123,1
5124,4
5125,4
5126,4
5127,5
5128,5
5129,4
5130,4
5132,6
5133,2
5134,5
5135,4
5136,2
5137,2
5138,2
5139,0
5140,6
5141,4
5142,4
5143,6
5144,1
5145,6
5147,0
5148,2
5149,6
5151,4
5152,1
5154,4
5155,1
5156,6
5157,4
5159,4
5160,1
5161,5
5162,4
5163,0
5164,1
5165,5
5166,4
5167,4
5168,3
5169,2
5170,2
5172,4
5173,0
5174,1
5175,5
5176,2
5177,2
5178,4
5179,6
5180,2
5181,1
5182,1
5183,4
5184,4
5185,0
5186,4
5187,5
5188,1
5189,2
5190,5
5192,4
5193,5
5194,5
5195,6
5196,3
5197,1
5198,5
5199,4
5200,6
5201,6
5202,6
5204,2
5205,3
5208,4
5209,0
5210,0
5211,4
5212,4
5213,3
5214,2
5216,0
5218,4
5219,3
5220,4
5221,2
5222,4
5224,2
5225,2
5226,4
5227,6
5228,3
5229,4
5230,4
5231,4
5232,2
5233,6
5234,1
5235,2
5236,4
5237,2
5239,0
5240,6
5241,2
5243,2
5245,2
5246,2
5247,0
5248,5
5249,5
5250,4
5251,1
5252,5
5254,2
5256,2
5257,5
5258,0
5259,1
5260,5
5262,6
5263,0
5264,4
5265,4
5266,0
5267,4
5269,5
5270,3
5272,4
5273,0
5274,0
5275,2
5276,5
5277,3
5278,2
5279,5
5280,2
5283,0
5284,4
5286,3
5287,5
5288,3
5290,2
5291,0
5292,2
5293,2
5294,2
5295,4
5296,6
5297,2
5298,4
5300,5
5301,3
5302,2
5303,2
5304,6
5305,0
5307,0
5308,4
5309,2
5311,3
5312,4
5313,4
5314,2
5315,4
5316,6
5317,1
5318,4
5320,2
5321,4
5324,4
5325,3
5327,4
5329,4
5331,5
5332,5
5333,1
5334,4
5335,2
5336,5
5337,5
5338,1
5339,4
5340,4
5341,4
5342,0
5343,4
5344,1
5345,5
5346,6
5349,4
5350,2
5351,2
5352,5
5353,6
5354,0
5357,4
5358,4
5359,6
5360,2
5361,2
5362,1
5363,1
5364,6
5366,3
5367,4
5368,2
5369,0
5370,5
5371,2
5372,1
5373,2
5374,0
5376,4
5377,3
5378,5
5379,6
5380,3
5381,2
5382,1
5383,2
5384,1
5385,3
5386,4
5387,2
5388,3
5389,4
5390,5
5392,3
5393,2
5394,2
5395,6
5397,2
5398,2
5399,2
5401,0
5402,5
5403,4
5404,5
5405,2
5406,2
5408,3
5409,1
5411,5
5413,4
5416,4
5417,0
5419,0
5421,2
5422,1
5423,3
5424,2
5425,3
5426,4
5427,1
5428,0
5430,0
5431,6
5433,1
5434,3
5435,5
5436,5
5437,1
5438,5
5439,3
5440,6
5441,6
5442,3
5443,2
5444,3
5445,1
5446,1
5448,2
5450,3
5451,3
5452,5
5453,4
5454,5
5455,5
5456,2
5457,2
5458,0
5459,3
5460,3
5464,4
5465,0
5466,4
5467,5
5469,2
5470,4
5471,5
5472,0
5473,0
5474,0
5475,4
5476,4
5477,4
5479,4
5480,0
5481,4
5483,0
5484,4
5485,5
5486,6
5487,4
5488,2
5489,4
5491,4
5492,2
5493,2
5494,1
5495,1
5496,2
5498,1
5501,4
5503,6
5504,1
5505,5
5506,2
5507,5
5508,4
5511,1
5512,5
5513,4
5514,1
5515,3
5516,4
5517,4
5518,4
5519,5
5520,4
5521,6
5523,4
5524,1
5525,4
5526,2
5528,4
5529,5
5531,2
5532,3
5534,5
5535,4
5536,6
5537,2
5538,5
5539,4
5540,1
5541,0
5543,4
5544,3
5545,2
5546,3
5549,2
5550,5
5551,2
5552,0
5553,0
5554,4
5555,2
5556,2
5557,2
5559,2
5560,5
5561,2
5562,5
5563,4
5564,1
5565,5
5566,2
5567,2
5568,2
5569,3
5570,5
5571,4
5572,6
5573,1
5574,2
5576,0
5577,5
5579,1
5580,4
5581,6
5582,6
5583,0
5584,2
5585,3
5587,0
5588,5
5589,1
5590,4
5591,4
5592,1
5596,5
5597,6
5598,5
5599,4
5600,2
5601,6
5602,0
5603,3
5604,0
5605,2
5606,0
5607,3
5608,0
5609,0
5610,5
5611,0
5612,1
5613,3
5614,0
5615,4
5616,2
5617,4
5618,6
5619,5
5620,5
5621,4
5623,6
5624,2
5625,4
5626,0
5627,2
5628,4
5629,5
5630,6
5631,1
5632,2
5633,5
5634,1
5635,4
5636,4
5637,3
5639,4
5640,5
5641,1
5642,6
5643,2
5645,0
5646,5
5647,2
5648,5
5649,4
5651,2
5652,1
5653,4
5654,2
5655,4
5656,0
5657,5
5658,2
5659,6
5660,4
5661,2
5662,4
5663,6
5664,1
5665,4
5666,1
5667,5
5668,1
5669,6
5670,3
5672,4
5673,4
5674,5
5675,4
5678,2
5679,0
5680,5
5681,4
5682,4
5683,5
5685,0
5686,4
5687,3
5689,0
5690,5
5691,4
5692,2
5693,1
5696,4
5697,4
5699,4
5700,4
5701,4
5703,5
5704,6
5705,4
5706,4
5707,2
5709,2
5710,2
5711,2
5712,2
5713,0
5714,0
5715,4
5716,3
5717,4
5718,4
5719,0
5721,4
5723,5
5724,4
5725,0
5727,0
5729,5
5730,1
5731,2
5732,6
5733,6
5734,0
5735,4
5736,4
5737,5
5739,1
5740,1
5741,2
5742,2
5744,5
5746,4
5747,3
5748,0
5749,2
5750,0
5751,5
5752,2
5753,1
5754,2
5755,4
5756,4
5757,0
5758,0
5759,2
5760,6
5762,4
5765,1
5766,2
5767,5
5768,0
5769,5
5770,2
5771,0
5772,2
5774,4
5775,3
5776,6
5777,2
5778,0
5780,0
5782,0
5783,0
5784,6
5785,2
5786,3
5787,5
5788,0
5789,2
5790,5
5792,0
5793,5
5794,6
5795,5
5797,4
5799,3
5800,3
5801,4
5802,2
5803,2
5804,6
5805,5
5806,3
5807,6
5808,0
5809,4
5810,3
5811,4
5814,3
5815,4
5817,2
5818,2
5819,2
5820,0
5821,2
5822,4
5824,3
5825,2
5826,1
5827,4
5828,5
5829,4
5830,6
5833,4
5834,3
5835,6
5836,2
5837,0
5838,4
5839,1
5840,6
5841,2
5845,1
5846,4
5847,2
5848,4
5849,0
5850,4
5851,1
5852,1
5853,4
5854,5
5857,4
5858,4
5860,6
5861,5
5862,5
5863,5
5864,6
5865,5
5866,5
5867,1
5868,3
5869,3
5870,3
5871,4
5872,4
5874,2
5875,3
5876,0
5877,4
5878,2
5879,5
5880,5
5881,1
5882,1
5883,3
5884,1
5885,6
5886,4
5887,2
5888,2
5889,1
5891,6
5892,5
5893,4
5895,5
5896,2
5897,2
5898,2
5901,5
5902,5
5903,4
5904,4
5905,2
5906,5
5908,1
5909,3
5910,4
5911,3
5912,3
5913,4
5914,0
5915,0
5916,3
5918,2
5920,4
5921,2
5922,1
5923,4
5924,4
5926,0
5927,5
5928,4
5929,2
5932,1
5933,2
5934,4
5936,1
5937,5
5938,1
5939,3
5941,5
5942,6
5943,2
5944,0
5945,0
5946,2
5947,4
5948,4
5949,1
5950,6
5952,5
5953,4
5954,2
5955,4
5956,6
5957,2
5958,6
5960,1
5961,1
5962,4
5963,5
5964,2
5965,1
5966,1
5968,5
5969,6
5970,2
5971,3
5972,4
5973,5
5974,4
5976,0
5977,2
5978,2
5979,2
5980,2
5981,0
5982,1
5983,5
5985,5
5986,5
5987,5
5988,0
5989,1
5990,2
5991,5
5992,4
5994,6
5995,3
5996,4
5997,6
5998,6
5999,2
6000,0
6001,6
6002,4
6003,3
6004,6
6005,2
6006,1
6007,6
6008,1
6009,2
6010,2
6011,6
6012,4
6013,3
6014,5
6015,0
6017,3
6018,4
6020,0
6021,5
6022,2
6023,3
6024,2
6025,2
6026,2
6027,3
6028,2
6029,2
6030,0
6031,0
6033,2
6034,3
6035,4
6036,4
6039,4
6040,2
6041,3
6043,4
6044,2
6045,6
6046,1
6047,5
6048,5
6049,4
6050,2
6051,0
6052,2
6054,4
6056,6
6057,6
6058,3
6059,6
6060,6
6061,2
6062,0
6063,1
6065,5
6066,2
6068,0
6070,2
6071,2
6072,3
6073,0
6074,5
6075,4
6076,5
6077,4
6078,4
6079,2
6080,4
6081,4
6082,1
6083,1
6084,0
6085,3
6086,4
6087,4
6088,5
6089,2
6091,2
6092,4
6094,2
6095,0
6097,0
6098,5
6099,2
6100,5
6101,2
6102,6
6103,5
6105,5
6106,2
6107,5
6108,4
6109,4
6110,1
6111,0
6112,6
6113,1
6114,6
6115,2
6116,2
6117,4
6118,1
6119,6
6120,0
6121,6
6122,5
6123,2
6124,2
6125,2
6126,2
6127,1
6128,6
6129,4
6130,2
6131,5
6132,4
6134,5
6135,4
6136,5
6137,4
6139,6
6140,6
6141,4
6142,2
6143,5
6144,2
6145,4
6146,0
6147,6
6148,2
6149,4
6151,3
6153,4
6154,3
6155,4
6156,1
6158,6
6159,4
6160,5
6161,4
6162,4
6163,0
6164,0
6165,2
6166,4
6168,3
6169,5
6170,6
6171,3
6172,4
6175,2
6176,6
6179,2
6180,6
6181,5
6182,2
6183,5
6184,5
6185,1
6186,6
6187,4
6188,2
6190,4
6191,2
6193,0
6194,3
6195,5
6196,5
6198,3
6199,6
6200,6
6201,4
6202,4
6203,4
6204,0
6205,4
6206,6
6207,1
6208,5
6209,1
6210,2
6211,5
6212,4
6213,4
6214,3
6215,4
6217,1
6218,2
6219,6
6220,1
6221,4
6222,2
6226,0
6227,4
6228,6
6229,2
6230,1
6231,4
6233,4
6234,1
6235,4
6236,3
6238,0
6241,5
6242,4
6243,3
6244,5
6245,5
6247,6
6248,4
6249,4
6250,5
6251,5
6253,3
6254,3
6255,3
6256,5
6257,0
6258,4
6259,6
6260,4
6261,3
6263,5
6264,1
6265,0
6266,5
6267,6
6268,3
6269,4
6270,2
6272,5
6274,4
6275,2
6276,3
6277,5
6278,4
6279,2
6280,5
6281,6
6282,4
6283,0
6284,3
6285,4
6286,0
6287,4
6288,5
6289,0
6290,6
6292,5
6293,3
6294,4
6295,4
6296,5
6297,4
6298,4
6299,5
6300,2
6301,4
6302,0
6303,6
6305,3
6306,4
6307,4
6309,6
6310,4
6311,4
6312,1
6314,3
6317,2
6318,2
6320,2
6321,6
6322,4
6323,2
6324,2
6325,2
6326,0
6328,3
6329,2
6330,2
6331,2
6332,2
6333,0
6334,4
6335,5
6336,2
6337,4
6338,4
6339,4
6340,0
6341,4
6342,3
6343,4
6344,4
6346,5
6348,4
6349,1
6351,1
6352,0
6353,1
6355,1
6357,0
6359,2
6360,4
6361,3
6363,4
6364,5
6365,6
6366,5
6369,6
6370,3
6371,6
6372,5
6373,4
6375,2
6376,2
6377,5
6378,3
6379,1
6380,0
6381,4
6382,0
6383,3
6384,4
6385,5
6386,3
6387,1
6388,4
6389,1
6391,0
6393,2
6394,2
6395,2
6396,5
6397,2
6398,2
6399,5
6401,1
6402,5
6403,0
6404,4
6405,6
6406,4
6407,0
6408,5
6410,5
6411,6
6413,2
6414,4
6415,5
6419,2
6420,0
6422,0
6423,2
6424,4
6425,1
6426,1
6428,3
6429,3
6430,4
6431,1
6432,4
6434,2
6435,2
6436,5
6437,2
6438,4
6439,3
6440,3
6441,3
6442,5
6443,4
6444,2
6445,5
6446,4
6447,6
6448,0
6449,4
6450,5
6451,4
6452,3
6453,3
6454,3
6456,5
6457,1
6458,2
6459,5
6460,6
6461,6
6462,5
6463,5
6464,5
6467,3
6468,5
6469,0
6471,2
6472,5
6473,4
6474,4
6475,5
6476,6
6477,4
6478,5
6479,4
6480,3
6481,4
6482,1
6483,1
6485,4
6486,2
6487,3
6488,4
6489,6
6490,1
6491,5
6492,4
6493,5
6494,5
6495,6
6496,1
6497,4
6498,3
6499,2
6501,5
6502,2
6503,4
6504,4
6505,5
6506,0
6508,4
6509,4
6510,6
6511,6
6512,2
6513,2
6514,3
6515,1
6516,2
6517,2
6518,5
6519,1
6520,2
6521,6
6522,1
6523,5
6524,4
6525,2
6526,1
6527,6
6529,6
6530,1
6531,1
6532,0
6534,2
6535,1
6536,6
6537,5
6538,0
6539,2
6540,1
6541,2
6542,1
6543,2
6544,5
6545,0
6546,4
6547,4
6548,4
6549,2
6551,1
6552,1
6553,5
6555,2
6556,3
6559,4
6560,4
6561,4
6563,4
6564,2
6565,2
6567,2
6568,4
6569,6
6570,1
6571,2
6572,0
6573,2
6574,2
6575,4
6576,0
6577,3
6578,2
6579,1
6580,3
6581,3
6583,2
6585,3
6586,3
6587,6
6588,2
6589,1
6590,2
6591,5
6592,0
6593,4
6594,1
6596,0
6597,4
6598,3
6599,4
6600,5
6601,0
6602,4
6603,2
6604,2
6605,2
6606,2
6607,1
6608,5
6610,1
6611,6
6612,1
6613,2
6615,1
6617,4
6619,1
6621,4
6622,2
6623,2
6624,0
6625,5
6626,1
6627,2
6628,4
6629,3
6630,0
6631,1
6632,2
6633,3
6634,2
6635,2
6636,0
6639,3
6640,5
6641,2
6642,6
6643,6
6644,5
6645,5
6646,1
6648,5
6649,4
6650,0
6654,2
6656,5
6657,5
6658,5
6659,5
6660,5
6662,0
6663,0
6664,5
6665,5
6666,4
6667,4
6668,0
6670,0
6672,4
6673,6
6674,0
6675,2
6676,6
6677,2
6678,5
6680,0
6681,6
6682,0
6683,5
6684,6
6685,3
6686,4
6687,3
6689,4
6690,4
6692,2
6694,2
6695,3
6697,5
6698,1
6699,2
6701,5
6702,2
6703,2
6704,0
6705,6
6708,2
6709,5
6711,2
6712,0
6713,4
6714,2
6715,4
6716,4
6717,4
6718,4
6720,2
6722,4
6723,1
6724,5
6725,4
6726,4
6727,5
6728,6
6729,4
6730,3
6732,2
6733,3
6736,3
6737,2
6738,2
6739,0
6740,5
6741,2
6742,4
6743,2
6744,4
6745,1
6746,5
6748,5
6749,6
6752,0
6754,4
6755,2
6756,4
6757,2
6758,1
6759,0
6760,3
6761,2
6762,3
6763,1
6764,2
6765,6
6766,5
6768,0
6769,2
6770,6
6772,1
6773,2
6774,4
6775,0
6777,5
6778,0
6779,2
6780,4
6781,4
6782,4
6783,5
6784,1
6785,2
6786,1
6787,0
6788,0
6789,2
6790,2
6791,4
6792,1
6793,0
6794,3
6795,3
6796,4
6797,4
6799,4
6800,6
6801,4
6802,2
6804,5
6805,2
6806,2
6808,4
6809,2
6811,5
6812,4
6813,1
6814,5
6815,2
6816,6
6817,6
6818,0
6819,0
6820,3
6822,1
6824,2
6825,2
6827,2
6829,6
6830,1
6831,0
6832,4
6833,6
6834,2
6835,0
6836,4
6837,1
6838,4
6839,1
6840,4
6842,2
6843,5
6844,3
6845,4
6846,4
6848,6
6849,5
6851,5
6852,3
6853,2
6854,3
6856,3
6858,0
6859,5
6860,2
6861,6
6862,5
6863,4
6865,2
6866,1
6867,4
6868,6
6869,0
6871,5
6872,4
6873,0
6874,4
6875,6
6876,6
6877,2
6879,2
6880,1
6881,5
6882,0
6883,2
6884,2
6885,2
6887,5
6888,3
6889,4
6890,5
6891,1
6893,4
6894,1
6895,4
6896,5
6898,0
6899,5
6900,5
6901,6
6902,6
6903,4
6904,5
6905,1
6906,5
6908,3
6909,1
6910,2
6911,2
6912,4
6915,4
6917,4
6918,6
6919,4
6920,3
6921,2
6922,3
6924,4
6925,4
6926,3
6927,0
6928,5
6929,2
6930,5
6931,1
6932,4
6933,1
6934,2
6935,3
6936,4
6937,2
6938,1
6939,1
6941,1
6942,5
6944,2
6945,6
6946,3
6947,4
6948,6
6949,4
6950,2
6951,6
6952,4
6953,6
6954,5
6955,4
6957,5
6958,2
6959,4
6961,2
6962,0
6965,4
6966,6
6967,6
6968,2
6969,0
6970,4
6971,4
6972,2
6973,0
6974,1
6975,4
6976,5
6977,4
6978,4
6979,4
6980,2
6982,4
6983,2
6984,6
6985,4
6986,1
6987,0
6988,6
6989,5
6990,2
6991,4
6992,0
6993,0
6995,1
6996,0
6997,0
6998,5
6999,1
7002,2
7003,5
7004,1
7005,2
7006,6
7007,3
7011,6
7012,2
7013,4
7014,4
7016,5
7017,2
7018,2
7019,5
7020,5
7021,1
7022,2
7024,4
7027,4
7028,4
7029,0
7030,4
7031,4
7033,3
7034,4
7035,4
7037,5
7038,1
7039,1
7040,2
7041,2
7042,3
7043,3
7044,6
7047,4
7048,3
7049,1
7050,4
7051,4
7052,4
7053,0
7056,4
7057,4
7058,4
7060,1
7061,3
7062,5
7063,2
7064,0
7065,1
7066,3
7067,2
7068,3
7069,3
7071,1
7072,4
7073,2
7074,2
7075,6
7076,4
7078,1
7079,5
7081,2
7082,1
7083,5
7084,5
7085,5
7086,2
7088,5
7089,5
7090,2
7091,0
7093,4
7094,4
7095,4
7098,6
7101,0
7103,1
7105,1
7106,5
7107,5
7112,2
7113,1
7114,2
7115,1
7116,4
7117,1
7118,3
7119,2
7120,2
7121,4
7122,2
7123,2
7124,0
7125,4
7126,2
7127,2
7128,0
7129,1
7131,2
7132,5
7133,4
7134,1
7135,4
7136,4
7137,3
7138,1
7140,2
7141,4
7142,2
7143,1
7144,2
7145,2
7147,2
7148,0
7149,4
7150,6
7151,4
7153,5
7155,4
7156,0
7157,3
7158,3
7159,6
7161,3
7163,5
7164,0
7165,5
7166,4
7167,6
7168,2
7169,2
7170,4
7171,0
7172,4
7173,4
7174,3
7175,0
7176,4
7177,2
7178,0
7179,4
7180,2
7181,2
7182,0
7183,2
7186,2
7187,2
7188,5
7190,1
7191,6
7192,4
7193,0
7196,6
7197,2
7199,1
7200,3
7201,5
7202,5
7203,5
7204,1
7208,3
7209,2
7211,1
7212,4
7214,3
7216,4
7218,2
7219,2
7220,4
7221,5
7222,5
7223,3
7224,1
7225,2
7226,6
7228,4
7229,1
7230,4
7231,0
7232,0
7233,1
7234,3
7237,4
7239,2
7240,0
7241,6
7242,5
7243,5
7244,2
7245,2
7246,1
7247,5
7248,4
7249,4
7252,2
7253,2
7255,3
7256,5
7257,2
7258,4
7259,1
7260,2
7261,0
7263,3
7264,6
7267,1
7268,0
7269,1
7270,0
7271,2
7272,4
7274,1
7275,4
7276,3
7277,0
7278,6
7279,0
7280,5
7281,5
7283,6
7285,4
7286,6
7287,0
7288,4
7289,3
7290,6
7291,4
7292,2
7293,2
7294,0
7295,0
7297,6
7298,2
7299,3
7300,0
7302,3
7303,2
7304,3
7305,5
7306,2
7308,5
7310,5
7312,4
7313,3
7314,4
7315,2
7316,2
7318,1
7319,2
7320,6
7322,1
7323,0
7324,1
7326,4
7327,0
7329,1
7330,3
7331,4
7332,6
7333,0
7335,1
7336,4
7337,5
7338,6
7339,6
7340,5
7341,0
7342,1
7343,1
7344,2
7346,2
7347,0
7348,6
7349,3
7350,2
7351,1
7352,4
7353,6
7354,5
7355,3
7356,5
7357,3
7358,1
7359,4
7360,1
7361,4
7362,0
7363,2
7364,6
7366,2
7367,4
7368,0
7369,0
7370,5
7371,0
7374,4
7375,5
7377,3
7379,2
7381,6
7382,5
7384,3
7385,2
7387,2
7388,3
7389,0
7391,2
7392,4
7393,5
7394,2
7395,3
7396,0
7397,0
7398,6
7399,4
7400,4
7402,1
7403,2
7404,2
7405,1
7406,2
7407,2
7408,2
7410,4
7411,4
7412,5
7413,4
7414,5
7415,0
7417,0
7418,2
7419,4
7420,4
7421,1
7422,1
7423,2
7424,6
7425,4
7426,3
7427,5
7428,3
7429,2
7430,5
7431,2
7432,6
7433,2
7434,2
7435,2
7436,6
7437,2
7438,1
7439,2
7440,5
7441,6
7442,4
7445,0
7446,2
7447,1
7448,2
7449,0
7450,1
7451,4
7452,2
7453,4
7454,2
7455,4
7456,3
7457,2
7459,0
7462,4
7463,5
7464,4
7465,4
7467,1
7468,0
7469,5
7470,4
7471,0
7472,0
7474,1
7475,2
7476,1
7477,4
7478,4
7479,4
7480,5
7482,0
7483,4
7485,3
7486,6
7490,2
7491,5
7492,4
7493,4
7494,3
7495,2
7496,5
7498,1
7499,2
7500,2
7501,0
7502,0
7503,1
7504,5
7506,1
7509,3
7511,1
7512,4
7513,6
7514,5
7515,2
7516,0
7517,5
7518,5
7519,4
7520,1
7521,0
7522,2
7523,2
7524,5
7525,4
7526,3
7527,5
7529,2
7530,5
7531,4
7533,4
7534,5
7535,2
7536,5
7537,2
7538,4
7539,0
7540,4
7541,2
7542,4
7543,3
7544,2
7545,3
7547,2
7548,3
7549,1
7550,4
7551,1
7552,2
7553,4
7555,1
7556,3
7557,6
7558,6
7559,4
7560,4
7561,1
7562,1
7563,2
7564,2
7566,5
7569,4
7571,4
7572,4
7573,3
7574,1
7575,6
7576,4
7577,4
7578,1
7580,6
7581,2
7582,4
7583,4
7584,2
7586,3
7587,4
7588,2
7589,2
7590,2
7591,2
7592,6
7594,4
7595,3
7596,4
7597,4
7598,5
7599,5
7600,2
7601,2
7602,4
7603,2
7604,4
7605,5
7607,2
7608,6
7609,2
7610,1
7611,4
7612,2
7613,4
7615,1
7617,2
7618,1
7619,4
7620,4
7621,4
7623,4
7625,2
7626,4
7627,4
7628,1
7629,4
7630,6
7631,5
7633,4
7634,5
7635,1
7636,2
7637,2
7638,0
7639,6
7640,2
7641,3
7642,2
7643,5
7644,6
7645,1
7646,4
7647,0
7648,1
7650,5
7652,0
7653,4
7654,2
7655,4
7656,2
7657,1
7658,0
7660,1
7661,4
7663,5
7664,4
7665,2
7666,1
7668,4
7669,5
7671,4
7672,1
7673,2
7674,4
7675,4
7676,5
7677,1
7678,5
7679,1
7682,2
7683,4
7684,2
7685,5
7686,1
7687,0
7688,4
7690,5
7691,1
7692,6
7693,2
7694,0
7695,0
7698,2
7699,2
7700,1
7701,1
7702,5
7704,2
7705,6
7706,6
7707,1
7708,5
7709,4
7711,1
7712,2
7713,4
7714,4
7715,2
7716,6
7717,2
7719,5
7720,3
7721,4
7722,5
7723,0
7724,2
7725,6
7727,6
7728,3
7729,5
7730,0
7731,1
7734,2
7735,3
7737,4
7739,4
7741,2
7743,4
7744,4
7745,3
7747,4
7748,6
7749,5
7750,6
7751,5
7752,3
7753,4
7754,2
7755,6
7756,6
7757,0
7758,4
7760,3
7761,4
7762,2
7763,2
7764,1
7765,5
7766,4
7767,6
7768,3
7769,2
7770,4
7771,2
7772,6
7773,4
7774,0
7775,3
7776,2
7777,4
7779,1
7782,5
7783,6
7784,2
7786,1
7787,4
7789,4
7790,4
7791,0
7792,4
7793,3
7794,6
7795,2
7796,2
7799,0
7801,3
7802,6
7803,2
7804,2
7805,2
7806,5
7807,4
7809,2
7810,5
7811,2
7814,2
7815,0
7816,6
7817,3
7818,4
7819,4
7820,3
7821,5
7822,2
7823,6
7825,3
7826,6
7827,5
7829,4
7831,1
7832,4
7833,5
7836,0
7837,2
7838,5
7839,1
7840,2
7841,2
7842,2
7843,5
7844,1
7845,6
7846,4
7847,3
7848,3
7849,2
7850,4
7851,5
7853,4
7854,5
7855,2
7856,5
7857,2
7859,4
7860,6
7861,4
7862,5
7863,1
7864,0
7865,4
7866,4
7867,2
7868,6
7869,4
7871,5
7873,4
7874,6
7875,5
7876,3
7877,2
7879,0
7880,4
7881,5
7882,4
7883,2
7884,0
7885,6
7887,3
7888,4
7889,1
7890,2
7891,2
7892,4
7893,2
7896,5
7897,3
7898,4
7899,5
7900,6
7901,1
7902,2
7903,2
7904,4
7906,4
7908,3
7909,4
7910,1
7911,4
7912,5
7913,2
7914,0
7915,5
7916,2
7917,6
7920,6
7921,2
7924,2
7926,4
7927,4
7928,1
7930,5
7931,2
7932,4
7933,4
7934,4
7935,1
7936,4
7937,1
7938,4
7940,0
7941,1
7942,2
7944,0
7945,6
7946,4
7948,0
7950,2
7951,5
7952,3
7953,4
7954,4
7955,4
7956,5
7957,4
7958,6
7959,2
7961,0
7962,0
7963,3
7964,6
7965,2
7966,5
7967,4
7968,2
7970,4
7971,4
7972,5
7973,3
7974,6
7975,2
7976,6
7977,3
7978,3
7979,5
7980,2
7981,2
7983,2
7985,0
7987,4
7988,5
7989,0
7992,0
7993,2
7994,1
7995,4
7998,5
7999,5
8000,1
8001,1
8002,3
8003,4
8005,0
8006,4
8007,4
8008,3
8009,0
8010,4
8011,6
8013,1
8014,5
8015,4
8016,5
8017,0
8019,2
8020,0
8021,3
8022,2
8023,2
8024,3
8025,4
8026,3
8027,2
8028,4
8029,4
8030,6
8031,2
8032,5
8033,2
8035,2
8036,1
8037,5
8039,1
8040,4
8042,6
8043,1
8044,3
8045,0
8046,4
8047,5
8048,4
8049,1
8050,5
8051,1
8052,2
8053,4
8054,3
8056,4
8057,2
8058,5
8059,6
8060,4
8061,3
8062,5
8063,5
8064,4
8065,5
8066,4
8067,2
8068,4
8069,0
8070,1
8071,6
8072,5
8073,1
8074,5
8075,4
8076,6
8077,2
8078,0
8079,3
8080,0
8081,0
8082,2
8083,6
8084,1
8085,0
8086,1
8087,5
8088,2
8089,0
8093,4
8094,4
8095,6
8098,5
8099,2
8100,2
8102,4
8104,2
8105,6
8107,2
8108,2
8109,5
8110,0
8111,6
8112,6
8114,3
8115,6
8116,4
8117,4
8118,4
8119,2
8121,1
8122,2
8123,0
8124,5
8125,1
8126,1
8127,5
8128,2
8129,4
8130,5
8131,5
8132,2
8135,6
8136,1
8137,6
8138,0
8140,4
8141,5
8143,6
8144,4
8145,0
8146,2
8147,2
8148,1
8149,3
8150,3
8151,4
8153,4
8154,2
8157,6
8158,2
8159,4
8160,1
8161,4
8162,1
8163,5
8164,1
8165,0
8166,4
8167,2
8168,3
8170,5
8171,4
8172,5
8173,4
8174,4
8175,5
8176,1
8177,1
8178,0
8179,0
8181,0
8182,3
8183,4
8184,3
8186,2
8187,4
8188,4
8190,3
8192,2
8193,2
8194,3
8195,4
8197,2
8198,5
8199,0
8200,4
8203,2
8204,1
8206,4
8207,6
8208,1
8209,4
8210,2
8211,4
8212,6
8213,2
8214,4
8215,1
8216,6
8217,4
8220,3
8221,0
8222,6
8223,4
8224,5
8225,1
8226,4
8227,4
8228,6
8229,2
8231,5
8232,4
8233,4
8234,4
8235,3
8236,2
8237,2
8239,5
8242,2
8243,2
8244,6
8245,4
8246,3
8247,5
8248,4
8250,4
8251,0
8252,5
8253,0
8254,6
8255,3
8256,4
8257,3
8258,4
8259,0
8260,1
8261,2
8262,6
8263,0
8265,2
8266,2
8267,6
8268,2
8269,2
8270,6
8271,5
8273,2
8274,4
8275,5
8276,1
8277,1
8279,2
8280,0
8281,5
8282,2
8283,4
8284,1
8285,0
8287,1
8288,4
8289,1
8290,2
8291,1
8292,0
8294,3
8295,0
8296,1
8297,1
8298,5
8300,6
8301,1
8302,0
8303,4
8304,1
8305,2
8306,1
8307,2
8309,1
8310,3
8311,2
8312,2
8313,0
8314,4
8316,0
8317,4
8318,2
8319,0
8321,5
8322,2
8323,5
8324,5
8325,4
8326,1
8327,5
8328,4
8329,1
8331,2
8333,4
8334,5
8335,4
8336,0
8337,3
8338,2
8339,4
8340,4
8341,1
8342,0
8343,2
8344,5
8345,4
8346,1
8347,2
8349,4
8350,6
8351,1
8352,2
8353,5
8354,5
8355,0
8356,1
8357,3
8359,1
8362,2
8363,4
8365,6
8366,2
8367,2
8368,0
8369,3
8370,2
8371,3
8372,4
8376,0
8377,1
8378,4
8379,4
8381,5
8382,0
8383,6
8384,6
8385,5
8386,2
8387,2
8388,5
8389,2
8390,0
8391,5
8392,4
8394,6
8395,4
8396,0
8398,2
8400,6
8401,2
8403,0
8404,1
8405,6
8406,4
8407,2
8408,3
8409,4
8410,2
8411,6
8412,2
8413,2
8414,0
8415,0
8416,6
8419,4
8420,4
8422,0
8423,2
8424,3
8425,6
8426,1
8427,6
8428,5
8429,6
8431,5
8433,5
8434,2
8435,3
8436,4
8437,1
8438,4
8439,0
8440,2
8441,3
8442,5
8443,4
8445,4
8446,6
8447,0
8449,1
8450,4
8451,4
8452,3
8453,2
8455,4
8456,6
8457,2
8458,5
8459,6
8460,5
8461,4
8463,6
8464,2
8465,5
8466,2
8467,6
8468,4
8470,6
8471,4
8472,4
8473,4
8474,5
8475,5
8476,2
8477,2
8478,2
8479,4
8480,2
8481,2
8482,5
8485,2
8486,2
8487,0
8488,3
8489,3
8490,6
8492,4
8493,2
8494,0
8495,3
8496,5
8497,2
8499,4
8500,6
8501,5
8502,3
8503,5
8504,6
8506,3
8507,5
8508,2
8509,5
8511,2
8512,4
8513,2
8514,6
8515,0
8517,5
8518,1
8519,6
8520,6
8521,4
8522,0
8523,4
8525,2
8527,4
8530,1
8531,5
8532,5
8533,2
8534,0
8535,2
8536,5
8537,2
8538,0
8539,4
8540,4
8541,0
8542,0
8544,5
8546,4
8548,4
8549,2
8550,5
8551,0
8552,2
8553,6
8555,4
8556,1
8557,4
8558,1
8559,1
8560,2
8561,4
8562,2
8564,1
8565,3
8566,5
8567,0
8569,5
8571,2
8572,2
8573,6
8575,6
8576,6
8577,4
8578,2
8579,3
8580,0
8582,4
8583,6
8584,6
8585,1
8587,6
8588,4
8589,0
8590,6
8591,4
8592,2
8593,4
8594,0
8595,0
8597,4
8598,5
8601,4
8603,5
8604,1
8605,2
8607,2
8608,2
8609,2
8610,4
8611,4
8612,2
8613,3
8615,6
8616,2
8617,1
8618,3
8619,5
8620,2
8621,1
8622,2
8623,4
8624,6
8626,0
8627,2
8628,5
8629,2
8630,5
8631,1
8632,4
8633,4
8634,4
8635,0
8636,0
8637,2
8638,5
8639,0
8640,5
8642,1
8643,4
8644,5
8645,4
8646,4
8647,4
8649,1
8650,2
8652,1
8653,5
8654,1
8655,2
8656,5
8657,3
8658,4
8659,2
8660,1
8661,6
8662,2
8663,5
8664,6
8666,4
8667,3
8668,5
8669,2
8670,4
8671,2
8675,5
8676,0
8677,4
8678,6
8680,5
8682,2
8683,6
8684,3
8685,4
8686,4
8687,2
8688,0
8689,1
8690,6
8691,0
8692,2
8693,2
8694,4
8695,1
8696,1
8697,1
8698,6
8699,5
8700,0
8701,5
8702,4
8703,2
8704,5
8705,2
8706,4
8707,5
8708,5
8709,4
8710,5
8711,6
8712,4
8713,6
8714,6
8715,6
8716,2
8717,0
8718,2
8719,1
8720,2
8721,1
8722,4
8723,2
8724,0
8725,0
8726,2
8727,1
8729,6
8730,6
8731,4
8732,0
8733,5
8734,2
8737,0
8738,4
8740,4
8741,2
8742,2
8743,2
8745,3
8746,2
8748,1
8749,0
8750,4
8751,2
8752,2
8753,6
8754,4
8755,2
8756,4
8757,3
8759,2
8762,2
8763,4
8765,2
8766,3
8767,3
8769,2
8770,1
8771,4
8773,0
8775,6
8776,0
8778,1
8781,0
8782,2
8783,5
8784,5
8785,4
8786,2
8787,4
8788,2
8790,6
8791,6
8792,4
8794,5
8795,4
8796,5
8797,2
8798,2
8799,6
8800,4
8801,5
8802,2
8803,6
8805,5
8806,5
8807,5
8809,2
8810,5
8811,4
8812,1
8813,5
8814,6
8815,4
8816,4
8817,6
8818,3
8819,2
8820,2
8821,2
8823,2
8824,5
8827,5
8828,3
8829,5
8830,2
8831,2
8832,1
8833,3
8834,2
8835,4
8836,2
8837,0
8838,5
8839,2
8840,1
8841,5
8842,6
8843,2
8844,1
8845,0
8846,1
8847,5
8848,1
8849,3
8850,5
8851,5
8852,5
8854,3
8855,2
8857,4
8858,0
8860,5
8861,2
8862,4
8865,2
8866,0
8867,5
8868,1
8869,4
8870,3
8872,2
8875,4
8876,4
8877,1
8878,6
8879,4
8881,2
8882,4
8883,0
8884,2
8885,4
8886,4
8887,0
8888,6
8889,2
8890,5
8891,4
8893,4
8894,6
8895,4
8896,1
8897,3
8898,2
8901,1
8902,2
8903,6
8904,1
8907,5
8908,5
8909,1
8910,4
8912,5
8913,6
8914,3
8915,6
8916,0
8917,5
8918,4
8920,4
8921,6
8922,4
8923,4
8924,0
8926,5
8928,2
8929,2
8930,2
8931,2
8932,4
8933,2
8934,2
8935,6
8936,2
8937,0
8941,1
8942,0
8943,2
8944,6
8946,3
8947,2
8948,2
8949,4
8951,0
8952,1
8953,1
8954,2
8955,0
8956,1
8957,4
8958,2
8959,2
8960,6
8961,3
8962,4
8963,4
8964,2
8965,4
8966,3
8968,6
8969,4
8970,2
8971,4
8973,4
8974,1
8975,6
8976,2
8977,1
8978,3
8979,6
8980,2
8981,2
8982,6
8983,0
8984,5
8985,1
8986,4
8987,2
8988,3
8989,2
8990,2
8991,5
8992,0
8993,3
8994,3
8996,4
8997,6
8998,3
8999,6
9000,0
9002,3
9003,5
9004,0
9006,5
9007,4
9008,5
9009,4
9010,6
9011,4
9014,5
9015,5
9016,3
9019,1
9021,4
9022,0
9025,0
9026,6
9027,3
9029,0
9031,4
9032,6
9033,5
9035,1
9037,6
9038,5
9039,1
9040,1
9041,5
9042,2
9043,2
9044,5
9045,1
9046,0
9048,2
9049,0
9050,5
9053,4
9054,4
9055,5
9056,2
9057,4
9058,4
9059,2
9061,2
9062,4
9063,2
9064,4
9065,1
9067,0
9068,5
9069,1
9070,6
9071,0
9072,2
9073,6
9074,4
9075,0
9076,4
9077,5
9079,6
9080,4
9081,4
9082,3
9083,2
9084,2
9086,3
9087,5
9088,5
9090,4
9091,4
9092,4
9093,6
9095,0
9096,5
9097,6
9098,6
9100,5
9101,2
9102,5
9103,4
9104,1
9105,0
9106,0
9107,2
9110,0
9111,5
9112,6
9113,0
9114,6
9116,2
9117,4
9118,5
9120,5
9121,0
9122,0
9123,0
9124,5
9125,5
9126,2
9127,5
9128,2
9130,3
9131,5
9132,1
9133,5
9134,5
9135,5
9136,4
9137,6
9138,4
9140,5
9141,2
9142,3
9143,4
9144,2
9145,0
9146,6
9147,1
9148,4
9149,1
9151,3
9152,0
9153,2
9154,3
9155,6
9156,5
9157,2
9158,0
9159,3
9160,0
9162,4
9163,4
9164,2
9166,5
9167,2
9168,2
9169,5
9170,1
9171,5
9172,4
9173,4
9174,4
9175,5
9176,5
9177,6
9179,6
9180,4
9181,2
9182,5
9183,2
9184,4
9185,5
9186,6
9188,0
9189,5
9191,5
9192,2
9194,2
9195,5
9196,5
9197,3
9198,2
9199,3
9200,5
9202,5
9203,4
9204,5
9205,0
9206,1
9208,4
9209,4
9210,5
9211,2
9212,0
9214,5
9215,4
9216,6
9217,1
9218,0
9219,4
9220,4
9221,5
9222,4
9225,0
9226,2
9228,4
9229,2
9231,4
9232,4
9233,0
9234,3
9235,0
9236,5
9237,3
9238,4
9239,2
9240,4
9241,4
9242,5
9243,4
9245,4
9246,4
9247,4
9248,3
9249,4
9250,3
9252,0
9253,4
9254,4
9255,4
9256,2
9258,4
9261,3
9263,0
9265,3
9266,4
9267,1
9268,0
9269,5
9270,5
9271,3
9272,0
9273,6
9274,2
9275,4
9276,0
9277,1
9278,5
9279,3
9280,5
9281,4
9282,4
9283,5
9284,1
9285,1
9286,2
9288,3
9290,6
9292,1
9293,2
9294,3
9295,2
9296,5
9297,0
9298,3
9299,5
9300,5
9301,4
9303,0
9304,3
9305,3
9306,1
9307,3
9308,4
9310,0
9313,1
9316,3
9317,2
9319,0
9322,2
9323,2
9324,0
9325,2
9327,0
9328,2
9329,6
9330,2
9331,6
9332,1
9333,1
9334,0
9335,0
9336,4
9337,2
9338,2
9339,2
9340,2
9341,6
9343,6
9344,6
9345,2
9346,4
9348,5
9349,1
9351,6
9352,4
9353,5
9354,1
9355,5
9357,6
9358,4
9359,1
9360,2
9362,4
9363,2
9364,0
9365,5
9366,2
9367,4
9368,2
9369,2
9370,2
9371,4
9372,2
9373,5
9375,4
9377,1
9378,4
9379,6
9380,2
9381,6
9382,2
9383,5
9384,0
9385,1
9386,6
9387,3
9388,4
9389,5
9390,2
9391,2
9392,3
9393,0
9394,4
9395,6
9396,1
9397,3
9398,0
9399,4
9400,1
9402,0
9403,5
9404,4
9406,6
9407,2
9408,6
9409,4
9410,3
9411,3
9412,3
9413,2
9414,2
9415,4
9417,2
9420,1
9421,2
9422,2
9423,4
9424,5
9425,0
9426,4
9427,6
9428,2
9429,0
9430,5
9431,2
9433,5
9434,4
9435,6
9436,3
9437,2
9438,3
9439,6
9440,0
9442,2
9443,5
9444,2
9446,2
9447,5
9448,6
9449,1
9451,3
9452,6
9453,5
9454,5
9455,2
9456,3
9458,2
9459,0
9460,6
9464,5
9465,2
9466,1
9467,4
9468,0
9469,2
9471,4
9473,6
9474,2
9475,4
9476,2
9477,4
9478,0
9479,3
9480,4
9482,2
9483,2
9484,1
9485,0
9486,2
9487,5
9489,5
9490,4
9491,5
9492,4
9493,2
9494,4
9496,4
9497,4
9498,0
9499,3
9500,2
9502,4
9503,5
9504,4
9505,2
9506,5
9507,2
9508,1
9509,3
9510,5
9511,4
9512,4
9514,3
9516,5
9518,6
9519,2
9520,4
9522,4
9523,5
9524,1
9526,1
9528,4
9530,6
9532,2
9533,4
9535,5
9536,2
9539,0
9540,3
9541,3
9542,1
9543,5
9544,4
9547,3
9548,6
9549,3
9550,6
9551,2
9552,0
9553,2
9554,5
9556,5
9557,4
9558,1
9559,3
9560,6
9561,4
9562,3
9563,3
9564,2
9565,3
9567,4
9568,5
9569,5
9570,4
9571,2
9572,4
9573,4
9574,6
9576,0
9577,2
9578,0
9579,3
9580,0
9581,5
9582,6
9583,2
9584,1
9585,2
9586,4
9587,4
9588,1
9589,2
9590,0
9592,6
9593,2
9594,5
9595,0
9597,1
9598,4
9599,0
9600,2
9602,5
9603,2
9606,4
9607,2
9608,4
9609,6
9610,2
9611,2
9613,0
9614,3
9616,2
9617,4
9618,6
9619,3
9620,0
9621,6
9622,5
9623,2
9625,2
9626,0
9627,5
9628,4
9629,2
9630,2
9631,6
9632,4
9633,3
9635,4
9636,2
9637,6
9638,4
9640,1
9641,5
9642,1
9643,2
9644,4
9645,2
9646,2
9647,5
9650,5
9651,3
9652,2
9653,6
9654,2
9655,1
9656,2
9657,2
9658,4
9659,2
9660,1
9661,1
9662,6
9663,2
9664,5
9665,0
9666,2
9667,4
9668,3
9670,3
9671,1
9672,3
9674,3
9675,0
9676,2
9677,2
9678,4
9679,3
9680,2
9681,6
9683,2
9684,3
9685,1
9686,5
9687,2
9688,2
9689,1
9691,3
9692,0
9693,1
9694,4
9695,4
9696,1
9697,4
9700,4
9701,2
9702,2
9703,4
9704,3
9705,0
9706,4
9707,2
9708,0
9709,2
9712,6
9713,4
9714,4
9715,2
9716,5
9717,2
9718,5
9719,4
9720,5
9721,5
9722,2
9723,2
9724,2
9726,4
9727,0
9728,2
9729,1
9730,5
9731,0
9732,0
9734,5
9735,1
9736,4
9737,2
9739,5
9740,5
9741,4
9742,1
9743,4
9744,5
9745,6
9747,6
9748,5
9749,2
9750,6
9751,4
9752,4
9753,5
9754,0
9757,2
9758,3
9760,4
9761,4
9762,4
9763,2
9764,6
9765,5
9768,0
9771,4
9772,4
9773,2
9774,3
9775,2
9776,4
9777,2
9778,6
9779,4
9780,4
9781,2
9783,4
9784,4
9785,6
9786,4
9788,4
9789,4
9790,2
9791,1
9792,4
9793,5
9795,4
9796,4
9798,4
9800,5
9801,1
9802,5
9803,4
9804,4
9805,4
9806,4
9807,3
9809,6
9811,3
9812,4
9814,4
9815,0
9817,2
9818,0
9819,5
9820,4
9822,4
9823,5
9824,3
9825,0
9826,3
9827,3
9828,6
9829,6
9830,6
9832,0
9833,6
9834,6
9835,4
9836,4
9837,3
9838,6
9839,4
9840,2
9841,1
9842,4
9843,6
9844,6
9846,2
9847,4
9848,2
9849,1
9850,0
9851,2
9852,4
9853,4
9854,4
9855,2
9856,0
9857,2
9858,4
9859,6
9860,6
9861,4
9863,5
9865,4
9866,4
9867,5
9868,3
9869,5
9870,4
9871,5
9872,1
9873,4
9874,1
9875,3
9876,3
9877,5
9878,6
9879,2
9880,4
9881,0
9882,5
9883,0
9885,2
9886,3
9887,0
9888,2
9890,2
9892,2
9893,3
9894,4
9895,4
9896,2
9897,6
9898,0
9899,5
9900,1
9901,0
9902,6
9904,4
9905,5
9906,4
9907,2
9908,0
9909,6
9910,4
9911,1
9913,2
9914,2
9915,4
9917,2
9918,3
9919,3
9920,5
9921,5
9925,4
9926,4
9927,5
9929,2
9932,0
9934,1
9935,1
9936,6
9937,2
9940,6
9941,5
9942,2
9943,0
9944,1
9947,6
9948,4
9949,5
9950,2
9951,2
9952,4
9953,6
9954,2
9955,1
9957,5
9958,0
9960,1
9962,2
9963,4
9965,4
9966,4
9969,5
9971,2
9974,5
9975,3
9976,5
9977,2
9978,0
9979,1
9980,4
9982,0
9983,4
9985,3
9986,1
9987,0
9988,0
9989,0
9990,2
9991,2
9992,1
9994,1
9995,2
9996,1
9997,5
9998,5
10000,4
10001,3
10002,1
10004,2
10006,0
10008,4
10009,2
10010,4
10011,2
10012,1
10013,2
10014,2
10015,1
10016,4
10017,2
10019,1
10020,2
10021,5
10022,5
10023,5
10024,5
10025,6
10026,6
10027,5
10028,2
10029,2
10030,4
10031,5
10032,5
10035,4
10036,0
10038,2
10039,1
10040,3
10042,5
10044,0
10045,3
10046,3
10047,1
10048,2
10050,6
10051,4
10052,1
10053,6
10054,1
10055,6
10056,5
10057,1
10058,4
10059,4
10060,3
10062,5
10063,5
10064,4
10065,2
10066,3
10068,4
10070,2
10072,1
10073,2
10074,2
10075,4
10076,3
10077,1
10078,2
10079,1
10080,5
10081,5
10082,3
10083,6
10085,0
10086,0
10087,1
10088,3
10090,2
10091,6
10093,4
10094,2
10095,2
10097,1
10098,2
10099,2
10100,2
10101,5
10102,3
10103,1
10105,3
10106,4
10107,1
10110,4
10111,1
10112,1
10113,2
10114,2
10115,3
10116,5
10120,4
10121,1
10122,4
10123,2
10124,6
10125,2
10126,4
10127,5
10128,4
10130,3
10133,4
10134,6
10135,1
10136,2
10137,5
10139,4
10140,1
10141,3
10142,1
10144,4
10145,5
10147,4
10148,4
10150,6
10151,1
10152,0
10153,4
10154,0
10155,2
10156,1
10157,0
10158,0
10159,6
10160,3
10161,6
10162,3
10163,5
10164,4
10165,1
10166,3
10167,4
10168,2
10169,5
10170,4
10171,1
10173,6
10178,1
10179,5
10180,3
10181,1
10183,3
10184,4
10185,4
10186,2
10187,6
10188,2
10189,2
10191,4
10192,2
10194,0
10195,5
10196,5
10197,0
10199,6
10200,1
10201,2
10202,1
10204,5
10205,2
10206,0
10207,3
10208,0
10209,1
10212,5
10213,0
10214,4
10215,4
10216,4
10217,2
10218,4
10219,5
10220,2
10221,6
10222,6
10223,4
10224,2
10226,4
10227,4
10228,2
10229,2
10231,6
10232,1
10233,4
10234,2
10235,3
10236,6
10237,1
10239,4
10240,0
10242,0
10243,0
10246,6
10249,4
10250,0
10251,2
10253,4
10254,4
10255,5
10256,6
10257,4
10258,2
10260,2
10261,5
10262,3
10263,2
10264,6
10265,1
10266,6
10267,4
10268,6
10269,4
10270,4
10271,2
10273,4
10274,6
10275,2
10276,4
10277,2
10278,2
10279,1
10280,6
10281,2
10283,1
10284,4
10285,2
10286,2
10287,0
10288,6
10289,1
10290,6
10291,1
10292,1
10293,3
10294,4
10295,5
10296,5
10297,2
10300,3
10301,4
10302,2
10303,6
10304,3
10305,6
10306,2
10307,5
10308,5
10309,5
10310,2
10311,6
10312,1
10314,5
10315,6
10316,3
10317,0
10318,3
10319,2
10320,0
10321,5
10322,2
10323,5
10324,4
10325,0
10326,5
10327,4
10328,0
10329,5
10330,6
10331,5
10332,4
10333,0
10334,4
10335,4
10336,5
10337,4
10339,2
10340,4
10341,4
10342,3
10343,1
10344,2
10345,4
10346,0
10347,0
10348,3
10351,4
10353,4
10354,2
10355,4
10357,1
10358,5
10360,2
10361,2
10362,5
10364,3
10366,4
10367,2
10368,4
10369,4
10370,5
10371,4
10372,0
10373,0
10374,3
10377,4
10379,4
10382,1
10384,4
10386,6
10387,2
10388,6
10389,0
10390,1
10391,4
10392,1
10393,5
10394,6
10395,5
10396,2
10397,3
10398,6
10399,5
10400,5
10401,0
10402,3
10403,4
10404,4
10405,4
10406,2
10407,1
10408,4
10409,2
10410,4
10411,4
10412,2
10413,6
10414,4
10415,3
10416,5
10417,2
10418,6
10419,6
10420,2
10421,2
10424,0
10425,3
10426,2
10428,0
10429,2
10430,2
10431,1
10433,5
10434,4
10435,4
10436,2
10437,6
10438,2
10439,2
10440,0
10443,5
10444,5
10445,2
10446,1
10447,4
10448,0
10449,0
10453,5
10454,2
10455,2
10456,4
10457,5
10459,3
10460,5
10461,4
10462,1
10463,1
10464,2
10465,0
10466,2
10467,4
10469,2
10470,2
10471,2
10472,0
10473,2
10474,0
10476,3
10477,5
10478,5
10479,4
10480,4
10481,4
10483,6
10484,0
10485,6
10486,4
10488,5
10489,0
10490,6
10491,3
10492,4
10493,3
10494,5
10497,3
10498,6
10499,4
10500,4
10501,2
10502,0
10503,3
10504,0
10506,5
10507,3
10508,4
10511,2
10512,5
10513,4
10515,5
10518,5
10519,5
10520,4
10521,4
10522,0
10524,6
10525,2
10526,5
10527,2
10528,2
10529,2
10530,2
10533,6
10534,1
10536,2
10537,6
10538,6
10540,4
10541,1
10542,0
10544,2
10545,2
10546,2
10547,4
10548,6
10549,4
10550,6
10551,1
10552,4
10553,2
10554,1
10555,3
10556,2
10557,3
10559,5
10562,5
10563,5
10564,4
10565,2
10567,2
10568,1
10569,4
10570,1
10571,2
10572,3
10573,4
10574,6
10575,6
10576,0
10577,2
10578,4
10579,5
10580,5
10582,4
10584,5
10585,5
10586,4
10587,3
10589,0
10590,5
10591,1
10592,6
10593,5
10594,5
10596,4
10597,2
10598,4
10601,5
10603,4
10604,4
10606,5
10607,4
10609,2
10610,2
10611,4
10612,2
10613,2
10614,6
10616,6
10618,2
10619,2
10620,1
10621,1
10622,4
10625,2
10628,0
10629,2
10630,5
10631,2
10632,2
10633,4
10634,5
10635,3
10638,4
10639,6
10641,6
10642,4
10643,4
10644,4
10645,1
10647,2
10648,2
10649,4
10650,1
10651,2
10652,6
10653,2
10654,5
10655,1
10656,5
10657,2
10659,4
10662,2
10663,2
10664,4
10665,2
10667,5
10668,0
10669,3
10670,4
10671,3
10672,0
10673,2
10674,4
10675,2
10676,4
10677,4
10678,6
10680,4
10681,4
10682,5
10683,2
10685,4
10686,3
10687,2
10690,4
10691,2
10693,4
10694,4
10695,0
10696,0
10697,2
10698,0
10699,4
10700,3
10701,6
10702,3
10703,5
10704,4
10706,0
10707,2
10708,2
10709,3
10711,5
10712,0
10713,4
10714,3
10715,6
10716,1
10717,2
10718,0
10719,5
10720,4
10721,2
10722,4
10724,5
10725,5
10726,1
10728,5
10729,3
10730,2
10731,4
10732,0
10733,5
10734,6
10735,1
10736,5
10737,2
10738,2
10739,5
10740,5
10741,4
10742,2
10743,2
10744,6
10746,4
10747,4
10748,4
10749,2
10750,5
10751,2
10752,5
10754,0
10755,2
10756,3
10757,5
10758,0
10761,0
10762,4
10763,5
10764,4
10765,0
10766,2
10768,1
10769,6
10770,5
10771,2
10772,2
10773,6
10774,3
10776,4
10777,4
10778,4
10779,0
10781,1
10782,4
10784,5
10785,3
10786,5
10787,5
10788,1
10790,0
10791,0
10792,3
10793,4
10794,3
10795,0
10796,2
10798,6
10799,2
10800,4
10802,2
10803,2
10804,5
10805,4
10806,4
10807,4
10808,2
10809,2
10810,2
10811,5
10812,6
10813,4
10814,3
10815,1
10816,1
10817,0
10819,2
10821,1
10822,5
10823,2
10825,0
10826,6
10827,2
10828,5
10829,5
10830,1
10831,2
10832,1
10834,1
10835,4
10837,2
10838,4
10839,2
10840,0
10841,3
10842,4
10843,1
10844,1
10845,2
10846,5
10847,4
10848,0
10849,6
10850,2
10851,5
10852,2
10853,3
10854,2
10857,0
10858,2
10860,4
10861,0
10863,5
10864,5
10867,5
10868,4
10871,2
10872,4
10873,2
10874,1
10875,2
10876,0
10877,5
10879,5
10881,4
10882,0
10883,4
10884,5
10885,3
10886,6
10887,0
10888,0
10889,5
10890,3
10891,2
10892,6
10893,4
10894,4
10895,4
10896,2
10897,1
10898,4
10899,3
10900,4
10901,5
10902,5
10903,4
10904,4
10905,1
10906,4
10907,4
10908,2
10910,6
10912,2
10913,0
10914,3
10915,0
10916,1
10917,3
10918,3
10920,0
10921,4
10922,1
10925,4
10927,2
10928,5
10929,6
10931,2
10932,4
10933,2
10934,6
10935,3
10937,4
10939,5
10941,4
10942,1
10943,1
10944,5
10945,0
10946,0
10947,3
10948,1
10949,1
10950,1
10951,4
10952,5
10953,4
10954,2
10955,2
10956,1
10957,3
10958,0
10959,5
10960,4
10961,0
10962,4
10963,2
10964,2
10965,2
10966,4
10967,2
10968,0
10970,4
10971,2
10972,4
10973,3
10974,2
10975,2
10976,3
10977,3
10979,1
10980,2
10981,5
10982,5
10984,2
10985,2
10986,0
10987,3
10988,2
10989,3
10990,0
10991,3
10992,4
10994,0
10995,0
10997,6
10998,6
10999,3
11001,3
11002,0
11003,5
11004,6
11005,4
11006,4
11007,6
11008,4
11009,5
11010,4
11011,4
11012,2
11014,5
11016,2
11017,2
11018,4
11019,0
11021,4
11022,1
11023,1
11024,0
11025,2
11026,6
11027,1
11028,0
11029,2
11030,0
11031,6
11032,4
11033,5
11035,0
11036,2
11037,0
11038,5
11039,0
11040,6
11042,4
11043,0
11044,2
11045,0
11046,4
11047,4
11048,3
11049,3
11050,4
11052,3
11053,3
11054,4
11055,4
11057,2
11058,6
11059,4
11060,4
11062,1
11063,2
11064,5
11065,5
11067,0
11068,6
11069,4
11070,5
11071,1
11072,1
11073,1
11074,4
11075,1
11076,3
11077,2
11079,2
11081,0
11082,5
11083,2
11084,2
11085,1
11086,1
11087,5
11088,1
11089,0
11090,2
11091,5
11092,2
11095,2
11096,0
11097,6
11098,0
11099,0
11101,4
11102,1
11104,4
11105,4
11106,3
11108,0
11109,2
11110,0
11111,5
11112,0
11113,6
11115,2
11116,4
11117,4
11118,6
11119,6
11120,4
11121,0
11122,5
11123,5
11124,4
11125,2
11126,4
11127,0
11128,2
11129,1
11130,1
11131,0
11132,4
11133,4
11135,5
11136,3
11139,5
11140,6
11141,2
11143,0
11145,0
11146,4
11147,6
11148,4
11149,2
11150,6
11151,5
11152,5
11153,4
11154,5
11155,1
11156,4
11157,2
11158,4
11159,4
11160,0
11162,5
11163,4
11164,1
11166,0
11167,0
11168,0
11169,6
11170,1
11171,3
11172,5
11173,6
11174,3
11175,6
11177,6
11178,5
11179,4
11180,2
11181,1
11182,1
11183,4
11184,0
11185,3
11186,3
11187,0
11189,0
11190,1
11191,5
11192,5
11193,4
11194,0
11195,4
11197,5
11198,0
11199,3
11200,0
11201,6
11202,3
11203,2
11204,4
11205,5
11206,4
11207,5
11208,4
11209,1
11210,1
11211,6
11212,0
11213,2
11214,4
11215,4
11216,2
11217,0
11218,4
11219,2
11220,4
11221,2
11222,3
11223,2
11224,5
11225,0
11226,2
11229,2
11230,4
11231,4
11232,3
11233,4
11234,2
11235,6
11236,5
11237,0
11238,5
11239,6
11241,2
11242,2
11243,4
11244,6
11245,1
11247,0
11248,4
11249,0
11251,1
11252,2
11253,6
11254,2
11255,3
11256,1
11258,2
11259,1
11260,2
11261,2
11262,6
11263,1
11264,5
11265,6
11266,0
11267,5
11268,1
11269,5
11270,2
11271,3
11272,4
11273,4
11275,2
11276,4
11277,4
11278,3
11279,2
11280,0
11281,4
11282,4
11283,1
11284,5
11285,4
11287,2
11288,2
11289,2
11290,4
11291,5
11292,3
11293,1
11294,5
11295,5
11296,2
11298,4
11299,0
11300,5
11301,1
11302,2
11303,0
11304,0
11306,3
11307,5
11308,4
11309,0
11310,6
11311,6
11312,0
11313,2
11314,1
11315,5
11316,2
11318,2
11321,4
11322,0
11323,3
11324,6
11325,5
11326,1
11327,4
11328,6
11329,0
11330,1
11331,1
11332,4
11333,5
11334,5
11335,5
11336,6
11337,6
11338,5
11339,4
11340,1
11341,4
11342,2
11343,4
11344,0
11345,6
11346,1
11347,6
11349,4
11350,6
11351,0
11352,2
11353,4
11354,2
11355,1
11356,5
11360,3
11361,0
11362,4
11363,1
11364,0
11365,3
11366,5
11367,2
11369,4
11370,5
11373,3
11374,0
11375,6
11376,2
11377,5
11378,2
11379,3
11380,0
11381,4
11382,2
11383,4
11384,0
11385,1
11386,1
11387,6
11388,2
11390,1
11391,2
11392,2
11393,2
11394,2
11395,2
11396,4
11398,6
11399,5
11400,4
11401,2
11403,3
11404,2
11405,3
11406,3
11409,4
11410,5
11411,0
11412,3
11413,2
11414,2
11415,4
11416,0
11417,2
11418,5
11419,0
11420,0
11421,1
11422,3
11424,0
11425,4
11426,1
11427,5
11428,4
11429,4
11430,2
11431,5
11433,2
11434,3
11435,2
11437,2
11438,4
11439,5
11440,6
11441,5
11442,6
11443,4
11444,3
11445,4
11446,6
11447,2
11448,2
11449,4
11450,2
11451,2
11452,6
11453,6
11454,3
11456,5
11457,1
11458,6
11460,0
11461,0
11462,4
11463,2
11464,2
11466,2
11467,0
11468,2
11469,1
11471,4
11472,1
11473,2
11474,0
11476,4
11478,6
11479,4
11480,1
11481,2
11482,2
11483,4
11484,5
11485,0
11486,4
11488,5
11489,3
11490,4
11491,4
11493,1
11494,2
11496,3
11497,5
11498,2
11499,6
11500,1
11501,0
11502,2
11503,4
11504,5
11505,1
11506,4
11509,4
11511,1
11512,2
11513,4
11514,1
11515,2
11516,1
11517,2
11518,5
11519,5
11520,4
11521,0
11522,0
11523,2
11524,3
11525,6
11526,0
11527,2
11529,1
11531,5
11532,2
11533,4
11534,1
11536,0
11537,2
11538,3
11539,2
11540,2
11541,1
11542,4
11544,2
11545,4
11546,1
11547,4
11548,4
11549,1
11550,2
11551,6
11552,5
11553,6
11554,2
11556,0
11557,0
11558,0
11559,4
11560,5
11561,1
11562,2
11563,0
11564,3
11565,5
11566,1
11567,2
11568,6
11569,3
11570,4
11571,1
11572,4
11573,1
11574,0
11575,4
11576,4
11577,5
11578,1
11579,4
11580,2
11582,2
11585,6
11586,6
11587,5
11588,3
11589,4
11590,0
11591,4
11593,2
11594,4
11595,4
11596,4
11597,3
11598,3
11599,3
11601,6
11603,4
11604,4
11605,4
11606,6
11607,0
11609,0
11610,2
11611,4
11612,3
11614,0
11615,4
11616,3
11617,2
11621,5
11622,2
11623,0
11624,3
11626,5
11627,3
11628,2
11629,3
11631,2
11632,6
11633,5
11634,4
11635,3
11636,0
11637,6
11638,0
11639,4
11640,4
11641,1
11642,4
11643,1
11644,3
11645,4
11646,2
11647,5
11648,5
11649,5
11650,5
11651,3
11652,4
11653,0
11654,0
11655,2
11656,1
11657,6
11658,1
11661,1
11662,4
11663,2
11664,1
11665,2
11666,0
11667,2
11669,3
11671,5
11672,3
11673,6
11674,6
11676,4
11677,4
11678,6
11679,2
11681,1
11684,5
11685,0
11686,6
11687,0
11688,0
11691,5
11692,4
11694,3
11696,4
11697,0
11698,0
11699,5
11700,3
11701,4
11702,1
11704,2
11705,4
11706,5
11707,4
11708,1
11709,2
11710,2
11712,0
11713,1
11714,6
11715,4
11716,2
11718,4
11719,4
11720,5
11723,3
11724,1
11725,3
11726,2
11728,2
11729,3
11730,4
11731,6
11732,0
11733,5
11734,3
11735,3
11736,2
11737,0
11738,4
11739,3
11740,0
11741,6
11743,4
11744,3
11745,4
11746,1
11747,4
11748,3
11749,5
11751,1
11752,2
11755,6
11756,2
11757,3
11758,3
11759,4
11760,1
11761,5
11762,6
11763,4
11764,1
11766,0
11768,4
11769,4
11770,4
11771,4
11772,2
11773,4
11775,5
11776,0
11778,4
11779,2
11780,2
11782,3
11783,3
11785,1
11786,3
11787,1
11788,5
11789,6
11791,5
11792,6
11793,5
11796,5
11797,2
11798,3
11799,4
11800,0
11801,0
11802,1
11803,2
11804,5
11805,2
11807,1
11809,0
11811,2
11812,2
11814,4
11815,3
11816,4
11817,5
11818,4
11820,4
11821,0
11822,3
11823,5
11824,0
11825,2
11826,6
11827,4
11828,4
11829,1
11830,2
11832,4
11833,1
11835,0
11836,5
11837,5
11838,4
11839,3
11840,0
11841,3
11843,5
11844,2
11845,0
11846,2
11847,6
11848,6
11849,4
11851,4
11852,2
11853,6
11854,2
11855,4
11856,2
11857,2
11858,2
11859,5
11860,2
11861,2
11862,3
11864,1
11865,4
11867,2
11868,6
11869,2
11870,1
11871,5
11873,6
11874,5
11875,5
11876,2
11877,2
11879,4
11880,2
11881,6
11882,0
11883,0
11884,5
11885,4
11886,5
11888,5
11889,0
11890,3
11891,2
11892,5
11893,3
11894,2
11896,4
11897,3
11898,4
11899,2
11901,6
11902,4
11903,4
11904,3
11905,0
11906,6
11907,2
11908,3
11909,3
11910,2
11912,5
11914,0
11915,0
11916,4
11918,5
11919,1
11920,2
11921,5
11922,2
11923,3
11924,2
11925,6
11926,4
11927,4
11928,1
11929,2
11930,6
11931,2
11932,5
11933,5
11934,2
11935,6
11936,6
11938,5
11939,2
11940,3
11941,6
11943,4
11944,1
11945,5
11946,3
11947,1
11948,2
11950,3
11951,5
11952,2
11953,2
11955,1
11957,2
11958,2
11959,2
11960,4
11961,3
11962,4
11963,0
11964,2
11965,6
11966,4
11967,4
11968,0
11969,4
11970,1
11972,5
11973,4
11974,3
11975,3
11976,2
11978,2
11980,2
11981,0
11982,5
11983,4
11985,5
11986,2
11988,1
11990,4
11991,2
11993,0
11994,4
11995,2
11996,3
11997,4
11998,4
11999,4
12000,2
12001,0
12002,4
12004,5
12005,4
12006,2
12007,2
12008,3
12009,2
12010,2
12011,5
12013,1
12015,2
12016,3
12017,4
12018,0
12019,4
12020,1
12021,2
12023,2
12025,4
12026,0
12028,5
12029,1
12030,4
12031,2
12032,2
12033,3
12034,2
12035,2
12036,5
12037,3
12039,1
12040,5
12041,2
12042,4
12043,5
12045,4
12046,2
12047,4
12048,4
12049,4
12050,2
12051,2
12052,4
12053,2
12056,4
12057,3
12059,0
12060,4
12061,1
12062,6
12063,2
12064,4
12065,4
12066,3
12067,5
12068,0
12069,2
12071,1
12073,1
12074,5
12075,5
12077,2
12078,5
12079,3
12080,3
12081,4
12082,4
12083,1
12084,2
12085,1
12086,1
12087,2
12088,1
12089,0
12090,1
12091,1
12092,0
12094,1
12096,5
12097,4
12099,5
12100,2
12101,4
12102,1
12103,1
12104,3
12106,4
12107,1
12109,2
12110,6
12111,4
12112,4
12113,1
12114,2
12115,5
12116,0
12117,2
12118,4
12119,2
12120,6
12121,4
12122,4
12123,5
12126,2
12127,6
12128,3
12130,6
12131,4
12133,3
12134,1
12135,4
12136,2
12138,4
12140,6
12142,2
12143,4
12144,4
12145,4
12146,4
12147,3
12148,5
12149,5
12151,3
12152,1
12153,6
12154,0
12155,6
12156,3
12157,6
12158,1
12159,4
12160,2
12161,1
12162,0
12163,1
12166,2
12167,1
12169,2
12170,2
12172,2
12173,4
12174,0
12176,2
12177,1
12178,2
12179,5
12180,0
12182,0
12183,2
12186,4
12187,4
12188,1
12189,2
12191,0
12192,2
12193,2
12194,5
12195,2
12196,4
12198,6
12199,6
12201,6
12202,1
12203,5
12204,0
12205,3
12206,4
12209,0
12210,1
12211,3
12213,3
12215,6
12216,4
12218,2
12219,2
12220,4
12221,3
12222,3
12223,4
12224,2
12225,4
12226,3
12227,6
12229,4
12231,5
12233,2
12234,0
12237,6
12238,6
12239,4
12240,5
12241,4
12242,2
12244,6
12245,4
12246,2
12247,4
12248,4
12249,0
12250,3
12251,2
12252,2
12253,3
12254,0
12255,5
12256,2
12257,6
12259,4
12260,5
12261,1
12262,4
12263,6
12264,6
12267,4
12269,6
12270,2
12273,3
12274,2
12275,2
12276,4
12277,6
12279,5
12280,3
12281,2
12282,6
12283,4
12285,4
12286,6
12288,4
12290,5
12292,4
12293,5
12294,3
12295,6
12296,2
12297,4
12298,2
12299,6
12302,2
12303,3
12304,2
12305,1
12307,2
12309,2
12310,2
12311,4
12313,1
12314,4
12315,5
12316,2
12317,4
12320,3
12321,1
12322,2
12323,5
12324,2
12325,5
12326,6
12327,4
12328,3
12330,6
12331,5
12332,1
12333,5
12336,2
12337,4
12339,3
12340,1
12342,3
12343,5
12344,4
12345,1
12346,6
12347,5
12348,6
12349,2
12350,1
12351,1
12352,0
12353,0
12355,4
12356,3
12357,6
12358,5
12359,5
12360,2
12361,4
12362,0
12363,2
12364,1
12365,2
12366,6
12367,2
12368,0
12371,6
12372,5
12375,5
12378,2
12379,2
12380,3
12381,4
12382,5
12383,4
12384,4
12385,3
12388,1
12389,5
12390,5
12391,0
12392,4
12393,0
12394,5
12395,5
12396,5
12397,1
12398,4
12399,4
12400,6
12401,4
12402,6
12403,4
12404,5
12405,6
12406,4
12407,2
12408,6
12409,4
12410,4
12411,5
12412,4
12413,0
12414,2
12415,0
12417,2
12418,2
12419,5
12420,5
12421,5
12424,5
12426,4
12428,2
12429,3
12432,2
12434,6
12435,3
12436,2
12437,2
12438,4
12439,4
12440,5
12441,1
12442,3
12443,2
12444,5
12446,4
12447,0
12448,6
12450,3
12451,4
12452,4
12453,3
12454,1
12455,1
12456,1
12457,2
12461,2
12462,4
12463,5
12465,1
12466,5
12467,1
12468,2
12470,3
12471,2
12472,4
12473,6
12474,6
12475,4
12477,4
12478,4
12479,5
12480,5
12481,3
12484,5
12485,6
12487,4
12488,4
12489,2
12490,4
12491,2
12492,0
12493,5
12495,0
12496,2
12497,0
12498,3
12499,1
12500,2
12502,2
12503,4
12504,0
12505,5
12506,0
12508,3
12509,0
12510,2
12511,5
12513,0
12514,2
12515,6
12516,2
12517,6
12519,4
12520,2
12524,4
12526,6
12530,2
12531,2
12532,4
12535,2
12537,3
12538,2
12539,2
12540,2
12541,2
12542,4
12543,1
12544,2
12545,5
12546,4
12547,2
12548,1
12549,3
12550,0
12552,4
12554,6
12555,4
12556,3
12557,6
12560,4
12561,1
12562,3
12563,5
12564,5
12565,4
12566,5
12568,1
12569,0
12570,5
12572,4
12573,2
12574,0
12575,4
12576,2
12577,5
12578,3
12579,3
12580,1
12582,1
12583,1
12584,4
12585,4
12586,5
12587,2
12588,5
12589,4
12590,2
12591,0
12592,6
12593,5
12594,4
12595,4
12596,5
12597,5
12598,2
12600,2
12602,1
12603,4
12605,5
12606,5
12607,2
12608,2
12609,2
12610,3
12611,1
12612,2
12614,2
12615,1
12616,2
12617,3
12618,0
12619,5
12620,2
12621,0
12623,1
12624,0
12625,0
12626,3
12627,4
12628,6
12629,2
12631,2
12632,3
12633,0
12634,4
12635,6
12636,5
12638,2
12639,4
12640,6
12642,4
12644,0
12645,3
12646,2
12647,1
12648,2
12649,3
12650,5
12652,6
12653,5
12654,4
12655,0
12656,6
12657,2
12659,0
12660,2
12661,3
12663,5
12664,5
12665,6
12666,4
12667,4
12668,5
12670,2
12671,4
12672,2
12673,5
12674,1
12675,4
12677,2
12678,0
12679,0
12681,2
12684,1
12685,5
12686,4
12687,0
12689,5
12691,1
12692,3
12693,5
12694,2
12695,1
12696,3
12698,6
12700,0
12701,6
12702,6
12703,4
12704,2
12705,2
12706,5
12707,3
12709,2
12710,2
12711,5
12712,3
12713,5
12714,0
12715,2
12717,0
12720,6
12721,2
12722,4
12724,4
12725,4
12726,4
12727,2
12728,0
12729,0
12730,0
12731,5
12732,2
12733,4
12734,4
12738,3
12739,3
12740,6
12742,4
12745,1
12746,4
12747,2
12748,5
12749,2
12750,1
12751,5
12752,6
12754,5
12756,4
12757,3
12758,1
12760,6
12761,4
12763,1
12764,6
12765,2
12766,5
12767,4
12768,4
12769,5
12770,2
12771,6
12772,5
12773,2
12774,5
12775,6
12776,1
12778,2
12779,2
12781,0
12782,4
12783,4
12784,6
12785,3
12786,4
12787,1
12788,2
12789,2
12790,5
12791,2
12792,6
12793,0
12794,6
12795,4
12796,1
12797,6
12798,5
12799,5
12800,4
12801,4
12803,0
12804,4
12805,4
12806,0
12808,4
12809,2
12810,5
12811,2
12813,0
12814,6
12815,2
12817,4
12818,4
12819,1
12820,6
12821,5
12823,1
12824,0
12825,2
12826,2
12827,4
12828,4
12829,4
12831,6
12832,2
12833,2
12834,5
12835,2
12836,2
12838,5
12839,0
12840,6
12842,2
12843,2
12844,5
12845,0
12846,2
12847,5
12848,4
12849,4
12850,1
12851,3
12853,0
12854,6
12856,6
12857,2
12858,4
12859,4
12860,4
12861,4
12862,6
12863,2
12864,2
12865,2
12866,4
12867,0
12868,3
12869,5
12871,4
12872,2
12874,2
12876,2
12877,1
12879,1
12880,0
12884,6
12885,0
12886,1
12888,2
12889,5
12890,5
12891,6
12892,1
12893,6
12895,2
12898,5
12899,4
12902,2
12903,6
12904,4
12905,5
12906,4
12907,4
12908,1
12912,2
12914,2
12915,5
12916,5
12917,3
12918,3
12919,0
12920,4
12921,4
12924,4
12925,6
12926,2
12927,5
12928,1
12930,3
12931,1
12932,0
12934,5
12935,0
12936,1
12938,1
12940,0
12941,4
12943,6
12944,3
12945,2
12946,2
12947,4
12948,4
12949,5
12950,0
12951,4
12952,0
12954,3
12955,4
12956,5
12957,3
12959,0
12960,4
12961,2
12962,4
12964,2
12965,4
12966,5
12967,5
12968,3
12969,4
12970,4
12971,6
12972,5
12973,2
12974,4
12976,0
12977,2
12982,1
12983,4
12984,2
12985,0
12987,3
12989,5
12990,0
12991,2
12992,5
12993,3
12994,2
12995,3
12997,1
12998,2
12999,4
13000,0
13001,1
13002,4
13003,4
13004,2
13005,0
13006,4
13007,3
13008,3
13010,5
13011,1
13012,5
13014,1
13017,0
13018,1
13020,2
13022,0
13023,6
13025,6
13026,2
13027,4
13028,5
13029,1
13030,4
13032,2
13033,6
13034,1
13036,4
13037,5
13038,1
13040,4
13041,1
13042,1
13043,0
13044,4
13045,6
13046,2
13047,4
13048,0
13049,1
13051,4
13052,2
13054,4
13055,4
13057,2
13058,6
13059,6
13060,2
13061,4
13062,2
13063,4
13064,1
13065,4
13066,2
13067,4
13068,6
13069,2
13070,3
13071,3
13072,2
13073,2
13074,1
13075,5
13076,1
13077,4
13078,4
13079,4
13080,4
13081,4
13082,4
13083,4
13084,3
13085,0
13086,4
13087,5
13089,1
13090,4
13091,0
13093,2
13094,4
13095,3
13096,3
13097,3
13098,1
13100,5
13101,3
13102,5
13103,5
13104,4
13105,5
13106,5
13107,4
13108,6
13109,5
13110,4
13111,2
13112,0
13114,5
13115,4
13116,0
13117,5
13118,6
13119,4
13120,2
13122,2
13123,4
13124,4
13125,5
13126,0
13127,2
13128,0
13129,3
13130,0
13131,0
13132,4
13133,2
13134,0
13135,1
13136,4
13137,0
13138,2
13139,4
13140,6
13141,2
13143,2
13144,4
13145,4
13146,1
13147,0
13149,6
13150,5
13151,1
13152,1
13153,3
13154,2
13156,5
13157,6
13158,4
13159,5
13161,6
13162,5
13163,5
13165,4
13166,2
13167,3
13168,0
13169,4
13172,1
13173,2
13174,1
13175,4
13176,6
13177,3
13178,1
13180,4
13181,2
13183,5
13184,2
13185,6
13186,5
13187,1
13188,4
13189,4
13190,2
13191,4
13192,2
13194,5
13195,0
13196,0
13197,2
13198,0
13199,0
13201,4
13202,1
13203,4
13204,6
13205,4
13208,0
13209,6
13210,4
13211,3
13212,0
13213,4
13214,6
13215,3
13217,1
13219,2
13220,1
13222,4
13224,5
13225,1
13226,5
13227,0
13229,4
13230,4
13231,4
13232,1
13233,0
13234,1
13235,1
13236,0
13239,2
13240,4
13241,6
13242,0
13244,2
13245,1
13246,6
13247,5
13248,5
13249,2
13250,4
13252,0
13253,6
13254,5
13255,3
13256,5
13257,1
13258,5
13259,1
13260,2
13262,2
13263,6
13264,1
13265,6
13266,4
13268,6
13269,6
13270,2
13271,4
13272,4
13273,1
13274,2
13276,6
13277,4
13279,3
13280,2
13283,1
13284,5
13285,4
13286,0
13287,5
13288,2
13289,4
13290,4
13292,1
13293,4
13294,2
13295,4
13296,3
13297,4
13298,5
13299,2
13300,2
13301,2
13302,0
13303,2
13304,4
13305,0
13307,5
13308,5
13309,1
13310,5
13313,1
13314,1
13315,2
13316,1
13318,1
13320,6
13321,4
13323,2
13324,0
13325,2
13326,2
13327,1
13328,5
13329,0
13330,1
13332,6
13333,1
13334,2
13335,0
13336,2
13337,1
13338,1
13340,3
13341,5
13342,4
13343,5
13344,1
13346,3
13347,2
13348,4
13349,2
13350,5
13352,2
13353,4
13354,0
13357,1
13358,4
13360,1
13361,2
13362,0
13364,3
13365,3
13366,6
13367,1
13368,2
13369,6
13370,3
13371,3
13372,4
13373,1
13374,1
13375,2
13377,3
13378,2
13379,6
13380,2
13381,3
13384,4
13385,4
13386,1
13387,6
13388,6
13389,0
13390,2
13391,5
13392,4
13393,2
13394,4
13395,4
13396,4
13397,4
13398,2
13399,3
13401,3
13403,5
13404,6
13405,4
13406,2
13408,1
13410,2
13412,1
13413,2
13414,1
13415,6
13416,0
13417,4
13418,2
13419,0
13420,4
13421,4
13422,2
13424,6
13425,6
13426,2
13427,2
13428,4
13429,4
13430,4
13431,0
13433,3
13434,1
13436,6
13437,5
13438,6
13439,4
13440,5
13441,6
13442,5
13443,4
13444,2
13445,3
13446,4
13447,4
13448,6
13449,5
13450,3
13451,4
13453,4
13455,6
13456,4
13457,6
13458,6
13461,6
13462,4
13463,5
13464,1
13465,2
13467,6
13468,2
13469,2
13470,6
13471,4
13472,5
13473,4
13474,1
13476,0
13477,4
13479,4
13480,4
13481,2
13482,2
13483,4
13484,2
13485,4
13486,2
13487,5
13488,5
13489,2
13490,5
13493,2
13495,2
13496,6
13497,6
13498,1
13499,4
13500,1
13501,4
13502,5
13503,2
13505,2
13506,4
13509,1
13510,4
13513,3
13514,2
13515,4
13516,1
13518,2
13519,4
13521,5
13522,4
13523,5
13524,6
13525,3
13526,0
13527,5
13528,2
13529,2
13530,6
13531,6
13533,2
13534,5
13535,5
13536,0
13537,1
13538,5
13539,2
13540,1
13541,2
13544,3
13545,0
13546,3
13547,0
13548,1
13549,0
13550,4
13552,4
13553,5
13554,6
13556,6
13557,0
13558,2
13559,1
13560,1
13561,4
13562,0
13563,5
13564,2
13565,5
13568,4
13569,4
13570,4
13571,6
13573,5
13574,5
13575,2
13576,4
13579,2
13580,2
13582,6
13583,4
13584,1
13585,5
13586,6
13587,4
13588,5
13590,2
13592,0
13593,1
13594,0
13596,2
13597,3
13599,6
13600,1
13601,4
13602,2
13603,2
13604,0
13605,2
13606,2
13607,6
13609,2
13610,4
13611,4
13612,0
13614,1
13615,4
13616,0
13618,4
13620,2
13621,4
13623,1
13625,4
13626,4
13627,0
13628,4
13629,4
13630,1
13631,2
13632,2
13633,5
13634,4
13635,1
13636,5
13638,2
13640,4
13641,2
13642,4
13643,0
13644,0
13645,4
13647,1
13648,5
13649,5
13650,4
13651,5
13652,5
13654,4
13655,0
13656,1
13658,2
13659,2
13660,5
13661,3
13662,3
13663,2
13664,6
13665,3
13666,4
13668,3
13669,6
13671,2
13672,1
13673,0
13674,6
13675,3
13676,2
13677,0
13679,1
13680,2
13681,2
13682,1
13683,2
13686,0
13687,3
13688,0
13689,1
13690,2
13691,2
13692,6
13693,2
13694,6
13695,6
13696,4
13697,4
13698,4
13699,1
13700,2
13701,5
13703,1
13704,1
13705,5
13706,2
13708,5
13709,2
13710,2
13711,4
13713,2
13714,2
13715,2
13716,5
13717,4
13720,4
13721,3
13723,2
13724,2
13725,6
13726,6
13727,2
13729,3
13730,5
13731,3
13732,6
13733,3
13734,4
13735,2
13736,3
13737,1
13738,6
13739,5
13740,6
13741,4
13742,2
13743,0
13744,2
13745,0
13746,3
13747,2
13750,4
13752,1
13753,5
13754,6
13755,2
13756,5
13758,1
13759,5
13760,5
13761,1
13762,2
13763,2
13764,1
13765,6
13767,5
13768,5
13771,6
13772,4
13773,6
13774,5
13775,4
13777,1
13778,0
13779,4
13780,2
13782,1
13783,1
13784,4
13785,4
13789,2
13790,4
13792,1
13793,6
13794,4
13796,1
13797,0
13798,4
13799,2
13800,3
13801,5
13802,1
13803,1
13804,4
13805,2
13806,4
13807,0
13809,1
13810,3
13811,2
13812,3
13813,5
13814,4
13815,6
13816,5
13817,2
13819,3
13820,2
13821,5
13822,4
13823,1
13825,2
13826,4
13827,4
13828,2
13830,3
13831,2
13832,2
13833,1
13834,2
13837,2
13839,1
13840,3
13841,6
13842,5
13843,1
13844,1
13845,0
13846,2
13847,2
13848,2
13849,0
13850,4
13851,6
13852,1
13853,3
13854,0
13855,2
13856,2
13857,5
13858,1
13859,2
13860,2
13861,4
13862,1
13863,1
13865,4
13866,4
13867,5
13868,2
13869,4
13870,0
13871,6
13872,6
13873,1
13874,4
13875,3
13876,3
13877,0
13878,4
13880,5
13881,6
13882,5
13883,4
13884,2
13885,4
13886,6
13887,4
13889,6
13890,4
13891,3
13894,1
13895,3
13896,2
13897,2
13898,4
13899,4
13900,2
13901,2
13902,2
13903,4
13904,0
13905,5
13906,2
13908,5
13909,2
13910,6
13911,4
13912,2
13913,4
13915,1
13916,1
13917,4
13919,2
13920,1
13921,2
13923,6
13924,5
13925,1
13926,1
13927,3
13928,3
13930,0
13931,2
13932,1
13934,2
13935,6
13936,4
13937,6
13938,2
13939,1
13941,1
13942,2
13943,4
13944,6
13945,4
13946,0
13947,4
13949,1
13951,5
13952,4
13953,3
13954,3
13955,4
13956,5
13957,3
13958,4
13959,2
13960,2
13961,0
13962,1
13963,4
13964,6
13965,2
13966,2
13967,1
13968,2
13969,4
13970,0
13971,2
13972,2
13973,6
13974,3
13975,4
13976,5
13977,4
13978,4
13979,5
13980,5
13981,0
13982,2
13983,4
13985,6
13987,1
13989,5
13990,0
13991,6
13992,6
13994,5
13995,4
13996,0
13998,5
13999,3
14001,2
14002,2
14003,5
14004,0
14005,2
14006,5
14007,0
14008,0
14009,5
14010,3
14011,6
14012,2
14013,6
14015,0
14016,2
14017,1
14018,5
14019,5
14020,2
14021,0
14022,4
14024,5
14025,2
14026,5
14027,2
14028,0
14029,5
14030,4
14031,6
14033,2
14034,4
14035,4
14037,4
14038,2
14041,1
14042,2
14043,4
14044,0
14046,1
14047,2
14048,5
14049,2
14050,1
14051,6
14052,4
14055,5
14056,2
14057,1
14058,5
14059,4
14060,0
14061,5
14063,4
14064,2
14065,0
14066,2
14067,2
14068,2
14069,1
14070,0
14071,2
14072,2
14073,5
14074,0
14077,2
14079,2
14080,5
14081,4
14083,4
14084,1
14085,4
14087,4
14088,2
14089,5
14092,0
14093,6
14095,6
14096,4
14097,1
14098,5
14099,2
14100,5
14101,2
14102,2
14103,4
14104,6
14105,2
14106,6
14107,2
14109,3
14110,0
14111,4
14112,2
14113,0
14115,2
14116,6
14117,4
14119,5
14121,3
14123,6
14124,2
14125,4
14126,4
14127,2
14128,4
14129,0
14130,4
14131,4
14133,2
14134,2
14136,6
14137,2
14138,5
14139,3
14140,6
14141,0
14142,4
14143,5
14144,2
14145,4
14146,3
14147,4
14148,4
14149,6
14151,6
14152,5
14153,6
14154,2
14155,0
14156,6
14157,4
14158,3
14159,4
14160,5
14163,2
14164,3
14165,5
14166,0
14167,4
14168,5
14170,6
14171,1
14174,4
14175,3
14176,4
14177,1
14179,3
14181,4
14182,2
14184,6
14185,5
14186,5
14189,5
14190,4
14191,4
14192,2
14193,4
14194,4
14195,4
14196,0
14197,2
14198,4
14199,1
14201,3
14202,6
14203,2
14204,3
14205,5
14206,2
14208,2
14209,5
14210,2
14211,0
14212,0
14213,1
14215,5
14217,3
14218,2
14219,3
14220,5
14223,2
14224,6
14225,3
14226,2
14227,2
14229,2
14231,4
14234,3
14235,5
14236,6
14239,4
14240,3
14241,0
14242,2
14244,0
14246,1
14247,1
14248,2
14249,0
14250,0
14252,2
14253,2
14255,2
14256,2
14257,6
14259,6
14260,1
14261,4
14262,2
14263,2
14264,2
14265,6
14267,6
14268,5
14269,4
14270,3
14271,1
14272,1
14274,0
14275,4
14276,4
14277,3
14278,2
14279,5
14281,3
14285,0
14286,4
14287,1
14289,6
14290,3
14291,5
14292,4
14293,5
14294,2
14296,2
14297,0
14298,6
14299,2
14300,2
14301,4
14302,4
14303,2
14304,5
14305,6
14306,0
14307,1
14308,4
14309,0
14310,2
14311,4
14312,1
14313,6
14314,6
14315,2
14316,3
14317,4
14318,4
14319,6
14320,4
14321,0
14323,6
14324,3
14325,2
14326,5
14327,4
14329,3
14330,4
14331,5
14332,3
14334,4
14336,4
14338,4
14340,6
14341,1
14342,4
14343,1
14344,6
14347,0
14348,6
14349,3
14350,4
14351,2
14352,6
14353,2
14354,5
14355,1
14356,2
14357,2
14358,5
14359,0
14360,4
14361,4
14362,2
14363,3
14364,6
14366,5
14367,2
14368,2
14369,1
14370,4
14371,4
14372,6
14373,2
14374,4
14375,4
14376,1
14377,2
14378,4
14379,1
14380,5
14381,4
14382,6
14384,2
14385,0
14388,3
14389,2
14390,3
14391,2
14392,6
14394,5
14395,1
14396,6
14398,4
14399,5
14400,2
14402,3
14404,6
14405,6
14406,4
14407,4
14408,6
14409,0
14410,0
14411,3
14412,6
14413,6
14414,5
14415,5
14416,3
14417,5
14418,0
14419,2
14420,2
14421,2
14422,1
14423,2
14424,0
14425,2
14426,1
14427,6
14428,2
14429,2
14430,1
14431,5
14432,5
14433,3
14434,2
14435,4
14436,4
14437,1
14438,5
14439,2
14441,5
14442,3
14443,3
14444,1
14445,4
14446,5
14448,1
14449,3
14450,5
14451,4
14453,5
14454,4
14455,5
14457,4
14458,6
14459,4
14460,4
14461,2
14463,6
14464,3
14466,4
14467,5
14469,4
14473,5
14474,5
14475,4
14476,5
14477,4
14478,4
14479,2
14480,3
14481,4
14482,5
14483,2
14484,4
14485,2
14487,4
14488,4
14489,1
14490,0
14491,4
14492,2
14493,5
14494,2
14495,4
14496,5
14497,3
14498,4
14499,4
14500,1
14501,4
14502,4
14503,2
14504,3
14506,1
14507,4
14508,2
14509,2
14510,3
14511,4
14512,4
14514,0
14515,5
14516,4
14518,2
14519,3
14520,3
14521,2
14522,4
14523,5
14526,1
14527,2
14528,4
14530,3
14531,4
14532,1
14533,2
14534,4
14536,3
14537,6
14539,0
14541,4
14542,2
14543,4
14545,4
14546,6
14547,4
14548,2
14549,6
14550,4
14551,4
14552,5
14553,5
14554,5
14556,2
14557,0
14558,6
14559,2
14560,4
14561,4
14562,2
14564,3
14565,4
14566,4
14567,6
14568,1
14570,2
14571,6
14572,5
14573,4
14574,6
14576,1
14577,4
14578,4
14579,4
14580,2
14581,5
14582,2
14583,1
14584,4
14585,5
14586,2
14587,0
14588,2
14589,2
14590,5
14591,4
14592,6
14594,4
14595,5
14596,4
14597,1
14598,3
14600,1
14602,0
14603,4
14604,0
14605,2
14607,6
14608,0
14609,2
14611,5
14612,4
14613,2
14614,5
14615,4
14616,1
14617,6
14618,2
14619,4
14621,4
14622,6
14623,1
14624,4
14625,5
14626,4
14627,0
14628,5
14629,4
14630,4
14631,4
14632,0
14633,1
14635,0
14637,4
14638,3
14640,2
14641,2
14642,3
14643,4
14646,1
14647,4
14649,2
14650,5
14651,6
14652,5
14654,0
14655,1
14656,2
14657,1
14659,4
14660,5
14661,5
14663,5
14664,3
14665,4
14666,6
14667,4
14668,6
14669,3
14670,2
14671,0
14673,2
14675,5
14676,2
14677,1
14678,4
14679,4
14680,4
14681,5
14682,5
14684,5
14685,4
14686,1
14687,3
14688,2
14690,5
14691,2
14693,2
14694,4
14695,3
14696,4
14697,2
14698,3
14700,4
14701,6
14703,1
14704,6
14705,6
14706,1
14707,2
14708,2
14709,2
14712,5
14713,6
14714,2
14716,5
14717,1
14718,2
14719,0
14721,5
14723,5
14724,4
14725,2
14726,4
14729,2
14730,4
14731,2
14732,2
14733,5
14734,1
14735,4
14736,6
14737,4
14738,4
14740,4
14741,5
14742,1
14743,2
14744,2
14745,6
14746,4
14747,3
14748,1
14749,4
14750,2
14751,6
14752,3
14753,1
14754,2
14755,5
14756,1
14757,6
14758,0
14759,0
14760,5
14761,4
14762,6
14763,3
14765,2
14766,1
14767,5
14768,3
14769,5
14770,5
14771,0
14772,3
14774,0
14775,2
14776,2
14777,0
14778,6
14779,1
14780,0
14781,6
14782,2
14783,4
14784,4
14787,4
14788,5
14789,2
14791,1
14792,4
14793,1
14794,5
14796,4
14797,4
14798,4
14800,5
14802,4
14803,4
14804,6
14806,2
14807,2
14808,5
14809,4
14810,0
14811,6
14813,4
14814,4
14815,1
14816,6
14818,1
14819,6
14820,5
14821,2
14822,3
14823,4
14824,4
14825,2
14826,5
14828,2
14829,2
14830,1
14831,0
14832,2
14833,4
14834,3
14835,6
14836,4
14837,5
14838,2
14839,3
14840,4
14841,1
14843,5
14844,4
14846,4
14847,2
14848,6
14849,2
14850,1
14851,0
14853,2
14854,2
14855,0
14856,4
14857,4
14858,0
14859,4
14860,6
14861,2
14862,3
14864,0
14865,4
14866,4
14867,1
14868,0
14869,6
14870,2
14871,3
14872,3
14874,5
14875,3
14876,4
14877,0
14878,4
14879,1
14880,1
14881,6
14883,5
14885,2
14886,6
14887,4
14888,1
14889,0
14890,2
14891,3
14892,2
14893,2
14894,2
14895,5
14896,6
14897,5
14898,3
14899,0
14900,2
14902,3
14903,2
14904,2
14906,2
14907,4
14909,4
14911,1
14912,6
14913,3
14915,3
14916,2
14917,4
14918,2
14919,2
14920,4
14921,5
14922,5
14923,3
14924,2
14926,2
14927,1
14928,2
14929,0
14932,0
14933,5
14935,4
14937,6
14938,3
14940,5
14942,4
14943,2
14944,0
14945,2
14946,2
14947,2
14948,4
14949,5
14951,6
14952,5
14953,0
14955,5
14956,4
14957,3
14959,0
14960,4
14962,5
14963,2
14964,3
14966,3
14967,4
14968,4
14971,4
14972,2
14973,6
14974,6
14975,5
14976,4
14977,2
14978,0
14979,4
14980,6
14981,3
14982,1
14983,4
14984,2
14985,1
14986,4
14987,4
14988,1
14990,5
14991,5
14992,0
14993,4
14995,3
14996,1
14997,4
14999,3
15000,4
15001,5
15002,4
15003,4
15004,4
15007,2
15008,4
15009,0
15010,4
15011,3
15012,2
15014,0
15015,2
15016,2
15017,2
15019,0
15020,1
15023,2
15024,4
15025,4
15026,6
15027,3
15028,5
15029,4
15030,4
15031,6
15032,6
15033,0
15034,0
15035,2
15036,6
15037,5
15038,1
15039,2
15040,2
15041,2
15043,6
15044,0
15046,5
15047,4
15048,6
15049,4
15050,6
15051,2
15053,4
15054,4
15055,2
15057,1
15058,4
15059,5
15060,2
15062,6
15063,4
15065,4
15066,4
15067,3
15068,4
15069,4
15070,1
15071,5
15072,5
15073,3
15075,2
15076,5
15077,4
15079,6
15080,3
15081,1
15082,6
15083,1
15084,4
15085,5
15086,2
15087,1
15088,0
15089,2
15090,3
15091,2
15092,5
15093,4
15094,1
15095,2
15096,5
15097,5
15098,0
15099,2
15100,4
15101,2
15103,6
15104,6
15105,3
15107,2
15108,5
15109,1
15112,6
15114,4
15115,1
15116,5
15117,0
15118,1
15119,2
15120,2
15121,5
15122,3
15123,4
15124,4
15125,2
15127,5
15128,3
15129,4
15131,4
15132,3
15133,1
15134,5
15136,5
15137,1
15138,4
15139,2
15140,2
15141,0
15142,4
15143,0
15144,4
15145,0
15146,6
15147,1
15148,4
15149,2
15150,2
15151,4
15152,3
15153,6
15154,4
15155,6
15156,4
15157,3
15158,4
15159,2
15160,1
15162,5
15163,5
15164,3
15166,0
15168,3
15170,2
15171,2
15172,4
15173,1
15175,0
15176,5
15177,4
15178,2
15179,1
15181,1
15182,2
15183,0
15184,6
15185,6
15186,1
15187,5
15188,6
15189,2
15190,4
15191,4
15192,4
15193,2
15194,4
15196,4
15197,2
15198,4
15199,0
15200,4
15201,6
15202,6
15203,1
15204,6
15205,1
15207,5
15208,4
15209,5
15212,2
15213,1
15214,2
15215,4
15216,5
15217,0
15218,6
15219,0
15220,4
15221,3
15222,1
15223,2
15225,0
15226,0
15227,0
15228,1
15229,4
15230,2
15231,6
15232,4
15233,5
15234,2
15235,0
15236,5
15238,5
15241,0
15242,2
15243,6
15245,1
15246,1
15247,5
15249,0
15250,2
15251,2
15252,5
15254,2
15255,0
15256,4
15257,4
15261,5
15262,5
15263,5
15264,4
15265,2
15266,2
15267,6
15268,1
15269,4
15270,4
15271,1
15272,4
15273,0
15274,6
15275,4
15276,4
15277,2
15278,4
15279,3
15280,2
15281,6
15282,4
15283,4
15284,3
15285,4
15287,5
15288,1
15289,4
15290,3
15291,6
15293,3
15294,5
15295,4
15296,4
15297,4
15298,6
15299,4
15301,1
15302,0
15303,1
15304,2
15305,4
15306,0
15308,4
15309,3
15310,5
15311,0
15312,5
15313,4
15314,1
15315,4
15316,3
15317,4
15318,1
15319,0
15321,1
15322,3
15323,2
15324,2
15325,6
15326,0
15327,4
15329,4
15330,4
15331,2
15333,1
15334,5
15335,5
15336,4
15337,1
15339,2
15340,1
15341,5
15343,0
15346,4
15347,6
15348,2
15349,4
15350,0
15351,2
15352,6
15353,4
15354,4
15355,3
15356,0
15357,0
15358,5
15359,6
15360,5
15361,6
15363,1
15364,4
15365,1
15366,5
15367,2
15368,2
15370,4
15372,0
15373,5
15374,5
15375,2
15376,6
15377,3
15378,2
15379,6
15380,4
15381,2
15382,6
15383,4
15384,6
15385,4
15386,1
15387,2
15388,3
15389,2
15390,5
15391,4
15392,0
15393,4
15394,5
15395,2
15399,4
15400,5
15401,2
15402,0
15404,6
15405,4
15406,5
15407,5
15408,4
15409,4
15411,0
15413,2
15414,3
15415,5
15416,2
15418,5
15419,5
15420,3
15421,4
15422,5
15423,1
15424,4
15425,1
15426,4
15427,4
15428,5
15429,4
15431,0
15432,2
15433,1
15434,4
15435,5
15436,6
15437,2
15438,2
15442,1
15444,5
15445,1
15447,2
15448,5
15449,4
15450,2
15451,2
15453,3
15454,2
15456,4
15457,4
15459,5
15460,6
15461,3
15463,2
15464,1
15466,2
15467,1
15468,4
15469,1
15472,4
15473,0
15474,2
15475,2
15476,5
15477,2
15478,2
15479,5
15481,4
15483,2
15485,1
15486,2
15487,3
15488,4
15490,3
15491,1
15492,4
15493,3
15494,2
15495,5
15496,4
15498,6
15499,6
15500,6
15501,0
15502,2
15503,2
15504,2
15505,6
15508,5
15509,1
15510,1
15511,4
15512,6
15513,5
15514,3
15515,3
15516,6
15517,1
15519,2
15520,5
15521,6
15522,1
15523,4
15524,5
15525,2
15527,4
15528,5
15529,4
15532,4
15533,2
15534,6
15535,3
15536,5
15537,0
15538,3
15539,5
15540,5
15543,6
15544,0
15545,0
15546,4
15547,0
15548,4
15549,5
15550,5
15551,6
15552,5
15553,4
15554,5
15555,6
15556,2
15557,2
15558,6
15559,4
15560,2
15561,4
15563,1
15564,4
15565,6
15566,2
15567,6
15568,4
15569,3
15570,1
15571,2
15572,4
15573,2
15574,3
15575,1
15576,2
15579,2
15582,6
15583,4
15584,6
15585,6
15587,4
15588,4
15590,2
15591,4
15592,4
15594,4
15595,0
15596,0
15597,1
15598,4
15599,1
15600,2
15601,2
15602,0
15603,3
15604,4
15605,4
15607,0
15608,2
15609,1
15610,3
15611,4
15612,4
15613,2
15614,3
15615,5
15616,5
15617,6
15618,2
15619,1
15620,0
15621,6
15622,2
15624,6
15625,2
15626,2
15628,3
15629,0
15631,1
15632,4
15633,0
15634,4
15636,5
15637,5
15638,6
15640,0
15641,0
15643,5
15644,6
15645,2
15646,2
15647,1
15648,1
15650,3
15651,3
15652,1
15653,2
15654,4
15655,2
15656,4
15657,4
15658,3
15659,4
15660,6
15661,2
15663,3
15664,0
15665,2
15666,4
15667,0
15668,4
15669,2
15670,2
15671,4
15672,2
15675,5
15677,4
15678,3
15679,5
15680,4
15681,4
15682,4
15683,0
15684,4
15687,3
15688,2
15689,2
15691,6
15692,6
15693,1
15694,1
15696,0
15697,2
15698,2
15700,0
15701,2
15702,0
15703,0
15704,5
15705,1
15706,5
15707,4
15708,0
15709,1
15710,2
15711,2
15712,0
15713,2
15714,3
15716,2
15717,3
15718,1
15719,4
15720,2
15721,2
15722,6
15723,2
15724,5
15725,4
15726,4
15727,4
15729,2
15730,2
15732,2
15734,2
15735,2
15736,5
15737,6
15738,3
15739,0
15741,1
15743,1
15744,4
15745,5
15746,2
15747,1
15750,4
15751,6
15752,2
15753,6
15754,5
15755,1
15756,3
15758,1
15759,5
15761,6
15762,2
15763,2
15764,6
15765,1
15766,2
15767,1
15768,4
15769,2
15771,1
15772,5
15773,1
15774,5
15775,2
15776,0
15777,0
15778,3
15779,4
15781,4
15782,3
15783,4
15784,6
15785,2
15786,4
15787,5
15788,4
15791,0
15792,5
15793,0
15795,4
15796,2
15797,1
15798,5
15800,3
15801,6
15802,6
15804,0
15805,3
15806,1
15807,1
15808,0
15809,2
15811,3
15813,2
15814,4
15815,5
15816,2
15817,1
15818,1
15819,4
15820,0
15821,2
15822,6
15823,5
15824,5
15825,6
15826,3
15828,4
15830,6
15831,2
15832,6
15833,1
15834,3
15835,2
15838,2
15839,4
15840,2
15841,0
15842,4
15844,1
15845,3
15846,0
15847,2
15849,0
15850,3
15851,1
15852,4
15854,4
15857,2
15858,6
15859,1
15861,1
15862,0
15863,2
15865,2
15866,6
15867,5
15868,5
15869,5
15870,1
15871,4
15872,5
15873,4
15874,5
15875,2
15876,2
15877,2
15878,4
15879,6
15880,2
15881,6
15883,4
15884,4
15885,3
15886,0
15889,6
15890,0
15891,2
15892,5
15893,0
15894,1
15896,6
15897,6
15898,5
15899,4
15900,4
15902,1
15903,4
15904,4
15906,5
15907,0
15908,4
15909,2
15910,4
15912,5
15913,4
15914,6
15915,4
15916,0
15917,2
15919,1
15920,1
15921,4
15922,4
15924,4
15925,5
15926,6
15927,6
15928,2
15930,2
15931,4
15932,0
15933,5
15934,3
15935,5
15936,1
15938,6
15939,4
15940,5
15941,6
15942,6
15943,4
15944,0
15945,1
15946,3
15947,1
15948,6
15949,4
15951,5
15952,6
15953,4
15954,4
15955,2
15956,1
15957,4
15959,0
15960,5
15961,5
15962,0
15963,3
15964,6
15965,4
15966,4
15967,2
15968,6
15969,6
15970,4
15972,3
15973,1
15974,3
15975,4
15977,6
15978,4
15979,5
15980,2
15983,2
15984,5
15985,5
15986,0
15987,2
15988,5
15989,2
15991,4
15992,4
15993,5
15994,4
15995,6
15997,1
15998,5
16000,4
16001,4
16002,1
16003,5
16004,3
16006,4
16007,2
16008,2
16009,1
16010,2
16011,4
16012,3
16013,5
16014,2
16015,4
16016,5
16018,1
16019,6
16020,2
16021,1
16022,3
16025,2
16026,6
16029,4
16030,3
16031,3
16033,2
16034,6
16035,4
16036,2
16037,1
16038,4
16039,6
16040,2
16041,6
16042,4
16043,6
16044,5
16045,4
16046,1
16049,4
16050,4
16051,5
16052,5
16053,3
16054,6
16055,4
16056,2
16057,5
16059,0
16060,4
16062,3
16063,1
16064,2
16065,2
16066,5
16067,4
16068,5
16070,3
16071,6
16073,0
16074,0
16075,4
16076,2
16077,1
16078,2
16079,4
16080,5
16081,6
16082,5
16083,0
16084,6
16085,2
16086,2
16087,6
16088,3
16089,0
16090,0
16091,2
16092,6
16094,0
16096,3
16097,2
16098,3
16099,6
16100,4
16102,3
16103,3
16105,5
16106,4
16107,2
16108,4
16109,2
16110,4
16111,0
16112,4
16113,2
16114,1
16115,0
16116,3
16117,6
16118,2
16119,4
16120,0
16121,1
16122,2
16123,2
16124,2
16125,5
16126,0
16127,0
16128,6
16129,2
16130,6
16131,2
16132,2
16133,3
16134,4
16135,0
16137,2
16138,4
16139,1
16140,2
16141,5
16142,4
16143,5
16144,0
16145,6
16146,4
16147,6
16148,5
16149,4
16150,2
16151,1
16155,2
16156,0
16157,2
16158,1
16159,4
16160,1
16161,4
16163,0
16164,4
16165,3
16168,2
16170,2
16171,5
16173,4
16174,5
16175,0
16176,3
16180,1
16181,2
16182,0
16185,1
16186,2
16187,3
16188,6
16189,6
16191,2
16192,2
16193,3
16194,2
16195,3
16196,6
16197,1
16198,2
16199,1
16201,5
16202,1
16203,6
16204,6
16205,4
16206,0
16207,3
16208,2
16209,4
16211,1
16213,6
16215,2
16217,2
16218,6
16219,0
16220,6
16221,1
16223,5
16224,1
16225,4
16226,3
16227,0
16228,2
16230,5
16232,3
16233,4
16235,0
16236,2
16237,2
16238,2
16239,1
16240,2
16241,6
16242,2
16243,2
16244,6
16246,6
16247,4
16248,2
16249,5
16250,5
16251,2
16252,0
16253,5
16255,4
16256,0
16257,0
16258,4
16259,4
16260,3
16261,4
16262,4
16263,2
16264,4
16265,3
16266,0
16267,0
16268,2
16269,6
16271,1
16272,2
16273,2
16274,2
16277,4
16278,5
16279,1
16280,5
16281,2
16282,2
16283,2
16284,2
16285,4
16286,2
16287,3
16288,2
16289,2
16291,2
16292,4
16294,1
16295,4
16297,5
16298,3
16299,0
16300,2
16301,2
16302,2
16303,6
16304,1
16305,6
16306,5
16307,0
16308,3
16309,2
16311,1
16312,5
16313,2
16314,5
16315,5
16317,3
16318,2
16319,4
16320,6
16322,2
16323,4
16324,3
16325,6
16328,4
16329,4
16330,0
16334,2
16335,4
16336,5
16337,6
16339,2
16340,0
16341,6
16342,6
16343,2
16344,2
16345,1
16346,1
16347,1
16348,6
16349,2
16350,2
16352,2
16353,0
16354,2
16355,0
16356,2
16357,4
16359,1
16360,0
16361,5
16362,4
16363,3
16364,4
16365,6
16367,4
16368,4
16369,4
16370,6
16371,4
16372,4
16373,1
16374,3
16375,3
16376,2
16377,1
16380,1
16381,0
16383,4
16384,5
16386,2
16387,5
16388,5
16389,6
16390,4
16391,2
16392,3
16393,5
16394,2
16395,4
16396,0
16397,2
16399,4
16400,5
16401,4
16402,1
16403,4
16404,4
16405,4
16406,1
16408,2
16409,4
16412,5
16413,4
16414,5
16415,2
16418,2
16420,0
16424,1
16426,1
16428,1
16429,1
16430,4
16431,4
16432,4
16433,0
16434,5
16436,2
16437,1
16439,5
16441,2
16442,2
16443,1
16444,0
16446,3
16447,0
16448,3
16449,2
16451,5
16452,1
16453,2
16454,2
16455,4
16456,1
16457,1
16459,2
16461,4
16462,4
16463,5
16464,6
16465,2
16467,0
16468,2
16469,2
16470,5
16471,5
16472,2
16473,2
16474,2
16475,2
16476,0
16477,2
16478,6
16480,4
16481,6
16482,5
16483,0
16484,2
16485,0
16486,4
16487,1
16488,2
16489,5
16490,3
16491,4
16492,3
16493,4
16494,0
16495,5
16496,3
16497,2
16498,4
16499,3
16501,2
16502,2
16503,5
16504,0
16505,2
16507,2
16508,4
16509,4
16510,0
16512,5
16513,2
16514,3
16515,3
16516,0
16517,4
16518,4
16519,3
16520,2
16521,4
16522,4
16523,3
16524,6
16525,3
16527,6
16528,2
16529,5
16530,4
16531,1
16532,1
16533,0
16534,3
16536,2
16538,1
16539,1
16540,6
16541,2
16542,3
16543,4
16544,5
16545,3
16547,6
16548,2
16549,0
16551,0
16553,0
16554,5
16556,2
16557,5
16558,3
16559,0
16561,5
16563,4
16564,2
16566,4
16568,5
16569,5
16571,2
16572,1
16573,2
16575,2
16576,2
16578,5
16579,1
16581,6
16582,2
16583,5
16584,4
16585,4
16586,4
16587,4
16588,6
16589,2
16591,4
16593,3
16594,5
16595,2
16596,1
16597,5
16598,2
16599,4
16600,2
16601,2
16602,4
16603,3
16604,1
16606,2
16607,2
16608,0
16609,4
16610,1
16612,2
16615,5
16616,5
16617,2
16618,2
16619,4
16620,4
16621,1
16622,4
16623,2
16625,0
16626,3
16627,6
16628,2
16629,2
16630,5
16632,0
16633,3
16634,4
16635,4
16636,2
16637,0
16638,5
16639,2
16640,5
16641,0
16642,2
16643,2
16644,4
16645,1
16646,1
16648,3
16650,5
16652,0
16653,0
16654,1
16655,2
16656,4
16657,4
16658,3
16659,1
16660,4
16662,2
16664,6
16665,6
16666,0
16667,0
16669,2
16670,4
16671,6
16672,4
16673,2
16675,3
16677,3
16678,6
16680,6
16681,6
16682,3
16683,4
16684,6
16685,6
16686,6
16687,2
16688,6
16690,2
16691,4
16692,6
16693,4
16697,3
16699,4
16700,5
16701,3
16702,5
16703,4
16705,2
16706,4
16707,4
16708,5
16709,1
16710,5
16711,6
16712,6
16713,4
16715,2
16716,2
16717,1
16718,5
16719,1
16720,2
16723,4
16724,2
16725,5
16726,4
16728,0
16729,6
16730,2
16731,6
16732,2
16733,1
16734,3
16736,1
16737,5
16738,2
16740,2
16742,5
16743,1
16744,5
16745,6
16746,3
16747,1
16748,3
16749,4
16750,3
16751,5
16752,5
16753,2
16754,1
16755,2
16758,0
16759,5
16760,2
16761,3
16762,3
16764,6
16765,3
16768,4
16769,2
16770,5
16771,2
16772,6
16773,2
16774,6
16775,2
16777,6
16778,3
16780,6
16781,1
16782,4
16783,1
16786,3
16787,5
16788,1
16789,2
16791,1
16792,6
16793,4
16795,4
16796,4
16797,2
16798,4
16799,6
16800,4
16801,2
16803,4
16804,6
16805,2
16806,1
16807,1
16808,4
16810,4
16811,4
16812,6
16813,2
16814,4
16815,4
16816,2
16817,4
16818,6
16819,5
16821,2
16823,2
16824,5
16826,0
16827,2
16828,4
16829,5
16830,5
16831,4
16832,1
16833,0
16834,3
16835,4
16836,2
16837,1
16838,6
16839,6
16840,2
16841,4
16842,4
16844,2
16846,0
16847,2
16848,3
16849,2
16850,4
16851,2
16852,5
16853,4
16854,2
16856,6
16857,1
16859,4
16862,4
16863,3
16864,5
16865,5
16866,4
16868,5
16869,5
16871,6
16872,1
16873,4
16874,2
16875,0
16876,4
16877,0
16878,2
16879,6
16880,5
16881,0
16882,2
16884,2
16885,2
16886,0
16888,6
16889,5
16890,4
16891,2
16892,0
16893,6
16894,2
16895,1
16896,3
16897,3
16898,2
16899,6
16900,4
16901,2
16902,4
16903,6
16904,4
16905,1
16906,4
16907,0
16909,2
16910,3
16911,4
16912,5
16913,4
16914,4
16915,2
16916,1
16917,5
16920,2
16921,5
16922,5
16923,5
16925,5
16926,1
16927,4
16928,4
16929,0
16930,0
16931,4
16932,1
16933,5
16934,4
16935,6
16936,1
16937,6
16938,1
16939,4
16940,4
16941,4
16942,3
16943,2
16944,3
16945,6
16946,5
16947,2
16948,2
16949,4
16950,0
16951,6
16952,2
16953,2
16954,5
16956,2
16957,6
16958,3
16959,2
16960,4
16962,1
16963,2
16964,2
16965,0
16967,1
16968,0
16969,0
16970,4
16971,1
16972,0
16973,2
16974,3
16975,4
16976,0
16977,4
16978,1
16979,5
16980,4
16982,5
16983,6
16984,5
16985,6
16986,2
16987,5
16988,5
16989,4
16990,5
16991,2
16992,1
16993,2
16994,4
16996,1
16997,4
16998,6
16999,2
17000,0
17001,4
17002,0
17003,4
17004,1
17006,5
17007,1
17008,4
17009,0
17010,1
17011,5
17012,2
17013,2
17014,0
17015,4
17016,6
17017,1
17018,6
17019,2
17020,1
17022,1
17023,4
17024,6
17025,2
17026,4
17028,0
17030,2
17031,2
17032,0
17033,4
17034,3
17035,5
17037,5
17038,5
17040,0
17041,1
17042,1
17043,5
17044,2
17045,5
17046,1
17047,4
17048,4
17049,4
17050,6
17051,2
17052,2
17053,5
17055,5
17058,4
17059,5
17060,1
17061,4
17062,2
17063,5
17064,3
17065,2
17066,4
17067,6
17068,2
17069,4
17070,4
17072,4
17073,4
17074,3
17075,2
17076,4
17078,4
17079,4
17080,5
17083,6
17084,4
17086,2
17087,6
17088,5
17089,5
17090,6
17091,4
17092,4
17093,4
17094,4
17095,4
17096,6
17097,4
17098,5
17099,4
17100,5
17101,0
17103,1
17104,1
17105,4
17107,2
17108,4
17109,2
17110,5
17111,4
17112,0
17113,3
17114,2
17115,6
17116,2
17117,4
17118,3
17119,1
17120,6
17121,4
17122,2
17123,2
17125,3
17127,6
17129,1
17130,5
17131,5
17132,2
17133,4
17134,0
17135,5
17137,5
17138,2
17140,5
17141,4
17142,2
17143,2
17145,1
17146,1
17147,0
17148,6
17149,1
17150,5
17151,0
17152,2
17153,1
17154,4
17155,4
17156,1
17158,2
17159,4
17160,3
17161,4
17162,5
17163,1
17165,2
17166,6
17167,3
17169,5
17170,5
17171,4
17172,1
17173,2
17174,1
17175,0
17179,5
17180,6
17183,4
17184,1
17185,1
17186,2
17187,3
17188,2
17189,4
17191,1
17192,2
17193,4
17194,3
17195,2
17196,6
17197,0
17198,6
17199,4
17200,4
17201,5
17202,2
17203,2
17204,4
17205,2
17208,2
17209,2
17210,6
17211,0
17212,4
17214,5
17215,0
17216,4
17219,2
17220,4
17221,5
17222,5
17223,2
17224,3
17225,4
17226,4
17228,2
17230,4
17231,6
17232,0
17233,4
17234,1
17235,1
17236,2
17238,4
17239,4
17240,4
17241,1
17242,4
17243,3
17244,0
17245,1
17246,3
17247,4
17248,5
17250,1
17253,6
17254,5
17256,2
17257,4
17258,6
17259,0
17260,5
17261,5
17262,3
17264,4
17265,4
17266,4
17267,2
17268,1
17269,4
17270,2
17271,2
17272,2
17273,4
17275,2
17277,4
17278,3
17279,4
17280,4
17281,1
17282,1
17283,1
17284,2
17286,6
17287,4
17288,6
17289,0
17290,6
17291,1
17292,1
17294,2
17295,4
17296,1
17297,3
17298,5
17300,0
17301,0
17302,3
17303,0
17304,6
17305,4
17306,5
17307,2
17308,4
17309,3
17311,2
17312,5
17313,4
17314,2
17315,4
17316,6
17317,0
17318,2
17319,0
17321,0
17322,1
17325,3
17326,5
17327,5
17328,4
17329,4
17330,2
17332,5
17333,5
17334,2
17335,4
17336,0
17339,4
17340,3
17341,2
17342,5
17343,4
17344,5
17345,6
17346,0
17347,2
17348,0
17350,3
17352,2
17353,2
17354,0
17355,4
17356,0
17357,4
17358,5
17359,4
17360,3
17361,2
17362,0
17363,0
17365,2
17366,0
17367,1
17369,4
17371,2
17372,4
17374,1
17375,6
17377,4
17378,4
17379,6
17380,5
17382,4
17383,1
17385,2
17387,3
17388,2
17390,4
17391,0
17392,2
17395,4
17397,1
17398,1
17399,0
17400,3
17401,5
17402,0
17403,3
17405,5
17406,5
17407,4
17408,4
17409,6
17410,2
17411,3
17413,2
17415,0
17416,2
17417,0
17418,4
17420,1
17421,4
17422,0
17423,0
17424,5
17425,2
17426,4
17427,5
17428,2
17429,3
17430,6
17432,6
17434,2
17435,6
17436,4
17437,4
17438,2
17439,0
17440,4
17441,6
17442,3
17443,4
17446,2
17447,1
17448,4
17449,4
17450,6
17451,5
17452,2
17453,2
17454,4
17456,0
17458,6
17460,3
17461,6
17462,2
17463,4
17464,2
17466,6
17467,2
17468,5
17469,2
17470,0
17471,4
17472,0
17473,5
17474,4
17475,5
17476,5
17477,4
17478,5
17479,5
17480,6
17481,3
17482,1
17483,3
17484,2
17485,6
17486,1
17487,2
17488,2
17489,1
17490,1
17491,2
17492,4
17494,2
17496,0
17497,4
17498,5
17499,4
17500,4
17501,2
17502,6
17503,5
17504,2
17505,0
17507,4
17508,2
17509,5
17510,4
17512,3
17514,1
17517,2
17518,0
17519,1
17520,0
17521,1
17523,5
17524,2
17525,2
17527,4
17528,5
17529,6
17530,6
17531,3
17532,2
17533,1
17535,1
17536,5
17537,3
17538,4
17540,1
17541,2
17542,4
17543,5
17546,3
17547,4
17548,3
17549,4
17550,4
17551,2
17552,5
17553,4
17554,2
17555,4
17556,1
17557,0
17558,5
17560,2
17561,1
17562,4
17563,2
17564,0
17565,5
17566,2
17567,4
17568,6
17570,6
17571,0
17572,4
17573,5
17574,2
17575,5
17577,4
17578,5
17579,1
17580,1
17582,4
17583,5
17584,1
17586,0
17587,4
17588,4
17589,1
17590,5
17591,2
17592,4
17594,4
17595,3
17596,2
17597,2
17598,4
17599,1
17600,1
17601,1
17602,4
17603,2
17604,5
17605,0
17606,1
17607,4
17609,0
17610,4
17611,5
17612,2
17613,5
17614,1
17615,3
17617,1
17618,5
17619,5
17620,1
17621,4
17623,2
17624,2
17625,6
17627,4
17628,3
17629,6
17630,2
17631,5
17632,0
17633,4
17634,2
17635,2
17636,4
17637,3
17640,2
17641,5
17642,1
17643,4
17644,2
17645,1
17646,2
17647,6
17648,2
17649,3
17651,1
17653,0
17654,4
17655,4
17656,0
17657,3
17658,5
17659,5
17660,2
17661,4
17663,6
17664,4
17666,4
17667,3
17668,2
17669,4
17670,5
17671,2
17672,1
17673,6
17674,2
17676,5
17677,1
17678,3
17679,5
17680,1
17681,6
17682,4
17683,2
17684,0
17686,4
17688,4
17689,6
17690,2
17691,5
17693,5
17694,0
17695,2
17697,2
17698,5
17699,1
17700,2
17701,0
17702,1
17703,4
17704,3
17705,5
17706,5
17707,4
17708,3
17709,2
17711,2
17712,3
17713,4
17714,2
17715,2
17716,2
17718,4
17719,5
17720,5
17722,1
17723,3
17724,3
17726,5
17727,1
17729,6
17730,4
17731,4
17732,2
17733,6
17734,2
17735,6
17736,4
17737,2
17739,4
17740,0
17741,6
17742,5
17743,0
17744,1
17745,2
17747,5
17749,6
17750,2
17751,5
17752,2
17753,1
17754,0
17755,3
17756,6
17757,5
17758,4
17759,5
17761,1
17762,4
17763,5
17764,3
17766,0
17767,6
17769,6
17771,2
17773,0
17775,2
17777,2
17778,2
17779,4
17780,0
17781,4
17782,1
17783,5
17784,3
17785,5
17788,4
17789,4
17790,2
17791,5
17792,5
17793,4
17794,4
17795,2
17796,4
17798,5
17799,4
17800,6
17801,6
17802,4
17803,3
17804,2
17805,6
17806,3
17807,2
17808,1
17809,2
17810,5
17811,2
17812,0
17813,2
17815,3
17816,0
17818,3
17819,2
17820,3
17821,2
17822,1
17824,5
17825,6
17826,5
17827,5
17828,2
17829,3
17830,5
17832,1
17833,5
17834,6
17835,3
17836,1
17837,2
17838,1
17839,5
17840,4
17841,1
17843,1
17845,5
17846,0
17848,2
17849,5
17850,4
17851,5
17852,3
17853,3
17854,6
17858,5
17859,6
17860,0
17862,4
17863,2
17865,4
17866,4
17867,1
17868,0
17869,2
17870,1
17871,3
17873,5
17874,5
17875,1
17876,4
17877,0
17878,2
17879,4
17880,5
17881,2
17882,2
17884,2
17885,4
17886,4
17887,5
17888,3
17889,3
17891,5
17892,1
17893,6
17894,4
17895,0
17897,4
17899,4
17900,6
17901,4
17902,0
17903,0
17904,4
17905,1
17906,2
17907,6
17908,2
17909,5
17910,5
17911,1
17912,4
17913,2
17914,0
17916,4
17917,6
17918,6
17919,1
17920,2
17921,3
17923,1
17924,6
17925,5
17926,4
17927,0
17929,1
17930,5
17931,5
17933,2
17934,4
17935,2
17937,2
17938,4
17940,5
17941,6
17942,3
17943,3
17944,2
17945,4
17946,5
17947,2
17949,5
17950,2
17951,5
17952,5
17953,5
17954,3
17955,5
17956,5
17957,1
17958,1
17960,5
17961,6
17962,0
17963,2
17964,0
17965,4
17966,4
17967,1
17968,2
17969,2
17971,5
17972,1
17974,4
17975,3
17977,3
17978,4
17979,2
17980,5
17982,4
17984,0
17987,0
17988,5
17989,4
17990,0
17993,6
17994,2
17995,2
17996,4
17998,2
18000,1
18001,6
18002,4
18003,6
18006,0
18008,2
18009,2
18010,1
18011,4
18013,2
18014,5
18015,2
18016,4
18017,4
18018,1
18019,2
18020,2
18022,0
18023,3
18024,2
18026,2
18027,2
18028,4
18029,4
18030,2
18031,2
18033,4
18034,5
18035,4
18036,3
18037,5
18038,0
18039,4
18040,5
18042,2
18043,4
18044,3
18046,3
18047,0
18048,5
18049,2
18050,6
18051,2
18052,3
18053,5
18054,0
18055,0
18056,4
18057,3
18058,0
18059,5
18060,3
18061,2
18062,5
18063,1
18064,2
18065,2
18066,2
18067,3
18070,4
18071,4
18072,1
18073,2
18075,6
18076,2
18077,4
18078,4
18080,4
18081,6
18083,6
18085,4
18086,4
18087,2
18088,2
18089,5
18090,0
18091,2
18093,4
18094,5
18095,6
18098,5
18099,3
18100,1
18102,0
18103,4
18104,0
18105,0
18106,2
18108,2
18109,5
18111,0
18112,4
18113,4
18114,1
18116,2
18117,2
18118,0
18119,1
18120,4
18121,1
18122,2
18123,5
18125,5
18126,4
18127,0
18129,2
18130,4
18132,4
18133,5
18134,0
18135,1
18136,4
18137,2
18138,0
18139,1
18140,2
18141,3
18142,4
18143,2
18144,4
18145,4
18148,0
18149,1
18150,4
18151,6
18152,0
18153,4
18154,2
18155,3
18157,3
18158,5
18159,4
18160,4
18161,5
18162,6
18163,0
18164,1
18165,2
18166,6
18167,5
18168,4
18169,5
18170,4
18171,6
18172,3
18174,4
18175,2
18176,1
18177,1
18178,3
18179,6
18181,0
18184,5
18185,5
18186,4
18187,2
18188,3
18189,4
18190,1
18191,3
18192,4
18193,2
18194,2
18195,1
18197,1
18198,5
18199,4
18200,1
18201,6
18202,2
18203,4
18204,2
18205,3
18207,3
18208,4
18209,2
18210,6
18211,4
18213,0
18214,4
18215,4
18216,4
18217,4
18218,5
18219,2
18220,2
18221,4
18222,5
18223,3
18224,4
18225,1
18227,1
18228,3
18229,4
18230,2
18231,0
18232,2
18234,2
18235,1
18236,4
18238,5
18241,2
18244,6
18245,3
18246,4
18247,3
18249,3
18250,2
18251,4
18252,5
18254,1
18256,4
18257,1
18258,4
18260,1
18261,3
18262,5
18263,5
18264,4
18266,4
18268,1
18270,2
18272,1
18273,0
18275,5
18276,2
18277,4
18278,4
18279,2
18284,2
18285,1
18286,6
18287,1
18288,5
18289,0
18290,3
18291,1
18292,4
18293,3
18294,4
18295,4
18296,1
18297,2
18298,4
18299,4
18300,6
18301,4
18305,0
18306,4
18307,0
18308,0
18309,3
18311,1
18312,6
18313,5
18314,4
18315,6
18316,6
18317,5
18318,1
18319,2
18320,4
18323,2
18324,4
18327,2
18328,1
18329,4
18330,6
18331,2
18332,5
18333,4
18334,2
18335,5
18336,6
18337,4
18338,0
18339,4
18340,0
18341,6
18343,5
18344,1
18345,4
18346,6
18347,2
18348,3
18350,1
18353,2
18354,2
18355,2
18356,0
18357,2
18358,4
18359,2
18360,0
18361,4
18362,5
18363,4
18364,4
18366,4
18367,2
18368,6
18369,2
18370,6
18371,2
18373,0
18374,2
18375,1
18376,6
18378,2
18379,0
18380,4
18381,3
18382,2
18384,6
18385,2
18386,0
18387,1
18388,2
18389,5
18391,5
18392,1
18393,2
18394,3
18395,6
18396,2
18397,3
18398,4
18400,1
18401,2
18402,0
18403,1
18404,2
18405,0
18409,4
18410,2
18411,2
18412,2
18413,0
18414,3
18415,4
18416,2
18418,0
18419,0
18421,2
18422,4
18423,4
18424,2
18425,4
18426,2
18427,5
18428,2
18429,5
18430,3
18431,6
18432,1
18433,4
18435,6
18436,2
18437,4
18438,3
18440,0
18441,3
18442,3
18443,2
18444,3
18445,3
18446,2
18447,2
18448,4
18449,5
18450,6
18451,0
18452,2
18453,3
18454,2
18455,1
18457,4
18458,0
18460,4
18461,1
18462,5
18463,5
18464,0
18465,3
18466,3
18467,2
18468,2
18472,5
18473,0
18474,3
18475,2
18476,0
18477,3
18479,2
18480,4
18481,2
18482,4
18484,5
18485,1
18486,2
18487,6
18489,0
18490,2
18492,6
18493,4
18495,2
18497,1
18499,2
18500,2
18501,4
18503,5
18504,2
18505,6
18507,5
18508,0
18509,2
18510,2
18511,4
18512,2
18513,5
18514,2
18515,2
18517,2
18518,6
18519,3
18520,2
18521,1
18522,5
18524,5
18525,3
18526,3
18527,6
18528,2
18529,4
18530,3
18531,4
18533,2
18534,5
18536,3
18537,0
18538,5
18539,4
18542,4
18544,4
18545,2
18547,2
18548,2
18549,0
18550,4
18551,5
18552,4
18553,5
18554,0
18555,4
18556,5
18557,2
18558,0
18559,6
18560,5
18561,0
18563,6
18564,5
18565,2
18566,2
18567,4
18568,3
18569,5
18570,2
18571,4
18572,2
18573,4
18574,6
18577,5
18578,2
18579,6
18580,6
18581,3
18582,1
18583,3
18584,1
18586,2
18587,1
18588,1
18589,1
18590,2
18591,6
18592,2
18593,1
18594,1
18595,4
18596,1
18597,4
18600,0
18601,4
18602,2
18603,1
18605,3
18608,6
18609,6
18610,0
18611,3
18612,4
18613,2
18614,1
18615,2
18616,5
18617,6
18618,1
18620,1
18621,4
18622,4
18624,0
18625,3
18626,2
18627,6
18628,5
18629,0
18631,2
18632,2
18633,4
18634,4
18636,2
18637,4
18641,2
18643,3
18644,4
18645,0
18646,1
18647,2
18648,2
18650,4
18651,1
18652,2
18653,4
18654,5
18657,2
18658,6
18659,2
18660,3
18661,5
18662,2
18664,3
18665,0
18666,1
18667,4
18668,5
18669,4
18671,4
18672,4
18673,1
18674,4
18675,5
18676,2
18677,4
18678,3
18680,3
18681,5
18682,1
18683,2
18684,4
18685,5
18687,5
18688,0
18689,3
18690,4
18691,5
18692,0
18693,3
18694,3
18695,4
18696,1
18697,5
18698,6
18699,0
18700,5
18701,2
18702,5
18703,1
18705,2
18707,2
18708,1
18709,6
18710,4
18711,5
18712,2
18713,6
18715,4
18716,4
18717,6
18718,2
18719,3
18720,2
18722,2
18723,0
18724,4
18725,2
18726,5
18727,1
18728,2
18729,4
18730,1
18731,0
18732,6
18733,4
18734,2
18735,0
18738,3
18739,4
18742,2
18743,6
18745,6
18746,0
18747,2
18748,0
18749,1
18750,2
18751,5
18752,0
18754,2
18755,5
18756,4
18757,4
18758,4
18759,3
18760,3
18761,0
18762,0
18763,1
18765,2
18766,6
18767,4
18768,0
18769,0
18770,5
18772,0
18773,1
18774,6
18775,4
18776,2
18777,0
18778,5
18779,4
18780,1
18781,2
18782,5
18783,4
18785,0
18786,0
18787,5
18788,5
18789,2
18790,5
18791,2
18794,2
18795,0
18796,2
18797,3
18798,2
18799,4
18800,2
18801,1
18802,2
18803,4
18804,3
18805,5
18806,4
18807,0
18808,2
18809,2
18810,6
18811,2
18812,4
18814,6
18815,5
18816,4
18817,2
18818,6
18820,4
18821,2
18822,2
18823,4
18824,2
18825,3
18826,6
18827,0
18828,2
18830,6
18831,2
18837,1
18838,4
18839,5
18840,1
18841,2
18842,5
18843,4
18844,5
18845,2
18846,1
18847,4
18849,4
18850,1
18851,5
18852,6
18853,5
18854,4
18855,0
18857,4
18859,5
18860,1
18861,6
18862,1
18863,2
18864,4
18865,6
18866,5
18867,2
18868,4
18869,5
18870,1
18872,0
18874,2
18875,2
18879,4
18880,2
18881,6
18883,2
18884,2
18885,3
18886,5
18887,6
18888,5
18889,0
18890,3
18891,2
18892,4
18893,4
18894,4
18895,3
18896,2
18897,4
18898,0
18899,1
18900,4
18901,3
18902,2
18903,4
18904,5
18905,6
18906,2
18908,4
18909,5
18910,2
18911,2
18914,2
18915,2
18916,1
18917,3
18918,3
18919,1
18920,4
18921,2
18922,3
18923,1
18924,2
18925,1
18926,2
18928,2
18929,4
18930,6
18931,1
18932,5
18933,4
18934,5
18935,5
18936,4
18937,6
18939,6
18940,4
18941,2
18942,4
18943,2
18945,1
18946,0
18947,0
18948,1
18949,2
18950,0
18951,0
18952,4
18953,5
18954,5
18955,3
18957,4
18958,2
18960,5
18961,2
18962,6
18963,2
18964,2
18965,5
18966,2
18967,1
18968,0
18969,6
18971,3
18972,5
18973,4
18974,6
18975,4
18977,3
18978,5
18979,4
18980,4
18981,4
18982,4
18983,6
18984,4
18985,6
18986,1
18988,6
18989,3
18990,6
18991,1
18992,5
18993,5
18994,4
18995,5
18996,5
18997,1
18998,2
18999,6
19000,2
19001,6
19002,5
19003,2
19004,5
19005,4
19006,1
19007,2
19008,4
19009,6
19010,1
19013,0
19014,4
19015,4
19016,5
19017,1
19018,4
19019,0
19020,0
19021,2
19022,0
19025,3
19029,2
19030,3
19031,4
19032,4
19033,3
19034,6
19035,3
19036,2
19037,4
19038,4
19039,1
19040,2
19041,2
19042,2
19043,2
19045,6
19046,1
19047,1
19048,6
19049,2
19050,6
19051,2
19052,2
19053,2
19054,2
19055,3
19056,5
19057,6
19058,5
19060,4
19061,5
19062,3
19063,3
19064,4
19065,0
19066,4
19068,4
19069,1
19070,3
19071,0
19072,1
19073,1
19074,5
19076,6
19077,4
19078,5
19080,6
19084,2
19086,0
19087,4
19088,5
19090,4
19092,2
19093,1
19094,4
19095,2
19096,3
19097,2
19098,0
19099,2
19100,6
19101,4
19102,2
19103,4
19106,6
19107,3
19108,4
19109,1
19110,5
19112,4
19113,3
19114,0
19115,2
19117,5
19118,2
19119,4
19120,0
19121,0
19122,1
19123,0
19125,4
19126,2
19127,4
19129,2
19131,5
19132,0
19133,2
19134,1
19135,3
19136,4
19137,0
19138,2
19139,3
19140,0
19141,1
19142,5
19143,4
19144,1
19145,6
19146,4
19147,4
19148,0
19150,0
19151,5
19152,4
19153,4
19154,1
19155,4
19156,2
19158,3
19159,2
19160,1
19161,6
19162,2
19164,5
19167,0
19168,4
19169,2
19171,2
19173,2
19174,5
19175,4
19176,4
19177,4
19178,6
19179,2
19182,1
19183,0
19185,5
19186,0
19187,4
19188,6
19189,2
19190,4
19191,2
19192,3
19194,4
19195,4
19197,2
19198,2
19199,2
19200,2
19201,2
19202,6
19204,5
19205,4
19206,6
19207,5
19208,6
19209,4
19210,2
19211,2
19212,5
19213,5
19214,3
19215,5
19218,4
19219,1
19220,5
19221,5
19223,3
19224,0
19225,1
19226,2
19227,4
19228,1
19230,2
19231,5
19232,1
19233,6
19234,5
19235,0
19236,0
19238,1
19240,1
19241,4
19242,2
19243,4
19244,5
19245,5
19246,0
19247,2
19248,6
19249,2
19250,3
19251,2
19252,5
19253,6
19255,0
19256,1
19257,0
19258,4
19259,5
19261,4
19262,2
19263,2
19264,2
19265,4
19266,2
19268,3
19269,4
19270,2
19272,2
19273,5
19275,4
19276,2
19277,6
19278,0
19279,4
19280,0
19281,6
19282,2
19283,4
19284,5
19285,1
19287,3
19288,6
19289,1
19290,5
19292,5
19293,0
19295,3
19296,1
19297,4
19298,4
19299,2
19300,3
19301,3
19302,3
19303,4
19305,3
19306,0
19308,4
19309,2
19310,2
19311,4
19312,4
19313,3
19314,2
19315,1
19316,6
19317,0
19318,1
19319,4
19321,2
19322,4
19323,0
19324,4
19325,1
19327,6
19328,6
19329,5
19330,2
19331,4
19332,0
19333,6
19334,2
19335,4
19336,1
19337,3
19339,4
19342,1
19343,3
19344,2
19345,4
19346,4
19347,2
19349,2
19350,4
19351,5
19352,5
19353,0
19354,4
19355,3
19356,5
19357,1
19358,2
19359,2
19360,1
19362,4
19363,5
19367,0
19368,4
19369,3
19370,4
19371,2
19372,5
19374,4
19375,5
19377,4
19378,6
19379,2
19380,1
19381,1
19383,0
19385,3
19386,6
19387,5
19388,2
19390,5
19392,0
19394,6
19396,2
19397,6
19398,2
19399,4
19400,0
19401,2
19402,3
19403,2
19407,0
19409,5
19410,2
19411,2
19412,2
19414,1
19415,4
19416,0
19417,3
19419,3
19420,2
19421,2
19422,0
19423,4
19424,6
19425,4
19426,2
19427,4
19428,0
19429,6
19431,6
19432,1
19433,6
19434,2
19435,3
19436,4
19438,5
19439,2
19441,5
19442,0
19444,5
19446,2
19448,2
19449,2
19450,1
19452,2
19453,2
19454,4
19455,1
19457,6
19458,4
19459,3
19461,1
19462,4
19463,2
19464,1
19465,2
19466,1
19467,4
19468,1
19469,4
19470,0
19471,5
19472,4
19473,2
19474,5
19476,4
19477,1
19478,0
19479,4
19480,5
19481,4
19482,4
19483,2
19484,1
19485,4
19486,5
19487,5
19489,4
19490,6
19492,6
19493,2
19494,4
19495,2
19496,1
19497,5
19498,4
19499,2
19500,5
19501,5
19502,2
19503,0
19504,4
19505,1
19506,3
19507,2
19508,5
19509,1
19510,5
19511,2
19513,0
19514,4
19515,3
19516,4
19517,5
19518,1
19519,2
19520,3
19522,4
19523,2
19524,4
19525,2
19526,5
19527,2
19528,3
19530,2
19531,4
19532,4
19533,6
19534,1
19535,4
19536,5
19537,5
19538,6
19539,2
19540,4
19541,5
19542,2
19544,0
19545,2
19546,1
19547,1
19548,3
19549,1
19550,4
19551,4
19552,2
19553,5
19554,1
19555,0
19556,4
19558,4
19559,2
19560,1
19561,5
19562,4
19563,5
19564,6
19566,3
19567,3
19569,6
19570,4
19571,1
19572,5
19573,2
19574,1
19575,2
19576,3
19577,1
19578,4
19579,0
19580,2
19581,4
19582,5
19583,4
19584,2
19585,2
19586,6
19587,5
19588,4
19590,2
19591,5
19592,0
19593,2
19594,4
19595,6
19596,4
19597,4
19598,4
19599,4
19600,5
19601,6
19602,1
19603,4
19604,2
19605,2
19606,2
19607,2
19608,4
19609,5
19610,4
19613,5
19614,3
19615,2
19616,2
19618,4
19619,3
19621,5
19622,4
19624,0
19625,2
19626,1
19627,0
19628,0
19629,6
19630,1
19631,4
19632,6
19633,0
19635,4
19636,3
19638,3
19639,5
19642,2
19643,3
19644,6
19645,1
19646,5
19647,6
19648,1
19649,0
19650,1
19651,4
19653,5
19655,5
19656,6
19657,1
19658,2
19659,2
19660,4
19662,4
19663,2
19664,6
19665,4
19666,6
19667,2
19668,4
19669,1
19670,3
19671,2
19673,1
19675,2
19676,2
19678,4
19679,0
19680,2
19681,2
19682,1
19683,4
19684,2
19685,4
19686,6
19687,4
19688,2
19689,4
19690,4
19691,1
19692,4
19694,1
19695,2
19697,6
19698,5
19699,0
19700,4
19702,4
19703,3
19704,2
19705,2
19706,6
19707,5
19709,2
19710,0
19711,6
19712,6
19713,0
19714,3
19716,4
19717,2
19719,2
19720,1
19721,5
19722,0
19723,0
19724,6
19725,5
19727,2
19728,5
19729,1
19730,2
19731,5
19732,2
19734,2
19735,1
19736,2
19737,6
19738,6
19740,4
19741,5
19742,1
19743,1
19744,5
19745,5
19750,5
19751,2
19752,6
19754,0
19755,4
19756,6
19757,6
19758,2
19759,4
19760,3
19761,4
19762,2
19764,6
19765,0
19766,0
19769,4
19770,3
19772,1
19773,0
19774,3
19775,4
19776,4
19778,3
19779,2
19780,5
19781,4
19785,3
19786,4
19787,0
19788,4
19789,2
19790,5
19792,2
19793,4
19794,2
19795,2
19796,5
19797,1
19799,1
19800,6
19801,5
19802,1
19803,6
19804,6
19805,6
19806,1
19808,5
19809,2
19811,6
19813,2
19815,2
19816,2
19817,4
19818,4
19819,4
19820,1
19821,2
19822,4
19823,2
19824,5
19825,2
19826,5
19827,2
19828,2
19830,0
19831,2
19832,1
19833,6
19834,6
19835,0
19836,4
19837,1
19838,3
19840,6
19841,6
19842,5
19843,6
19844,4
19846,4
19847,5
19848,4
19849,5
19850,4
19851,0
19853,4
19855,2
19857,5
19858,5
19860,1
19861,3
19863,0
19864,2
19866,3
19867,2
19868,0
19869,0
19870,4
19871,6
19872,6
19873,2
19874,2
19875,4
19876,4
19877,0
19878,0
19879,2
19880,5
19881,5
19883,2
19884,3
19885,3
19886,2
19887,4
19888,4
19890,5
19891,2
19892,4
19893,5
19894,0
19895,2
19896,6
19897,2
19898,6
19899,5
19900,2
19902,5
19903,5
19904,2
19905,1
19906,5
19907,2
19909,2
19910,0
19912,4
19913,6
19914,0
19915,0
19916,1
19917,1
19918,3
19919,5
19920,5
19921,2
19922,4
19923,6
19924,2
19925,0
19926,6
19927,0
19928,2
19929,6
19930,3
19931,5
19932,4
19934,4
19935,3
19936,1
19937,0
19939,3
19940,4
19941,4
19944,0
19946,2
19947,4
19948,1
19949,6
19950,4
19953,1
19954,2
19955,3
19956,3
19957,3
19958,5
19959,5
19960,6
19961,6
19962,2
19963,4
19965,4
19966,4
19967,2
19969,1
19970,0
19972,0
19973,2
19974,0
19975,0
19976,6
19978,5
19979,2
19980,4
19982,1
19983,3
19984,4
19985,4
19986,3
19987,4
19989,4
19990,2
19991,2
19992,6
19993,3
19994,1
19995,2
19996,4
19997,6
19998,2
19999,6
20001,6
20002,4
20003,0
20004,5
20006,4
20007,0
20008,6
20009,2
20010,5
20012,5
20013,1
20014,4
20015,4
20016,4
20017,1
20018,2
20019,2
20020,4
20021,4
20022,1
20023,4
20025,1
20027,2
20029,2
20030,0
20031,2
20032,4
20033,4
20034,3
20035,5
20036,2
20037,2
20038,4
20039,0
20040,6
20041,6
20042,0
20043,4
20044,2
20045,2
20046,0
20047,2
20048,0
20049,5
20050,6
20051,5
20052,4
20053,1
20054,0
20056,0
20059,4
20060,5
20061,0
20062,4
20064,4
20065,2
20066,4
20068,2
20070,4
20072,2
20073,4
20074,3
20075,1
20077,4
20078,2
20079,4
20080,0
20081,1
20082,5
20083,1
20084,2
20085,2
20086,1
20087,5
20088,2
20089,6
20091,0
20092,2
20093,2
20095,1
20096,6
20097,3
20098,4
20099,6
20101,1
20102,5
20103,6
20104,2
20105,2
20106,4
20107,2
20108,2
20109,6
20110,2
20111,1
20112,1
20113,1
20114,5
20115,0
20116,6
20117,0
20118,0
20119,4
20120,1
20121,6
20122,2
20123,5
20124,1
20125,2
20126,2
20128,2
20129,2
20130,1
20131,3
20132,2
20133,0
20134,1
20135,2
20137,2
20139,5
20140,0
20141,6
20142,1
20144,4
20145,4
20146,4
20147,4
20148,3
20149,4
20150,4
20151,6
20152,6
20153,5
20154,1
20155,2
20156,0
20157,5
20160,4
20161,1
20162,2
20164,4
20165,4
20166,1
20167,0
20168,0
20169,2
20170,6
20171,1
20172,4
20173,1
20174,3
20175,2
20176,4
20177,5
20178,2
20179,4
20180,6
20181,4
20182,2
20183,2
20184,3
20187,4
20188,5
20189,6
20190,5
20192,4
20193,0
20195,2
20198,5
20199,6
20200,5
20201,2
20204,1
20205,1
20207,1
20208,1
20209,4
20211,2
20212,4
20213,2
20214,4
20215,6
20216,6
20217,5
20221,2
20223,6
20224,6
20225,2
20226,5
20227,5
20229,2
20230,5
20231,2
20232,1
20233,5
20234,4
20235,4
20236,5
20237,2
20238,5
20239,3
20240,4
20241,3
20243,4
20245,4
20246,6
20247,1
20248,5
20250,4
20252,5
20254,3
20255,2
20256,4
20257,1
20258,1
20259,4
20260,0
20261,3
20262,2
20263,2
20264,3
20265,2
20266,2
20268,5
20269,4
20271,3
20272,4
20273,5
20274,5
20275,3
20276,4
20277,2
20279,0
20280,1
20281,4
20283,0
20285,0
20287,4
20288,0
20289,1
20290,4
20291,2
20292,2
20293,2
20294,2
20295,1
20298,4
20300,3
20301,3
20302,3
20303,5
20304,2
20306,2
20307,0
20309,0
20310,0
20312,2
20313,4
20314,3
20315,5
20316,2
20317,6
20318,3
20319,4
20320,4
20321,5
20322,4
20323,5
20324,6
20325,3
20326,6
20327,3
20328,4
20329,1
20331,4
20332,0
20333,5
20334,6
20335,4
20337,0
20338,1
20339,0
20340,0
20341,6
20342,0
20343,4
20344,4
20345,2
20346,5
20347,0
20348,4
20349,6
20352,5
20353,1
20355,1
20356,1
20357,0
20358,2
20359,2
20360,5
20361,2
20364,2
20365,5
20366,3
20367,6
20369,2
20371,6
20372,0
20373,3
20374,6
20375,4
20378,6
20379,4
20380,1
20381,4
20383,4
20384,5
20385,4
20386,3
20387,5
20389,0
20390,0
20391,6
20392,0
20393,4
20394,5
20395,1
20396,0
20397,6
20398,1
20399,2
20400,0
20401,4
20402,2
20404,2
20405,2
20406,0
20407,3
20408,2
20410,2
20411,0
20413,1
20414,4
20415,5
20417,5
20419,2
20420,1
20421,3
20422,1
20423,4
20424,4
20425,5
20426,5
20428,6
20429,0
20430,2
20431,2
20433,2
20434,3
20436,2
20437,0
20438,0
20439,1
20440,3
20441,5
20442,1
20443,3
20444,4
20445,2
20446,0
20447,6
20448,0
20449,4
20450,0
20451,5
20452,4
20453,4
20454,5
20456,4
20457,2
20458,2
20459,6
20460,4
20461,4
20462,4
20463,2
20465,2
20466,4
20468,4
20469,4
20470,4
20471,2
20472,6
20473,4
20474,3
20475,0
20476,5
20477,3
20478,3
20479,4
20482,5
20483,1
20486,2
20487,3
20488,4
20489,2
20490,6
20492,5
20493,0
20494,0
20495,0
20496,5
20497,5
20498,1
20501,3
20502,2
20504,0
20505,1
20507,2
20509,5
20510,1
20511,0
20512,5
20513,0
20514,0
20516,5
20517,4
20518,2
20519,1
20520,4
20521,4
20522,5
20524,5
20525,2
20526,5
20527,5
20528,6
20529,6
20530,3
20533,4
20534,4
20535,2
20536,5
20537,6
20538,2
20539,0
20540,5
20541,2
20542,4
20543,4
20544,2
20545,2
20546,5
20547,2
20549,4
20551,2
20553,1
20554,4
20556,1
20557,2
20558,0
20559,4
20560,4
20561,0
20562,5
20563,2
20564,5
20565,6
20566,1
20567,4
20568,3
20569,4
20570,4
20571,2
20572,6
20574,6
20575,1
20576,5
20577,5
20578,5
20581,2
20583,2
20584,4
20585,4
20586,5
20587,3
20588,6
20589,0
20590,4
20591,5
20592,5
20593,2
20594,4
20595,3
20597,0
20598,4
20599,2
20600,1
20601,0
20603,6
20605,1
20606,5
20607,2
20609,3
20610,3
20613,2
20614,4
20615,0
20616,2
20617,1
20618,4
20619,0
20620,2
20623,2
20624,4
20625,0
20626,2
20627,5
20628,3
20629,4
20630,6
20631,4
20632,6
20633,5
20634,1
20635,0
20636,0
20638,0
20639,3
20640,5
20641,5
20642,2
20643,4
20644,2
20645,2
20647,1
20648,4
20649,2
20650,5
20653,0
20655,3
20657,3
20659,2
20660,2
20661,1
20662,5
20663,0
20664,0
20665,0
20666,5
20667,0
20668,3
20670,5
20671,4
20672,4
20674,2
20675,4
20676,2
20677,4
20678,2
20679,4
20680,0
20681,2
20682,0
20683,4
20684,2
20686,2
20689,2
20690,6
20691,3
20692,4
20693,3
20694,5
20695,4
20696,5
20697,0
20698,2
20699,5
20700,4
20701,2
20703,6
20704,5
20705,3
20707,4
20708,3
20710,2
20711,5
20713,6
20714,0
20715,5
20716,4
20717,1
20718,4
20719,1
20722,3
20723,2
20724,0
20725,0
20728,3
20729,4
20730,3
20731,4
20732,3
20733,1
20734,1
20735,4
20736,3
20737,2
20739,6
20741,0
20742,5
20743,2
20744,4
20745,0
20746,1
20747,0
20748,6
20750,2
20751,4
20752,4
20753,1
20754,1
20755,5
20756,2
20757,2
20759,2
20760,4
20761,4
20762,5
20763,2
20764,4
20765,4
20766,4
20767,4
20768,2
20769,0
20770,0
20772,2
20773,5
20774,1
20775,4
20776,3
20777,2
20778,1
20779,1
20780,5
20781,4
20782,4
20783,4
20784,5
20786,0
20787,0
20788,2
20789,0
20790,1
20791,3
20792,2
20793,1
20794,6
20795,2
20796,2
20797,4
20798,2
20799,5
20801,0
20802,2
20803,2
20804,5
20805,4
20806,6
20807,2
20808,2
20810,6
20811,0
20812,1
20814,1
20816,4
20817,0
20818,0
20819,6
20821,2
20822,1
20823,5
20824,2
20825,2
20826,4
20827,4
20828,0
20829,2
20830,2
20831,4
20832,2
20833,2
20835,2
20836,4
20837,2
20840,0
20841,2
20843,2
20845,3
20848,4
20849,6
20850,4
20851,3
20852,4
20853,2
20854,5
20855,5
20856,2
20857,3
20858,1
20859,5
20861,2
20864,0
20866,6
20867,5
20869,6
20870,3
20871,0
20872,4
20876,2
20877,2
20878,6
20879,5
20880,4
20881,4
20882,5
20883,2
20884,3
20885,4
20886,4
20887,6
20889,5
20890,4
20891,4
20892,5
20893,4
20894,1
20895,6
20897,5
20898,4
20899,5
20901,4
20902,0
20903,2
20904,3
20905,3
20906,2
20907,1
20909,5
20910,4
20911,6
20912,1
20913,2
20914,3
20915,4
20916,2
20918,4
20919,4
20920,1
20923,1
20925,3
20926,5
20927,3
20928,4
20929,4
20930,2
20931,6
20932,6
20933,6
20934,5
20935,1
20936,3
20938,1
20939,2
20940,2
20942,2
20943,2
20944,6
20945,4
20947,0
20948,0
20949,2
20952,0
20953,0
20954,2
20955,4
20956,1
20958,5
20959,4
20960,2
20961,5
20962,3
20963,4
20965,1
20966,5
20967,5
20968,5
20969,1
20970,2
20972,1
20974,5
20975,4
20976,4
20977,4
20978,1
20979,2
20980,6
20981,3
20982,1
20983,4
20984,6
20985,2
20986,5
20987,5
20988,5
20989,3
20990,2
20991,2
20992,6
20993,4
20994,4
20995,3
20996,6
20997,3
20998,0
20999,2
21000,2
21001,2
21002,1
21003,4
21004,4
21006,4
21008,1
21011,4
21013,6
21014,6
21015,6
21016,2
21018,4
21020,6
21022,4
21023,5
21024,2
21025,6
21026,0
21028,3
21030,6
21031,1
21032,2
21034,3
21035,0
21039,5
21040,4
21041,6
21043,1
21044,6
21046,4
21047,5
21048,5
21049,6
21050,3
21051,2
21052,4
21053,5
21054,4
21055,5
21056,4
21057,0
21058,2
21059,6
21060,6
21061,3
21062,3
21063,6
21065,3
21066,4
21067,3
21068,2
21069,0
21070,5
21071,6
21072,2
21073,6
21074,5
21076,4
21077,3
21078,0
21079,3
21080,4
21081,4
21082,2
21084,3
21085,2
21086,6
21087,0
21089,2
21090,2
21091,3
21092,6
21093,4
21094,3
21095,2
21096,2
21097,5
21098,4
21100,1
21102,2
21103,2
21105,2
21107,1
21108,2
21110,0
21111,4
21112,5
21113,2
21114,0
21115,5
21116,2
21117,4
21118,4
21119,4
21122,1
21123,2
21124,4
21125,4
21126,2
21129,6
21130,3
21131,0
21132,5
21133,6
21135,5
21136,6
21137,1
21138,1
21139,0
21140,1
21141,3
21142,0
21143,6
21144,4
21145,3
21147,4
21148,4
21150,4
21151,2
21152,6
21153,2
21154,4
21155,4
21156,5
21157,2
21158,3
21159,4
21160,5
21161,3
21162,6
21163,0
21164,5
21165,3
21166,5
21167,2
21168,6
21169,3
21170,4
21171,2
21172,3
21173,0
21174,1
21175,2
21176,4
21177,0
21180,1
21181,4
21182,5
21183,0
21184,3
21185,2
21186,4
21187,5
21188,3
21190,4
21191,1
21192,3
21193,6
21194,4
21195,2
21196,3
21197,2
21198,1
21199,4
21200,1
21201,0
21203,2
21204,0
21205,3
21206,3
21207,6
21208,1
21209,3
21210,0
21211,1
21212,4
21213,3
21215,5
21216,0
21217,0
21218,6
21220,1
21221,2
21222,4
21223,4
21224,0
21225,1
21226,4
21227,4
21228,3
21229,2
21230,4
21231,4
21232,2
21233,2
21237,4
21238,5
21239,2
21242,4
21243,1
21244,0
21245,2
21246,3
21247,2
21248,6
21250,0
21251,1
21254,1
21255,0
21256,0
21257,2
21258,3
21260,5
21261,0
21262,3
21263,3
21267,2
21268,5
21269,0
21270,5
21271,4
21272,1
21273,1
21274,4
21275,1
21276,0
21277,4
21279,0
21280,5
21281,2
21282,3
21284,4
21285,4
21286,1
21288,2
21289,5
21290,6
21291,5
21292,1
21293,1
21294,2
21295,3
21296,2
21297,2
21298,3
21299,5
21300,2
21301,1
21302,4
21303,1
21304,1
21305,4
21306,4
21307,4
21308,4
21309,0
21310,2
21311,4
21312,5
21313,5
21314,5
21315,0
21316,1
21317,2
21318,1
21320,1
21322,1
21323,2
21324,5
21326,4
21328,4
21329,4
21331,4
21332,3
21333,2
21334,3
21335,2
21337,2
21338,6
21339,4
21340,4
21342,5
21343,0
21344,4
21345,4
21346,5
21347,6
21349,1
21350,2
21351,2
21352,2
21355,4
21356,0
21357,4
21358,0
21359,6
21360,1
21363,1
21364,5
21366,4
21368,6
21369,6
21370,4
21371,3
21372,0
21373,1
21374,1
21375,1
21376,1
21379,5
21380,2
21381,5
21382,4
21383,1
21384,5
21385,5
21386,0
21388,5
21389,4
21390,5
21391,4
21393,6
21394,6
21396,4
21397,6
21398,1
21399,4
21401,0
21402,2
21403,0
21404,1
21405,1
21406,1
21407,2
21408,2
21409,4
21410,3
21412,0
21413,4
21415,2
21416,2
21417,4
21418,6
21419,0
21420,4
21421,3
21422,0
21423,6
21424,2
21426,5
21427,6
21428,2
21430,6
21431,4
21432,4
21433,4
21434,2
21435,2
21436,5
21438,5
21441,5
21442,3
21443,3
21444,6
21445,4
21446,5
21447,2
21448,5
21449,2
21450,2
21451,0
21452,0
21453,4
21454,1
21455,6
21456,6
21457,1
21458,3
21460,4
21461,4
21462,0
21464,2
21465,5
21466,1
21467,0
21468,3
21469,2
21470,2
21472,0
21473,4
21474,4
21475,5
21476,4
21477,2
21479,2
21480,0
21483,5
21486,5
21487,3
21488,6
21490,6
21491,1
21492,5
21493,2
21495,5
21496,2
21497,5
21498,5
21499,0
21500,2
21501,2
21503,5
21504,4
21506,1
21507,1
21508,2
21510,4
21511,2
21512,4
21515,4
21516,6
21517,2
21519,3
21520,3
21521,4
21522,0
21523,1
21524,2
21525,4
21527,4
21528,6
21529,3
21531,5
21532,4
21533,3
21534,6
21535,2
21536,5
21537,6
21538,1
21539,1
21540,3
21542,6
21544,3
21545,2
21546,0
21547,4
21548,2
21549,0
21550,2
21551,2
21552,2
21553,2
21554,5
21555,5
21556,4
21558,4
21559,5
21560,1
21561,2
21562,2
21563,5
21564,6
21565,2
21567,4
21568,0
21569,4
21571,5
21572,3
21573,4
21574,6
21575,2
21576,2
21577,0
21578,4
21579,2
21580,1
21581,2
21582,3
21583,2
21584,2
21585,4
21586,1
21587,3
21588,2
21589,2
21590,1
21592,1
21593,6
21594,1
21595,4
21596,1
21597,6
21598,1
21599,5
21601,3
21602,4
21603,4
21604,0
21606,6
21607,0
21608,4
21609,2
21610,3
21611,5
21612,1
21613,2
21615,2
21616,5
21617,4
21619,4
21620,2
21622,4
21624,2
21625,1
21626,1
21627,4
21628,2
21629,2
21630,1
21631,4
21632,5
21634,3
21635,2
21636,2
21637,2
21639,4
21640,2
21642,4
21643,5
21644,4
21645,5
21646,4
21647,0
21648,2
21649,2
21650,4
21651,0
21652,0
21653,4
21654,5
21660,1
21661,0
21662,6
21663,2
21664,0
21666,3
21667,2
21668,4
21669,4
21670,1
21672,6
21673,3
21674,4
21675,4
21676,5
21677,5
21678,0
21679,5
21680,3
21681,6
21683,2
21684,2
21685,1
21686,5
21687,0
21688,4
21689,5
21690,1
21691,4
21692,2
21693,6
21694,1
21695,4
21696,2
21697,5
21698,4
21700,2
21702,4
21703,5
21704,5
21705,5
21706,0
21707,5
21708,0
21709,3
21710,4
21711,1
21713,1
21714,5
21715,2
21716,2
21717,6
21718,2
21719,2
21721,0
21722,0
21724,5
21725,1
21727,2
21728,1
21729,5
21732,4
21733,2
21734,4
21735,4
21736,4
21737,4
21738,6
21740,4
21741,3
21742,4
21743,2
21744,5
21745,5
21746,1
21747,6
21748,1
21749,2
21750,2
21751,0
21752,2
21753,4
21755,6
21756,0
21757,1
21758,4
21759,5
21760,4
21761,5
21762,2
21763,0
21764,1
21765,0
21766,5
21768,5
21769,4
21770,2
21771,2
21772,0
21773,5
21774,2
21775,1
21776,3
21777,4
21778,2
21779,6
21780,0
21781,6
21782,0
21783,4
21784,2
21786,2
21787,2
21788,2
21789,2
21790,6
21791,5
21792,1
21793,5
21794,3
21795,1
21797,4
21798,2
21799,6
21800,0
21801,5
21802,2
21804,2
21806,4
21807,0
21808,4
21809,3
21810,5
21811,4
21812,5
21813,5
21814,4
21815,5
21816,2
21817,6
21818,3
21819,5
21821,4
21822,0
21823,2
21824,0
21825,2
21826,1
21828,6
21829,2
21831,4
21832,4
21833,3
21835,2
21836,2
21837,3
21838,1
21839,2
21840,4
21841,2
21842,2
21843,5
21844,4
21845,2
21849,4
21850,0
21851,4
21852,2
21853,1
21854,5
21855,2
21856,5
21857,4
21858,2
21860,5
21861,5
21862,4
21863,5
21864,6
21867,6
21868,2
21870,5
21873,5
21874,4
21875,6
21876,2
21877,1
21878,0
21880,5
21881,5
21883,4
21884,4
21885,4
21886,4
21887,0
21889,5
21890,6
21891,6
21892,2
21893,5
21894,2
21895,4
21896,2
21897,0
21899,2
21900,0
21901,2
21902,2
21903,4
21904,3
21905,5
21907,5
21908,6
21909,0
21910,5
21911,3
21912,5
21914,6
21915,5
21916,2
21917,5
21918,6
21920,5
21921,1
21923,4
21924,4
21926,2
21927,4
21929,3
21930,2
21933,4
21934,2
21935,6
21936,1
21937,2
21938,2
21939,2
21940,2
21941,4
21942,3
21943,2
21944,2
21945,2
21946,3
21947,6
21948,4
21949,5
21950,5
21952,5
21953,4
21954,2
21955,4
21956,6
21959,5
21960,4
21961,4
21962,0
21963,5
21964,0
21966,2
21967,5
21968,1
21970,4
21971,5
21972,1
21973,2
21974,2
21975,5
21976,5
21977,3
21982,3
21983,3
21984,6
21986,4
21987,3
21988,1
21990,5
21991,2
21993,3
21994,4
21995,0
21996,4
21997,5
21998,4
22000,3
22001,4
22002,1
22003,2
22004,1
22005,6
22006,1
22007,4
22008,4
22009,2
22010,1
22011,0
22012,6
22013,0
22014,2
22015,2
22016,2
22017,5
22018,4
22019,4
22020,5
22021,4
22023,3
22027,3
22029,2
22031,1
22032,4
22034,2
22035,2
22036,2
22037,2
22038,0
22039,0
22040,2
22041,2
22042,6
22043,1
22044,4
22045,3
22046,5
22047,2
22048,1
22049,5
22051,1
22052,0
22053,4
22054,2
22055,1
22056,4
22057,1
22058,4
22059,4
22060,3
22062,5
22063,0
22064,2
22065,4
22066,4
22067,6
22070,1
22071,5
22072,4
22073,1
22074,0
22075,2
22076,1
22077,4
22078,1
22080,6
22081,2
22082,4
22083,3
22086,1
22087,5
22088,6
22089,1
22090,0
22091,3
22092,0
22093,5
22095,6
22096,6
22098,4
22099,5
22100,2
22101,3
22102,1
22106,2
22107,5
22108,1
22109,0
22110,4
22111,1
22112,2
22114,4
22116,1
22117,1
22118,3
22119,0
22121,6
22122,1
22125,2
22126,0
22127,4
22128,3
22129,3
22131,1
22132,2
22133,5
22134,2
22135,2
22136,2
22137,5
22138,2
22140,6
22141,2
22142,2
22143,5
22144,1
22145,5
22149,6
22150,2
22151,4
22152,4
22153,6
22154,5
22156,3
22157,3
22158,6
22159,5
22160,4
22161,1
22162,3
22163,3
22164,3
22165,5
22166,4
22168,4
22171,4
22172,1
22173,5
22176,4
22177,4
22179,4
22180,5
22181,4
22182,4
22183,5
22184,6
22185,2
22188,5
22190,5
22192,4
22193,4
22194,0
22196,2
22197,1
22198,0
22199,2
22200,6
22202,1
22203,4
22204,2
22205,3
22206,4
22207,5
22208,1
22209,3
22210,6
22211,1
22212,2
22213,6
22215,4
22216,5
22217,1
22218,4
22219,3
22220,2
22221,4
22222,4
22223,2
22224,4
22225,4
22227,1
22228,2
22229,2
22230,5
22231,1
22232,6
22235,1
22236,6
22237,2
22238,4
22240,5
22241,3
22242,6
22243,3
22244,4
22245,5
22248,6
22249,3
22250,1
22251,0
22254,4
22255,5
22257,3
22258,6
22259,1
22260,1
22261,5
22263,4
22264,2
22265,1
22266,6
22267,4
22268,1
22269,2
22270,2
22271,6
22273,0
22274,4
22275,0
22276,5
22277,4
22278,2
22279,6
22280,2
22281,4
22282,2
22284,0
22285,3
22288,6
22289,1
22290,3
22291,4
22293,6
22294,5
22296,5
22297,0
22298,3
22300,5
22301,3
22302,5
22303,4
22304,2
22305,4
22307,4
22308,3
22309,2
22310,4
22313,2
22314,2
22315,5
22316,6
22318,6
22320,2
22322,4
22323,0
22324,1
22326,2
22327,4
22328,1
22329,0
22330,4
22331,5
22332,1
22333,1
22334,4
22335,4
22337,2
22338,5
22339,5
22340,0
22341,2
22342,4
22343,0
22344,5
22345,4
22348,5
22350,6
22351,5
22352,0
22353,3
22354,5
22355,3
22356,4
22357,5
22358,2
22360,5
22361,1
22362,6
22363,6
22364,0
22365,2
22366,2
22367,1
22368,3
22369,1
22371,3
22372,5
22373,1
22374,5
22376,0
22377,4
22378,6
22379,2
22380,4
22381,2
22382,0
22383,5
22384,5
22386,3
22387,5
22388,4
22389,4
22390,5
22391,2
22393,4
22394,4
22395,0
22396,6
22398,2
22399,2
22400,1
22401,2
22402,2
22403,1
22404,5
22405,2
22406,2
22408,4
22409,2
22410,4
22411,4
22413,2
22414,3
22416,5
22417,1
22418,0
22419,4
22420,4
22421,4
22422,4
22424,2
22425,6
22426,4
22427,2
22428,2
22429,1
22432,1
22434,1
22435,0
22436,1
22438,1
22439,5
22440,4
22441,3
22442,2
22443,6
22444,2
22445,2
22446,0
22447,0
22448,1
22449,2
22450,6
22451,3
22452,0
22453,2
22454,3
22455,2
22456,4
22458,6
22459,5
22460,2
22461,1
22462,5
22463,6
22464,5
22467,2
22468,2
22472,4
22473,4
22474,0
22475,2
22476,4
22477,1
22478,4
22479,4
22480,4
22481,2
22483,2
22487,2
22488,4
22489,5
22490,5
22491,3
22492,1
22494,0
22495,2
22496,0
22498,1
22499,5
22500,4
22501,2
22502,2
22503,1
22504,4
22505,6
22506,2
22507,5
22508,4
22509,0
22510,2
22511,0
22512,4
22513,2
22514,4
22515,3
22516,4
22517,4
22520,6
22524,4
22525,1
22526,1
22527,4
22528,5
22529,0
22530,6
22531,4
22532,4
22534,6
22536,2
22537,2
22538,0
22539,5
22542,1
22543,4
22544,2
22547,6
22548,4
22549,5
22550,2
22551,5
22553,6
22554,4
22555,4
22556,2
22557,1
22558,4
22559,2
22560,2
22561,6
22562,1
22563,3
22564,1
22566,4
22567,2
22569,6
22570,4
22571,4
22572,5
22573,2
22574,1
22575,1
22576,6
22578,0
22580,4
22581,4
22582,1
22583,4
22584,0
22585,5
22587,5
22588,3
22590,4
22591,4
22592,4
22593,1
22594,1
22595,1
22596,4
22598,0
22599,4
22601,4
22602,1
22603,3
22604,5
22605,4
22606,6
22607,5
22608,2
22609,5
22610,1
22611,2
22612,0
22613,2
22614,4
22615,4
22616,3
22617,2
22618,3
22619,2
22620,2
22621,1
22622,2
22623,4
22624,1
22625,4
22626,5
22627,4
22628,6
22630,6
22631,6
22633,0
22634,4
22635,2
22636,4
22637,4
22639,2
22641,5
22642,4
22644,5
22645,4
22647,2
22648,1
22649,2
22650,0
22651,4
22652,5
22653,5
22654,4
22656,6
22657,4
22658,0
22660,3
22661,0
22663,2
22664,2
22666,2
22668,5
22669,1
22670,2
22671,5
22672,4
22673,4
22674,6
22675,2
22676,2
22677,6
22678,3
22679,2
22680,5
22682,6
22683,0
22684,3
22685,2
22686,2
22687,2
22689,1
22690,2
22691,4
22692,2
22694,1
22696,4
22697,6
22701,3
22702,6
22703,2
22704,3
22705,1
22706,4
22709,4
22710,2
22711,6
22712,4
22714,4
22715,4
22716,5
22717,2
22718,1
22719,2
22720,2
22723,4
22724,2
22725,4
22726,2
22728,1
22729,4
22730,2
22731,4
22732,4
22733,4
22735,4
22736,5
22739,2
22740,0
22741,2
22742,1
22744,2
22745,4
22746,2
22748,3
22750,5
22752,4
22753,2
22754,5
22755,1
22756,6
22757,2
22758,0
22759,0
22760,4
22761,4
22763,0
22765,6
22766,4
22767,5
22768,2
22770,6
22772,0
22773,5
22774,2
22775,3
22776,6
22777,5
22778,1
22779,1
22780,5
22782,3
22784,4
22785,5
22786,2
22787,1
22788,2
22790,3
22791,2
22793,3
22794,4
22795,1
22796,2
22797,4
22799,4
22800,0
22801,6
22802,0
22803,2
22804,3
22805,1
22806,4
22807,2
22808,5
22809,1
22810,4
22811,0
22812,1
22813,6
22814,4
22815,1
22816,1
22817,5
22818,1
22819,6
22820,4
22821,6
22822,2
22823,4
22824,5
22825,3
22826,1
22827,2
22828,1
22829,0
22830,2
22831,2
22832,6
22833,4
22834,2
22835,0
22836,4
22837,2
22838,4
22839,2
22840,6
22841,2
22842,5
22843,3
22844,2
22845,5
22846,0
22847,4
22848,0
22850,3
22851,0
22852,6
22853,4
22854,0
22855,4
22856,2
22857,5
22859,3
22860,4
22861,6
22862,0
22863,5
22866,6
22867,1
22868,5
22869,6
22870,6
22871,1
22872,5
22873,4
22874,4
22875,5
22877,4
22878,2
22879,2
22880,1
22881,2
22882,5
22883,4
22884,4
22886,6
22887,0
22890,4
22892,4
22893,1
22895,4
22896,3
22897,2
22898,4
22899,6
22900,3
22901,2
22902,5
22903,3
22904,4
22905,4
22906,6
22907,4
22908,4
22909,2
22910,2
22913,2
22914,4
22915,1
22916,1
22917,2
22918,1
22919,5
22920,5
22921,4
22922,3
22923,5
22924,5
22925,6
22926,1
22927,4
22929,3
22930,0
22931,5
22932,2
22933,0
22935,4
22936,4
22937,3
22941,5
22942,3
22943,4
22944,6
22945,2
22946,6
22947,1
22948,1
22950,5
22951,4
22952,2
22953,6
22955,5
22956,4
22957,6
22958,6
22959,4
22960,5
22961,1
22962,1
22963,4
22964,2
22965,0
22968,2
22969,0
22970,3
22971,1
22972,4
22973,1
22976,6
22977,5
22978,0
22979,2
22980,2
22981,2
22982,1
22983,2
22984,5
22985,2
22986,4
22987,1
22990,3
22992,4
22993,2
22994,2
22995,4
22996,3
22997,0
22998,1
22999,2
23001,2
23002,4
23003,2
23004,0
23005,4
23008,2
23009,3
23010,2
23011,1
23012,4
23013,4
23014,4
23015,4
23016,5
23018,0
23019,1
23020,2
23021,1
23022,0
23023,2
23024,1
23026,5
23027,2
23028,0
23030,5
23032,4
23033,4
23034,3
23035,2
23037,4
23040,2
23041,2
23042,0
23043,4
23044,6
23045,6
23046,3
23048,5
23049,1
23050,2
23051,5
23052,4
23053,1
23054,0
23055,2
23056,5
23057,5
23058,2
23059,3
23060,6
23061,5
23062,5
23063,4
23065,3
23066,4
23067,4
23068,2
23069,6
23070,4
23071,4
23072,1
23073,6
23074,0
23075,4
23077,5
23078,2
23079,1
23080,2
23082,5
23083,2
23084,2
23085,4
23086,3
23087,2
23088,0
23089,1
23090,5
23091,4
23092,1
23093,4
23094,5
23095,2
23097,0
23098,5
23099,1
23100,2
23101,0
23102,4
23103,0
23104,0
23105,1
23106,0
23107,4
23108,1
23109,4
23110,4
23111,5
23112,6
23113,5
23114,4
23115,4
23116,6
23117,4
23119,6
23120,2
23122,4
23123,2
23124,4
23125,1
23126,6
23127,5
23128,5
23129,3
23130,4
23132,2
23133,1
23134,5
23135,4
23136,5
23137,5
23138,5
23139,1
23140,6
23141,6
23143,4
23144,6
23145,6
23146,0
23147,0
23148,4
23149,5
23151,5
23152,4
23153,0
23154,2
23155,6
23156,4
23157,3
23159,5
23160,5
23161,5
23162,4
23163,0
23164,5
23165,0
23166,5
23167,2
23168,2
23169,4
23170,0
23171,1
23172,2
23173,4
23174,4
23175,2
23176,3
23177,6
23178,5
23180,3
23181,4
23182,4
23184,2
23185,1
23186,2
23189,6
23190,2
23191,3
23192,2
23194,4
23195,6
23196,0
23197,3
23198,2
23199,4
23200,6
23201,4
23202,2
23203,6
23205,2
23206,5
23207,3
23208,3
23209,6
23210,2
23211,6
23212,4
23213,4
23214,2
23215,1
23216,5
23217,0
23219,6
23220,1
23221,5
23222,4
23223,6
23224,1
23225,3
23226,5
23227,4
23228,0
23230,1
23231,3
23232,4
23233,0
23234,5
23235,1
23236,2
23237,6
23238,4
23239,5
23240,3
23241,4
23242,5
23243,5
23244,5
23245,5
23246,6
23247,0
23249,2
23250,3
23252,4
23253,4
23254,2
23255,6
23256,1
23257,5
23258,4
23259,4
23260,4
23261,2
23262,1
23264,2
23265,1
23266,1
23267,3
23268,2
23269,5
23270,0
23271,2
23272,4
23273,2
23274,2
23275,4
23276,2
23277,5
23278,0
23279,3
23280,1
23281,0
23283,5
23284,2
23285,6
23286,4
23287,1
23288,3
23290,5
23291,4
23292,2
23293,4
23294,3
23295,4
23296,5
23297,4
23298,2
23299,2
23300,4
23302,2
23303,1
23304,6
23305,4
23306,5
23307,2
23308,1
23310,6
23312,2
23313,4
23314,4
23315,5
23317,2
23319,4
23320,4
23321,2
23322,2
23323,2
23324,0
23325,6
23326,4
23327,6
23328,2
23330,5
23331,5
23334,4
23335,4
23336,0
23337,2
23338,3
23339,6
23340,5
23341,5
23342,3
23343,2
23344,0
23345,4
23346,1
23347,4
23348,1
23349,4
23350,4
23351,4
23352,2
23353,3
23354,4
23355,5
23356,5
23358,3
23360,4
23362,5
23363,2
23364,4
23365,5
23366,6
23368,5
23369,3
23370,4
23371,1
23373,4
23374,4
23375,1
23376,3
23377,4
23378,5
23379,2
23380,4
23381,2
23382,1
23383,4
23384,3
23385,4
23387,4
23388,2
23389,6
23390,3
23391,4
23392,4
23393,2
23394,6
23395,6
23396,2
23397,4
23398,4
23399,4
23400,1
23401,2
23402,4
23404,6
23405,5
23406,2
23407,5
23408,4
23409,4
23410,4
23411,2
23412,5
23413,4
23414,0
23415,4
23416,2
23417,5
23418,3
23419,2
23422,2
23423,0
23424,1
23426,4
23427,4
23429,5
23430,6
23431,2
23432,5
23433,5
23434,4
23435,0
23436,4
23437,4
23438,4
23439,1
23440,6
23442,1
23444,4
23445,2
23447,1
23448,2
23449,2
23450,1
23451,0
23452,1
23453,1
23454,4
23455,3
23457,4
23458,4
23459,4
23460,1
23461,2
23462,5
23464,6
23465,2
23468,1
23469,2
23471,6
23472,4
23473,1
23475,0
23476,1
23477,5
23478,5
23479,4
23480,0
23481,5
23482,2
23483,3
23485,5
23486,4
23487,4
23489,1
23490,3
23492,2
23493,4
23494,6
23495,4
23496,1
23497,4
23498,5
23499,3
23500,6
23502,5
23503,1
23506,5
23507,6
23508,0
23511,6
23512,2
23514,5
23515,5
23516,5
23519,1
23520,5
23522,2
23523,3
23524,1
23526,0
23527,0
23528,5
23529,2
23530,5
23533,2
23535,2
23536,0
23537,4
23538,2
23539,5
23542,0
23543,6
23545,0
23546,2
23547,6
23548,5
23549,4
23550,4
23551,4
23553,1
23554,4
23555,1
23556,6
23557,4
23558,1
23560,5
23561,4
23562,2
23563,2
23564,2
23566,0
23567,2
23568,4
23569,0
23570,1
23571,4
23572,4
23573,2
23575,6
23576,4
23577,5
23578,4
23579,6
23580,4
23581,2
23582,2
23584,4
23585,3
23586,4
23587,6
23588,4
23589,4
23590,5
23592,5
23593,5
23594,2
23595,5
23596,6
23597,6
23599,1
23600,4
23602,5
23603,0
23604,4
23605,6
23606,4
23608,6
23609,5
23610,2
23611,2
23612,2
23613,1
23614,2
23615,0
23616,2
23617,3
23618,3
23619,4
23620,5
23621,3
23622,3
23624,1
23625,2
23626,1
23627,5
23628,6
23629,5
23630,4
23631,5
23632,3
23634,4
23635,0
23636,0
23637,5
23638,2
23639,1
23640,4
23641,3
23642,1
23643,5
23644,6
23645,1
23647,2
23648,2
23649,5
23650,4
23651,2
23652,0
23653,4
23655,4
23657,5
23658,4
23659,2
23660,3
23661,4
23663,4
23664,4
23665,4
23666,2
23667,6
23668,2
23669,2
23670,4
23672,2
23673,4
23674,1
23677,4
23678,1
23679,2
23680,0
23681,6
23683,5
23684,4
23685,4
23686,2
23688,5
23690,3
23691,0
23692,5
23693,1
23694,0
23695,4
23696,0
23697,2
23698,4
23699,1
23700,2
23701,4
23702,4
23703,1
23704,0
23705,1
23706,3
23707,6
23708,0
23709,4
23710,4
23711,3
23712,4
23713,2
23714,0
23715,3
23716,4
23717,5
23718,0
23720,2
23721,4
23722,2
23723,4
23724,1
23725,4
23726,4
23727,0
23728,4
23729,1
23730,5
23732,5
23733,4
23734,0
23735,4
23736,2
23737,6
23739,3
23742,2
23744,2
23746,0
23747,2
23749,2
23750,3
23751,2
23752,3
23753,4
23754,2
23755,5
23757,3
23758,4
23760,1
23761,3
23762,2
23763,5
23764,1
23765,1
23766,1
23767,4
23768,2
23769,4
23770,2
23771,6
23772,2
23773,3
23774,4
23775,3
23776,4
23777,4
23778,4
23779,4
23780,2
23781,0
23782,1
23783,4
23784,5
23785,2
23786,2
23787,4
23789,3
23790,6
23791,0
23793,4
23794,2
23795,2
23796,0
23797,4
23798,5
23799,5
23800,4
23801,1
23802,2
23803,0
23804,5
23805,2
23806,2
23807,5
23808,0
23809,3
23810,4
23811,4
23812,4
23813,0
23814,1
23815,2
23816,2
23817,2
23818,5
23819,2
23820,2
23821,4
23822,4
23823,4
23824,5
23826,2
23828,4
23830,4
23831,6
23832,6
23833,4
23835,1
23836,1
23837,5
23838,5
23839,6
23840,4
23842,0
23843,4
23844,2
23845,2
23846,2
23847,0
23848,3
23850,3
23851,4
23852,2
23853,4
23855,4
23856,4
23857,1
23860,5
23861,0
23863,6
23865,6
23867,5
23868,1
23869,4
23870,0
23871,1
23872,4
23876,4
23878,1
23879,5
23880,5
23881,4
23882,4
23885,3
23886,6
23887,4
23888,2
23890,4
23891,4
23892,5
23893,0
23894,5
23895,3
23896,2
23897,5
23898,4
23899,3
23900,5
23901,2
23902,1
23903,1
23904,4
23905,2
23906,2
23907,2
23908,5
23909,2
23910,4
23911,2
23912,0
23913,6
23914,6
23915,3
23917,5
23918,0
23919,2
23921,4
23923,0
23924,6
23925,4
23926,1
23928,4
23929,0
23930,2
23932,5
23933,4
23934,5
23935,5
23936,0
23937,6
23939,3
23940,2
23941,5
23942,5
23943,5
23945,0
23946,6
23947,2
23948,4
23951,6
23952,0
23954,3
23956,5
23957,5
23958,4
23959,3
23960,5
23961,6
23963,2
23964,4
23966,6
23967,6
23968,1
23969,3
23971,0
23972,1
23973,6
23974,6
23975,3
23976,2
23977,5
23978,2
23981,6
23982,2
23983,5
23984,5
23985,4
23986,5
23987,5
23988,5
23989,2
23991,4
23993,3
23994,2
23996,1
23998,2
23999,2
24000,6
24001,2
24002,4
24003,5
24004,5
24005,0
24006,2
24007,1
24008,2
24009,3
24011,5
24013,5
24014,3
24015,1
24017,5
24020,4
24021,2
24022,2
24024,0
24025,5
24026,0
24027,2
24028,4
24029,0
24030,2
24031,2
24032,0
24033,5
24034,4
24035,4
24036,4
24037,5
24038,5
24040,4
24041,6
24042,4
24043,6
24044,2
24045,5
24046,4
24048,4
24049,6
24050,5
24051,3
24052,6
24053,2
24054,4
24055,2
24056,1
24057,2
24058,3
24059,5
24060,0
24061,5
24063,0
24064,2
24065,5
24066,0
24067,6
24068,1
24069,4
24070,5
24071,4
24072,0
24073,5
24074,1
24076,3
24080,5
24081,4
24082,0
24084,1
24085,2
24086,0
24087,2
24088,1
24089,1
24090,0
24092,2
24093,0
24094,6
24095,4
24096,5
24097,2
24098,2
24099,1
24100,6
24101,4
24103,2
24104,2
24105,6
24106,1
24107,5
24108,5
24109,5
24110,5
24111,2
24112,0
24113,5
24114,2
24115,3
24117,4
24119,0
24120,4
24121,2
24123,5
24124,3
24125,4
24127,5
24128,2
24129,6
24130,2
24131,0
24133,4
24134,1
24135,2
24136,6
24137,3
24138,6
24139,1
24140,2
24141,1
24143,2
24144,5
24146,2
24148,3
24149,3
24150,2
24151,2
24153,1
24154,2
24157,5
24158,6
24159,3
24160,2
24162,0
24164,2
24165,3
24166,6
24167,2
24168,6
24169,4
24170,5
24171,4
24173,0
24174,6
24175,5
24176,1
24177,2
24178,5
24179,0
24180,2
24182,6
24183,2
24184,4
24185,5
24186,4
24187,6
24188,2
24189,3
24190,4
24191,4
24192,1
24193,2
24194,1
24195,3
24196,2
24197,2
24198,5
24199,3
24201,0
24203,6
24204,2
24205,0
24206,4
24209,6
24210,5
24211,4
24212,3
24213,2
24214,2
24216,0
24217,1
24218,5
24219,2
24220,5
24221,2
24222,5
24223,4
24224,2
24225,6
24226,2
24228,5
24229,6
24230,2
24231,5
24232,2
24233,3
24234,4
24235,2
24236,1
24237,3
24238,1
24239,3
24240,4
24241,3
24242,2
24243,4
24244,2
24245,1
24246,1
24247,3
24250,1
24252,5
24253,2
24254,3
24255,2
24256,4
24257,5
24258,2
24259,2
24260,4
24262,2
24264,4
24265,2
24266,3
24267,0
24268,4
24269,4
24270,4
24271,4
24272,2
24273,2
24274,4
24275,2
24278,4
24279,1
24280,1
24282,2
24283,1
24285,2
24286,5
24287,2
24288,4
24290,2
24291,2
24292,0
24294,4
24295,2
24296,1
24298,2
24299,3
24300,3
24301,5
24302,0
24303,4
24304,4
24305,1
24307,0
24308,6
24309,2
24310,5
24312,0
24313,0
24314,6
24316,6
24317,1
24318,2
24319,5
24320,0
24321,5
24322,6
24323,5
24324,2
24325,6
24327,4
24328,6
24329,5
24330,6
24331,6
24332,4
24333,5
24334,2
24335,4
24336,5
24337,1
24338,4
24339,5
24341,2
24342,2
24343,6
24344,0
24347,5
24349,4
24350,1
24351,4
24353,4
24354,6
24355,0
24356,3
24357,4
24359,6
24360,3
24361,2
24362,0
24363,4
24364,5
24365,6
24367,5
24368,5
24369,2
24371,3
24372,4
24374,4
24375,6
24376,2
24378,0
24380,2
24381,1
24383,6
24384,2
24386,2
24387,2
24388,2
24389,1
24390,4
24392,5
24393,2
24396,2
24397,2
24398,2
24399,2
24400,0
24401,0
24402,4
24404,1
24405,4
24406,2
24409,6
24411,3
24412,6
24413,4
24414,5
24415,4
24416,2
24418,3
24419,0
24420,0
24421,5
24423,0
24424,4
24425,1
24426,4
24427,4
24428,4
24430,2
24431,2
24432,5
24434,1
24435,2
24436,0
24438,4
24439,6
24440,4
24441,3
24443,2
24446,4
24448,5
24449,4
24450,3
24451,4
24452,4
24453,5
24454,3
24455,2
24456,0
24457,5
24459,1
24460,1
24461,2
24462,2
24463,1
24464,6
24465,5
24466,2
24469,4
24471,4
24473,4
24475,2
24476,3
24477,3
24478,0
24479,4
24480,1
24481,6
24482,4
24483,2
24484,2
24485,1
24486,5
24487,4
24488,2
24489,6
24490,2
24491,6
24492,6
24493,3
24494,1
24495,4
24496,0
24497,5
24498,2
24499,4
24500,3
24501,3
24502,6
24503,4
24504,4
24505,6
24506,2
24507,3
24508,0
24509,4
24510,3
24512,0
24513,1
24515,4
24516,4
24517,2
24518,6
24519,4
24520,1
24521,2
24522,2
24523,4
24524,0
24525,4
24526,6
24527,2
24528,1
24529,2
24531,2
24532,4
24533,6
24534,4
24535,4
24536,4
24537,5
24538,2
24539,2
24540,4
24541,2
24542,3
24543,4
24545,5
24546,2
24547,1
24548,4
24549,2
24550,6
24552,2
24553,4
24555,5
24557,0
24558,0
24559,1
24560,2
24561,2
24562,0
24563,4
24564,2
24566,6
24567,4
24568,5
24569,0
24570,6
24572,2
24573,4
24574,2
24575,4
24576,3
24577,4
24578,2
24580,2
24581,3
24582,4
24583,4
24584,4
24585,4
24587,0
24588,2
24590,6
24591,4
24592,2
24594,2
24595,0
24596,0
24597,5
24598,4
24600,2
24603,3
24605,1
24606,0
24607,2
24608,1
24610,2
24611,4
24613,0
24614,6
24615,5
24616,0
24618,1
24619,5
24620,2
24621,4
24622,0
24623,4
24625,0
24627,4
24628,2
24629,3
24632,3
24633,5
24634,4
24635,2
24636,2
24637,6
24640,4
24641,2
24643,2
24644,4
24645,5
24647,1
24648,5
24649,5
24650,1
24652,1
24654,0
24655,3
24656,4
24657,2
24658,4
24659,2
24660,1
24661,2
24662,4
24663,2
24664,4
24665,6
24666,4
24667,5
24668,3
24669,6
24670,2
24671,1
24672,1
24673,5
24674,4
24675,2
24677,6
24678,2
24680,1
24681,4
24685,6
24686,4
24687,1
24688,0
24689,2
24690,4
24691,1
24692,5
24693,6
24694,4
24696,1
24697,4
24698,2
24700,0
24701,2
24703,5
24704,4
24705,4
24707,5
24708,2
24709,3
24710,2
24711,2
24712,2
24713,5
24714,5
24715,6
24717,2
24718,2
24719,0
24720,1
24721,4
24722,2
24723,2
24724,0
24727,5
24728,6
24731,6
24732,0
24734,4
24735,0
24736,2
24737,2
24738,1
24739,0
24740,4
24741,0
24742,2
24743,5
24745,2
24746,5
24747,2
24748,1
24749,4
24750,1
24751,4
24752,2
24753,4
24754,0
24755,2
24757,3
24758,5
24759,1
24762,5
24765,5
24766,4
24767,1
24768,4
24769,5
24770,2
24771,2
24772,0
24773,6
24774,2
24775,0
24776,1
24777,2
24778,4
24779,2
24782,5
24783,2
24784,2
24785,4
24786,2
24787,2
24788,6
24789,4
24790,0
24791,6
24793,2
24794,4
24796,0
24797,2
24798,4
24800,0
24801,4
24802,1
24803,0
24805,3
24807,0
24808,4
24809,2
24810,3
24811,6
24812,2
24813,4
24814,4
24815,4
24816,0
24817,4
24818,2
24819,1
24820,2
24821,1
24827,4
24828,5
24829,1
24830,5
24831,2
24833,2
24835,2
24836,2
24837,1
24838,4
24839,2
24840,0
24841,2
24842,2
24844,3
24845,6
24846,5
24847,2
24848,2
24849,5
24850,1
24852,2
24853,4
24854,4
24855,2
24858,1
24859,4
24860,6
24862,4
24863,4
24864,4
24865,4
24866,2
24867,2
24868,4
24869,2
24870,4
24871,5
24872,2
24874,2
24875,0
24876,0
24877,4
24878,4
24880,6
24881,4
24882,3
24883,2
24885,4
24886,6
24887,4
24888,1
24889,2
24891,6
24892,2
24893,4
24894,2
24897,3
24899,2
24900,2
24901,2
24904,1
24905,1
24906,1
24907,0
24908,2
24909,3
24911,2
24912,4
24913,4
24914,2
24916,0
24917,1
24918,3
24919,0
24920,5
24921,2
24922,2
24923,4
24924,2
24925,0
24926,0
24927,1
24928,0
24929,6
24930,0
24931,4
24932,2
24933,4
24934,3
24935,1
24936,5
24937,5
24938,0
24939,4
24941,2
24942,4
24943,6
24944,2
24945,6
24948,5
24950,3
24951,5
24952,6
24953,6
24954,1
24956,0
24957,0
24958,2
24959,6
24960,6
24961,3
24963,4
24964,2
24965,4
24967,1
24969,5
24970,2
24971,0
24973,2
24974,6
24975,0
24976,4
24978,4
24979,1
24980,4
24981,5
24982,2
24983,4
24984,4
24985,6
24987,2
24989,4
24990,2
24991,4
24993,4
24994,5
24995,1
24998,0
25000,2
25001,0
25003,4
25006,2
25008,2
25009,6
25010,5
25011,6
25012,5
25013,5
25014,6
25015,1
25016,1
25017,1
25018,2
25019,2
25020,1
25021,4
25022,3
25023,1
25024,0
25025,4
25027,2
25028,6
25029,3
25031,1
25032,4
25035,5
25036,5
25037,3
25040,0
25042,2
25045,0
25047,6
25048,4
25049,3
25050,2
25053,0
25054,1
25055,4
25056,5
25057,5
25058,2
25059,4
25060,2
25065,4
25066,5
25067,2
25068,4
25069,6
25070,1
25071,4
25072,1
25073,2
25075,2
25077,2
25078,4
25079,2
25080,0
25081,6
25082,2
25083,1
25084,3
25085,1
25086,2
25087,0
25088,2
25089,4
25090,4
25093,4
25095,2
25096,3
25097,0
25098,2
25099,0
25100,0
25103,1
25104,2
25105,6
25106,3
25107,2
25108,2
25109,0
25110,2
25111,2
25112,5
25113,2
25114,4
25115,4
25116,2
25117,4
25118,3
25119,4
25120,5
25121,3
25122,2
25123,6
25124,5
25125,1
25126,3
25127,0
25129,2
25130,2
25131,5
25132,4
25133,2
25134,5
25135,0
25136,4
25137,2
25138,2
25139,2
25140,4
25141,4
25143,2
25144,5
25146,2
25147,4
25148,6
25149,4
25150,1
25152,4
25153,2
25154,0
25155,0
25156,3
25157,5
25158,4
25159,6
25160,4
25161,0
25162,3
25163,2
25164,3
25165,3
25166,2
25168,5
25169,6
25170,4
25171,4
25172,6
25173,1
25174,2
25175,2
25176,2
25177,5
25178,1
25179,2
25180,5
25182,4
25183,0
25184,3
25187,1
25188,1
25189,1
25190,4
25191,2
25192,3
25193,5
25194,4
25195,2
25196,3
25197,5
25198,3
25199,6
25200,1
25201,2
25202,4
25203,0
25204,5
25205,6
25206,4
25207,3
25209,6
25210,6
25211,0
25212,5
25213,4
25214,2
25216,1
25217,2
25218,1
25220,0
25221,4
25222,4
25223,6
25224,2
25225,5
25226,3
25228,2
25229,4
25231,3
25232,6
25233,4
25234,2
25235,4
25236,5
25237,1
25238,5
25239,0
25240,4
25241,3
25242,5
25243,2
25244,6
25245,4
25247,5
25248,3
25249,0
25251,4
25254,2
25255,4
25256,2
25257,4
25258,2
25259,4
25260,2
25261,4
25262,4
25264,5
25265,2
25267,2
25268,4
25269,2
25271,3
25272,1
25273,3
25274,4
25275,4
25276,6
25277,0
25278,5
25279,0
25280,4
25281,2
25282,5
25283,4
25284,3
25285,1
25286,5
25287,3
25288,2
25289,6
25290,4
25291,4
25292,6
25293,2
25294,3
25295,5
25296,6
25297,5
25298,0
25300,6
25301,4
25302,6
25304,4
25306,1
25307,4
25308,1
25309,6
25310,2
25311,5
25312,3
25313,2
25314,3
25315,0
25316,4
25317,0
25318,4
25319,4
25321,4
25323,6
25324,5
25325,4
25326,4
25327,4
25328,0
25329,5
25330,1
25331,2
25332,6
25333,4
25334,2
25335,5
25336,0
25337,5
25338,5
25340,0
25341,3
25343,4
25344,5
25345,1
25346,0
25347,4
25348,5
25349,4
25350,2
25351,5
25353,0
25354,4
25355,1
25356,0
25357,1
25358,6
25359,5
25360,5
25361,5
25362,4
25363,4
25364,1
25366,4
25367,2
25368,0
25370,0
25373,4
25374,1
25375,3
25376,4
25377,3
25379,0
25380,4
25381,0
25382,6
25383,5
25384,5
25385,5
25386,3
25387,5
25390,4
25391,2
25395,2
25396,2
25398,1
25399,5
25402,6
25403,1
25404,2
25405,3
25408,2
25409,6
25410,3
25412,4
25414,0
25415,5
25417,2
25418,2
25419,4
25421,2
25422,5
25424,5
25425,4
25426,3
25427,1
25428,5
25429,3
25430,5
25431,0
25433,2
25434,3
25436,4
25437,4
25438,4
25439,4
25440,6
25441,2
25442,2
25443,4
25445,1
25446,2
25447,3
25448,5
25449,3
25450,4
25451,6
25452,4
25453,6
25454,3
25455,1
25456,2
25457,0
25458,5
25459,1
25461,1
25463,0
25464,2
25465,4
25466,2
25467,2
25469,2
25470,5
25471,5
25472,5
25473,3
25474,4
25475,0
25476,6
25477,0
25478,2
25479,6
25480,3
25482,2
25485,1
25486,4
25488,4
25489,5
25490,2
25491,4
25492,2
25493,3
25494,3
25495,2
25496,0
25498,4
25499,0
25500,2
25502,6
25503,0
25504,5
25505,2
25506,6
25507,6
25508,2
25509,1
25511,5
25512,2
25513,5
25514,3
25515,3
25516,0
25517,1
25518,2
25519,5
25520,2
25521,3
25522,6
25523,4
25524,1
25525,3
25527,1
25528,2
25529,2
25530,1
25533,2
25534,4
25535,6
25537,3
25538,2
25539,4
25540,5
25541,2
25543,4
25544,2
25545,5
25546,0
25547,5
25548,4
25549,4
25550,2
25551,0
25552,2
25553,2
25555,2
25556,2
25557,5
25558,4
25559,2
25560,3
25561,5
25562,2
25563,4
25564,1
25565,4
25566,4
25567,3
25568,4
25570,2
25571,6
25573,1
25574,3
25575,6
25577,4
25578,0
25579,2
25580,5
25582,5
25585,2
25586,2
25587,2
25588,0
25589,4
25590,1
25591,4
25592,0
25593,2
25594,5
25595,1
25596,4
25597,2
25598,6
25599,6
25601,5
25602,2
25603,0
25604,4
25605,5
25606,6
25607,1
25608,4
25610,4
25611,3
25613,2
25616,4
25617,2
25619,1
25620,4
25622,2
25623,3
25624,2
25625,0
25626,2
25627,3
25629,2
25630,3
25631,2
25633,0
25634,2
25635,0
25636,3
25637,5
25639,4
25640,5
25641,5
25642,5
25643,3
25644,1
25645,2
25646,2
25647,3
25648,4
25649,0
25650,4
25651,4
25652,3
25653,0
25654,0
25655,3
25656,5
25657,1
25658,0
25659,3
25660,2
25661,4
25662,2
25663,5
25664,3
25665,3
25666,6
25668,2
25669,1
25670,5
25671,0
25672,1
25673,6
25674,0
25675,1
25676,1
25677,4
25678,2
25679,6
25680,4
25682,4
25683,1
25684,5
25685,2
25686,0
25687,6
25689,4
25692,6
25694,0
25695,5
25696,5
25697,0
25698,2
25699,2
25700,4
25701,2
25702,3
25704,4
25705,3
25708,4
25709,2
25710,1
25711,2
25712,1
25713,5
25714,4
25715,4
25717,2
25718,3
25719,5
25720,4
25721,2
25722,3
25723,2
25724,1
25725,2
25727,5
25728,5
25730,0
25731,1
25732,4
25733,2
25734,3
25735,2
25736,1
25737,5
25738,3
25739,2
25741,2
25742,1
25743,5
25744,6
25745,3
25746,3
25747,2
25748,2
25750,2
25751,4
25752,4
25754,2
25755,4
25756,0
25758,6
25759,0
25761,6
25762,6
25763,4
25764,0
25766,2
25767,3
25768,0
25769,4
25771,5
25772,6
25773,2
25774,2
25776,2
25777,3
25778,1
25780,4
25781,4
25783,4
25784,2
25785,2
25786,5
25790,0
25791,0
25792,2
25793,2
25794,0
25795,1
25796,2
25797,2
25798,3
25799,2
25800,2
25801,4
25802,6
25803,6
25804,2
25805,1
25806,4
25807,4
25808,6
25810,4
25811,0
25813,3
25814,4
25815,0
25816,6
25817,4
25818,5
25819,6
25820,3
25821,2
25822,2
25824,0
25826,6
25827,6
25828,6
25829,4
25830,0
25831,0
25832,2
25834,1
25835,4
25836,2
25837,6
25838,5
25839,2
25840,3
25841,6
25842,2
25843,2
25844,4
25845,4
25846,4
25847,5
25848,4
25849,5
25850,4
25853,1
25854,3
25855,2
25857,5
25858,0
25859,1
25860,5
25861,4
25862,4
25863,5
25864,5
25865,3
25867,0
25869,5
25871,2
25872,2
25874,2
25875,2
25876,0
25877,0
25878,4
25879,4
25880,1
25881,4
25882,1
25883,1
25884,1
25886,0
25887,6
25888,0
25889,4
25890,1
25891,0
25892,0
25893,4
25894,4
25895,5
25896,1
25897,3
25898,2
25900,4
25902,2
25903,2
25904,6
25905,6
25907,5
25908,3
25909,6
25910,3
25911,4
25912,5
25913,4
25914,1
25915,0
25916,6
25917,1
25921,2
25922,0
25924,3
25925,2
25926,2
25927,1
25928,4
25930,2
25931,3
25932,4
25933,4
25934,3
25935,5
25936,4
25937,2
25938,1
25939,2
25940,0
25941,2
25942,3
25943,5
25944,2
25946,2
25947,2
25949,2
25950,5
25951,1
25952,6
25953,1
25954,4
25955,5
25957,5
25958,3
25959,4
25960,0
25961,2
25962,4
25963,2
25964,1
25965,5
25967,4
25968,5
25969,6
25970,4
25971,4
25972,6
25973,2
25974,1
25975,2
25976,3
25977,2
25978,2
25979,5
25980,5
25981,0
25983,6
25984,0
25985,4
25987,5
25988,2
25989,4
25990,2
25991,1
25993,0
25994,1
25996,2
25997,4
25998,5
25999,2
26000,2
26001,5
26002,2
26003,2
26004,2
26005,5
26006,0
26007,0
26008,5
26009,1
26011,2
26012,4
26013,2
26014,6
26015,0
26016,1
26017,4
26018,5
26019,2
26020,4
26023,5
26024,1
26026,1
26027,5
26028,5
26029,2
26030,4
26031,2
26032,2
26033,4
26035,0
26036,6
26037,1
26038,1
26039,6
26041,4
26043,5
26044,2
26045,4
26046,6
26047,2
26048,2
26049,6
26050,4
26051,3
26052,6
26053,2
26054,4
26055,6
26057,2
26058,2
26059,1
26060,5
26061,4
26062,2
26065,1
26066,4
26067,2
26068,0
26069,4
26070,6
26071,2
26072,5
26073,5
26074,4
26075,2
26076,2
26077,2
26078,5
26079,5
26080,3
26081,4
26082,4
26083,1
26084,2
26085,3
26086,5
26087,1
26089,3
26090,4
26092,5
26093,5
26095,0
26097,5
26098,5
26099,0
26100,2
26101,6
26102,5
26103,0
26104,6
26105,5
26106,1
26107,4
26108,4
26109,0
26110,5
26111,4
26112,5
26113,4
26115,0
26116,4
26118,5
26119,2
26120,0
26121,2
26122,0
26123,2
26124,2
26125,6
26126,0
26127,4
26129,0
26130,4
26131,4
26132,4
26133,2
26135,0
26136,3
26137,4
26139,2
26140,2
26141,5
26142,2
26143,2
26144,4
26145,2
26147,2
26148,2
26149,0
26150,4
26151,4
26152,2
26153,0
26154,1
26155,6
26156,4
26157,5
26158,4
26159,4
26160,5
26162,4
26163,4
26164,3
26165,1
26166,6
26167,4
26169,2
26170,4
26171,5
26172,2
26173,4
26174,6
26175,5
26176,3
26177,5
26178,2
26179,6
26180,2
26181,1
26182,4
26183,1
26185,2
26187,5
26188,0
26189,3
26190,1
26191,1
26192,4
26193,2
26194,4
26195,1
26198,4
26200,0
26201,0
26202,1
26203,4
26204,6
26205,2
26206,4
26208,2
26209,3
26210,2
26211,6
26212,1
26213,0
26214,0
26215,6
26216,0
26217,4
26219,3
26220,4
26222,0
26223,2
26224,2
26226,4
26227,0
26228,0
26229,3
26230,1
26231,0
26234,0
26235,2
26236,2
26237,4
26239,5
26240,4
26242,2
26243,0
26244,3
26245,1
26246,5
26247,4
26248,3
26249,3
26250,2
26251,5
26252,6
26253,2
26254,1
26255,4
26256,0
26257,1
26258,1
26259,3
26260,3
26262,6
26264,2
26265,4
26266,6
26268,5
26269,5
26272,5
26273,1
26274,4
26275,3
26276,4
26277,4
26280,0
26281,0
26282,4
26283,2
26284,6
26285,5
26286,1
26287,4
26288,5
26290,6
26291,6
26292,2
26293,2
26294,1
26295,1
26296,3
26297,4
26298,1
26299,4
26300,0
26301,4
26302,6
26303,6
26304,2
26305,3
26306,5
26307,3
26308,1
26309,0
26310,1
26311,2
26312,4
26314,4
26315,4
26316,2
26318,1
26319,1
26320,5
26321,4
26322,6
26323,6
26324,2
26326,0
26327,0
26328,6
26329,3
26330,1
26331,4
26332,4
26333,4
26334,3
26335,1
26336,2
26337,4
26340,4
26343,3
26344,0
26345,2
26346,0
26347,4
26348,0
26350,4
26351,4
26352,1
26353,2
26354,4
26355,4
26356,4
26357,4
26359,0
26360,5
26362,5
26363,0
26365,4
26366,2
26367,5
26368,5
26369,0
26370,2
26371,4
26372,6
26373,4
26375,4
26376,6
26377,6
26378,6
26379,1
26380,4
26381,2
26382,5
26383,6
26384,2
26385,4
26386,3
26387,3
26388,1
26389,2
26390,2
26392,3
26393,4
26396,2
26397,6
26398,4
26399,2
26400,4
26401,3
26403,3
26404,2
26405,5
26407,0
26408,4
26409,1
26411,3
26412,2
26413,0
26414,2
26417,0
26418,4
26419,2
26420,0
26421,2
26422,1
26423,3
26424,2
26425,2
26426,4
26427,1
26428,5
26429,1
26430,2
26431,4
26433,4
26434,4
26435,3
26436,1
26437,4
26438,0
26439,4
26440,2
26441,6
26442,4
26443,6
26444,2
26446,1
26447,2
26448,4
26449,2
26450,5
26451,6
26452,0
26453,2
26454,5
26455,1
26456,2
26459,5
26463,6
26465,4
26467,4
26468,3
26469,4
26470,1
26471,5
26474,4
26475,6
26476,4
26477,1
26478,6
26479,6
26481,6
26482,0
26483,5
26484,2
26485,0
26488,3
26489,4
26490,2
26491,3
26492,4
26493,6
26494,1
26495,6
26496,2
26497,1
26498,6
26500,3
26501,3
26502,2
26504,4
26505,5
26506,2
26507,2
26508,2
26509,4
26510,2
26511,2
26512,2
26513,2
26514,4
26515,6
26516,1
26517,3
26519,2
26520,2
26521,5
26523,4
26524,0
26525,4
26526,2
26527,4
26528,6
26529,2
26530,3
26532,2
26533,4
26534,2
26535,5
26536,2
26537,3
26538,2
26539,3
26540,4
26541,2
26542,0
26543,0
26544,4
26546,4
26547,0
26549,1
26550,6
26551,4
26552,0
26553,4
26554,2
26555,6
26556,2
26557,1
26558,4
26559,4
26560,4
26561,4
26562,5
26563,5
26564,5
26565,1
26566,5
26567,0
26569,3
26570,4
26571,4
26572,1
26573,4
26576,4
26577,0
26578,2
26579,1
26580,4
26581,0
26582,4
26583,6
26584,4
26585,2
26586,6
26588,1
26589,1
26590,3
26591,5
26592,1
26593,4
26594,2
26595,5
26596,6
26597,4
26598,2
26599,2
26600,2
26602,1
26603,0
26604,6
26605,3
26606,5
26608,4
26609,0
26610,1
26612,2
26613,5
26614,2
26615,2
26616,4
26618,1
26619,2
26620,5
26622,3
26623,4
26624,0
26626,3
26627,5
26628,4
26630,5
26631,2
26632,2
26633,3
26634,4
26637,4
26638,5
26639,0
26640,2
26641,2
26643,6
26645,1
26646,2
26647,6
26648,5
26649,5
26650,2
26651,5
26655,5
26656,3
26657,1
26658,6
26659,1
26660,4
26661,6
26662,5
26663,0
26664,5
26666,0
26668,1
26669,2
26670,2
26672,2
26673,1
26675,5
26676,1
26677,4
26678,2
26679,2
26680,1
26681,4
26682,6
26683,4
26684,4
26685,2
26686,6
26687,6
26689,0
26690,4
26691,1
26692,4
26693,3
26694,6
26695,1
26696,2
26697,4
26698,0
26699,3
26700,2
26701,0
26703,1
26704,4
26706,6
26707,4
26709,2
26710,5
26711,4
26712,4
26713,2
26714,2
26716,3
26717,4
26718,4
26720,1
26721,6
26722,2
26723,1
26724,4
26725,1
26726,2
26727,4
26729,3
26730,2
26731,4
26732,0
26733,2
26735,0
26736,6
26737,6
26738,2
26739,5
26740,5
26741,2
26742,3
26743,0
26744,6
26745,1
26746,2
26747,3
26748,4
26749,0
26751,0
26753,4
26754,1
26755,2
26756,4
26760,0
26761,0
26762,0
26763,4
26764,2
26765,2
26766,0
26767,5
26768,1
26769,4
26771,4
26772,4
26773,5
26774,1
26775,2
26776,2
26778,5
26779,2
26780,5
26781,3
26782,2
26783,4
26785,2
26786,1
26789,4
26791,1
26792,2
26793,4
26794,3
26795,2
26796,2
26798,3
26799,0
26800,6
26803,2
26804,6
26806,3
26808,4
26809,4
26810,2
26811,3
26812,5
26813,3
26815,3
26816,1
26817,2
26818,0
26819,4
26820,6
26822,3
26823,2
26824,4
26825,2
26826,1
26827,3
26828,4
26829,1
26830,6
26832,2
26834,0
26835,5
26837,5
26839,3
26840,3
26841,6
26843,0
26845,5
26846,4
26847,3
26849,3
26850,2
26852,5
26853,4
26855,2
26857,2
26858,0
26861,2
26862,4
26864,2
26866,0
26867,0
26868,5
26869,2
26870,4
26871,2
26872,0
26874,1
26875,4
26876,3
26878,5
26879,1
26880,6
26881,0
26882,3
26883,4
26884,3
26885,1
26886,2
26889,2
26890,6
26891,6
26893,6
26894,2
26896,2
26897,4
26898,2
26899,4
26900,0
26901,5
26902,0
26903,1
26904,2
26906,5
26907,2
26908,2
26909,0
26910,5
26911,2
26913,5
26914,5
26915,2
26916,2
26918,5
26919,2
26921,6
26922,2
26923,4
26924,3
26926,0
26928,4
26930,4
26931,2
26932,3
26933,0
26934,5
26935,4
26936,2
26937,5
26938,5
26939,2
26940,1
26941,5
26942,0
26945,2
26946,5
26948,4
26949,1
26950,0
26952,4
26953,6
26954,6
26955,2
26956,2
26957,2
26958,2
26960,3
26961,1
26964,4
26965,2
26968,2
26969,0
26970,2
26972,1
26973,3
26974,1
26976,0
26977,5
26979,1
26980,4
26982,6
26983,5
26984,3
26986,4
26987,1
26988,0
26990,3
26991,4
26992,4
26993,5
26994,0
26995,4
26996,2
26997,6
26998,6
26999,3
27000,0
27001,5
27003,3
27004,0
27005,3
27006,4
27007,2
27008,4
27009,3
27010,1
27011,2
27012,5
27013,3
27014,1
27015,4
27016,4
27017,2
27018,2
27019,4
27020,3
27021,6
27022,3
27023,2
27024,2
27026,5
27027,0
27028,6
27029,1
27030,1
27031,0
27032,4
27033,4
27034,4
27035,2
27036,4
27037,2
27038,6
27039,4
27040,4
27041,2
27042,1
27044,4
27045,5
27046,3
27047,6
27048,0
27049,5
27050,4
27051,6
27052,0
27053,4
27054,5
27055,1
27056,3
27057,2
27058,2
27059,2
27060,4
27062,4
27063,3
27064,5
27065,1
27066,5
27067,4
27068,1
27069,4
27070,1
27071,3
27072,6
27073,6
27076,5
27077,2
27078,3
27079,2
27080,5
27081,2
27082,4
27083,5
27084,6
27086,2
27087,6
27088,1
27089,4
27091,4
27092,1
27093,6
27094,2
27095,0
27096,4
27097,5
27098,2
27099,6
27100,0
27101,0
27102,6
27103,0
27104,2
27106,4
27107,2
27108,1
27110,2
27111,3
27112,4
27113,4
27114,1
27115,1
27116,6
27117,2
27119,3
27120,2
27121,3
27122,5
27123,6
27124,0
27125,6
27126,4
27128,5
27129,5
27130,2
27133,2
27134,6
27135,4
27136,1
27137,1
27138,6
27140,0
27141,0
27142,4
27143,1
27144,2
27145,4
27146,0
27147,2
27148,4
27149,3
27150,0
27151,4
27152,1
27153,2
27154,2
27155,1
27157,6
27158,0
27159,2
27161,2
27163,0
27164,0
27165,5
27167,0
27169,3
27170,4
27171,6
27172,2
27173,2
27174,4
27175,2
27176,2
27177,4
27178,0
27179,5
27180,1
27181,4
27182,6
27184,6
27186,0
27187,5
27188,3
27189,4
27190,2
27191,5
27192,5
27193,2
27194,2
27195,1
27196,1
27199,4
27200,4
27202,2
27203,2
27206,3
27207,4
27209,5
27210,3
27211,0
27212,2
27213,5
27214,0
27215,1
27216,6
27217,6
27218,6
27219,2
27221,6
27222,3
27223,4
27224,5
27226,4
27228,5
27230,2
27231,3
27232,1
27234,3
27236,4
27237,2
27239,5
27240,2
27241,3
27243,4
27247,4
27248,5
27249,3
27251,5
27252,6
27253,1
27254,4
27255,1
27257,6
27258,1
27259,4
27260,5
27261,6
27262,5
27263,0
27264,4
27265,3
27266,4
27267,3
27268,1
27269,3
27270,5
27271,5
27272,2
27273,4
27274,4
27275,6
27276,3
27277,1
27279,5
27281,4
27282,5
27283,4
27285,5
27287,0
27289,2
27290,1
27291,1
27292,2
27293,5
27294,5
27295,4
27296,5
27297,5
27299,1
27301,2
27302,2
27303,1
27305,2
27306,1
27307,5
27308,2
27309,4
27310,2
27311,5
27312,6
27313,2
27315,2
27316,2
27317,0
27320,5
27322,1
27323,5
27326,4
27327,1
27328,2
27329,5
27330,3
27331,0
27332,2
27333,4
27334,1
27335,2
27336,3
27337,4
27338,4
27339,5
27340,1
27341,2
27342,4
27343,3
27344,2
27345,0
27347,0
27348,0
27349,5
27351,5
27353,4
27354,4
27355,6
27356,3
27357,2
27358,0
27359,5
27363,2
27364,5
27365,5
27366,5
27367,4
27369,4
27370,2
27371,0
27372,1
27373,2
27374,5
27375,0
27376,0
27377,4
27379,0
27380,4
27381,2
27382,3
27383,1
27384,1
27385,5
27386,2
27387,4
27388,1
27389,2
27390,2
27391,1
27392,1
27394,3
27395,3
27396,3
27397,2
27401,0
27402,1
27403,4
27404,5
27405,3
27406,2
27407,2
27408,4
27410,0
27411,2
27412,2
27413,2
27415,4
27416,4
27417,0
27418,0
27419,5
27420,2
27421,2
27422,2
27424,5
27425,2
27426,1
27427,2
27428,1
27429,2
27431,3
27432,1
27434,2
27435,2
27436,1
27438,3
27439,2
27440,4
27441,6
27442,1
27444,2
27445,4
27446,0
27448,2
27449,3
27450,4
27451,1
27452,5
27453,0
27454,1
27455,0
27456,4
27458,6
27459,2
27461,4
27462,1
27463,5
27465,4
27466,4
27467,6
27468,5
27469,6
27470,1
27471,0
27472,6
27473,6
27474,6
27475,5
27476,2
27477,0
27478,5
27479,6
27481,6
27482,2
27483,2
27484,3
27485,4
27486,4
27487,1
27488,5
27489,1
27490,2
27491,6
27493,2
27494,5
27495,3
27496,2
27497,4
27498,5
27499,2
27500,4
27501,3
27502,4
27505,1
27506,4
27507,6
27508,2
27513,0
27514,5
27515,4
27516,4
27517,6
27518,4
27519,4
27520,1
27521,4
27522,3
27523,1
27525,3
27526,4
27527,4
27528,4
27529,0
27530,0
27531,2
27532,4
27533,2
27535,5
27536,2
27537,3
27538,5
27539,4
27541,4
27542,2
27543,4
27544,5
27545,2
27546,1
27548,6
27549,4
27550,4
27551,5
27552,6
27553,1
27554,5
27555,2
27557,2
27558,2
27559,3
27560,3
27561,0
27562,1
27563,4
27564,1
27565,5
27566,2
27567,4
27568,4
27569,2
27570,4
27571,5
27573,0
27574,2
27575,4
27576,5
27577,4
27578,2
27579,2
27580,5
27582,2
27584,2
27585,2
27587,4
27588,4
27589,3
27590,2
27591,2
27592,3
27593,5
27594,4
27595,2
27596,2
27598,0
27599,2
27600,5
27601,2
27602,4
27603,5
27604,1
27605,1
27606,5
27607,4
27608,2
27609,6
27610,3
27613,5
27614,4
27616,2
27617,2
27618,0
27619,4
27620,5
27621,5
27622,2
27623,3
27624,4
27626,1
27628,3
27629,4
27631,5
27633,4
27636,5
27637,0
27638,4
27639,6
27640,0
27641,6
27642,2
27643,2
27644,3
27646,3
27647,2
27648,2
27649,5
27650,4
27651,1
27652,0
27654,2
27655,3
27656,4
27657,2
27658,4
27659,0
27661,2
27662,2
27663,3
27664,2
27666,1
27667,2
27668,5
27670,4
27672,2
27674,1
27675,6
27676,4
27678,5
27679,2
27680,2
27681,2
27682,6
27684,3
27685,5
27686,1
27687,4
27688,2
27689,0
27690,3
27691,2
27692,0
27693,2
27694,2
27695,2
27697,3
27698,5
27699,2
27700,1
27701,5
27702,6
27703,0
27704,2
27706,4
27707,2
27708,0
27709,6
27710,4
27711,0
27712,5
27713,2
27714,3
27715,6
27716,2
27717,1
27718,2
27719,2
27720,2
27722,1
27724,3
27725,3
27726,1
27727,4
27728,5
27729,6
27730,2
27731,0
27732,2
27733,6
27734,4
27736,5
27737,6
27738,4
27739,5
27740,5
27741,4
27742,0
27743,4
27744,2
27745,2
27746,2
27747,2
27748,1
27749,2
27750,0
27752,3
27755,4
27756,2
27757,4
27758,2
27759,4
27761,4
27763,1
27764,2
27765,5
27766,3
27767,4
27769,1
27771,0
27772,2
27774,5
27776,4
27777,2
27779,2
27780,4
27781,6
27782,4
27783,1
27784,2
27785,6
27788,4
27789,0
27790,3
27792,4
27793,6
27794,4
27796,4
27797,1
27798,1
27799,2
27800,3
27801,0
27802,1
27803,1
27804,4
27805,4
27807,0
27808,4
27809,2
27811,2
27814,4
27815,3
27816,6
27817,5
27818,1
27819,5
27821,0
27822,5
27823,3
27824,4
27825,4
27826,0
27828,0
27830,2
27831,4
27832,2
27833,6
27834,2
27835,3
27837,0
27839,4
27840,4
27841,2
27842,2
27844,5
27846,3
27848,6
27849,6
27850,5
27851,2
27852,4
27853,0
27855,4
27856,2
27857,1
27858,4
27859,2
27860,6
27861,0
27863,5
27864,1
27867,5
27868,5
27869,5
27871,1
27872,1
27873,2
27875,4
27877,2
27878,0
27879,6
27880,3
27881,1
27882,2
27883,5
27884,4
27885,5
27887,1
27889,2
27890,0
27891,0
27892,4
27893,4
27894,1
27895,5
27898,3
27899,4
27900,4
27901,4
27904,5
27905,5
27906,5
27907,6
27908,5
27910,1
27911,2
27912,5
27913,1
27914,4
27916,0
27917,0
27918,4
27919,0
27921,6
27922,4
27923,5
27924,2
27925,4
27926,5
27927,0
27928,4
27931,3
27932,1
27933,5
27934,2
27935,6
27937,4
27938,5
27939,2
27940,0
27942,4
27943,1
27945,4
27946,4
27947,4
27948,2
27949,0
27950,0
27951,3
27952,5
27953,4
27954,1
27955,6
27956,4
27959,4
27961,4
27965,4
27966,2
27967,2
27969,4
27970,6
27971,2
27974,2
27975,2
27976,3
27977,4
27979,2
27980,1
27982,4
27983,2
27984,5
27985,2
27986,5
27987,6
27988,6
27989,5
27990,5
27992,2
27993,2
27994,5
27996,2
27997,0
27998,2
28000,2
28001,4
28002,6
28005,6
28006,1
28007,5
28008,6
28009,0
28010,3
28011,4
28012,4
28013,4
28014,3
28018,1
28020,1
28021,6
28022,6
28023,2
28024,4
28026,5
28028,2
28029,5
28030,2
28031,4
28032,2
28033,2
28034,2
28036,1
28037,5
28038,3
28039,2
28040,4
28041,5
28042,2
28044,4
28045,2
28046,4
28047,4
28049,2
28050,2
28052,5
28053,4
28054,4
28055,6
28056,4
28057,6
28058,5
28059,6
28060,5
28061,5
28063,6
28065,4
28066,4
28067,0
28068,4
28069,3
28072,1
28073,4
28074,6
28075,2
28076,5
28078,4
28079,5
28080,2
28081,3
28082,5
28083,5
28085,6
28087,6
28089,2
28091,6
28092,1
28093,5
28094,5
28095,2
28097,1
28098,2
28100,4
28101,2
28102,2
28103,2
28104,6
28105,0
28106,3
28107,6
28108,1
28110,5
28111,2
28112,3
28113,4
28114,5
28116,2
28117,3
28118,0
28120,2
28121,4
28122,2
28123,4
28124,5
28125,3
28126,4
28130,0
28131,6
28132,1
28133,4
28134,2
28135,1
28137,1
28138,4
28140,2
28141,3
28142,5
28143,4
28144,2
28146,0
28147,0
28148,2
28149,5
28150,1
28151,0
28152,5
28153,4
28154,5
28155,1
28157,1
28158,5
28161,6
28162,5
28164,6
28165,4
28166,4
28167,2
28168,0
28169,0
28170,1
28171,4
28172,3
28173,6
28174,1
28175,3
28176,4
28177,0
28178,5
28180,1
28181,6
28182,5
28183,2
28184,4
28185,5
28186,0
28187,5
28191,5
28192,4
28193,2
28194,1
28195,2
28196,2
28198,4
28199,3
28200,4
28201,3
28202,0
28203,5
28204,2
28205,4
28206,1
28208,6
28209,2
28210,5
28211,5
28212,5
28213,4
28214,4
28215,4
28216,1
28217,6
28218,6
28219,3
28220,1
28221,4
28223,5
28224,4
28225,4
28226,1
28227,5
28228,1
28229,6
28230,4
28231,0
28232,1
28233,1
28234,2
28235,1
28236,2
28238,2
28239,2
28240,6
28241,4
28242,3
28243,6
28244,2
28245,4
28246,4
28247,5
28248,0
28249,6
28250,4
28252,2
28253,6
28254,4
28255,1
28256,3
28257,0
28258,4
28259,4
28260,0
28261,6
28262,6
28263,6
28264,2
28265,4
28266,5
28267,5
28269,2
28270,2
28271,0
28272,5
28273,5
28274,6
28275,1
28276,0
28277,6
28278,5
28279,5
28280,4
28282,2
28283,3
28284,4
28285,2
28286,5
28288,6
28289,2
28290,6
28293,2
28294,5
28295,1
28296,2
28297,4
28298,3
28299,2
28300,5
28301,2
28302,5
28303,1
28304,5
28305,4
28306,5
28307,0
28308,2
28309,4
28310,4
28311,2
28312,2
28313,0
28314,1
28315,5
28316,2
28317,3
28318,1
28321,2
28322,4
28323,4
28325,5
28326,0
28327,5
28328,4
28329,3
28330,1
28331,2
28332,2
28334,4
28335,0
28337,4
28339,3
28341,1
28342,6
28343,4
28344,4
28345,2
28346,1
28348,6
28349,2
28350,2
28352,1
28353,4
28354,1
28355,2
28358,5
28359,3
28360,2
28362,2
28363,5
28364,4
28365,3
28366,4
28367,1
28369,1
28370,5
28371,5
28372,5
28374,5
28375,3
28376,5
28377,2
28379,3
28380,2
28381,2
28382,1
28383,1
28384,4
28385,1
28387,2
28388,4
28389,5
28391,2
28395,3
28397,6
28398,2
28399,2
28400,5
28402,6
28403,4
28404,4
28405,4
28406,1
28407,1
28409,2
28410,2
28411,0
28412,5
28413,3
28414,2
28415,4
28417,6
28418,3
28419,4
28420,0
28421,0
28422,3
28423,4
28424,4
28425,0
28427,4
28428,6
28429,2
28430,3
28431,5
28433,5
28434,1
28435,3
28436,4
28437,2
28439,1
28440,0
28441,1
28442,3
28444,2
28445,2
28446,0
28447,4
28448,1
28450,2
28451,3
28452,2
28453,3
28454,4
28455,1
28456,1
28459,4
28461,0
28462,0
28463,2
28464,1
28465,3
28466,4
28468,2
28469,2
28470,2
28471,5
28472,5
28473,2
28474,4
28476,4
28478,0
28479,2
28481,1
28482,2
28483,1
28485,5
28486,3
28487,0
28489,1
28491,2
28492,4
28493,4
28495,4
28496,3
28497,2
28498,6
28499,6
28501,2
28502,5
28504,0
28505,4
28506,4
28507,5
28508,3
28509,4
28510,5
28511,5
28512,5
28514,5
28515,2
28516,4
28517,5
28518,1
28521,6
28522,0
28525,4
28526,4
28527,4
28528,2
28529,4
28530,5
28531,4
28532,6
28533,4
28535,0
28536,2
28537,2
28539,2
28540,5
28541,2
28542,5
28543,4
28544,2
28545,4
28547,2
28548,2
28549,4
28550,2
28551,0
28552,1
28553,4
28555,0
28556,1
28557,1
28558,2
28559,3
28560,4
28561,3
28562,4
28563,4
28564,2
28565,6
28566,2
28567,0
28569,4
28570,0
28572,5
28573,2
28574,2
28575,1
28576,1
28577,3
28578,2
28579,3
28582,0
28583,3
28584,0
28585,6
28586,4
28587,1
28588,2
28590,5
28591,2
28592,2
28593,3
28594,3
28595,5
28596,3
28597,6
28599,4
28600,0
28601,5
28602,1
28603,3
28604,6
28605,5
28607,5
28608,4
28609,0
28612,2
28613,6
28614,5
28615,0
28617,1
28618,0
28619,5
28620,2
28621,5
28622,0
28623,6
28624,6
28625,2
28626,4
28628,1
28629,1
28630,2
28631,0
28632,2
28633,2
28634,4
28635,5
28636,4
28637,4
28639,5
28640,3
28642,3
28643,2
28644,2
28645,5
28646,1
28647,2
28648,6
28649,4
28650,4
28652,5
28653,0
28655,2
28656,0
28658,2
28659,0
28660,2
28661,2
28662,5
28663,2
28664,5
28666,4
28667,4
28668,1
28669,1
28670,2
28671,3
28672,6
28673,3
28674,3
28675,3
28676,2
28678,4
28679,4
28680,5
28681,2
28682,3
28684,3
28685,4
28686,0
28688,2
28689,5
28690,3
28691,6
28693,5
28694,1
28695,4
28696,0
28697,1
28698,2
28699,0
28700,6
28701,4
28702,0
28703,3
28706,2
28707,6
28708,5
28709,5
28710,2
28711,4
28712,6
28713,1
28714,1
28717,5
28718,4
28720,3
28721,4
28722,6
28723,0
28724,0
28725,2
28727,2
28728,6
28729,1
28730,1
28731,5
28732,5
28733,1
28734,4
28735,6
28736,4
28737,1
28738,0
28739,4
28740,2
28742,1
28743,4
28744,1
28746,5
28747,1
28748,4
28749,4
28750,4
28751,2
28752,5
28753,0
28754,1
28755,1
28757,4
28758,1
28759,4
28760,5
28761,1
28762,2
28763,6
28764,6
28765,2
28766,0
28767,0
28768,2
28769,2
28771,2
28772,5
28773,2
28775,2
28776,3
28777,5
28778,3
28779,2
28780,0
28781,6
28782,4
28783,5
28785,0
28786,5
28787,3
28788,1
28789,5
28790,2
28791,3
28793,4
28795,2
28796,2
28798,4
28799,2
28802,0
28804,4
28806,4
28807,5
28809,4
28810,2
28811,2
28814,4
28815,2
28816,2
28817,1
28818,0
28819,4
28820,1
28822,0
28823,3
28824,1
28825,4
28826,1
28827,4
28828,4
28829,4
28831,3
28832,5
28833,6
28834,5
28836,6
28837,0
28839,2
28840,2
28841,2
28843,2
28844,1
28845,6
28846,6
28847,4
28848,4
28850,0
28851,2
28853,4
28854,2
28856,4
28857,2
28859,6
28860,5
28863,4
28864,4
28866,1
28867,0
28869,0
28871,4
28872,5
28873,5
28874,3
28875,2
28876,0
28877,3
28878,3
28879,2
28880,2
28881,3
28882,2
28883,4
28884,6
28885,2
28886,0
28887,0
28888,0
28889,4
28890,1
28891,4
28893,1
28894,5
28895,4
28897,4
28899,4
28900,4
28901,3
28903,5
28904,0
28906,5
28908,6
28909,5
28910,1
28911,2
28913,2
28915,5
28916,6
28917,2
28918,2
28919,2
28921,4
28922,6
28923,1
28924,6
28926,5
28927,2
28928,5
28929,1
28931,1
28932,6
28933,2
28934,4
28935,3
28936,2
28938,4
28939,4
28941,0
28942,5
28943,0
28944,2
28947,1
28948,5
28949,4
28950,1
28953,6
28954,3
28955,0
28956,2
28958,1
28959,4
28960,4
28962,1
28963,5
28965,6
28966,2
28967,0
28968,2
28969,5
28970,1
28971,5
28973,1
28974,6
28976,3
28977,3
28978,4
28979,4
28980,1
28981,2
28982,4
28984,1
28985,6
28986,4
28987,6
28989,4
28993,2
28995,2
28996,1
28997,2
28998,2
28999,3
29000,5
29001,6
29002,4
29003,5
29004,5
29005,2
29006,4
29007,3
29009,5
29010,5
29011,5
29012,3
29013,6
29014,5
29016,4
29018,2
29019,2
29020,2
29021,5
29022,6
29023,1
29024,4
29025,6
29026,5
29027,3
29030,3
29032,4
29033,3
29034,5
29035,4
29036,0
29037,5
29038,1
29039,3
29040,2
29041,5
29042,4
29043,0
29044,2
29046,5
29047,4
29048,0
29050,6
29051,0
29053,2
29054,2
29055,2
29057,5
29058,3
29059,1
29060,1
29061,0
29062,4
29063,1
29064,5
29065,5
29066,6
29068,2
29069,4
29070,5
29071,3
29072,4
29073,4
29074,4
29075,6
29076,4
29077,2
29078,2
29079,2
29080,2
29081,3
29082,4
29083,5
29084,4
29085,0
29086,2
29087,3
29089,2
29090,3
29092,2
29094,2
29095,4
29096,3
29097,2
29099,3
29100,5
29102,5
29103,2
29104,2
29105,1
29107,0
29111,4
29112,2
29113,6
29114,4
29116,5
29117,4
29118,1
29119,2
29120,2
29121,1
29122,2
29123,4
29125,5
29126,5
29127,3
29128,6
29129,1
29130,6
29131,2
29132,5
29133,5
29134,1
29135,0
29136,2
29137,2
29138,5
29139,2
29141,0
29142,4
29143,5
29144,4
29145,5
29147,3
29148,3
29149,4
29150,6
29151,6
29152,2
29153,2
29154,1
29157,4
29159,0
29160,1
29161,5
29162,5
29164,4
29165,5
29166,6
29167,6
29168,1
29170,4
29171,1
29173,2
29174,0
29175,1
29176,4
29177,2
29178,4
29179,1
29180,4
29181,4
29184,4
29185,6
29186,1
29187,2
29189,5
29190,2
29191,2
29193,1
29194,4
29195,0
29196,4
29197,1
29198,4
29200,6
29201,1
29203,5
29204,1
29206,4
29207,2
29208,4
29209,6
29210,6
29211,2
29212,5
29213,4
29214,4
29215,0
29216,4
29219,4
29220,2
29221,3
29223,5
29224,6
29225,4
29226,4
29228,4
29230,5
29231,5
29232,2
29234,4
29236,4
29238,2
29239,4
29240,4
29241,0
29242,1
29243,4
29244,1
29245,2
29246,0
29247,5
29248,5
29249,2
29250,1
29251,3
29252,1
29253,2
29254,5
29255,0
29257,6
29258,2
29261,0
29262,2
29263,4
29264,5
29265,6
29266,0
29267,3
29268,3
29269,3
29270,0
29271,6
29272,4
29273,4
29274,5
29275,2
29276,5
29277,1
29278,1
29279,5
29281,0
29282,2
29283,2
29284,4
29285,4
29286,2
29287,0
29289,4
29290,0
29291,2
29292,2
29294,3
29296,5
29297,1
29298,4
29299,1
29300,0
29301,1
29302,5
29303,4
29304,1
29305,2
29307,2
29308,1
29310,4
29311,0
29312,4
29313,5
29314,6
29315,4
29316,4
29317,4
29318,2
29319,5
29320,4
29321,3
29323,3
29324,4
29325,6
29326,2
29327,2
29328,0
29329,2
29330,2
29331,5
29332,6
29333,5
29335,2
29338,2
29339,6
29340,6
29341,4
29342,5
29343,5
29344,2
29345,4
29346,1
29347,4
29348,0
29349,4
29350,6
29351,4
29352,4
29353,4
29354,4
29355,4
29356,2
29359,2
29360,5
29362,5
29363,2
29364,4
29365,4
29366,3
29367,5
29368,4
29369,0
29370,3
29371,5
29372,2
29373,5
29374,4
29375,5
29376,5
29377,0
29378,0
29379,5
29380,1
29381,0
29382,1
29383,5
29384,2
29385,5
29386,2
29387,1
29388,0
29389,6
29390,5
29391,1
29393,6
29394,4
29395,2
29396,5
29397,6
29398,4
29399,0
29400,4
29401,2
29402,5
29403,5
29404,0
29405,6
29406,4
29407,2
29409,1
29410,1
29411,4
29412,5
29413,4
29415,1
29416,1
29418,4
29419,4
29420,2
29421,2
29422,2
29423,2
29425,0
29427,1
29428,4
29429,4
29430,5
29431,3
29432,2
29434,6
29435,5
29436,3
29437,6
29438,6
29441,5
29442,3
29443,2
29444,2
29445,2
29446,1
29448,3
29449,0
29450,1
29451,5
29452,5
29453,0
29454,2
29455,4
29456,2
29457,2
29459,4
29461,4
29462,4
29463,6
29464,4
29465,3
29466,6
29467,4
29468,3
29469,3
29471,4
29472,5
29473,5
29474,0
29476,2
29477,1
29478,2
29479,6
29480,5
29481,4
29482,4
29483,2
29485,5
29486,2
29487,3
29488,5
29489,2
29491,1
29492,4
29493,4
29494,3
29495,6
29496,4
29497,4
29498,2
29502,6
29503,4
29504,2
29505,0
29506,5
29507,2
29508,1
29510,3
29511,1
29512,6
29513,5
29514,6
29515,2
29516,4
29517,5
29520,5
29521,6
29522,4
29523,5
29524,2
29525,2
29526,6
29527,4
29529,6
29532,0
29533,1
29534,5
29535,2
29536,1
29539,1
29540,0
29541,0
29542,1
29543,4
29544,2
29545,3
29546,1
29547,0
29548,4
29550,3
29551,5
29552,3
29553,6
29554,2
29555,2
29557,2
29560,4
29561,2
29562,2
29564,3
29565,4
29566,2
29567,2
29568,3
29570,6
29571,4
29572,4
29573,0
29574,4
29576,2
29577,0
29578,2
29579,2
29580,1
29582,2
29584,0
29585,2
29586,1
29587,2
29588,6
29589,6
29590,2
29591,3
29592,4
29593,0
29594,2
29595,0
29596,2
29597,5
29598,5
29599,0
29601,5
29602,1
29603,4
29605,0
29606,4
29607,4
29608,4
29609,6
29610,1
29611,6
29612,4
29613,2
29614,1
29615,0
29617,6
29618,4
29619,4
29620,0
29621,4
29622,2
29623,0
29624,2
29626,4
29627,4
29629,4
29630,6
29631,5
29632,5
29633,3
29635,1
29637,4
29639,2
29640,5
29641,5
29642,2
29643,6
29644,2
29646,1
29648,1
29649,2
29652,3
29653,5
29655,5
29656,6
29657,1
29658,1
29660,6
29661,0
29662,1
29663,5
29664,2
29665,4
29666,4
29667,0
29668,0
29672,4
29673,2
29674,3
29675,2
29676,4
29677,1
29678,3
29680,0
29681,1
29683,2
29684,6
29686,2
29687,2
29688,5
29689,4
29690,4
29691,1
29693,5
29694,2
29695,2
29696,4
29698,2
29699,2
29700,2
29701,2
29702,0
29703,4
29704,4
29706,5
29707,6
29709,0
29710,1
29711,0
29712,0
29713,4
29715,5
29716,5
29717,5
29719,2
29720,4
29723,4
29724,3
29725,1
29726,4
29728,5
29729,2
29730,6
29731,6
29732,2
29733,2
29734,5
29735,0
29737,0
29738,0
29740,2
29741,6
29742,2
29744,0
29746,4
29747,6
29748,4
29749,4
29751,4
29752,6
29753,1
29754,4
29755,2
29756,5
29757,4
29760,5
29761,1
29762,3
29763,5
29764,1
29766,4
29767,3
29768,1
29770,1
29771,2
29772,4
29773,6
29774,5
29775,5
29776,2
29777,5
29779,5
29780,5
29782,4
29783,5
29784,1
29785,1
29786,6
29787,5
29789,3
29790,0
29791,2
29792,5
29794,2
29795,4
29796,6
29797,2
29799,0
29801,4
29802,0
29805,6
29806,4
29807,4
29808,4
29809,2
29810,6
29811,5
29812,5
29814,1
29817,2
29818,2
29819,4
29820,2
29822,6
29823,2
29824,3
29825,1
29826,4
29827,4
29828,0
29829,4
29830,3
29831,3
29833,4
29834,1
29835,1
29836,1
29837,0
29838,2
29839,2
29840,2
29841,2
29842,1
29843,1
29845,6
29847,5
29848,4
29849,6
29850,1
29851,4
29852,6
29854,2
29855,4
29856,6
29857,0
29858,2
29859,4
29860,0
29865,2
29866,5
29869,5
29872,6
29874,2
29875,1
29876,3
29877,4
29878,5
29879,4
29880,2
29881,1
29882,2
29884,2
29886,2
29887,4
29889,5
29890,4
29891,0
29892,6
29893,5
29894,0
29895,0
29896,4
29897,2
29899,6
29900,4
29901,4
29903,4
29904,2
29905,2
29908,0
29909,5
29910,1
29911,4
29912,1
29913,2
29914,5
29915,2
29916,0
29917,2
29918,3
29919,1
29920,2
29921,4
29922,2
29923,4
29924,2
29925,5
29928,3
29929,5
29930,6
29932,5
29933,6
29935,4
29936,2
29937,4
29938,2
29940,5
29942,1
29943,2
29944,6
29945,2
29946,3
29947,2
29948,4
29949,4
29950,3
29951,1
29952,1
29955,1
29956,2
29957,6
29958,0
29959,0
29960,4
29961,2
29962,5
29963,4
29964,4
29965,4
29967,5
29969,2
29970,2
29971,5
29972,2
29974,0
29975,3
29977,4
29978,1
29979,2
29981,0
29983,4
29984,5
29985,2
29986,4
29987,2
29988,6
29990,5
29991,5
29992,2
29994,1
29995,3
29996,6
29997,2
29999,3
30001,2
30004,4
30005,4
30006,5
30007,3
30008,1
30009,6
30010,2
30011,6
30012,1
30014,0
30015,3
30016,4
30017,2
30018,2
30020,3
30021,4
30022,1
30023,6
30024,5
30025,2
30027,4
30028,5
30029,6
30031,1
30032,4
30033,5
30034,2
30035,1
30036,3
30037,1
30038,5
30039,2
30040,5
30041,6
30042,6
30043,0
30044,0
30045,2
30047,2
30048,1
30050,0
30053,4
30054,4
30055,3
30056,1
30057,0
30058,6
30059,0
30060,2
30062,0
30063,5
30064,5
30065,2
30066,6
30067,5
30068,2
30071,4
30072,3
30073,2
30074,2
30075,2
30076,3
30077,4
30079,6
30080,6
30081,2
30082,2
30083,4
30084,4
30085,4
30086,3
30087,4
30088,6
30089,2
30090,3
30092,5
30093,2
30095,4
30096,1
30097,4
30098,4
30099,1
30101,4
30102,0
30103,5
30104,1
30107,2
30108,5
30110,4
30112,3
30113,2
30114,2
30115,4
30116,5
30117,3
30118,2
30119,2
30120,2
30122,4
30123,2
30124,5
30125,1
30126,0
30127,3
30128,5
30129,1
30130,2
30131,4
30133,4
30135,5
30136,1
30137,5
30138,4
30139,4
30141,1
30142,3
30143,4
30145,3
30146,0
30147,4
30148,5
30149,2
30150,4
30151,2
30152,2
30153,6
30154,5
30155,5
30156,5
30157,2
30158,1
30159,4
30161,5
30164,2
30165,1
30167,4
30168,2
30169,4
30170,1
30171,4
30172,4
30173,4
30174,0
30175,4
30176,1
30177,2
30178,1
30179,1
30180,2
30181,5
30183,0
30184,4
30185,4
30186,1
30187,4
30188,5
30189,0
30190,5
30191,4
30192,6
30193,4
30194,5
30195,1
30196,4
30197,2
30198,6
30199,2
30203,5
30204,1
30205,5
30206,4
30207,2
30208,5
30209,1
30210,5
30211,0
30213,5
30214,3
30215,5
30216,5
30217,1
30220,0
30221,5
30222,2
30223,1
30224,0
30225,0
30226,0
30227,5
30228,5
30229,1
30230,0
30231,5
30232,2
30233,4
30234,4
30235,2
30236,4
30237,2
30239,4
30240,1
30241,5
30242,3
30243,4
30244,3
30245,2
30246,0
30247,1
30249,0
30250,3
30251,3
30252,2
30254,2
30256,5
30259,2
30260,5
30261,4
30262,4
30263,2
30264,1
30266,2
30267,2
30268,0
30269,4
30270,3
30272,3
30273,6
30275,4
30276,6
30277,6
30278,2
30279,5
30280,1
30281,5
30282,4
30283,6
30284,3
30285,0
30286,1
30287,3
30288,2
30289,2
30290,0
30291,2
30293,4
30294,0
30296,4
30297,1
30298,4
30300,1
30301,1
30302,6
30304,2
30305,5
30306,0
30307,1
30308,0
30310,4
30311,4
30312,3
30313,6
30315,4
30317,2
30319,4
30320,5
30321,5
30322,4
30323,4
30324,4
30325,2
30326,6
30327,0
30328,2
30329,5
30330,4
30331,5
30332,4
30334,3
30335,5
30336,5
30337,5
30338,4
30339,2
30340,2
30341,0
30342,5
30343,3
30344,3
30346,2
30347,5
30348,0
30349,4
30350,4
30351,4
30354,4
30355,6
30356,6
30357,3
30358,0
30359,0
30360,1
30361,1
30362,2
30363,3
30365,1
30366,5
30368,4
30369,4
30370,6
30371,4
30372,4
30373,2
30374,5
30375,0
30376,0
30377,1
30378,1
30379,5
30382,2
30384,3
30385,6
30387,4
30388,4
30389,5
30391,4
30392,2
30393,4
30394,5
30395,3
30396,4
30397,0
30399,2
30400,2
30401,4
30403,0
30404,4
30405,2
30406,6
30408,6
30409,3
30410,2
30412,6
30413,1
30414,4
30415,5
30416,5
30417,5
30418,0
30419,1
30421,0
30422,4
30423,4
30424,0
30425,5
30426,1
30427,3
30428,1
30429,4
30430,4
30431,5
30432,2
30434,4
30435,0
30436,5
30437,3
30439,5
30440,2
30442,4
30443,2
30444,2
30446,4
30447,2
30448,1
30449,2
30450,3
30451,1
30452,6
30453,5
30454,2
30455,6
30456,0
30458,2
30459,4
30462,0
30463,3
30464,5
30465,2
30467,4
30469,4
30470,1
30472,0
30474,5
30475,4
30476,2
30477,2
30478,0
30480,6
30481,0
30482,5
30483,6
30484,2
30486,3
30488,6
30489,2
30490,0
30491,4
30492,0
30493,4
30494,4
30495,2
30496,3
30497,1
30498,6
30499,5
30500,3
30501,2
30503,2
30504,0
30505,0
30506,2
30507,6
30508,6
30509,5
30511,4
30512,3
30513,5
30514,2
30515,4
30516,4
30517,4
30518,5
30519,2
30522,4
30523,0
30524,3
30525,1
30527,1
30528,4
30529,2
30530,2
30531,5
30532,6
30533,6
30534,1
30535,2
30536,6
30537,2
30538,2
30539,0
30540,1
30541,2
30542,1
30544,1
30545,5
30546,0
30547,3
30548,5
30552,6
30553,5
30554,5
30555,0
30556,3
30557,1
30558,0
30560,2
30561,5
30562,2
30565,1
30567,5
30569,2
30570,4
30572,6
30573,4
30574,6
30577,2
30578,1
30579,3
30580,4
30581,2
30582,2
30583,6
30584,2
30585,2
30586,5
30587,2
30588,5
30589,5
30590,2
30592,1
30593,4
30594,5
30596,2
30597,4
30599,2
30600,5
30601,0
30602,1
30603,1
30604,3
30605,1
30606,6
30607,2
30608,2
30609,2
30610,2
30611,2
30612,0
30613,2
30614,0
30615,2
30617,4
30618,3
30619,1
30620,0
30621,6
30623,2
30624,4
30625,1
30626,1
30627,2
30628,2
30629,1
30630,0
30633,4
30634,0
30635,0
30637,2
30638,2
30639,3
30640,3
30641,1
30642,2
30643,1
30644,4
30645,5
30646,5
30647,0
30648,2
30651,1
30652,3
30653,2
30654,0
30655,1
30656,2
30658,4
30660,0
30661,1
30662,3
30663,4
30664,1
30665,0
30666,4
30667,0
30669,2
30670,1
30671,0
30672,2
30673,2
30674,4
30675,3
30676,0
30677,6
30678,1
30679,4
30680,2
30681,4
30682,2
30685,0
30687,0
30688,3
30689,0
30690,4
30692,4
30693,6
30694,0
30695,5
30696,4
30697,4
30698,5
30699,4
30700,2
30701,5
30702,1
30703,5
30705,3
30706,3
30707,3
30708,2
30709,2
30710,2
30711,6
30712,4
30713,3
30714,6
30715,0
30716,4
30717,2
30718,2
30719,2
30720,4
30722,2
30723,0
30724,4
30725,2
30726,1
30727,6
30728,4
30730,2
30731,2
30732,1
30733,4
30734,1
30736,2
30737,2
30739,5
30740,4
30741,5
30742,4
30743,4
30744,4
30745,4
30747,4
30748,2
30749,2
30751,6
30753,2
30754,0
30755,3
30756,2
30757,5
30758,0
30760,2
30762,3
30763,4
30764,6
30767,4
30770,1
30771,6
30772,5
30773,3
30774,2
30775,4
30776,0
30777,5
30778,1
30780,2
30781,2
30782,0
30783,1
30784,6
30786,4
30787,2
30789,1
30790,1
30791,3
30792,4
30793,1
30794,4
30795,2
30796,0
30797,1
30798,5
30799,2
30800,0
30801,2
30802,4
30803,4
30804,2
30805,4
30809,2
30810,4
30813,5
30814,2
30815,0
30816,1
30817,4
30818,1
30820,1
30821,5
30822,2
30823,2
30825,2
30827,4
30829,6
30830,6
30831,2
30832,1
30833,2
30834,6
30835,3
30836,5
30837,6
30838,3
30839,1
30840,2
30841,0
30842,3
30843,0
30844,1
30845,2
30846,3
30847,5
30848,2
30849,0
30850,0
30852,2
30853,6
30854,4
30855,6
30856,2
30858,5
30859,2
30860,4
30861,2
30862,1
30864,3
30865,2
30869,1
30870,4
30872,1
30873,3
30874,0
30875,3
30877,5
30878,2
30880,1
30881,2
30882,5
30884,2
30885,5
30886,0
30887,1
30888,3
30889,6
30890,2
30891,4
30892,2
30893,2
30895,3
30896,6
30897,4
30898,2
30899,4
30900,2
30901,3
30904,4
30905,3
30906,3
30907,6
30908,1
30909,4
30910,2
30911,5
30912,4
30913,4
30914,5
30915,4
30916,1
30917,3
30918,6
30919,4
30920,3
30921,2
30922,2
30925,0
30926,2
30927,3
30928,5
30929,0
30930,4
30931,3
30932,4
30933,4
30935,5
30937,4
30939,4
30940,2
30941,4
30942,3
30943,2
30944,4
30945,2
30947,1
30949,4
30950,5
30951,2
30952,4
30953,0
30954,0
30955,4
30956,4
30957,3
30960,2
30961,4
30962,6
30963,0
30964,0
30966,4
30967,0
30968,4
30969,6
30971,0
30972,0
30973,1
30974,4
30975,5
30977,2
30979,3
30980,1
30981,2
30982,2
30983,5
30984,4
30985,3
30986,0
30987,0
30988,4
30989,2
30990,5
30991,1
30992,0
30993,4
30994,4
30996,2
30997,0
31000,4
31001,6
31002,4
31003,4
31004,6
31006,1
31007,6
31008,4
31009,2
31010,4
31012,5
31014,5
31015,0
31016,2
31017,4
31018,4
31019,4
31020,2
31021,6
31022,2
31023,3
31026,0
31027,4
31028,3
31029,3
31030,3
31031,2
31032,4
31033,4
31034,2
31035,2
31036,4
31037,4
31038,5
31039,1
31040,4
31042,4
31044,5
31047,5
31048,2
31049,2
31054,0
31056,5
31057,2
31058,3
31059,2
31060,4
31061,1
31062,4
31063,4
31064,1
31065,2
31066,4
31067,2
31068,2
31069,5
31070,2
31071,2
31072,2
31073,2
31074,0
31075,1
31077,2
31078,4
31079,3
31080,5
31081,2
31082,2
31083,2
31084,4
31085,1
31086,4
31087,5
31088,2
31089,2
31090,3
31091,2
31092,5
31093,2
31096,1
31097,3
31098,5
31099,6
31100,1
31101,2
31102,1
31103,3
31104,1
31105,2
31107,2
31108,2
31109,1
31110,4
31111,2
31112,2
31113,2
31114,2
31115,1
31116,1
31117,2
31118,2
31119,4
31121,2
31122,5
31123,4
31125,2
31126,2
31127,6
31128,3
31129,0
31131,0
31132,2
31133,0
31136,6
31137,6
31138,2
31139,6
31140,1
31141,2
31142,5
31144,2
31145,2
31146,1
31147,1
31148,5
31150,4
31151,1
31152,2
31153,4
31154,6
31155,2
31157,4
31158,1
31159,2
31160,1
31161,5
31162,1
31163,2
31164,4
31165,3
31166,5
31167,2
31168,4
31169,4
31170,2
31172,4
31173,1
31174,3
31175,0
31176,5
31177,6
31178,4
31179,4
31180,5
31181,1
31183,6
31184,5
31185,1
31186,3
31188,4
31189,2
31190,3
31191,2
31193,0
31195,4
31196,0
31197,4
31198,0
31199,2
31200,4
31201,3
31202,1
31203,0
31204,5
31205,6
31206,4
31207,4
31208,5
31209,2
31210,6
31211,0
31212,4
31213,1
31214,0
31215,3
31216,6
31217,4
31218,2
31219,2
31220,1
31222,6
31223,4
31224,4
31225,6
31226,2
31227,0
31228,3
31229,5
31230,1
31231,5
31233,2
31235,4
31237,4
31239,2
31240,4
31241,5
31242,0
31243,5
31244,2
31245,2
31246,2
31247,1
31248,3
31249,4
31251,5
31253,1
31254,2
31255,4
31256,1
31257,3
31258,4
31260,4
31261,3
31262,6
31264,4
31265,2
31266,3
31267,6
31268,4
31269,1
31270,6
31271,2
31272,2
31273,6
31274,1
31275,4
31276,6
31277,1
31278,6
31279,5
31280,0
31281,2
31283,4
31284,5
31285,3
31286,5
31287,0
31288,3
31290,1
31291,2
31292,3
31294,0
31295,2
31296,6
31297,0
31298,0
31299,4
31300,1
31301,1
31303,6
31304,4
31305,4
31307,4
31309,2
31310,2
31312,4
31313,2
31314,4
31317,2
31318,2
31320,4
31321,0
31322,5
31323,0
31324,1
31325,4
31326,4
31327,1
31328,2
31329,2
31330,2
31332,4
31333,5
31334,2
31335,5
31336,4
31339,1
31341,0
31342,6
31344,0
31345,6
31346,4
31347,3
31348,1
31349,4
31350,2
31352,4
31353,5
31355,4
31356,5
31357,2
31359,5
31360,2
31362,6
31363,2
31364,4
31365,2
31367,5
31368,6
31369,2
31371,0
31372,2
31374,5
31375,3
31377,4
31378,2
31379,6
31380,4
31381,4
31383,2
31384,2
31385,6
31387,2
31388,3
31390,0
31391,2
31393,5
31394,1
31395,3
31396,0
31397,4
31398,1
31399,4
31400,4
31401,3
31402,5
31403,4
31404,2
31405,4
31406,1
31407,2
31408,2
31409,0
31410,2
31411,2
31412,1
31413,4
31415,2
31416,2
31417,2
31418,4
31419,4
31420,3
31421,3
31422,0
31423,2
31424,1
31425,2
31426,2
31429,4
31431,2
31432,4
31433,2
31435,2
31436,2
31438,3
31439,2
31441,0
31442,6
31443,3
31444,0
31445,1
31446,2
31448,4
31449,0
31450,2
31451,4
31452,3
31453,0
31454,0
31455,5
31457,6
31458,5
31459,3
31460,0
31461,4
31463,6
31464,1
31465,2
31466,6
31467,2
31468,4
31469,5
31470,4
31471,4
31472,5
31473,2
31474,5
31475,1
31476,4
31478,2
31479,4
31480,4
31481,2
31482,6
31483,4
31485,5
31486,6
31487,5
31488,6
31489,5
31490,6
31491,0
31492,5
31493,5
31494,0
31495,0
31496,4
31497,6
31498,5
31499,2
31502,5
31503,3
31504,6
31506,6
31507,2
31508,3
31509,2
31510,6
31511,4
31512,4
31513,5
31515,4
31516,1
31517,4
31519,2
31520,6
31521,3
31522,2
31523,0
31524,5
31525,1
31526,6
31527,3
31528,2
31530,5
31531,3
31532,4
31533,1
31535,4
31536,3
31537,0
31538,4
31539,6
31540,6
31541,5
31542,4
31543,4
31544,3
31545,4
31547,4
31548,1
31549,2
31552,6
31553,6
31554,6
31555,1
31556,1
31557,0
31558,5
31559,2
31560,6
31561,4
31562,2
31563,4
31564,5
31565,2
31566,4
31567,4
31568,6
31569,1
31570,6
31571,5
31572,0
31573,5
31574,2
31576,0
31577,4
31579,5
31580,6
31581,4
31582,2
31584,4
31587,5
31588,5
31589,5
31590,2
31592,2
31593,4
31594,1
31595,2
31596,4
31597,0
31598,5
31600,1
31601,6
31603,1
31605,4
31606,5
31607,5
31608,0
31610,4
31611,0
31612,6
31613,2
31614,2
31615,5
31616,3
31617,5
31618,2
31619,6
31620,1
31621,0
31622,2
31623,5
31624,6
31625,4
31626,6
31627,3
31628,0
31629,3
31630,5
31631,5
31632,4
31634,6
31635,4
31637,2
31638,4
31639,5
31641,4
31642,2
31643,2
31644,6
31645,1
31646,5
31647,6
31648,5
31649,4
31650,0
31651,4
31652,6
31653,2
31654,2
31656,4
31657,3
31658,2
31659,5
31660,6
31661,5
31662,1
31663,1
31664,2
31665,1
31666,6
31667,2
31668,2
31670,0
31671,0
31672,3
31673,3
31674,5
31675,4
31676,5
31677,2
31678,2
31679,4
31680,2
31681,4
31682,6
31683,4
31684,6
31685,3
31686,2
31687,6
31688,2
31690,2
31691,5
31692,2
31693,0
31694,4
31695,2
31696,4
31697,4
31699,2
31700,1
31701,6
31702,4
31703,5
31704,3
31705,4
31706,6
31707,0
31708,5
31709,2
31710,1
31712,3
31713,4
31714,2
31715,5
31716,2
31717,2
31718,4
31719,0
31720,5
31721,5
31722,3
31723,3
31724,2
31726,1
31727,1
31729,1
31730,2
31731,4
31732,2
31733,5
31734,0
31736,1
31737,1
31738,0
31739,3
31741,4
31742,1
31743,2
31744,4
31746,5
31747,2
31748,2
31750,5
31751,2
31752,1
31754,6
31755,2
31756,3
31757,5
31758,3
31759,6
31760,1
31761,6
31762,5
31763,0
31765,3
31766,6
31767,6
31768,4
31769,0
31770,5
31771,4
31772,5
31773,5
31774,0
31775,1
31776,5
31778,2
31779,2
31780,0
31781,1
31782,4
31783,2
31784,3
31785,0
31786,0
31787,5
31788,4
31789,0
31790,3
31793,4
31794,2
31797,4
31800,0
31801,5
31802,3
31803,2
31804,3
31807,5
31808,2
31809,4
31810,5
31811,4
31812,5
31813,2
31814,6
31815,4
31817,1
31818,4
31819,4
31821,4
31822,0
31823,1
31824,2
31826,2
31827,1
31828,6
31829,1
31830,0
31831,6
31832,2
31833,6
31834,5
31835,2
31836,6
31838,2
31839,2
31840,4
31841,4
31842,1
31843,2
31844,6
31845,4
31846,5
31847,6
31848,2
31849,6
31850,6
31851,3
31854,6
31855,3
31856,1
31859,4
31860,1
31861,6
31862,0
31863,2
31864,2
31865,6
31866,6
31867,1
31868,5
31870,6
31872,3
31873,4
31874,0
31875,1
31876,5
31877,3
31878,1
31879,2
31880,6
31881,5
31882,2
31883,1
31884,2
31886,4
31887,5
31888,5
31889,4
31890,3
31892,5
31893,4
31894,0
31896,0
31897,0
31898,5
31899,1
31900,3
31901,6
31902,2
31903,1
31904,5
31905,4
31907,4
31908,3
31909,6
31910,1
31912,1
31913,2
31915,6
31916,0
31917,6
31918,1
31919,3
31920,1
31921,2
31923,5
31924,2
31925,5
31928,1
31929,4
31930,1
31933,2
31934,4
31936,4
31937,5
31938,0
31939,5
31940,5
31941,1
31942,2
31943,0
31944,5
31945,2
31946,0
31947,3
31948,1
31949,4
31951,0
31952,5
31953,2
31954,4
31956,0
31957,0
31958,2
31959,6
31960,4
31961,0
31962,1
31963,4
31964,1
31965,2
31966,2
31969,5
31970,3
31971,1
31972,2
31974,0
31975,0
31979,3
31980,0
31981,0
31985,1
31986,5
31988,3
31990,1
31991,4
31992,4
31993,6
31994,4
31995,2
31996,6
31997,6
31999,1
32001,4
32002,1
32004,5
32005,3
32007,0
32009,2
32011,4
32012,6
32013,2
32014,4
32017,2
32018,2
32021,6
32022,5
32023,5
32025,3
32026,1
32027,3
32030,1
32031,6
32032,2
32033,4
32034,2
32035,0
32036,6
32037,5
32038,0
32039,1
32040,2
32041,6
32042,4
32043,6
32044,6
32045,0
32047,5
32049,0
32051,2
32052,5
32053,2
32054,4
32056,0
32058,3
32060,2
32062,2
32063,0
32064,6
32065,5
32066,0
32067,1
32069,1
32071,6
32072,4
32073,0
32075,5
32077,1
32078,3
32079,4
32080,0
32081,4
32082,2
32083,2
32085,1
32086,3
32088,2
32089,4
32090,0
32091,2
32092,2
32093,5
32094,4
32095,2
32096,1
32097,2
32098,1
32099,6
32100,4
32101,1
32102,0
32103,4
32104,0
32106,0
32107,4
32108,5
32110,0
32111,3
32112,0
32113,1
32114,4
32115,0
32116,0
32117,1
32118,0
32119,2
32121,2
32124,1
32125,4
32126,1
32128,2
32129,0
32130,6
32131,2
32132,0
32133,0
32136,5
32137,4
32138,0
32139,4
32140,2
32141,1
32142,0
32144,2
32145,4
32146,4
32147,2
32148,3
32149,2
32150,4
32151,3
32152,2
32153,4
32154,2
32155,2
32157,0
32160,2
32161,1
32162,5
32163,4
32164,4
32165,4
32166,6
32168,5
32169,2
32170,6
32171,5
32172,4
32173,3
32174,4
32175,4
32176,2
32177,6
32178,4
32179,2
32180,4
32181,4
32182,3
32183,2
32185,3
32187,1
32188,4
32189,4
32190,4
32192,6
32193,4
32194,3
32195,4
32196,2
32199,2
32200,3
32201,2
32202,1
32203,5
32204,3
32205,2
32206,4
32207,1
32208,0
32209,6
32210,6
32211,2
32212,5
32213,4
32214,6
32215,4
32216,4
32217,1
32218,0
32219,2
32221,6
32222,0
32223,4
32224,1
32226,6
32229,1
32230,2
32231,4
32232,0
32233,6
32234,2
32235,2
32237,2
32238,5
32239,0
32240,0
32241,2
32243,2
32244,1
32245,5
32246,2
32247,4
32248,0
32250,1
32251,0
32252,1
32255,4
32256,3
32257,5
32258,2
32259,3
32260,4
32261,5
32262,2
32263,3
32264,5
32265,0
32266,2
32267,4
32268,2
32269,4
32270,4
32271,3
32272,0
32273,2
32274,4
32275,5
32276,5
32277,5
32278,5
32279,5
32280,5
32281,4
32282,5
32283,3
32284,0
32285,2
32286,4
32287,2
32288,1
32289,4
32291,1
32292,2
32293,5
32294,4
32295,2
32297,6
32298,2
32299,2
32300,0
32301,4
32302,6
32303,2
32306,5
32308,2
32309,2
32310,6
32311,2
32312,0
32316,1
32317,0
32318,6
32320,5
32321,4
32322,2
32323,6
32324,4
32325,5
32326,2
32327,5
32328,2
32329,1
32332,4
32333,0
32334,2
32335,2
32337,3
32338,5
32339,3
32341,6
32342,6
32343,0
32344,4
32345,3
32346,2
32348,1
32349,1
32350,5
32351,1
32352,2
32353,2
32354,4
32355,4
32356,6
32357,5
32358,0
32359,3
32360,0
32361,5
32362,1
32363,2
32365,6
32366,5
32367,4
32369,1
32370,1
32371,6
32372,1
32374,2
32375,1
32376,5
32377,2
32378,6
32379,2
32380,5
32381,2
32382,1
32383,5
32384,3
32387,4
32388,4
32390,2
32391,3
32392,6
32393,2
32394,4
32396,4
32398,1
32399,2
32400,1
32401,2
32402,1
32405,0
32407,6
32408,2
32409,0
32411,2
32412,3
32415,4
32416,1
32417,4
32419,2
32420,3
32421,2
32422,2
32423,2
32424,6
32425,0
32426,4
32427,3
32428,0
32429,5
32430,4
32431,4
32432,5
32433,6
32434,5
32435,5
32436,4
32437,1
32438,5
32439,4
32440,2
32442,5
32443,2
32446,3
32447,5
32448,4
32451,2
32452,2
32453,4
32455,2
32456,0
32458,3
32460,1
32462,5
32463,3
32464,4
32465,3
32466,4
32467,2
32468,2
32469,2
32470,6
32471,2
32472,5
32473,1
32474,3
32475,1
32476,0
32479,5
32480,0
32481,0
32482,4
32483,6
32484,2
32485,4
32486,3
32487,5
32488,2
32489,2
32490,2
32491,5
32492,1
32493,4
32494,0
32495,1
32497,4
32498,2
32499,2
32500,2
32501,2
32502,2
32503,1
32504,5
32506,4
32507,2
32508,4
32511,3
32512,2
32514,5
32515,5
32516,2
32517,0
32518,5
32521,5
32522,2
32524,2
32525,2
32526,5
32527,4
32529,6
32530,2
32531,2
32532,4
32533,5
32534,5
32535,4
32536,1
32537,1
32538,2
32539,6
32540,2
32542,1
32543,4
32544,2
32545,5
32546,3
32548,2
32549,2
32550,2
32551,6
32552,0
32553,5
32555,5
32556,3
32558,4
32559,5
32560,5
32561,4
32562,3
32563,4
32565,4
32566,4
32567,5
32568,0
32569,1
32570,5
32571,4
32572,3
32573,0
32574,2
32575,4
32576,5
32577,0
32578,2
32579,1
32580,4
32581,2
32582,1
32583,0
32584,2
32586,6
32587,2
32588,2
32589,5
32590,4
32591,2
32592,4
32594,1
32595,2
32597,2
32598,4
32599,2
32600,2
32601,0
32602,4
32603,2
32604,3
32606,4
32607,2
32609,2
32610,2
32611,0
32612,2
32613,4
32614,4
32615,6
32616,4
32617,2
32618,2
32619,4
32621,3
32622,4
32623,4
32624,1
32625,1
32626,2
32628,2
32629,5
32630,3
32631,6
32632,3
32633,0
32634,3
32635,2
32636,4
32637,4
32638,4
32639,6
32641,4
32642,1
32643,6
32644,3
32645,2
32646,3
32647,2
32650,2
32651,2
32652,2
32653,1
32656,2
32657,4
32658,2
32661,4
32662,2
32663,5
32665,3
32667,3
32668,5
32669,1
32671,1
32672,3
32674,0
32675,4
32676,2
32677,5
32679,2
32680,0
32682,2
32683,3
32684,5
32685,4
32686,6
32687,0
32688,6
32692,6
32693,4
32694,0
32695,2
32696,0
32697,5
32698,4
32699,4
32700,2
32702,2
32703,0
32704,1
32705,4
32706,4
32707,4
32708,2
32709,5
32710,4
32711,6
32712,4
32713,2
32714,0
32716,1
32717,2
32718,0
32720,5
32721,5
32722,0
32723,5
32724,5
32726,2
32727,1
32728,4
32729,5
32730,5
32731,4
32732,5
32733,6
32734,0
32735,1
32736,3
32737,0
32738,2
32739,1
32740,4
32741,4
32742,5
32743,5
32744,2
32745,4
32746,2
32748,4
32749,2
32750,6
32751,4
32752,1
32754,1
32755,4
32758,2
32760,0
32761,0
32763,3
32764,5
32765,3
32766,4
32768,6
32769,2
32770,2
32771,4
32772,4
32773,6
32775,6
32776,4
32777,4
32779,2
32780,3
32783,0
32784,0
32785,0
32786,2
32787,6
32788,4
32789,0
32790,2
32791,1
32794,0
32795,1
32796,6
32797,2
32799,1
32800,4
32802,4
32804,2
32805,0
32806,6
32807,0
32810,2
32811,6
32812,3
32814,2
32815,0
32816,0
32817,6
32818,4
32819,3
32820,2
32821,3
32822,2
32823,2
32825,4
32826,3
32828,4
32829,2
32830,2
32831,1
32832,2
32833,4
32834,4
32835,2
32836,4
32837,4
32838,1
32839,6
32840,4
32841,4
32842,4
32843,0
32844,2
32845,2
32846,1
32847,4
32848,4
32849,5
32850,4
32851,6
32852,1
32853,3
32854,5
32855,3
32856,4
32858,5
32859,4
32860,4
32861,1
32862,1
32863,4
32865,2
32867,2
32868,2
32869,0
32870,2
32871,0
32872,0
32873,6
32874,6
32875,0
32876,1
32877,2
32878,2
32879,6
32881,5
32882,4
32883,0
32884,0
32885,0
32886,4
32887,0
32889,4
32890,5
32891,1
32892,2
32893,3
32894,1
32895,6
32896,6
32897,1
32898,4
32899,1
32900,3
32901,2
32902,2
32904,3
32905,2
32906,4
32908,6
32909,4
32910,3
32911,2
32912,2
32913,4
32914,3
32915,0
32916,6
32917,2
32919,2
32921,1
32922,2
32923,1
32924,5
32925,0
32926,3
32927,3
32928,5
32931,5
32932,1
32933,2
32935,2
32940,2
32941,6
32942,4
32943,4
32944,5
32945,5
32946,4
32948,5
32949,1
32950,1
32951,2
32952,4
32953,4
32954,3
32955,2
32956,1
32957,2
32958,5
32959,0
32962,2
32963,6
32964,6
32965,6
32966,5
32967,1
32968,2
32970,5
32972,1
32973,2
32974,0
32975,5
32976,2
32978,2
32979,6
32981,1
32982,2
32983,5
32984,5
32985,2
32986,5
32989,4
32990,2
32991,0
32992,2
32993,4
32994,4
32996,4
32999,4
33000,4
33001,2
33002,5
33003,0
33006,2
33008,4
33009,4
33010,5
33011,0
33012,2
33013,5
33015,4
33016,2
33017,0
33018,4
33020,3
33022,2
33023,4
33025,3
33028,5
33029,4
33030,6
33033,2
33035,4
33036,0
33037,1
33038,1
33039,2
33041,2
33043,6
33044,3
33045,2
33046,4
33047,2
33048,2
33049,6
33050,6
33052,3
33054,4
33055,4
33056,5
33057,4
33058,0
33059,5
33060,4
33061,3
33062,4
33063,4
33064,1
33065,6
33067,3
33068,0
33069,4
33071,2
33073,5
33074,4
33075,2
33076,4
33080,0
33081,2
33082,4
33085,1
33086,3
33087,5
33088,4
33089,5
33090,6
33092,5
33095,4
33097,6
33098,6
33099,5
33100,5
33101,4
33102,6
33103,1
33104,5
33105,4
33106,6
33108,5
33109,2
33110,2
33111,4
33112,5
33113,5
33115,5
33116,2
33117,1
33119,1
33122,3
33123,1
33124,3
33125,2
33127,1
33128,3
33129,0
33131,6
33132,5
33133,2
33134,2
33136,0
33137,5
33139,3
33140,0
33141,2
33142,2
33143,6
33144,3
33145,5
33146,2
33148,2
33149,6
33150,5
33152,2
33153,5
33154,2
33155,5
33156,4
33158,5
33159,5
33160,3
33162,4
33163,2
33164,0
33165,1
33167,2
33168,4
33169,6
33170,3
33171,4
33172,3
33174,5
33175,2
33176,5
33177,6
33179,3
33181,5
33182,4
33184,4
33185,0
33186,4
33187,2
33188,5
33189,2
33192,4
33195,0
33196,6
33198,0
33199,5
33200,5
33201,0
33203,4
33204,4
33205,2
33206,0
33207,2
33209,4
33210,3
33211,4
33212,2
33213,5
33214,2
33215,6
33216,1
33217,0
33218,3
33219,1
33220,6
33221,6
33222,3
33223,2
33224,0
33225,2
33226,2
33227,5
33228,2
33229,6
33230,2
33231,2
33232,4
33233,0
33234,2
33235,1
33238,4
33239,1
33240,1
33241,4
33242,1
33243,5
33245,2
33246,4
33247,1
33248,5
33249,0
33251,2
33252,3
33253,6
33254,5
33255,4
33256,1
33257,2
33258,1
33260,2
33261,1
33263,0
33264,6
33265,2
33266,1
33267,1
33270,4
33271,5
33272,2
33273,4
33274,5
33275,1
33276,2
33277,2
33279,2
33280,4
33281,2
33282,1
33283,5
33284,2
33285,2
33286,4
33287,5
33288,4
33289,4
33291,4
33292,4
33294,1
33296,5
33297,1
33301,5
33302,4
33303,3
33304,2
33305,0
33306,2
33308,6
33309,4
33311,0
33312,5
33313,2
33314,2
33315,2
33316,5
33317,2
33318,3
33319,6
33320,2
33321,4
33323,4
33324,4
33325,4
33327,1
33329,5
33330,2
33331,0
33332,2
33333,2
33334,4
33335,0
33336,1
33338,0
33339,2
33340,4
33342,1
33343,4
33344,1
33345,1
33346,2
33348,3
33349,4
33350,4
33352,2
33353,2
33355,5
33357,5
33358,3
33359,2
33360,3
33361,2
33362,4
33363,4
33364,2
33365,0
33366,5
33367,4
33369,0
33370,1
33371,2
33372,3
33373,2
33375,6
33376,1
33377,2
33378,2
33379,6
33380,2
33382,4
33383,6
33384,5
33386,0
33387,4
33388,3
33391,1
33393,2
33394,3
33397,2
33398,4
33400,4
33401,3
33403,4
33404,2
33406,5
33407,4
33408,4
33410,0
33411,0
33412,1
33413,2
33414,4
33415,0
33416,0
33417,4
33418,6
33419,1
33420,4
33421,2
33422,3
33423,4
33424,6
33425,0
33426,5
33427,2
33428,4
33429,4
33430,6
33431,4
33432,2
33433,0
33435,4
33436,0
33437,2
33438,4
33439,5
33440,6
33441,2
33443,6
33445,0
33446,2
33447,5
33448,2
33449,4
33451,2
33452,4
33453,1
33454,4
33455,4
33456,4
33457,4
33458,6
33459,4
33460,2
33461,5
33463,6
33464,2
33465,4
33466,2
33467,2
33468,5
33469,2
33470,1
33471,2
33472,2
33474,2
33475,5
33476,1
33477,6
33478,2
33479,1
33480,5
33481,2
33483,6
33484,0
33486,6
33487,6
33489,3
33490,5
33494,5
33495,3
33496,0
33497,4
33498,6
33499,4
33502,4
33503,2
33505,1
33506,2
33507,2
33510,1
33511,0
33512,4
33513,2
33514,1
33515,1
33516,6
33517,4
33519,1
33520,5
33521,4
33522,2
33523,5
33524,6
33525,3
33526,5
33527,1
33528,2
33529,4
33530,4
33531,4
33532,2
33533,4
33535,3
33536,5
33538,0
33539,6
33540,4
33541,5
33542,3
33543,5
33544,5
33546,5
33547,6
33548,4
33549,5
33550,0
33551,5
33552,5
33554,1
33555,6
33556,4
33559,0
33560,1
33561,1
33562,1
33563,3
33564,0
33565,4
33566,3
33567,4
33570,5
33571,4
33572,5
33573,6
33574,4
33575,1
33577,5
33578,2
33579,2
33580,4
33581,4
33582,2
33583,6
33584,4
33585,5
33586,0
33587,3
33588,4
33589,2
33590,2
33591,4
33592,4
33593,2
33594,5
33595,0
33596,2
33597,5
33598,5
33599,4
33600,5
33601,6
33602,0
33603,2
33604,2
33605,4
33606,2
33607,4
33608,0
33609,5
33610,0
33611,5
33612,2
33613,2
33614,3
33615,0
33616,0
33618,2
33619,5
33620,2
33624,2
33626,5
33627,2
33628,5
33629,1
33630,2
33631,5
33632,5
33633,3
33635,4
33636,2
33637,4
33638,1
33639,2
33640,2
33641,5
33642,2
33643,6
33644,1
33645,4
33646,5
33647,6
33648,6
33649,2
33650,4
33651,2
33652,4
33654,3
33655,0
33656,2
33657,4
33658,6
33659,1
33660,6
33661,6
33662,3
33663,4
33664,0
33665,1
33666,2
33667,1
33668,4
33669,3
33671,2
33672,2
33673,5
33674,2
33676,2
33677,2
33678,4
33679,4
33680,5
33681,3
33683,4
33684,4
33685,4
33686,1
33688,6
33689,2
33690,0
33691,2
33692,0
33693,3
33694,4
33695,6
33696,0
33697,0
33698,3
33699,2
33700,4
33701,4
33702,5
33703,2
33704,1
33705,6
33706,2
33707,3
33709,4
33710,1
33711,5
33713,5
33714,4
33715,2
33716,4
33717,5
33718,3
33719,4
33720,2
33721,2
33722,2
33723,5
33724,4
33725,2
33726,1
33727,4
33729,6
33730,4
33731,2
33732,0
33733,0
33734,2
33735,2
33736,2
33737,1
33739,2
33740,0
33744,2
33745,2
33746,5
33747,2
33749,5
33750,2
33751,5
33752,0
33753,4
33754,4
33756,2
33757,4
33758,6
33759,6
33760,3
33761,5
33762,0
33763,1
33764,4
33765,6
33766,1
33767,6
33768,4
33769,6
33770,6
33772,2
33773,5
33774,6
33775,5
33776,2
33777,6
33778,6
33779,2
33780,2
33781,4
33782,2
33783,4
33785,4
33786,3
33787,3
33788,2
33790,2
33791,5
33792,6
33793,2
33794,0
33795,1
33796,0
33797,1
33798,2
33800,6
33802,2
33804,2
33805,3
33807,4
33808,5
33809,4
33810,1
33811,3
33812,1
33813,2
33814,2
33815,5
33816,2
33817,3
33818,1
33819,4
33820,4
33821,4
33822,6
33823,4
33826,4
33827,3
33828,4
33829,1
33830,5
33831,4
33832,4
33833,3
33834,2
33835,1
33836,6
33837,3
33838,2
33839,2
33840,4
33841,0
33843,4
33844,2
33845,6
33847,2
33848,4
33849,6
33850,4
33852,5
33853,1
33854,4
33855,4
33856,5
33858,6
33859,4
33860,4
33861,1
33862,2
33863,4
33865,2
33866,2
33867,2
33868,4
33869,2
33870,2
33871,2
33872,4
33873,1
33874,2
33875,4
33876,4
33877,6
33879,1
33880,4
33881,6
33882,6
33883,4
33884,3
33886,0
33887,2
33888,4
33889,4
33890,6
33891,1
33892,1
33893,4
33894,2
33896,2
33897,3
33899,5
33900,5
33901,4
33903,1
33905,3
33907,4
33908,2
33910,1
33911,4
33912,6
33913,2
33915,3
33916,0
33918,2
33921,2
33922,4
33923,5
33924,4
33926,1
33927,5
33928,2
33930,2
33931,5
33932,1
33933,4
33935,0
33936,4
33937,5
33938,1
33939,4
33940,4
33941,0
33942,1
33943,4
33944,4
33945,0
33947,1
33948,2
33951,2
33952,4
33953,0
33954,3
33957,2
33958,2
33959,4
33960,5
33962,6
33964,3
33965,6
33966,0
33967,3
33968,4
33969,1
33970,4
33971,3
33972,6
33974,2
33975,6
33976,1
33977,6
33978,2
33979,5
33980,2
33981,4
33985,2
33986,2
33987,3
33988,2
33989,4
33990,2
33992,2
33993,2
33994,2
33997,4
33998,1
33999,4
34000,0
34002,1
34003,5
34004,2
34005,3
34006,4
34008,2
34009,4
34012,4
34013,4
34014,2
34015,1
34016,1
34017,6
34018,2
34019,3
34020,5
34022,2
34023,2
34025,2
34027,2
34028,4
34029,4
34030,2
34031,1
34033,1
34035,2
34037,1
34038,4
34039,0
34040,1
34041,6
34042,2
34043,4
34044,4
34045,1
34046,4
34047,3
34050,5
34052,1
34054,3
34056,3
34057,2
34059,0
34060,3
34061,6
34063,3
34064,2
34065,6
34066,6
34067,2
34068,0
34069,5
34071,3
34072,5
34073,1
34074,4
34075,5
34076,3
34077,2
34078,6
34079,6
34080,2
34082,4
34083,3
34084,0
34085,2
34086,4
34087,6
34089,5
34091,2
34092,6
34093,1
34094,4
34096,0
34098,3
34099,5
34100,4
34101,2
34103,4
34107,4
34108,1
34109,0
34112,2
34113,2
34115,2
34116,4
34119,2
34120,4
34122,4
34124,4
34125,2
34126,1
34128,4
34129,3
34130,2
34131,6
34132,3
34133,1
34134,4
34135,5
34136,4
34137,0
34138,2
34141,0
34142,4
34145,2
34146,4
34147,6
34148,3
34150,0
34151,2
34152,3
34153,4
34154,4
34155,2
34156,2
34158,4
34159,5
34160,5
34162,6
34163,2
34164,2
34165,1
34166,6
34167,5
34169,0
34170,4
34171,4
34172,1
34174,5
34176,5
34177,6
34178,0
34179,2
34180,1
34182,2
34183,2
34184,5
34185,4
34186,5
34187,4
34188,1
34189,2
34190,5
34192,2
34195,2
34196,2
34197,2
34199,5
34201,5
34202,4
34203,4
34204,4
34205,5
34206,2
34208,6
34209,2
34210,1
34211,0
34212,2
34213,2
34214,6
34215,1
34216,5
34217,6
34218,6
34219,4
34220,3
34221,6
34222,1
34223,4
34224,2
34225,2
34226,0
34227,2
34228,5
34230,0
34231,5
34233,3
34234,1
34235,2
34236,3
34237,0
34238,2
34239,4
34240,2
34241,4
34243,5
34246,0
34247,2
34248,5
34249,2
34250,6
34251,2
34252,1
34253,0
34254,1
34256,3
34257,0
34258,5
34259,3
34260,6
34262,2
34265,5
34266,2
34267,3
34268,0
34269,0
34270,0
34271,5
34272,3
34273,5
34274,4
34277,4
34278,3
34279,4
34280,4
34281,1
34283,4
34286,0
34287,2
34290,5
34291,6
34293,2
34295,4
34296,2
34297,4
34298,2
34300,3
34301,2
34303,6
34304,1
34305,2
34306,2
34308,2
34309,3
34310,3
34312,0
34313,2
34314,5
34315,6
34317,1
34318,0
34319,1
34320,5
34322,4
34323,5
34324,5
34325,2
34326,3
34327,1
34328,1
34329,2
34330,3
34331,5
34332,2
34334,2
34335,1
34336,5
34337,4
34338,5
34339,3
34341,5
34342,2
34343,6
34344,6
34345,4
34346,2
34347,4
34348,0
34349,5
34350,2
34351,4
34352,4
34353,0
34354,4
34356,4
34357,4
34358,0
34359,1
34360,3
34361,0
34363,5
34364,4
34365,0
34366,0
34367,2
34368,1
34369,2
34370,1
34371,4
34372,3
34374,5
34375,4
34376,4
34377,6
34378,2
34379,4
34381,1
34383,5
34384,4
34385,2
34386,3
34389,2
34391,6
34392,4
34393,6
34394,2
34395,1
34396,1
34397,2
34398,4
34399,2
34400,1
34401,0
34405,1
34406,2
34408,3
34409,3
34410,3
34411,2
34413,0
34414,5
34415,4
34416,2
34419,2
34420,4
34422,2
34423,2
34425,1
34426,4
34427,4
34428,4
34429,5
34431,2
34432,2
34433,2
34434,1
34435,0
34436,5
34437,4
34438,4
34439,5
34441,1
34442,2
34443,6
34444,4
34445,4
34446,5
34447,5
34448,2
34450,2
34451,3
34452,2
34453,5
34454,0
34455,2
34456,4
34457,4
34458,6
34459,5
34461,6
34462,2
34463,0
34464,2
34465,3
34466,5
34467,4
34469,0
34470,4
34471,5
34472,5
34473,4
34474,6
34475,3
34477,5
34479,4
34480,2
34481,6
34482,4
34483,2
34485,6
34486,4
34487,5
34488,0
34490,2
34492,6
34493,6
34494,3
34495,3
34496,4
34497,4
34498,3
34499,5
34500,6
34501,2
34502,4
34503,2
34504,4
34505,5
34506,2
34508,4
34509,1
34511,4
34513,0
34514,0
34515,1
34516,2
34517,3
34518,6
34519,0
34520,5
34521,5
34522,2
34524,0
34525,2
34526,5
34527,6
34528,4
34529,4
34531,4
34532,5
34534,1
34535,1
34537,4
34539,3
34540,6
34541,4
34542,4
34543,2
34544,2
34546,4
34547,4
34549,5
34550,4
34551,1
34552,2
34554,2
34556,2
34557,0
34558,5
34560,2
34561,1
34562,4
34563,1
34564,1
34565,4
34566,0
34567,6
34568,5
34569,4
34570,5
34571,4
34573,5
34575,1
34576,2
34578,3
34579,4
34580,5
34581,0
34582,2
34583,0
34584,4
34585,2
34586,0
34587,1
34588,5
34589,6
34590,0
34592,2
34594,5
34595,3
34597,5
34598,4
34600,2
34601,1
34602,4
34603,1
34604,0
34605,2
34606,0
34607,2
34608,1
34609,2
34610,2
34612,5
34613,3
34614,3
34615,5
34616,1
34617,4
34618,4
34619,5
34620,2
34621,4
34622,5
34624,2
34625,3
34626,6
34627,1
34628,1
34629,3
34630,6
34631,6
34632,4
34634,1
34635,1
34636,5
34638,3
34639,4
34640,2
34641,5
34642,2
34643,6
34644,6
34645,4
34646,2
34647,3
34649,4
34650,5
34652,1
34653,4
34654,4
34655,4
34656,1
34657,2
34659,4
34661,5
34662,5
34666,6
34667,4
34668,5
34669,2
34670,5
34671,6
34672,4
34674,1
34676,4
34677,3
34679,3
34680,1
34682,1
34683,0
34684,2
34685,6
34686,2
34687,2
34688,4
34689,3
34690,0
34691,4
34692,2
34693,2
34694,4
34696,5
34697,2
34698,2
34699,0
34700,4
34701,6
34702,2
34703,5
34704,2
34705,4
34706,6
34707,1
34708,0
34709,2
34711,6
34712,2
34713,1
34714,4
34715,1
34716,2
34718,6
34719,0
34720,5
34721,2
34722,4
34723,0
34724,3
34725,4
34728,6
34730,6
34731,4
34733,0
34734,0
34735,3
34736,2
34737,4
34738,4
34739,0
34740,1
34741,6
34743,4
34744,2
34745,2
34747,4
34748,2
34749,2
34750,3
34751,2
34753,0
34754,4
34755,4
34756,4
34757,4
34758,0
34759,2
34761,0
34762,5
34763,2
34764,4
34765,4
34766,0
34767,6
34768,0
34770,4
34772,6
34773,2
34774,2
34776,2
34777,0
34778,5
34779,2
34780,2
34781,2
34782,0
34783,4
34784,4
34785,3
34787,5
34788,4
34789,1
34790,5
34791,4
34793,5
34794,1
34795,5
34796,3
34797,6
34798,3
34799,5
34800,2
34801,4
34802,1
34803,3
34804,3
34805,2
34806,0
34807,0
34808,4
34809,4
34810,4
34811,5
34812,0
34814,0
34815,0
34816,5
34817,0
34818,6
34819,3
34820,3
34821,6
34822,4
34823,1
34824,5
34825,4
34826,5
34827,0
34830,1
34831,2
34833,2
34834,4
34835,0
34836,6
34837,4
34838,6
34839,2
34840,4
34841,2
34843,4
34844,4
34845,0
34846,5
34847,0
34848,5
34849,2
34850,5
34851,6
34852,6
34853,4
34854,2
34855,2
34857,4
34858,6
34859,2
34860,0
34861,4
34862,4
34863,5
34864,1
34866,4
34867,3
34869,2
34870,1
34871,5
34872,2
34873,1
34874,2
34875,5
34876,4
34877,2
34878,0
34879,2
34880,5
34881,6
34882,2
34883,2
34884,4
34885,1
34886,2
34887,2
34888,2
34889,6
34890,4
34891,6
34892,2
34893,2
34894,5
34895,4
34897,6
34898,3
34899,0
34900,4
34902,3
34903,2
34904,0
34905,2
34906,3
34908,4
34909,2
34910,5
34912,4
34913,1
34914,2
34915,6
34916,2
34917,4
34918,0
34919,5
34920,4
34921,4
34923,4
34924,2
34925,5
34926,2
34927,2
34928,4
34929,4
34930,5
34931,0
34932,6
34933,4
34935,0
34936,1
34937,2
34939,6
34941,5
34942,3
34943,2
34944,2
34945,1
34946,0
34947,2
34949,4
34950,5
34951,5
34952,4
34953,3
34954,5
34955,4
34956,5
34957,3
34958,6
34959,4
34960,5
34961,1
34962,2
34963,0
34964,4
34965,1
34966,4
34967,3
34968,1
34969,4
34970,1
34971,0
34972,2
34973,6
34974,6
34975,6
34977,4
34978,0
34979,4
34980,2
34981,2
34982,4
34983,2
34985,1
34986,5
34987,2
34988,2
34989,3
34990,2
34991,2
34992,2
34993,4
34994,2
34995,3
34996,1
34998,5
34999,6
35000,4
35001,4
35002,0
35003,2
35004,0
35005,6
35006,4
35007,6
35008,0
35009,4
35010,4
35011,2
35012,2
35013,2
35014,0
35015,2
35016,4
35017,1
35018,4
35019,5
35020,4
35021,0
35022,1
35023,2
35024,2
35025,1
35026,2
35027,1
35028,5
35029,5
35030,2
35033,4
35034,4
35035,3
35037,2
35038,3
35039,6
35040,5
35041,4
35042,1
35043,3
35044,0
35045,5
35046,5
35047,5
35048,5
35049,4
35050,2
35051,6
35053,4
35055,4
35057,5
35059,6
35060,5
35061,2
35062,4
35063,4
35064,2
35065,5
35066,6
35067,2
35068,3
35069,6
35070,3
35072,2
35073,3
35074,1
35075,3
35076,0
35077,1
35078,2
35079,6
35081,1
35082,4
35083,4
35084,5
35086,1
35087,4
35088,4
35089,2
35090,5
35091,5
35092,0
35093,4
35094,0
35095,5
35096,2
35097,1
35098,3
35099,4
35100,4
35101,2
35103,2
35105,3
35106,0
35107,5
35108,3
35109,5
35111,6
35112,3
35113,0
35114,5
35115,6
35116,1
35117,1
35118,4
35119,0
35121,1
35122,2
35123,2
35124,2
35126,4
35127,4
35128,5
35129,4
35131,5
35132,6
35133,0
35134,6
35135,2
35137,4
35138,4
35140,1
35141,4
35142,5
35143,5
35144,2
35145,3
35146,0
35147,2
35148,4
35150,3
35151,1
35152,2
35153,5
35154,5
35155,3
35156,1
35157,6
35158,2
35159,2
35162,0
35163,4
35164,4
35165,2
35167,0
35168,0
35170,5
35172,5
35173,4
35174,5
35175,2
35177,0
35178,3
35180,3
35181,2
35182,3
35183,5
35184,2
35186,4
35189,2
35191,4
35192,5
35193,5
35194,6
35195,5
35196,4
35197,3
35198,4
35199,5
35200,4
35202,4
35204,0
35205,5
35206,4
35208,2
35209,2
35210,4
35211,4
35212,0
35213,2
35214,4
35216,5
35217,0
35219,5
35220,3
35222,1
35223,2
35224,1
35226,0
35227,3
35228,4
35229,4
35230,6
35231,3
35232,5
35234,4
35235,3
35236,6
35237,6
35239,0
35240,2
35241,3
35242,5
35243,6
35244,5
35245,5
35246,5
35247,6
35248,2
35249,5
35250,4
35251,6
35252,5
35253,1
35254,3
35255,4
35256,4
35257,3
35260,6
35262,6
35263,6
35264,1
35265,1
35266,4
35268,1
35270,4
35271,0
35272,3
35275,4
35276,3
35279,5
35281,4
35282,3
35283,4
35285,3
35287,6
35288,2
35289,0
35290,0
35291,2
35292,6
35293,3
35294,4
35295,2
35296,2
35297,0
35298,3
35299,5
35300,1
35302,6
35303,2
35304,1
35306,2
35307,5
35308,5
35309,2
35310,4
35311,3
35312,5
35313,2
35314,0
35315,5
35316,2
35317,5
35318,1
35319,3
35321,1
35323,6
35324,5
35325,2
35326,1
35327,2
35328,5
35329,5
35330,2
35331,1
35333,4
35334,4
35335,4
35336,3
35337,4
35338,2
35339,1
35340,4
35341,4
35342,1
35343,4
35344,1
35346,5
35347,4
35350,2
35351,5
35353,1
35354,5
35356,1
35358,3
35361,1
35363,2
35364,2
35365,6
35367,0
35368,5
35369,3
35370,6
35371,4
35372,0
35373,6
35374,0
35375,4
35376,1
35377,0
35378,2
35379,4
35380,0
35381,2
35383,5
35384,1
35385,1
35386,1
35387,3
35389,1
35390,0
35391,2
35393,4
35395,5
35396,4
35397,2
35399,2
35400,4
35401,5
35402,5
35404,6
35405,4
35406,0
35407,2
35409,1
35410,4
35412,5
35413,4
35414,4
35415,2
35416,2
35417,1
35418,3
35419,3
35420,1
35421,5
35423,1
35424,5
35425,5
35426,1
35427,2
35428,3
35429,6
35430,2
35431,3
35432,2
35433,4
35434,3
35436,2
35437,4
35438,5
35439,4
35440,4
35441,2
35442,2
35444,5
35445,0
35446,1
35447,1
35448,0
35450,6
35451,0
35452,5
35453,3
35454,0
35455,1
35456,2
35457,4
35458,2
35459,2
35460,4
35461,4
35462,2
35463,6
35464,0
35465,0
35466,3
35467,0
35468,0
35469,6
35470,5
35471,5
35473,4
35475,1
35477,1
35478,0
35479,5
35480,1
35481,2
35483,2
35484,4
35485,2
35486,5
35487,2
35488,6
35489,4
35490,6
35491,4
35492,5
35493,4
35495,1
35497,2
35499,1
35500,1
35501,4
35502,2
35503,2
35505,0
35506,4
35508,2
35509,0
35510,5
35511,5
35512,6
35513,2
35515,0
35516,6
35517,6
35519,0
35520,4
35521,2
35523,6
35525,2
35526,4
35527,2
35528,4
35529,2
35530,2
35531,1
35532,2
35533,6
35535,4
35536,2
35537,4
35538,0
35539,4
35540,0
35541,4
35542,6
35543,6
35544,4
35545,1
35548,2
35549,2
35551,5
35552,5
35553,2
35554,6
35556,4
35557,0
35558,6
35559,4
35560,1
35561,5
35562,2
35563,5
35564,2
35566,2
35567,2
35568,4
35569,2
35570,6
35571,2
35572,0
35574,4
35575,1
35576,2
35579,2
35580,1
35581,2
35582,5
35583,3
35584,5
35586,1
35589,6
35590,4
35591,2
35592,4
35593,2
35594,4
35595,4
35596,6
35599,4
35600,2
35602,1
35603,2
35604,5
35605,0
35606,4
35607,2
35608,4
35609,2
35610,4
35611,5
35612,3
35614,3
35617,5
35618,1
35619,0
35620,2
35621,2
35623,2
35624,3
35625,5
35626,2
35627,1
35629,6
35632,3
35633,0
35634,4
35635,2
35636,2
35637,1
35638,4
35639,5
35640,4
35641,3
35642,2
35644,2
35645,2
35647,5
35648,4
35649,1
35650,2
35654,3
35656,0
35657,2
35658,6
35659,4
35661,4
35662,2
35663,0
35666,5
35667,5
35668,3
35669,4
35670,0
35671,5
35672,5
35673,3
35674,5
35675,2
35676,4
35678,0
35679,1
35680,2
35682,5
35684,2
35685,1
35686,0
35688,2
35689,2
35690,6
35691,5
35692,6
35693,4
35694,1
35696,2
35697,4
35698,0
35699,1
35700,6
35701,4
35702,2
35703,4
35704,0
35705,2
35707,3
35709,5
35710,6
35711,4
35712,5
35713,5
35714,4
35715,2
35718,4
35721,5
35722,5
35723,6
35724,4
35725,1
35726,1
35727,6
35728,1
35729,3
35730,2
35731,2
35732,3
35734,2
35735,0
35736,1
35737,4
35738,5
35740,4
35741,4
35742,3
35743,1
35745,5
35747,4
35748,6
35749,2
35750,0
35751,3
35752,4
35753,2
35754,4
35755,5
35756,6
35757,3
35758,2
35760,0
35761,2
35762,1
35764,4
35765,0
35766,2
35767,2
35768,4
35769,5
35770,3
35772,2
35773,4
35774,2
35775,6
35776,0
35777,2
35778,1
35779,2
35780,3
35781,4
35782,2
35786,4
35789,4
35790,1
35791,2
35793,0
35794,5
35795,1
35796,3
35797,6
35798,2
35799,0
35800,3
35801,0
35802,2
35803,0
35804,6
35805,2
35806,6
35807,1
35808,2
35809,3
35810,2
35813,1
35814,2
35815,4
35816,5
35817,5
35818,3
35819,4
35820,0
35821,2
35822,4
35823,6
35824,4
35826,4
35827,0
35828,6
35829,4
35831,2
35832,5
35833,4
35835,0
35837,6
35838,5
35839,4
35840,6
35841,2
35842,4
35843,4
35844,5
35845,4
35846,1
35848,6
35850,4
35851,2
35853,2
35854,4
35855,1
35857,5
35858,6
35859,0
35860,4
35861,5
35862,4
35863,5
35864,6
35865,2
35866,2
35867,5
35868,4
35869,3
35870,4
35871,5
35872,5
35873,1
35874,5
35875,0
35876,5
35877,3
35880,4
35881,6
35882,4
35883,6
35884,6
35885,1
35886,0
35887,6
35888,2
35889,6
35891,1
35893,2
35894,3
35895,4
35897,4
35898,5
35899,2
35900,1
35901,1
35902,3
35903,4
35904,4
35907,1
35908,2
35909,5
35911,6
35912,6
35914,0
35915,1
35916,4
35917,2
35918,1
35919,0
35920,2
35921,1
35922,6
35923,0
35924,4
35925,4
35927,0
35928,5
35929,5
35930,4
35931,4
35932,3
35933,5
35934,0
35935,6
35936,5
35937,4
35938,4
35939,2
35940,2
35944,2
35946,4
35950,4
35951,1
35952,2
35954,1
35955,4
35956,4
35958,0
35959,1
35960,4
35961,6
35962,4
35963,5
35964,4
35965,4
35966,2
35967,2
35968,4
35969,1
35972,6
35973,3
35975,6
35976,1
35977,4
35978,2
35979,3
35980,3
35981,5
35983,1
35984,5
35987,5
35988,2
35989,4
35990,4
35991,5
35992,4
35993,2
35994,3
35996,2
35997,4
35999,5
36000,3
36001,2
36002,0
36004,6
36005,4
36006,1
36008,3
36009,4
36010,5
36011,1
36013,0
36014,4
36015,2
36016,0
36017,5
36018,0
36019,6
36020,4
36021,1
36022,4
36023,5
36024,3
36025,5
36026,2
36028,2
36030,4
36031,6
36032,2
36034,0
36035,2
36036,2
36038,6
36039,3
36040,4
36041,3
36042,4
36043,1
36044,3
36046,2
36047,4
36048,4
36049,2
36050,2
36051,4
36052,1
36053,4
36054,4
36055,4
36056,2
36057,0
36058,2
36060,2
36061,2
36062,5
36064,6
36065,5
36066,5
36067,5
36068,4
36069,4
36070,4
36071,5
36072,2
36073,2
36074,0
36076,1
36077,2
36079,2
36080,6
36081,5
36083,0
36084,4
36085,1
36086,4
36088,2
36090,2
36091,1
36092,5
36093,0
36094,3
36096,4
36097,3
36098,4
36099,5
36100,1
36101,5
36102,2
36103,4
36104,5
36105,6
36106,4
36108,2
36110,1
36111,4
36113,0
36114,5
36115,4
36116,4
36117,3
36118,2
36119,1
36120,1
36122,0
36123,1
36125,4
36126,2
36127,4
36129,1
36130,0
36131,6
36132,2
36134,2
36135,5
36136,2
36137,4
36139,0
36140,2
36141,2
36143,2
36145,2
36147,4
36148,6
36149,4
36150,5
36151,4
36152,4
36153,3
36155,6
36156,4
36157,3
36158,3
36159,4
36160,2
36161,4
36162,3
36163,0
36164,0
36165,5
36166,2
36168,4
36169,2
36171,6
36173,1
36174,4
36175,4
36176,4
36178,4
36180,2
36182,1
36183,5
36184,4
36185,4
36186,2
36190,5
36192,2
36193,2
36194,1
36195,5
36196,4
36197,5
36199,3
36200,2
36201,3
36202,0
36204,5
36205,0
36206,2
36207,4
36208,4
36210,1
36211,5
36212,4
36213,2
36214,2
36215,4
36216,2
36217,2
36218,1
36219,2
36221,2
36222,4
36224,3
36225,4
36226,0
36227,4
36229,1
36231,2
36232,6
36233,5
36234,1
36235,5
36236,4
36237,2
36238,1
36239,4
36241,2
36242,2
36243,4
36244,4
36245,0
36246,2
36247,0
36249,3
36250,2
36252,6
36253,2
36254,3
36255,1
36257,5
36258,4
36259,4
36261,4
36263,4
36265,2
36266,3
36267,2
36270,0
36271,3
36272,1
36273,4
36274,4
36275,5
36276,2
36277,4
36278,2
36282,4
36283,2
36284,4
36285,5
36287,1
36288,2
36289,4
36290,1
36291,2
36292,1
36296,3
36297,3
36298,6
36299,5
36302,2
36303,2
36304,2
36305,4
36307,5
36309,1
36310,3
36311,1
36313,5
36314,2
36315,4
36316,5
36317,0
36318,4
36319,0
36320,3
36322,5
36323,4
36324,4
36325,2
36326,4
36327,4
36328,5
36329,0
36331,3
36332,1
36333,5
36334,4
36335,2
36336,6
36337,3
36338,2
36339,4
36340,4
36341,4
36342,0
36343,4
36344,4
36345,4
36346,5
36347,4
36348,2
36349,0
36350,2
36353,3
36355,4
36356,2
36357,0
36358,6
36360,1
36362,2
36363,0
36364,4
36365,2
36366,4
36367,6
36368,5
36369,4
36370,2
36371,5
36372,6
36374,4
36375,2
36377,4
36378,0
36379,2
36380,2
36381,6
36382,6
36383,4
36384,2
36385,1
36386,2
36387,5
36388,1
36389,0
36390,1
36391,1
36392,4
36395,4
36396,5
36397,2
36398,6
36399,5
36400,5
36401,5
36402,2
36403,6
36404,5
36405,2
36407,1
36408,3
36409,4
36410,5
36411,2
36414,4
36415,4
36416,4
36417,0
36419,3
36420,0
36421,5
36422,1
36423,2
36424,0
36425,3
36427,1
36428,6
36431,4
36432,2
36433,3
36434,4
36435,0
36437,5
36438,5
36439,2
36441,4
36442,4
36443,5
36444,3
36445,4
36446,4
36447,4
36448,2
36449,6
36450,0
36452,5
36454,6
36455,1
36456,5
36457,6
36458,5
36459,5
36460,2
36461,2
36462,2
36463,6
36464,3
36465,4
36466,2
36467,3
36468,4
36469,4
36470,0
36472,3
36473,5
36474,5
36475,6
36476,6
36478,2
36480,3
36481,3
36482,6
36483,0
36484,4
36485,0
36486,0
36487,1
36489,5
36491,6
36492,4
36493,4
36494,4
36495,5
36496,1
36498,2
36499,4
36500,6
36501,1
36502,2
36503,2
36504,1
36505,4
36507,3
36508,5
36511,4
36512,2
36513,6
36514,1
36515,6
36516,2
36517,2
36518,4
36519,6
36520,2
36521,0
36522,1
36524,1
36525,2
36526,4
36527,2
36528,5
36529,3
36530,3
36531,6
36532,1
36533,4
36535,4
36536,5
36537,0
36538,4
36539,2
36540,1
36542,3
36543,2
36544,2
36545,2
36546,6
36548,4
36550,4
36551,4
36552,5
36553,1
36555,1
36557,2
36558,2
36559,2
36560,6
36561,2
36562,1
36563,2
36564,4
36565,2
36567,0
36568,6
36569,6
36570,1
36572,1
36574,0
36575,4
36576,4
36580,2
36581,5
36582,4
36583,4
36584,5
36585,5
36586,5
36587,2
36588,5
36589,0
36590,1
36591,3
36592,0
36593,4
36596,2
36597,2
36598,1
36599,2
36600,5
36601,0
36603,1
36604,5
36605,0
36608,5
36609,6
36610,4
36612,5
36613,2
36614,4
36615,5
36616,2
36617,1
36618,3
36619,4
36621,2
36622,2
36623,4
36624,0
36625,2
36626,2
36628,4
36629,1
36630,2
36631,4
36632,2
36633,4
36635,4
36636,2
36637,4
36638,4
36640,4
36641,6
36642,0
36644,4
36646,2
36647,1
36648,6
36649,3
36650,2
36651,1
36652,5
36653,6
36654,3
36656,4
36657,4
36658,2
36659,5
36664,2
36665,4
36667,1
36668,2
36669,2
36671,4
36672,4
36673,4
36675,6
36676,2
36677,4
36679,4
36680,2
36681,0
36682,4
36683,2
36684,4
36685,3
36686,5
36688,4
36689,0
36690,4
36691,4
36692,1
36693,3
36694,4
36695,0
36696,2
36697,2
36700,5
36703,0
36704,5
36705,4
36706,3
36707,2
36709,5
36710,0
36711,5
36712,6
36713,3
36714,3
36715,0
36716,1
36717,6
36718,1
36719,1
36721,1
36722,3
36723,2
36724,4
36725,3
36727,5
36728,2
36729,1
36730,4
36731,1
36732,5
36734,6
36735,6
36736,2
36737,1
36738,2
36739,4
36740,2
36742,2
36744,3
36745,5
36747,1
36748,5
36749,5
36750,2
36752,4
36753,2
36754,4
36755,1
36756,1
36757,1
36759,4
36760,4
36761,4
36762,4
36763,6
36764,1
36765,4
36766,4
36767,6
36768,3
36769,1
36770,5
36771,2
36772,2
36773,3
36774,1
36775,0
36776,2
36777,4
36778,4
36780,2
36781,2
36782,5
36783,5
36784,0
36785,1
36786,5
36787,2
36788,6
36789,3
36790,0
36791,2
36793,6
36795,2
36797,2
36799,3
36800,4
36801,2
36803,4
36804,2
36805,0
36806,1
36807,6
36808,5
36810,0
36811,4
36812,1
36813,4
36815,0
36816,2
36817,0
36818,4
36819,2
36820,4
36821,4
36823,4
36825,0
36826,4
36827,2
36828,6
36830,6
36831,4
36833,4
36834,2
36835,6
36836,6
36838,4
36839,4
36840,4
36844,4
36845,3
36846,1
36848,2
36849,1
36850,0
36851,2
36853,4
36856,4
36857,2
36858,2
36859,1
36860,5
36861,2
36862,2
36863,2
36864,0
36865,6
36866,3
36867,2
36868,4
36869,1
36870,4
36871,2
36872,2
36873,5
36874,4
36875,5
36876,2
36877,4
36878,0
36881,5
36882,4
36884,2
36885,4
36886,2
36887,4
36888,2
36890,5
36891,2
36892,6
36893,6
36894,2
36895,6
36897,0
36899,4
36900,2
36901,4
36902,1
36903,2
36904,2
36905,6
36906,4
36907,2
36909,3
36910,1
36912,1
36914,2
36915,0
36916,5
36917,0
36921,2
36922,2
36923,5
36924,1
36925,0
36926,1
36927,2
36928,1
36929,6
36931,2
36932,0
36933,4
36934,2
36935,0
36936,2
36937,4
36938,4
36939,5
36940,5
36941,1
36942,4
36944,6
36945,4
36947,2
36948,2
36949,0
36950,1
36951,0
36952,4
36953,2
36954,2
36957,4
36959,5
36960,5
36961,0
36962,3
36965,1
36966,6
36967,5
36968,6
36972,5
36973,5
36974,5
36975,5
36976,3
36977,3
36978,2
36979,4
36980,2
36981,4
36982,1
36983,2
36984,2
36985,4
36986,5
36987,6
36988,5
36989,2
36990,4
36991,6
36992,6
36993,3
36994,4
36996,0
36997,2
36998,5
37001,1
37002,6
37003,5
37004,2
37005,2
37006,3
37007,2
37008,0
37009,4
37010,2
37011,5
37012,6
37013,5
37014,5
37015,2
37017,2
37019,5
37020,4
37021,5
37022,2
37023,2
37024,3
37025,6
37026,4
37027,3
37029,5
37032,5
37034,3
37035,6
37036,5
37037,0
37038,4
37039,4
37040,4
37041,4
37042,4
37043,0
37045,1
37046,1
37047,3
37048,2
37050,4
37051,2
37052,2
37053,6
37054,0
37055,3
37056,4
37057,2
37058,4
37060,2
37061,4
37063,4
37064,2
37066,3
37068,6
37069,5
37070,4
37071,2
37072,2
37073,0
37074,1
37077,2
37079,4
37080,5
37081,2
37084,1
37085,0
37086,4
37087,5
37088,4
37089,4
37090,0
37092,2
37093,2
37094,0
37095,1
37096,4
37097,4
37098,4
37099,3
37100,2
37101,0
37102,1
37103,6
37104,2
37105,2
37106,2
37107,4
37108,4
37109,2
37110,0
37111,6
37112,5
37113,1
37114,4
37116,0
37117,4
37118,3
37119,0
37120,2
37121,2
37122,6
37123,5
37124,2
37125,4
37127,2
37128,4
37130,2
37131,4
37132,5
37133,3
37134,4
37136,5
37137,4
37138,4
37139,0
37140,4
37144,3
37145,2
37146,1
37147,2
37149,2
37150,6
37151,0
37152,6
37153,4
37154,3
37156,2
37157,5
37158,4
37159,0
37160,0
37161,4
37162,5
37163,6
37164,4
37165,4
37166,4
37167,3
37168,1
37169,3
37170,1
37171,5
37172,2
37173,1
37174,5
37175,3
37176,2
37177,2
37178,6
37179,4
37180,3
37181,1
37182,4
37183,0
37184,1
37185,2
37186,6
37188,4
37189,3
37191,6
37192,4
37194,4
37195,2
37196,3
37197,0
37198,6
37199,1
37200,0
37203,2
37204,2
37205,3
37206,2
37207,2
37208,2
37209,5
37210,5
37211,5
37212,6
37214,5
37215,5
37216,2
37217,2
37218,1
37219,6
37220,2
37221,2
37222,6
37223,1
37225,2
37227,4
37228,1
37230,3
37231,3
37232,2
37234,0
37236,2
37237,0
37238,2
37240,2
37241,6
37242,0
37243,0
37244,4
37246,6
37248,1
37249,4
37251,6
37252,3
37253,4
37254,4
37256,4
37258,1
37259,4
37260,2
37262,0
37265,5
37266,4
37267,4
37268,1
37269,0
37270,4
37271,4
37272,2
37273,4
37274,1
37276,2
37277,4
37278,4
37282,6
37283,3
37286,5
37287,6
37288,6
37289,4
37290,4
37292,4
37294,2
37295,0
37296,3
37297,2
37298,0
37299,6
37300,4
37301,4
37303,1
37304,5
37305,6
37306,0
37307,2
37308,3
37309,3
37310,0
37311,3
37312,0
37313,2
37314,4
37315,6
37316,3
37317,0
37318,2
37319,4
37320,6
37321,4
37323,4
37324,4
37325,5
37326,3
37328,4
37329,5
37330,5
37331,4
37332,4
37333,4
37334,4
37335,0
37336,5
37337,2
37338,4
37339,6
37341,2
37343,2
37344,3
37345,2
37346,0
37347,0
37348,4
37350,0
37351,6
37352,5
37353,2
37354,2
37355,1
37356,4
37357,5
37358,2
37359,2
37360,1
37361,4
37362,3
37364,5
37365,4
37366,0
37367,6
37368,1
37369,1
37370,0
37371,1
37372,5
37373,4
37374,6
37375,2
37379,2
37380,4
37381,2
37382,4
37383,2
37384,4
37385,4
37388,6
37389,2
37390,6
37391,0
37392,4
37393,4
37394,1
37395,3
37396,1
37397,5
37398,2
37400,4
37401,1
37402,2
37403,6
37405,4
37407,5
37408,4
37409,3
37411,1
37412,5
37414,4
37415,4
37416,4
37417,0
37419,4
37421,4
37422,2
37423,4
37424,2
37425,6
37426,3
37428,4
37429,4
37430,5
37431,2
37432,4
37433,2
37434,6
37435,2
37436,4
37437,6
37438,0
37439,5
37440,4
37441,3
37442,4
37444,4
37445,5
37447,4
37448,6
37450,6
37451,2
37452,2
37453,2
37454,6
37455,5
37457,4
37458,2
37459,1
37460,2
37461,2
37462,5
37463,4
37464,6
37465,1
37466,1
37467,5
37468,4
37469,3
37470,2
37471,4
37473,3
37474,3
37476,4
37477,1
37478,2
37479,3
37480,4
37481,6
37483,2
37484,0
37486,4
37487,1
37488,2
37489,2
37490,4
37491,4
37493,2
37494,2
37497,6
37498,2
37500,2
37501,0
37502,4
37503,2
37504,4
37506,4
37507,4
37508,5
37509,2
37510,1
37511,1
37514,5
37515,2
37516,4
37517,0
37518,0
37520,4
37521,2
37523,6
37524,4
37525,4
37526,1
37527,5
37528,1
37529,0
37531,2
37535,3
37536,3
37537,5
37540,3
37541,5
37542,2
37545,3
37546,5
37548,2
37550,4
37551,2
37553,1
37554,4
37555,4
37556,4
37557,3
37558,0
37559,3
37560,1
37561,2
37562,2
37563,5
37564,1
37565,0
37566,2
37567,5
37569,5
37570,4
37571,4
37572,2
37573,1
37574,1
37575,0
37576,3
37577,1
37578,1
37579,5
37580,2
37581,0
37582,4
37583,1
37584,3
37585,4
37586,2
37587,5
37588,2
37589,1
37590,4
37591,6
37592,2
37593,1
37595,4
37596,0
37597,3
37598,0
37599,4
37600,4
37601,4
37602,4
37603,2
37605,3
37606,5
37607,2
37608,4
37610,0
37612,2
37613,3
37614,0
37615,4
37617,1
37621,3
37622,2
37623,0
37624,3
37625,6
37626,1
37629,6
37630,3
37631,4
37633,4
37634,6
37635,6
37637,0
37638,4
37639,5
37640,3
37641,2
37642,3
37643,4
37645,4
37647,6
37648,3
37649,6
37650,1
37651,2
37652,5
37653,2
37654,5
37656,2
37657,4
37658,6
37659,5
37660,4
37661,4
37662,4
37663,2
37665,5
37666,6
37667,2
37669,4
37670,4
37671,2
37672,2
37673,1
37675,0
37676,2
37677,2
37679,0
37682,3
37683,5
37684,1
37685,3
37686,4
37687,4
37689,1
37690,0
37691,2
37693,2
37694,4
37695,2
37696,6
37698,5
37699,4
37700,5
37701,4
37702,2
37703,6
37704,0
37706,4
37707,1
37708,4
37710,4
37711,4
37712,4
37713,5
37714,6
37715,6
37716,4
37717,5
37718,1
37720,5
37721,2
37723,2
37724,1
37725,4
37726,2
37727,2
37729,2
37732,4
37733,4
37735,5
37736,0
37738,6
37739,5
37740,6
37741,5
37742,4
37743,3
37745,2
37747,1
37749,5
37750,5
37751,3
37752,3
37754,6
37756,4
37757,1
37758,6
37760,3
37761,4
37762,3
37764,6
37765,4
37768,2
37769,6
37770,4
37771,5
37772,4
37773,4
37774,2
37775,5
37776,2
37777,2
37779,2
37780,6
37781,5
37782,4
37783,4
37784,4
37785,4
37786,5
37787,2
37788,4
37790,5
37791,4
37792,5
37793,2
37795,3
37796,4
37797,1
37798,5
37799,3
37802,1
37803,4
37806,4
37807,1
37808,5
37809,2
37810,4
37811,4
37812,4
37813,5
37816,1
37817,1
37818,5
37819,6
37821,2
37822,4
37823,2
37824,4
37826,2
37827,2
37828,6
37830,4
37831,2
37832,6
37833,4
37834,4
37835,0
37836,2
37838,0
37839,3
37840,4
37841,5
37842,4
37843,6
37844,1
37845,5
37846,5
37848,1
37849,5
37850,0
37851,2
37852,3
37853,2
37854,4
37855,1
37856,2
37857,4
37858,1
37859,1
37860,1
37861,4
37862,3
37863,4
37864,4
37865,3
37867,4
37868,2
37869,5
37870,4
37871,6
37872,4
37873,0
37874,2
37876,0
37877,0
37878,2
37879,2
37880,4
37881,6
37882,2
37884,5
37885,2
37886,4
37887,1
37888,6
37889,0
37890,0
37891,2
37893,5
37895,2
37897,2
37898,2
37899,2
37900,4
37901,2
37902,3
37903,4
37904,5
37905,2
37906,4
37907,0
37908,1
37909,1
37911,2
37912,6
37913,4
37915,2
37916,4
37917,4
37918,4
37919,6
37920,2
37921,6
37922,0
37923,0
37924,4
37925,1
37926,0
37928,4
37929,4
37930,4
37931,4
37932,0
37934,4
37935,5
37936,4
37937,4
37938,1
37940,1
37941,1
37942,6
37943,4
37944,4
37945,1
37946,4
37947,3
37948,6
37950,2
37952,2
37953,5
37954,1
37955,2
37956,5
37957,2
37958,2
37959,4
37961,5
37962,5
37963,1
37964,4
37965,6
37966,3
37967,6
37969,2
37970,1
37972,5
37973,2
37974,1
37975,2
37976,4
37977,0
37978,4
37979,0
37980,2
37981,1
37983,2
37984,2
37985,1
37986,3
37987,0
37989,2
37990,4
37991,1
37992,1
37993,5
37995,4
37996,2
37997,1
37998,4
37999,2
38001,4
38002,5
38003,4
38004,2
38005,4
38006,2
38007,3
38008,2
38009,2
38012,4
38013,6
38014,2
38016,3
38017,4
38018,3
38019,4
38020,3
38021,1
38022,5
38023,4
38024,3
38025,0
38026,3
38027,6
38028,2
38029,3
38031,4
38032,4
38033,6
38034,3
38035,5
38036,2
38037,4
38038,0
38040,1
38041,0
38042,0
38043,5
38044,5
38046,2
38048,2
38049,6
38050,6
38051,6
38052,6
38053,4
38055,1
38056,6
38057,3
38058,0
38059,2
38060,1
38061,2
38062,2
38065,3
38066,5
38067,2
38068,4
38070,1
38071,5
38073,4
38074,6
38076,4
38077,5
38078,2
38079,6
38080,4
38081,3
38082,0
38083,2
38085,0
38086,4
38087,2
38088,0
38089,4
38090,1
38091,2
38092,1
38093,2
38095,4
38096,2
38097,0
38098,4
38099,0
38100,2
38101,3
38102,0
38104,5
38105,2
38106,4
38108,3
38109,4
38110,4
38111,4
38112,3
38113,1
38114,5
38115,4
38116,1
38117,5
38118,2
38119,4
38121,5
38122,2
38124,1
38125,5
38126,5
38127,4
38128,6
38129,3
38130,1
38131,2
38132,5
38133,2
38134,6
38135,4
38136,6
38137,0
38138,5
38141,2
38142,1
38143,5
38144,4
38145,6
38146,5
38148,4
38149,3
38150,6
38151,5
38152,2
38153,4
38154,4
38155,5
38156,5
38157,2
38158,4
38160,4
38161,1
38162,1
38163,4
38164,6
38165,2
38166,4
38167,4
38168,5
38169,5
38170,3
38171,4
38173,5
38174,4
38176,4
38177,1
38179,6
38180,2
38181,0
38182,1
38183,1
38184,4
38185,5
38187,4
38188,4
38189,4
38190,5
38191,4
38192,4
38193,2
38195,2
38196,2
38197,2
38198,0
38199,6
38200,2
38201,3
38203,2
38204,6
38205,3
38206,1
38207,2
38208,6
38209,3
38210,1
38211,3
38212,2
38213,6
38215,5
38216,3
38217,3
38218,4
38219,1
38221,0
38222,6
38223,6
38224,0
38225,4
38227,6
38228,4
38230,5
38231,0
38232,4
38233,2
38234,5
38235,0
38236,2
38237,4
38238,2
38239,1
38241,1
38242,1
38243,6
38244,2
38245,2
38246,6
38248,4
38250,0
38251,2
38252,0
38255,3
38256,2
38257,5
38258,2
38259,2
38260,4
38261,5
38262,4
38263,1
38267,2
38268,5
38269,0
38270,4
38271,2
38273,4
38274,5
38275,2
38276,4
38277,4
38278,2
38280,3
38281,4
38282,2
38284,4
38285,5
38286,4
38288,5
38290,1
38294,4
38295,4
38297,4
38300,3
38301,2
38302,2
38303,0
38304,4
38305,1
38306,2
38307,6
38308,2
38309,0
38310,4
38311,2
38312,6
38313,1
38314,3
38315,5
38316,2
38317,0
38318,2
38319,0
38320,3
38321,0
38322,2
38323,3
38324,6
38325,0
38328,6
38329,4
38330,1
38331,1
38332,4
38333,2
38334,1
38335,2
38336,6
38337,4
38338,6
38339,5
38340,6
38342,3
38343,3
38344,3
38345,5
38346,0
38348,1
38349,6
38350,6
38351,5
38352,4
38353,2
38354,6
38355,2
38356,5
38357,4
38358,5
38359,6
38360,4
38361,5
38362,0
38363,1
38364,4
38365,5
38366,4
38367,1
38368,3
38369,4
38370,4
38371,2
38372,5
38373,1
38374,1
38376,2
38377,3
38378,4
38379,3
38380,4
38381,2
38382,2
38384,5
38385,3
38386,4
38388,4
38389,2
38390,2
38392,1
38393,0
38394,1
38395,3
38397,3
38398,4
38399,6
38400,2
38401,2
38402,4
38404,3
38405,2
38406,2
38407,6
38408,2
38409,3
38411,3
38414,6
38415,0
38416,4
38417,1
38418,6
38419,3
38420,4
38421,1
38422,3
38423,4
38424,1
38425,6
38426,6
38427,6
38429,6
38430,2
38431,2
38433,2
38434,3
38435,2
38436,4
38438,5
38440,1
38441,2
38442,2
38444,2
38445,3
38447,4
38448,1
38449,2
38450,6
38453,2
38454,4
38457,5
38459,3
38460,1
38461,0
38462,4
38463,1
38464,0
38465,2
38466,5
38467,6
38468,1
38470,2
38471,4
38473,2
38474,5
38476,0
38477,0
38478,0
38480,5
38481,4
38482,2
38484,3
38486,1
38487,5
38488,4
38489,4
38490,0
38492,6
38493,1
38494,6
38495,0
38497,6
38498,3
38499,4
38501,1
38502,4
38503,5
38504,2
38505,4
38506,2
38507,2
38508,6
38510,1
38511,4
38512,4
38513,4
38514,5
38516,2
38517,5
38518,2
38519,4
38520,0
38521,5
38522,2
38523,4
38524,0
38525,4
38526,6
38528,0
38529,2
38530,4
38531,6
38532,4
38533,3
38535,3
38536,4
38537,1
38538,4
38540,5
38541,6
38542,2
38543,4
38544,4
38545,2
38548,1
38550,2
38551,3
38552,2
38553,4
38554,2
38555,4
38556,4
38557,2
38558,1
38559,5
38560,0
38561,4
38562,0
38563,3
38564,6
38565,5
38566,2
38568,4
38569,4
38570,5
38571,4
38573,2
38574,5
38575,5
38576,5
38577,1
38578,2
38580,6
38581,4
38582,5
38583,2
38584,6
38585,2
38586,0
38587,6
38588,6
38589,3
38590,5
38591,5
38592,0
38593,4
38594,4
38595,4
38596,5
38597,5
38598,3
38600,1
38601,3
38602,3
38603,2
38606,3
38608,1
38609,1
38610,3
38611,4
38612,4
38613,5
38614,5
38615,6
38616,2
38617,1
38618,6
38619,3
38620,0
38622,3
38624,6
38625,2
38626,4
38627,4
38628,5
38629,5
38630,4
38631,2
38632,3
38633,2
38634,5
38635,1
38636,2
38637,5
38638,2
38639,2
38640,4
38642,2
38643,6
38644,2
38645,3
38646,0
38648,6
38649,3
38650,6
38652,5
38653,5
38654,6
38655,3
38656,3
38658,4
38659,4
38661,2
38662,2
38663,5
38664,4
38665,4
38666,2
38669,3
38670,2
38671,4
38673,5
38674,4
38675,3
38677,4
38678,4
38680,4
38681,6
38682,0
38683,3
38684,6
38685,4
38686,4
38687,2
38688,0
38689,2
38691,3
38692,1
38693,2
38694,5
38695,6
38696,2
38697,1
38698,0
38699,1
38700,3
38701,3
38702,1
38703,4
38704,2
38705,2
38706,5
38707,1
38708,3
38709,2
38710,4
38713,5
38714,0
38715,2
38716,4
38717,4
38718,6
38719,5
38721,4
38722,6
38725,4
38726,1
38727,2
38728,1
38729,3
38730,5
38731,6
38733,5
38734,4
38737,4
38738,4
38739,1
38741,2
38742,6
38743,0
38744,2
38745,0
38746,0
38747,5
38748,4
38749,1
38750,0
38751,3
38752,2
38753,3
38754,1
38755,3
38756,0
38757,4
38758,0
38759,2
38761,6
38762,4
38763,1
38764,2
38765,4
38766,6
38768,6
38769,1
38771,2
38772,6
38774,2
38775,6
38777,2
38778,5
38779,6
38780,3
38781,4
38782,6
38784,4
38786,0
38787,3
38788,4
38789,0
38791,1
38793,5
38794,2
38796,4
38797,6
38798,2
38799,5
38801,5
38802,6
38803,4
38804,3
38806,2
38807,4
38808,1
38811,6
38813,6
38814,2
38815,5
38818,4
38819,5
38820,4
38821,4
38822,5
38823,2
38824,5
38825,2
38826,4
38827,6
38828,0
38829,4
38830,0
38831,2
38833,3
38835,4
38836,5
38837,4
38839,4
38840,2
38841,6
38842,5
38843,4
38844,5
38845,4
38846,4
38848,2
38849,4
38851,2
38852,6
38853,6
38854,0
38855,2
38856,0
38857,2
38858,5
38860,2
38861,2
38863,1
38864,4
38867,2
38869,1
38870,1
38871,2
38872,2
38873,4
38874,4
38875,6
38876,2
38877,5
38878,5
38879,4
38880,4
38881,0
38882,6
38883,2
38884,3
38885,2
38887,0
38888,2
38889,2
38890,2
38891,2
38892,5
38893,4
38896,3
38897,4
38898,4
38899,4
38900,4
38901,5
38902,2
38903,5
38904,4
38905,5
38907,2
38910,2
38911,3
38912,4
38913,4
38914,6
38915,1
38916,4
38917,6
38918,6
38919,5
38920,2
38921,6
38923,3
38924,2
38926,5
38927,0
38928,0
38929,4
38930,1
38931,5
38933,3
38934,6
38935,2
38936,6
38937,1
38938,2
38939,4
38940,5
38941,3
38942,4
38943,5
38944,3
38946,5
38947,4
38949,1
38950,3
38951,2
38952,4
38954,2
38955,4
38956,2
38958,5
38959,4
38960,2
38961,4
38962,2
38963,1
38964,5
38965,2
38967,4
38968,6
38969,4
38970,5
38971,2
38972,2
38974,2
38975,6
38976,0
38977,4
38978,2
38979,3
38980,4
38981,2
38982,1
38983,1
38984,5
38985,0
38987,4
38988,2
38989,4
38990,5
38993,2
38995,5
38996,4
38997,4
38999,2
39000,4
39001,1
39002,2
39004,2
39005,6
39006,3
39007,5
39008,6
39009,0
39010,5
39011,1
39012,0
39013,6
39014,6
39015,4
39016,4
39017,1
39018,4
39019,4
39020,1
39021,1
39022,2
39023,6
39025,1
39026,1
39027,4
39028,2
39030,3
39031,1
39032,2
39033,2
39034,4
39035,4
39036,2
39037,3
39038,4
39039,2
39040,4
39041,5
39042,3
39043,6
39044,2
39045,0
39047,5
39048,4
39049,2
39050,4
39052,2
39053,0
39054,1
39055,4
39056,5
39058,5
39059,2
39060,0
39061,6
39062,5
39063,2
39065,1
39067,5
39068,4
39069,6
39071,2
39072,1
39074,2
39075,3
39076,6
39077,2
39078,1
39079,4
39080,2
39081,2
39082,4
39083,2
39084,2
39085,6
39086,2
39087,4
39088,4
39089,1
39091,3
39092,3
39094,3
39095,5
39096,5
39097,2
39099,4
39100,2
39101,2
39102,2
39103,0
39104,2
39105,5
39106,2
39107,5
39108,5
39109,4
39110,0
39111,4
39112,5
39113,6
39114,5
39115,0
39116,6
39117,2
39119,2
39120,4
39122,3
39123,0
39125,5
39126,5
39128,1
39129,5
39130,4
39131,1
39132,4
39133,2
39134,5
39135,4
39136,6
39138,2
39139,2
39140,5
39141,3
39142,4
39144,6
39145,6
39146,6
39147,2
39149,2
39150,4
39151,4
39152,1
39153,2
39154,5
39155,2
39156,4
39157,1
39158,5
39159,4
39161,4
39162,4
39163,4
39164,0
39165,2
39166,2
39168,3
39170,5
39173,2
39174,2
39175,2
39176,4
39177,3
39178,3
39180,1
39181,0
39184,4
39185,4
39186,3
39187,0
39188,5
39190,5
39191,4
39192,4
39193,4
39194,0
39195,6
39196,2
39197,3
39198,5
39199,6
39200,2
39201,6
39202,4
39203,5
39204,5
39205,4
39206,2
39207,1
39208,4
39209,3
39210,6
39211,4
39212,5
39213,2
39214,2
39215,2
39216,6
39218,2
39219,2
39220,2
39221,0
39222,4
39223,2
39224,6
39226,4
39227,6
39229,0
39230,2
39231,2
39232,2
39234,2
39236,1
39238,1
39239,2
39241,4
39242,4
39243,3
39244,3
39245,4
39246,1
39247,6
39249,4
39251,2
39252,6
39255,4
39257,4
39258,4
39259,4
39260,1
39261,6
39262,6
39264,1
39265,6
39266,4
39267,4
39268,4
39269,4
39271,4
39274,1
39275,4
39276,6
39277,0
39278,1
39279,3
39280,4
39281,4
39282,4
39283,4
39285,2
39286,3
39287,5
39288,2
39289,2
39290,0
39291,5
39292,6
39295,4
39296,1
39297,5
39298,6
39299,0
39301,4
39302,4
39304,4
39305,2
39306,4
39307,6
39308,0
39309,4
39310,5
39311,3
39312,4
39313,4
39314,1
39315,2
39317,5
39318,3
39320,3
39321,3
39322,6
39323,2
39324,1
39325,5
39326,2
39327,1
39328,4
39329,0
39330,4
39332,4
39333,1
39334,5
39335,0
39336,2
39337,3
39338,5
39339,3
39340,2
39343,1
39344,4
39345,2
39346,0
39347,1
39348,4
39349,4
39350,1
39351,6
39352,0
39353,1
39354,2
39355,1
39356,5
39357,2
39358,5
39359,2
39360,4
39361,3
39363,5
39364,2
39365,3
39366,1
39368,5
39369,3
39370,3
39371,6
39372,6
39373,6
39374,0
39375,3
39378,1
39379,4
39381,2
39382,4
39383,0
39384,1
39385,1
39386,5
39387,4
39388,5
39390,5
39391,4
39392,3
39394,1
39395,0
39396,2
39397,6
39398,4
39400,2
39401,2
39402,5
39404,1
39405,5
39406,4
39407,2
39408,4
39409,4
39412,2
39413,1
39414,3
39415,2
39416,3
39417,4
39418,0
39419,5
39420,1
39423,4
39424,4
39425,0
39426,6
39427,0
39428,1
39429,1
39430,5
39431,4
39433,6
39435,2
39436,4
39437,4
39439,1
39440,1
39442,0
39443,2
39445,0
39447,5
39448,4
39449,1
39450,5
39451,0
39452,3
39453,5
39454,6
39456,4
39458,3
39459,2
39460,4
39461,5
39462,0
39463,3
39464,6
39465,4
39466,6
39468,1
39470,2
39472,2
39473,5
39474,5
39475,1
39476,2
39477,2
39478,5
39479,0
39480,4
39481,1
39482,0
39484,2
39485,2
39486,5
39487,2
39488,4
39489,2
39490,2
39491,0
39492,5
39493,6
39494,1
39497,0
39498,2
39499,3
39500,2
39501,4
39502,5
39503,6
39504,1
39505,0
39506,6
39507,0
39511,4
39512,3
39513,6
39514,1
39515,0
39516,6
39517,5
39518,4
39519,5
39520,4
39521,2
39523,3
39524,2
39525,4
39526,4
39527,4
39528,4
39529,4
39531,5
39532,1
39533,4
39534,3
39535,4
39536,0
39537,4
39538,4
39539,2
39542,4
39543,1
39544,4
39545,4
39546,2
39548,4
39549,4
39550,1
39551,4
39552,4
39553,1
39554,3
39555,2
39559,4
39560,4
39561,4
39562,6
39563,0
39565,2
39567,1
39568,1
39569,2
39570,0
39571,0
39572,5
39573,6
39574,1
39575,4
39576,2
39578,2
39579,4
39581,3
39582,0
39583,4
39585,2
39587,2
39588,2
39589,0
39590,5
39591,0
39592,2
39593,5
39594,4
39595,2
39596,5
39598,0
39600,2
39603,2
39604,3
39607,2
39608,5
39609,5
39610,4
39611,0
39614,2
39615,2
39617,1
39618,0
39620,3
39621,0
39622,4
39623,2
39624,2
39625,2
39627,5
39628,0
39629,4
39631,6
39632,2
39633,0
39636,1
39637,4
39639,4
39640,0
39641,5
39643,5
39644,5
39645,5
39646,4
39647,0
39648,2
39649,5
39651,4
39652,4
39653,2
39654,4
39656,1
39658,5
39659,2
39660,5
39662,6
39663,5
39664,0
39665,2
39666,2
39667,2
39668,0
39669,4
39670,4
39672,0
39673,5
39674,3
39675,5
39677,2
39678,4
39679,4
39680,2
39681,2
39682,5
39683,5
39684,2
39685,4
39686,0
39687,4
39689,2
39690,5
39691,0
39692,2
39693,1
39694,2
39695,1
39696,0
39697,3
39698,4
39699,2
39700,6
39701,2
39702,3
39703,4
39705,5
39706,1
39707,6
39708,6
39710,2
39711,5
39713,2
39714,6
39715,0
39717,4
39718,2
39719,4
39721,6
39722,4
39723,1
39726,2
39727,6
39729,4
39730,5
39731,5
39732,6
39733,5
39735,2
39736,4
39737,2
39738,4
39739,2
39740,1
39741,4
39742,0
39743,5
39744,2
39745,5
39746,3
39747,6
39748,5
39750,6
39751,1
39752,0
39753,2
39755,1
39756,2
39757,5
39758,6
39759,3
39760,3
39761,6
39762,2
39763,6
39764,4
39765,4
39766,1
39767,4
39768,4
39770,1
39771,6
39772,6
39773,0
39774,4
39775,2
39777,3
39778,0
39779,2
39780,4
39781,4
39782,5
39784,0
39785,2
39786,0
39787,2
39788,4
39789,4
39791,6
39793,4
39796,4
39797,1
39798,3
39799,6
39800,4
39801,5
39804,5
39805,2
39806,3
39807,5
39808,5
39809,3
39810,4
39811,3
39812,2
39814,4
39815,4
39817,4
39818,5
39819,6
39820,0
39823,3
39824,2
39825,0
39826,5
39827,6
39828,4
39829,2
39830,4
39831,3
39832,0
39833,5
39834,6
39835,4
39836,2
39837,2
39838,2
39839,4
39840,4
39841,5
39842,2
39843,6
39844,1
39845,3
39846,2
39848,4
39850,3
39851,1
39852,2
39853,3
39854,2
39855,4
39856,2
39857,2
39858,3
39859,0
39860,4
39862,5
39863,2
39864,2
39865,3
39866,2
39867,2
39868,4
39869,2
39870,1
39871,1
39872,2
39874,4
39875,4
39877,4
39878,2
39879,2
39880,6
39881,4
39882,5
39883,4
39884,5
39885,6
39886,1
39887,2
39889,4
39890,2
39891,6
39892,2
39893,5
39894,5
39895,5
39896,1
39897,2
39898,0
39899,0
39900,2
39901,1
39902,4
39903,3
39904,1
39905,2
39907,5
39908,4
39909,4
39910,0
39911,2
39913,2
39914,4
39915,1
39916,0
39917,6
39918,5
39919,1
39920,2
39922,1
39923,5
39924,5
39925,3
39926,3
39927,6
39928,4
39929,2
39930,2
39932,2
39933,6
39934,2
39938,0
39939,6
39940,3
39941,3
39942,1
39943,4
39944,6
39945,5
39946,4
39947,0
39948,4
39949,5
39950,2
39952,3
39954,6
39956,4
39957,5
39959,4
39960,4
39962,4
39963,4
39964,4
39965,6
39966,3
39967,4
39968,6
39970,2
39971,6
39972,2
39974,2
39975,0
39976,3
39977,3
39978,2
39979,2
39980,1
39981,0
39982,1
39983,0
39984,5
39985,6
39988,2
39989,4
39990,1
39991,1
39992,4
39994,2
39996,3
39997,3
39998,6
39999,4
40000,2
