customer_id,cluster,cluster_name
3,6,Large Families
4,4,Promotion Hunters
5,2,Traditional Shoppers
7,7,Loyal Explorers
8,7,Loyal Explorers
9,1,Wellness
10,5,Tech Enthusiasts
11,2,Traditional Shoppers
12,6,Large Families
14,1,Wellness
15,4,Promotion Hunters
16,3,Vegetarians
18,7,Loyal Explorers
19,2,Traditional Shoppers
20,0,Value Seekers
22,4,Promotion Hunters
24,1,Wellness
25,6,Large Families
26,2,Traditional Shoppers
27,6,Large Families
28,6,Large Families
29,6,Large Families
30,1,Wellness
31,2,Traditional Shoppers
33,2,Traditional Shoppers
34,2,Traditional Shoppers
35,2,Traditional Shoppers
36,5,Tech Enthusiasts
37,0,Value Seekers
38,2,Traditional Shoppers
39,0,Value Seekers
40,5,Tech Enthusiasts
41,1,Wellness
42,6,Large Families
44,4,Promotion Hunters
46,4,Promotion Hunters
47,6,Large Families
48,3,Vegetarians
49,5,Tech Enthusiasts
50,2,Traditional Shoppers
52,7,Loyal Explorers
53,3,Vegetarians
54,7,Loyal Explorers
55,5,Tech Enthusiasts
56,6,Large Families
57,3,Vegetarians
59,6,Large Families
60,2,Traditional Shoppers
61,1,Wellness
62,5,Tech Enthusiasts
63,1,Wellness
64,6,Large Families
66,1,Wellness
69,4,Promotion Hunters
70,7,Loyal Explorers
71,1,Wellness
72,4,Promotion Hunters
73,7,Loyal Explorers
74,4,Promotion Hunters
75,7,Loyal Explorers
76,2,Traditional Shoppers
77,1,Wellness
78,0,Value Seekers
79,0,Value Seekers
80,6,Large Families
81,3,Vegetarians
82,6,Large Families
83,7,Loyal Explorers
84,3,Vegetarians
85,2,Traditional Shoppers
86,6,Large Families
87,0,Value Seekers
89,1,Wellness
90,7,Loyal Explorers
91,3,Vegetarians
92,6,Large Families
94,1,Wellness
95,5,Tech Enthusiasts
97,3,Vegetarians
100,6,Large Families
102,7,Loyal Explorers
103,4,Promotion Hunters
105,5,Tech Enthusiasts
106,7,Loyal Explorers
107,0,Value Seekers
108,3,Vegetarians
109,4,Promotion Hunters
110,6,Large Families
111,1,Wellness
112,3,Vegetarians
113,6,Large Families
114,2,Traditional Shoppers
115,7,Loyal Explorers
116,7,Loyal Explorers
117,0,Value Seekers
119,1,Wellness
120,4,Promotion Hunters
121,0,Value Seekers
122,5,Tech Enthusiasts
123,5,Tech Enthusiasts
124,4,Promotion Hunters
125,1,Wellness
126,2,Traditional Shoppers
127,5,Tech Enthusiasts
128,7,Loyal Explorers
129,4,Promotion Hunters
130,2,Traditional Shoppers
131,6,Large Families
132,2,Traditional Shoppers
134,3,Vegetarians
135,2,Traditional Shoppers
136,6,Large Families
137,1,Wellness
138,3,Vegetarians
139,1,Wellness
141,4,Promotion Hunters
142,0,Value Seekers
144,7,Loyal Explorers
145,7,Loyal Explorers
146,1,Wellness
147,0,Value Seekers
148,1,Wellness
149,5,Tech Enthusiasts
152,6,Large Families
154,7,Loyal Explorers
157,2,Traditional Shoppers
158,7,Loyal Explorers
159,6,Large Families
160,1,Wellness
161,2,Traditional Shoppers
162,6,Large Families
163,1,Wellness
165,5,Tech Enthusiasts
166,5,Tech Enthusiasts
168,6,Large Families
170,3,Vegetarians
171,3,Vegetarians
172,1,Wellness
173,6,Large Families
174,2,Traditional Shoppers
176,6,Large Families
179,6,Large Families
180,3,Vegetarians
182,6,Large Families
184,5,Tech Enthusiasts
185,0,Value Seekers
186,5,Tech Enthusiasts
187,7,Loyal Explorers
188,1,Wellness
189,4,Promotion Hunters
191,2,Traditional Shoppers
192,3,Vegetarians
193,1,Wellness
195,6,Large Families
196,3,Vegetarians
197,1,Wellness
198,3,Vegetarians
199,2,Traditional Shoppers
200,0,Value Seekers
201,5,Tech Enthusiasts
202,2,Traditional Shoppers
203,6,Large Families
204,0,Value Seekers
205,4,Promotion Hunters
206,0,Value Seekers
207,0,Value Seekers
208,5,Tech Enthusiasts
210,6,Large Families
211,5,Tech Enthusiasts
212,2,Traditional Shoppers
213,2,Traditional Shoppers
214,3,Vegetarians
215,3,Vegetarians
216,6,Large Families
217,6,Large Families
218,2,Traditional Shoppers
219,0,Value Seekers
220,2,Traditional Shoppers
221,5,Tech Enthusiasts
225,6,Large Families
226,1,Wellness
229,5,Tech Enthusiasts
231,5,Tech Enthusiasts
232,2,Traditional Shoppers
233,6,Large Families
235,2,Traditional Shoppers
236,7,Loyal Explorers
238,3,Vegetarians
240,7,Loyal Explorers
241,2,Traditional Shoppers
242,6,Large Families
243,4,Promotion Hunters
244,2,Traditional Shoppers
245,2,Traditional Shoppers
248,0,Value Seekers
249,6,Large Families
250,1,Wellness
251,3,Vegetarians
254,3,Vegetarians
256,0,Value Seekers
257,3,Vegetarians
258,2,Traditional Shoppers
259,3,Vegetarians
260,7,Loyal Explorers
261,5,Tech Enthusiasts
262,3,Vegetarians
263,7,Loyal Explorers
264,4,Promotion Hunters
265,6,Large Families
266,3,Vegetarians
270,4,Promotion Hunters
272,2,Traditional Shoppers
274,5,Tech Enthusiasts
276,6,Large Families
278,0,Value Seekers
279,2,Traditional Shoppers
280,5,Tech Enthusiasts
282,2,Traditional Shoppers
283,2,Traditional Shoppers
284,0,Value Seekers
285,1,Wellness
286,5,Tech Enthusiasts
287,0,Value Seekers
288,7,Loyal Explorers
290,2,Traditional Shoppers
292,2,Traditional Shoppers
293,0,Value Seekers
295,2,Traditional Shoppers
296,2,Traditional Shoppers
297,4,Promotion Hunters
298,2,Traditional Shoppers
299,5,Tech Enthusiasts
300,7,Loyal Explorers
301,2,Traditional Shoppers
303,4,Promotion Hunters
304,2,Traditional Shoppers
305,2,Traditional Shoppers
306,2,Traditional Shoppers
307,4,Promotion Hunters
308,0,Value Seekers
310,0,Value Seekers
311,4,Promotion Hunters
312,3,Vegetarians
313,6,Large Families
315,2,Traditional Shoppers
317,4,Promotion Hunters
321,2,Traditional Shoppers
322,0,Value Seekers
323,3,Vegetarians
324,4,Promotion Hunters
325,5,Tech Enthusiasts
326,5,Tech Enthusiasts
328,6,Large Families
329,4,Promotion Hunters
330,2,Traditional Shoppers
331,7,Loyal Explorers
336,6,Large Families
337,2,Traditional Shoppers
338,7,Loyal Explorers
339,0,Value Seekers
340,2,Traditional Shoppers
341,6,Large Families
342,5,Tech Enthusiasts
343,3,Vegetarians
344,5,Tech Enthusiasts
346,2,Traditional Shoppers
347,5,Tech Enthusiasts
350,2,Traditional Shoppers
351,2,Traditional Shoppers
352,2,Traditional Shoppers
353,5,Tech Enthusiasts
355,2,Traditional Shoppers
356,4,Promotion Hunters
358,1,Wellness
360,2,Traditional Shoppers
361,0,Value Seekers
362,2,Traditional Shoppers
363,7,Loyal Explorers
364,1,Wellness
365,1,Wellness
366,1,Wellness
367,3,Vegetarians
368,6,Large Families
369,2,Traditional Shoppers
370,2,Traditional Shoppers
371,3,Vegetarians
372,0,Value Seekers
373,0,Value Seekers
375,5,Tech Enthusiasts
376,3,Vegetarians
377,6,Large Families
378,2,Traditional Shoppers
379,5,Tech Enthusiasts
381,6,Large Families
382,3,Vegetarians
383,5,Tech Enthusiasts
384,3,Vegetarians
385,1,Wellness
386,6,Large Families
387,6,Large Families
389,1,Wellness
390,7,Loyal Explorers
391,5,Tech Enthusiasts
392,6,Large Families
393,4,Promotion Hunters
394,6,Large Families
395,2,Traditional Shoppers
396,7,Loyal Explorers
397,2,Traditional Shoppers
398,7,Loyal Explorers
399,4,Promotion Hunters
400,4,Promotion Hunters
401,6,Large Families
402,3,Vegetarians
403,4,Promotion Hunters
405,7,Loyal Explorers
406,0,Value Seekers
407,3,Vegetarians
408,7,Loyal Explorers
410,0,Value Seekers
411,2,Traditional Shoppers
412,7,Loyal Explorers
413,5,Tech Enthusiasts
414,0,Value Seekers
416,4,Promotion Hunters
417,4,Promotion Hunters
418,0,Value Seekers
419,1,Wellness
420,1,Wellness
421,2,Traditional Shoppers
422,5,Tech Enthusiasts
424,1,Wellness
425,4,Promotion Hunters
426,7,Loyal Explorers
427,2,Traditional Shoppers
428,2,Traditional Shoppers
429,2,Traditional Shoppers
431,5,Tech Enthusiasts
432,4,Promotion Hunters
434,3,Vegetarians
435,5,Tech Enthusiasts
436,0,Value Seekers
437,5,Tech Enthusiasts
438,0,Value Seekers
440,3,Vegetarians
441,4,Promotion Hunters
442,6,Large Families
443,0,Value Seekers
445,7,Loyal Explorers
446,3,Vegetarians
447,2,Traditional Shoppers
448,6,Large Families
449,2,Traditional Shoppers
450,0,Value Seekers
451,5,Tech Enthusiasts
452,0,Value Seekers
453,7,Loyal Explorers
455,0,Value Seekers
456,4,Promotion Hunters
457,1,Wellness
460,1,Wellness
461,0,Value Seekers
462,1,Wellness
464,2,Traditional Shoppers
465,7,Loyal Explorers
467,4,Promotion Hunters
469,5,Tech Enthusiasts
470,7,Loyal Explorers
471,3,Vegetarians
472,7,Loyal Explorers
473,5,Tech Enthusiasts
474,0,Value Seekers
475,1,Wellness
476,2,Traditional Shoppers
477,0,Value Seekers
479,6,Large Families
480,4,Promotion Hunters
481,7,Loyal Explorers
482,3,Vegetarians
484,0,Value Seekers
485,3,Vegetarians
486,2,Traditional Shoppers
487,0,Value Seekers
488,0,Value Seekers
489,2,Traditional Shoppers
490,0,Value Seekers
491,6,Large Families
492,2,Traditional Shoppers
494,6,Large Families
495,2,Traditional Shoppers
496,1,Wellness
497,5,Tech Enthusiasts
498,2,Traditional Shoppers
499,6,Large Families
501,6,Large Families
502,2,Traditional Shoppers
503,5,Tech Enthusiasts
504,5,Tech Enthusiasts
505,0,Value Seekers
506,2,Traditional Shoppers
508,0,Value Seekers
509,7,Loyal Explorers
510,0,Value Seekers
511,6,Large Families
513,6,Large Families
514,2,Traditional Shoppers
515,1,Wellness
516,7,Loyal Explorers
517,1,Wellness
518,2,Traditional Shoppers
520,5,Tech Enthusiasts
521,2,Traditional Shoppers
522,2,Traditional Shoppers
523,5,Tech Enthusiasts
524,3,Vegetarians
526,4,Promotion Hunters
527,2,Traditional Shoppers
528,3,Vegetarians
529,3,Vegetarians
530,6,Large Families
531,5,Tech Enthusiasts
532,6,Large Families
533,2,Traditional Shoppers
534,5,Tech Enthusiasts
535,1,Wellness
536,1,Wellness
537,5,Tech Enthusiasts
538,6,Large Families
539,6,Large Families
540,3,Vegetarians
541,3,Vegetarians
542,3,Vegetarians
543,6,Large Families
545,2,Traditional Shoppers
547,1,Wellness
548,2,Traditional Shoppers
549,4,Promotion Hunters
550,3,Vegetarians
551,2,Traditional Shoppers
552,6,Large Families
553,5,Tech Enthusiasts
554,6,Large Families
556,3,Vegetarians
557,0,Value Seekers
558,5,Tech Enthusiasts
559,2,Traditional Shoppers
561,3,Vegetarians
562,2,Traditional Shoppers
563,3,Vegetarians
565,6,Large Families
566,1,Wellness
568,7,Loyal Explorers
569,4,Promotion Hunters
570,5,Tech Enthusiasts
571,0,Value Seekers
573,0,Value Seekers
574,3,Vegetarians
575,6,Large Families
576,5,Tech Enthusiasts
577,6,Large Families
578,2,Traditional Shoppers
579,0,Value Seekers
580,5,Tech Enthusiasts
581,2,Traditional Shoppers
582,5,Tech Enthusiasts
583,2,Traditional Shoppers
584,6,Large Families
585,0,Value Seekers
586,1,Wellness
587,6,Large Families
588,3,Vegetarians
589,7,Loyal Explorers
590,6,Large Families
591,7,Loyal Explorers
592,3,Vegetarians
593,3,Vegetarians
594,6,Large Families
595,5,Tech Enthusiasts
596,6,Large Families
597,0,Value Seekers
598,7,Loyal Explorers
603,2,Traditional Shoppers
604,2,Traditional Shoppers
605,3,Vegetarians
606,6,Large Families
609,5,Tech Enthusiasts
611,1,Wellness
613,7,Loyal Explorers
614,2,Traditional Shoppers
615,2,Traditional Shoppers
617,6,Large Families
618,6,Large Families
619,6,Large Families
621,7,Loyal Explorers
622,6,Large Families
623,1,Wellness
624,3,Vegetarians
625,3,Vegetarians
626,6,Large Families
627,3,Vegetarians
628,0,Value Seekers
629,1,Wellness
631,6,Large Families
632,6,Large Families
633,2,Traditional Shoppers
634,7,Loyal Explorers
635,1,Wellness
636,1,Wellness
637,2,Traditional Shoppers
638,7,Loyal Explorers
639,5,Tech Enthusiasts
640,6,Large Families
641,1,Wellness
642,1,Wellness
643,2,Traditional Shoppers
644,4,Promotion Hunters
645,6,Large Families
646,6,Large Families
647,3,Vegetarians
648,7,Loyal Explorers
650,6,Large Families
653,6,Large Families
654,5,Tech Enthusiasts
655,2,Traditional Shoppers
656,5,Tech Enthusiasts
657,3,Vegetarians
658,2,Traditional Shoppers
659,3,Vegetarians
660,4,Promotion Hunters
662,5,Tech Enthusiasts
663,3,Vegetarians
664,0,Value Seekers
665,6,Large Families
666,3,Vegetarians
667,6,Large Families
668,4,Promotion Hunters
669,1,Wellness
670,6,Large Families
671,0,Value Seekers
673,7,Loyal Explorers
674,1,Wellness
675,4,Promotion Hunters
676,1,Wellness
677,2,Traditional Shoppers
678,1,Wellness
679,2,Traditional Shoppers
680,2,Traditional Shoppers
681,2,Traditional Shoppers
682,1,Wellness
685,4,Promotion Hunters
686,6,Large Families
687,3,Vegetarians
688,3,Vegetarians
689,2,Traditional Shoppers
691,3,Vegetarians
692,7,Loyal Explorers
694,0,Value Seekers
695,0,Value Seekers
696,3,Vegetarians
697,5,Tech Enthusiasts
699,3,Vegetarians
700,3,Vegetarians
701,2,Traditional Shoppers
703,7,Loyal Explorers
704,4,Promotion Hunters
705,7,Loyal Explorers
707,1,Wellness
708,4,Promotion Hunters
709,4,Promotion Hunters
710,1,Wellness
712,2,Traditional Shoppers
713,6,Large Families
714,6,Large Families
715,3,Vegetarians
717,5,Tech Enthusiasts
718,3,Vegetarians
719,1,Wellness
721,6,Large Families
722,0,Value Seekers
723,2,Traditional Shoppers
725,2,Traditional Shoppers
726,6,Large Families
727,2,Traditional Shoppers
728,5,Tech Enthusiasts
729,6,Large Families
730,6,Large Families
731,2,Traditional Shoppers
732,4,Promotion Hunters
733,1,Wellness
734,2,Traditional Shoppers
735,0,Value Seekers
736,0,Value Seekers
737,7,Loyal Explorers
738,6,Large Families
739,2,Traditional Shoppers
741,4,Promotion Hunters
742,2,Traditional Shoppers
743,6,Large Families
744,1,Wellness
745,0,Value Seekers
746,7,Loyal Explorers
747,6,Large Families
748,2,Traditional Shoppers
749,1,Wellness
752,3,Vegetarians
753,1,Wellness
754,5,Tech Enthusiasts
755,5,Tech Enthusiasts
757,5,Tech Enthusiasts
758,3,Vegetarians
759,2,Traditional Shoppers
760,4,Promotion Hunters
761,3,Vegetarians
762,6,Large Families
763,6,Large Families
764,2,Traditional Shoppers
765,4,Promotion Hunters
766,7,Loyal Explorers
767,3,Vegetarians
768,1,Wellness
769,6,Large Families
770,1,Wellness
771,2,Traditional Shoppers
772,4,Promotion Hunters
773,1,Wellness
776,0,Value Seekers
777,1,Wellness
779,4,Promotion Hunters
780,2,Traditional Shoppers
781,4,Promotion Hunters
782,6,Large Families
783,6,Large Families
785,2,Traditional Shoppers
787,7,Loyal Explorers
788,2,Traditional Shoppers
789,6,Large Families
791,7,Loyal Explorers
792,4,Promotion Hunters
793,3,Vegetarians
794,2,Traditional Shoppers
795,1,Wellness
797,2,Traditional Shoppers
798,5,Tech Enthusiasts
799,3,Vegetarians
800,5,Tech Enthusiasts
803,2,Traditional Shoppers
804,4,Promotion Hunters
805,2,Traditional Shoppers
806,7,Loyal Explorers
808,3,Vegetarians
809,7,Loyal Explorers
810,6,Large Families
811,0,Value Seekers
812,0,Value Seekers
813,6,Large Families
814,6,Large Families
815,6,Large Families
816,6,Large Families
817,0,Value Seekers
818,5,Tech Enthusiasts
819,2,Traditional Shoppers
820,2,Traditional Shoppers
821,2,Traditional Shoppers
822,6,Large Families
823,4,Promotion Hunters
824,0,Value Seekers
826,4,Promotion Hunters
827,0,Value Seekers
830,1,Wellness
831,2,Traditional Shoppers
832,2,Traditional Shoppers
833,7,Loyal Explorers
834,6,Large Families
835,3,Vegetarians
836,1,Wellness
837,1,Wellness
838,6,Large Families
839,4,Promotion Hunters
840,6,Large Families
842,3,Vegetarians
843,2,Traditional Shoppers
844,3,Vegetarians
845,2,Traditional Shoppers
846,6,Large Families
847,3,Vegetarians
848,5,Tech Enthusiasts
849,5,Tech Enthusiasts
851,1,Wellness
852,5,Tech Enthusiasts
853,5,Tech Enthusiasts
854,4,Promotion Hunters
855,2,Traditional Shoppers
856,7,Loyal Explorers
857,4,Promotion Hunters
859,1,Wellness
860,2,Traditional Shoppers
862,0,Value Seekers
863,4,Promotion Hunters
864,3,Vegetarians
865,1,Wellness
866,1,Wellness
867,7,Loyal Explorers
868,1,Wellness
870,6,Large Families
873,3,Vegetarians
874,7,Loyal Explorers
875,5,Tech Enthusiasts
876,4,Promotion Hunters
878,1,Wellness
879,1,Wellness
880,4,Promotion Hunters
881,5,Tech Enthusiasts
883,4,Promotion Hunters
884,1,Wellness
886,6,Large Families
887,2,Traditional Shoppers
889,2,Traditional Shoppers
890,6,Large Families
891,4,Promotion Hunters
893,3,Vegetarians
894,6,Large Families
896,3,Vegetarians
897,2,Traditional Shoppers
898,6,Large Families
899,3,Vegetarians
900,3,Vegetarians
901,3,Vegetarians
902,0,Value Seekers
903,7,Loyal Explorers
904,3,Vegetarians
905,2,Traditional Shoppers
906,2,Traditional Shoppers
907,1,Wellness
908,5,Tech Enthusiasts
909,1,Wellness
910,1,Wellness
911,0,Value Seekers
913,2,Traditional Shoppers
914,6,Large Families
916,2,Traditional Shoppers
917,3,Vegetarians
918,3,Vegetarians
919,3,Vegetarians
920,2,Traditional Shoppers
921,0,Value Seekers
922,2,Traditional Shoppers
923,2,Traditional Shoppers
924,1,Wellness
925,4,Promotion Hunters
926,2,Traditional Shoppers
927,6,Large Families
928,2,Traditional Shoppers
929,3,Vegetarians
930,6,Large Families
931,4,Promotion Hunters
933,7,Loyal Explorers
934,0,Value Seekers
935,7,Loyal Explorers
936,2,Traditional Shoppers
937,3,Vegetarians
938,5,Tech Enthusiasts
939,7,Loyal Explorers
940,4,Promotion Hunters
941,1,Wellness
942,7,Loyal Explorers
944,4,Promotion Hunters
945,3,Vegetarians
946,0,Value Seekers
947,5,Tech Enthusiasts
948,3,Vegetarians
950,5,Tech Enthusiasts
951,6,Large Families
953,6,Large Families
954,4,Promotion Hunters
955,2,Traditional Shoppers
956,0,Value Seekers
957,5,Tech Enthusiasts
958,2,Traditional Shoppers
960,7,Loyal Explorers
962,1,Wellness
963,1,Wellness
964,0,Value Seekers
965,5,Tech Enthusiasts
966,3,Vegetarians
967,7,Loyal Explorers
968,4,Promotion Hunters
969,6,Large Families
970,2,Traditional Shoppers
973,6,Large Families
974,4,Promotion Hunters
975,4,Promotion Hunters
977,7,Loyal Explorers
978,2,Traditional Shoppers
979,7,Loyal Explorers
980,2,Traditional Shoppers
981,2,Traditional Shoppers
982,7,Loyal Explorers
983,1,Wellness
986,2,Traditional Shoppers
989,5,Tech Enthusiasts
990,3,Vegetarians
991,7,Loyal Explorers
992,5,Tech Enthusiasts
993,2,Traditional Shoppers
994,2,Traditional Shoppers
996,2,Traditional Shoppers
997,1,Wellness
998,6,Large Families
999,5,Tech Enthusiasts
1000,4,Promotion Hunters
1001,4,Promotion Hunters
1002,1,Wellness
1003,5,Tech Enthusiasts
1004,2,Traditional Shoppers
1007,1,Wellness
1008,1,Wellness
1009,1,Wellness
1011,3,Vegetarians
1014,3,Vegetarians
1015,6,Large Families
1016,2,Traditional Shoppers
1018,6,Large Families
1019,4,Promotion Hunters
1021,7,Loyal Explorers
1022,3,Vegetarians
1023,5,Tech Enthusiasts
1024,2,Traditional Shoppers
1025,2,Traditional Shoppers
1026,7,Loyal Explorers
1027,0,Value Seekers
1028,7,Loyal Explorers
1029,4,Promotion Hunters
1030,0,Value Seekers
1031,2,Traditional Shoppers
1032,0,Value Seekers
1033,4,Promotion Hunters
1034,6,Large Families
1035,0,Value Seekers
1038,6,Large Families
1039,6,Large Families
1040,5,Tech Enthusiasts
1041,4,Promotion Hunters
1042,5,Tech Enthusiasts
1043,6,Large Families
1044,0,Value Seekers
1045,3,Vegetarians
1046,2,Traditional Shoppers
1048,6,Large Families
1049,2,Traditional Shoppers
1050,6,Large Families
1051,1,Wellness
1052,2,Traditional Shoppers
1055,7,Loyal Explorers
1058,3,Vegetarians
1060,0,Value Seekers
1061,2,Traditional Shoppers
1063,0,Value Seekers
1064,5,Tech Enthusiasts
1065,7,Loyal Explorers
1066,7,Loyal Explorers
1067,1,Wellness
1068,6,Large Families
1069,0,Value Seekers
1071,7,Loyal Explorers
1072,7,Loyal Explorers
1073,0,Value Seekers
1074,5,Tech Enthusiasts
1075,5,Tech Enthusiasts
1076,7,Loyal Explorers
1077,3,Vegetarians
1078,2,Traditional Shoppers
1079,1,Wellness
1080,1,Wellness
1082,2,Traditional Shoppers
1083,2,Traditional Shoppers
1084,3,Vegetarians
1085,6,Large Families
1086,7,Loyal Explorers
1087,3,Vegetarians
1088,2,Traditional Shoppers
1089,5,Tech Enthusiasts
1090,4,Promotion Hunters
1091,2,Traditional Shoppers
1092,3,Vegetarians
1093,4,Promotion Hunters
1094,5,Tech Enthusiasts
1095,0,Value Seekers
1096,1,Wellness
1097,5,Tech Enthusiasts
1098,4,Promotion Hunters
1099,7,Loyal Explorers
1101,3,Vegetarians
1103,7,Loyal Explorers
1104,7,Loyal Explorers
1105,5,Tech Enthusiasts
1106,6,Large Families
1108,2,Traditional Shoppers
1110,3,Vegetarians
1111,3,Vegetarians
1112,1,Wellness
1113,2,Traditional Shoppers
1114,5,Tech Enthusiasts
1115,7,Loyal Explorers
1117,1,Wellness
1118,6,Large Families
1119,0,Value Seekers
1120,5,Tech Enthusiasts
1121,3,Vegetarians
1122,5,Tech Enthusiasts
1123,2,Traditional Shoppers
1124,4,Promotion Hunters
1125,6,Large Families
1126,2,Traditional Shoppers
1127,3,Vegetarians
1128,3,Vegetarians
1129,6,Large Families
1130,2,Traditional Shoppers
1131,4,Promotion Hunters
1132,0,Value Seekers
1133,5,Tech Enthusiasts
1134,1,Wellness
1135,6,Large Families
1136,4,Promotion Hunters
1137,2,Traditional Shoppers
1138,3,Vegetarians
1139,7,Loyal Explorers
1140,7,Loyal Explorers
1141,3,Vegetarians
1142,2,Traditional Shoppers
1143,6,Large Families
1145,0,Value Seekers
1146,7,Loyal Explorers
1150,5,Tech Enthusiasts
1152,6,Large Families
1153,5,Tech Enthusiasts
1154,5,Tech Enthusiasts
1155,2,Traditional Shoppers
1156,7,Loyal Explorers
1157,1,Wellness
1158,1,Wellness
1159,4,Promotion Hunters
1160,7,Loyal Explorers
1163,2,Traditional Shoppers
1164,5,Tech Enthusiasts
1167,5,Tech Enthusiasts
1168,6,Large Families
1170,5,Tech Enthusiasts
1171,6,Large Families
1172,5,Tech Enthusiasts
1173,0,Value Seekers
1175,4,Promotion Hunters
1177,7,Loyal Explorers
1178,2,Traditional Shoppers
1179,2,Traditional Shoppers
1180,4,Promotion Hunters
1181,4,Promotion Hunters
1182,3,Vegetarians
1183,7,Loyal Explorers
1184,5,Tech Enthusiasts
1186,3,Vegetarians
1187,0,Value Seekers
1189,6,Large Families
1190,5,Tech Enthusiasts
1191,7,Loyal Explorers
1193,5,Tech Enthusiasts
1194,2,Traditional Shoppers
1196,1,Wellness
1197,4,Promotion Hunters
1199,6,Large Families
1200,3,Vegetarians
1201,0,Value Seekers
1203,6,Large Families
1205,3,Vegetarians
1206,2,Traditional Shoppers
1207,5,Tech Enthusiasts
1208,3,Vegetarians
1209,5,Tech Enthusiasts
1210,4,Promotion Hunters
1211,5,Tech Enthusiasts
1212,3,Vegetarians
1213,2,Traditional Shoppers
1216,1,Wellness
1217,4,Promotion Hunters
1218,2,Traditional Shoppers
1219,6,Large Families
1221,5,Tech Enthusiasts
1222,0,Value Seekers
1223,2,Traditional Shoppers
1224,5,Tech Enthusiasts
1227,7,Loyal Explorers
1228,4,Promotion Hunters
1229,6,Large Families
1230,5,Tech Enthusiasts
1231,2,Traditional Shoppers
1233,3,Vegetarians
1234,6,Large Families
1235,4,Promotion Hunters
1236,1,Wellness
1237,1,Wellness
1238,1,Wellness
1239,0,Value Seekers
1240,7,Loyal Explorers
1241,2,Traditional Shoppers
1242,0,Value Seekers
1243,4,Promotion Hunters
1245,5,Tech Enthusiasts
1246,2,Traditional Shoppers
1247,1,Wellness
1249,0,Value Seekers
1250,2,Traditional Shoppers
1251,6,Large Families
1252,0,Value Seekers
1253,7,Loyal Explorers
1255,5,Tech Enthusiasts
1256,2,Traditional Shoppers
1257,6,Large Families
1258,6,Large Families
1259,1,Wellness
1261,5,Tech Enthusiasts
1262,3,Vegetarians
1263,2,Traditional Shoppers
1264,2,Traditional Shoppers
1265,3,Vegetarians
1266,4,Promotion Hunters
1268,2,Traditional Shoppers
1269,3,Vegetarians
1271,3,Vegetarians
1272,2,Traditional Shoppers
1273,1,Wellness
1274,6,Large Families
1275,0,Value Seekers
1277,3,Vegetarians
1278,6,Large Families
1279,2,Traditional Shoppers
1280,1,Wellness
1281,6,Large Families
1282,7,Loyal Explorers
1283,0,Value Seekers
1284,1,Wellness
1285,2,Traditional Shoppers
1286,0,Value Seekers
1289,5,Tech Enthusiasts
1290,6,Large Families
1291,4,Promotion Hunters
1292,4,Promotion Hunters
1293,4,Promotion Hunters
1294,7,Loyal Explorers
1295,2,Traditional Shoppers
1296,2,Traditional Shoppers
1297,4,Promotion Hunters
1298,3,Vegetarians
1299,7,Loyal Explorers
1300,2,Traditional Shoppers
1301,5,Tech Enthusiasts
1302,6,Large Families
1303,7,Loyal Explorers
1304,7,Loyal Explorers
1305,3,Vegetarians
1306,2,Traditional Shoppers
1307,2,Traditional Shoppers
1310,5,Tech Enthusiasts
1311,6,Large Families
1312,0,Value Seekers
1313,5,Tech Enthusiasts
1314,1,Wellness
1315,7,Loyal Explorers
1316,2,Traditional Shoppers
1317,6,Large Families
1318,3,Vegetarians
1320,6,Large Families
1321,0,Value Seekers
1322,1,Wellness
1323,1,Wellness
1324,2,Traditional Shoppers
1326,0,Value Seekers
1327,3,Vegetarians
1328,3,Vegetarians
1329,4,Promotion Hunters
1330,3,Vegetarians
1331,1,Wellness
1332,6,Large Families
1333,0,Value Seekers
1334,6,Large Families
1335,0,Value Seekers
1336,5,Tech Enthusiasts
1338,7,Loyal Explorers
1339,7,Loyal Explorers
1340,4,Promotion Hunters
1341,5,Tech Enthusiasts
1342,5,Tech Enthusiasts
1343,3,Vegetarians
1344,4,Promotion Hunters
1345,3,Vegetarians
1346,0,Value Seekers
1347,5,Tech Enthusiasts
1348,6,Large Families
1349,1,Wellness
1350,6,Large Families
1351,1,Wellness
1352,7,Loyal Explorers
1353,5,Tech Enthusiasts
1354,1,Wellness
1355,6,Large Families
1356,3,Vegetarians
1357,2,Traditional Shoppers
1358,6,Large Families
1359,3,Vegetarians
1360,1,Wellness
1361,2,Traditional Shoppers
1362,0,Value Seekers
1363,0,Value Seekers
1364,5,Tech Enthusiasts
1365,0,Value Seekers
1366,0,Value Seekers
1367,2,Traditional Shoppers
1368,0,Value Seekers
1370,6,Large Families
1371,5,Tech Enthusiasts
1373,2,Traditional Shoppers
1374,2,Traditional Shoppers
1376,4,Promotion Hunters
1377,5,Tech Enthusiasts
1378,3,Vegetarians
1379,0,Value Seekers
1380,2,Traditional Shoppers
1381,1,Wellness
1383,3,Vegetarians
1387,5,Tech Enthusiasts
1388,2,Traditional Shoppers
1389,3,Vegetarians
1390,4,Promotion Hunters
1391,2,Traditional Shoppers
1392,1,Wellness
1393,6,Large Families
1394,4,Promotion Hunters
1396,5,Tech Enthusiasts
1397,1,Wellness
1398,1,Wellness
1399,6,Large Families
1400,1,Wellness
1401,4,Promotion Hunters
1402,4,Promotion Hunters
1403,6,Large Families
1404,2,Traditional Shoppers
1405,4,Promotion Hunters
1406,1,Wellness
1407,7,Loyal Explorers
1408,7,Loyal Explorers
1409,7,Loyal Explorers
1411,2,Traditional Shoppers
1412,0,Value Seekers
1413,2,Traditional Shoppers
1414,2,Traditional Shoppers
1415,6,Large Families
1416,2,Traditional Shoppers
1417,0,Value Seekers
1418,5,Tech Enthusiasts
1419,5,Tech Enthusiasts
1420,5,Tech Enthusiasts
1421,5,Tech Enthusiasts
1422,5,Tech Enthusiasts
1423,5,Tech Enthusiasts
1424,3,Vegetarians
1426,3,Vegetarians
1427,3,Vegetarians
1428,1,Wellness
1429,5,Tech Enthusiasts
1430,1,Wellness
1431,6,Large Families
1432,5,Tech Enthusiasts
1433,6,Large Families
1434,3,Vegetarians
1435,4,Promotion Hunters
1436,7,Loyal Explorers
1437,0,Value Seekers
1438,6,Large Families
1439,5,Tech Enthusiasts
1440,3,Vegetarians
1441,2,Traditional Shoppers
1442,5,Tech Enthusiasts
1443,0,Value Seekers
1444,6,Large Families
1447,3,Vegetarians
1448,3,Vegetarians
1450,2,Traditional Shoppers
1451,5,Tech Enthusiasts
1452,4,Promotion Hunters
1453,7,Loyal Explorers
1454,0,Value Seekers
1456,1,Wellness
1460,6,Large Families
1461,1,Wellness
1462,6,Large Families
1463,6,Large Families
1465,5,Tech Enthusiasts
1466,3,Vegetarians
1467,0,Value Seekers
1468,7,Loyal Explorers
1469,0,Value Seekers
1471,5,Tech Enthusiasts
1472,3,Vegetarians
1474,7,Loyal Explorers
1475,7,Loyal Explorers
1476,6,Large Families
1477,5,Tech Enthusiasts
1478,1,Wellness
1479,5,Tech Enthusiasts
1480,1,Wellness
1481,3,Vegetarians
1483,4,Promotion Hunters
1484,2,Traditional Shoppers
1485,3,Vegetarians
1486,6,Large Families
1487,6,Large Families
1488,1,Wellness
1489,6,Large Families
1490,7,Loyal Explorers
1491,6,Large Families
1492,2,Traditional Shoppers
1495,3,Vegetarians
1496,3,Vegetarians
1497,7,Loyal Explorers
1498,1,Wellness
1499,1,Wellness
1500,7,Loyal Explorers
1501,2,Traditional Shoppers
1502,6,Large Families
1503,4,Promotion Hunters
1504,2,Traditional Shoppers
1505,6,Large Families
1506,2,Traditional Shoppers
1507,1,Wellness
1510,2,Traditional Shoppers
1511,0,Value Seekers
1512,4,Promotion Hunters
1513,2,Traditional Shoppers
1514,6,Large Families
1516,6,Large Families
1517,2,Traditional Shoppers
1518,1,Wellness
1519,1,Wellness
1520,4,Promotion Hunters
1522,2,Traditional Shoppers
1523,2,Traditional Shoppers
1524,2,Traditional Shoppers
1526,4,Promotion Hunters
1527,5,Tech Enthusiasts
1528,0,Value Seekers
1529,5,Tech Enthusiasts
1530,7,Loyal Explorers
1531,2,Traditional Shoppers
1532,2,Traditional Shoppers
1533,4,Promotion Hunters
1534,2,Traditional Shoppers
1535,2,Traditional Shoppers
1536,2,Traditional Shoppers
1537,5,Tech Enthusiasts
1538,3,Vegetarians
1539,5,Tech Enthusiasts
1541,0,Value Seekers
1542,5,Tech Enthusiasts
1543,3,Vegetarians
1544,5,Tech Enthusiasts
1546,6,Large Families
1547,5,Tech Enthusiasts
1550,3,Vegetarians
1551,3,Vegetarians
1552,5,Tech Enthusiasts
1553,5,Tech Enthusiasts
1555,4,Promotion Hunters
1556,7,Loyal Explorers
1557,7,Loyal Explorers
1558,5,Tech Enthusiasts
1559,1,Wellness
1560,4,Promotion Hunters
1561,2,Traditional Shoppers
1562,2,Traditional Shoppers
1564,6,Large Families
1565,1,Wellness
1566,2,Traditional Shoppers
1568,4,Promotion Hunters
1570,7,Loyal Explorers
1571,3,Vegetarians
1572,6,Large Families
1575,3,Vegetarians
1579,6,Large Families
1580,1,Wellness
1581,7,Loyal Explorers
1583,1,Wellness
1584,3,Vegetarians
1585,4,Promotion Hunters
1586,2,Traditional Shoppers
1587,4,Promotion Hunters
1590,2,Traditional Shoppers
1591,0,Value Seekers
1592,5,Tech Enthusiasts
1593,7,Loyal Explorers
1595,2,Traditional Shoppers
1596,5,Tech Enthusiasts
1597,2,Traditional Shoppers
1598,1,Wellness
1599,3,Vegetarians
1600,5,Tech Enthusiasts
1601,2,Traditional Shoppers
1602,2,Traditional Shoppers
1603,5,Tech Enthusiasts
1604,1,Wellness
1605,7,Loyal Explorers
1606,6,Large Families
1607,5,Tech Enthusiasts
1608,0,Value Seekers
1609,4,Promotion Hunters
1610,5,Tech Enthusiasts
1611,6,Large Families
1612,5,Tech Enthusiasts
1613,3,Vegetarians
1614,5,Tech Enthusiasts
1615,6,Large Families
1616,6,Large Families
1618,0,Value Seekers
1619,3,Vegetarians
1620,1,Wellness
1621,1,Wellness
1622,4,Promotion Hunters
1623,2,Traditional Shoppers
1625,1,Wellness
1626,2,Traditional Shoppers
1627,1,Wellness
1628,3,Vegetarians
1629,4,Promotion Hunters
1631,5,Tech Enthusiasts
1633,2,Traditional Shoppers
1635,6,Large Families
1636,5,Tech Enthusiasts
1637,6,Large Families
1638,3,Vegetarians
1639,2,Traditional Shoppers
1641,6,Large Families
1642,4,Promotion Hunters
1643,1,Wellness
1644,6,Large Families
1646,4,Promotion Hunters
1647,7,Loyal Explorers
1649,2,Traditional Shoppers
1650,2,Traditional Shoppers
1651,2,Traditional Shoppers
1652,5,Tech Enthusiasts
1653,4,Promotion Hunters
1655,3,Vegetarians
1657,0,Value Seekers
1658,2,Traditional Shoppers
1659,4,Promotion Hunters
1660,0,Value Seekers
1661,6,Large Families
1662,2,Traditional Shoppers
1665,5,Tech Enthusiasts
1666,2,Traditional Shoppers
1667,6,Large Families
1668,6,Large Families
1669,7,Loyal Explorers
1670,5,Tech Enthusiasts
1671,1,Wellness
1672,1,Wellness
1673,6,Large Families
1674,3,Vegetarians
1675,4,Promotion Hunters
1676,6,Large Families
1677,4,Promotion Hunters
1678,2,Traditional Shoppers
1679,7,Loyal Explorers
1681,0,Value Seekers
1682,2,Traditional Shoppers
1683,2,Traditional Shoppers
1684,0,Value Seekers
1685,3,Vegetarians
1686,4,Promotion Hunters
1687,2,Traditional Shoppers
1688,2,Traditional Shoppers
1689,2,Traditional Shoppers
1690,4,Promotion Hunters
1691,3,Vegetarians
1692,6,Large Families
1693,7,Loyal Explorers
1694,0,Value Seekers
1695,3,Vegetarians
1696,5,Tech Enthusiasts
1698,0,Value Seekers
1699,2,Traditional Shoppers
1700,4,Promotion Hunters
1701,0,Value Seekers
1702,7,Loyal Explorers
1703,2,Traditional Shoppers
1704,4,Promotion Hunters
1705,1,Wellness
1707,7,Loyal Explorers
1708,3,Vegetarians
1709,6,Large Families
1710,3,Vegetarians
1711,3,Vegetarians
1712,2,Traditional Shoppers
1714,6,Large Families
1715,1,Wellness
1716,5,Tech Enthusiasts
1717,7,Loyal Explorers
1718,3,Vegetarians
1719,2,Traditional Shoppers
1720,2,Traditional Shoppers
1721,0,Value Seekers
1722,4,Promotion Hunters
1723,4,Promotion Hunters
1724,4,Promotion Hunters
1726,7,Loyal Explorers
1727,6,Large Families
1728,5,Tech Enthusiasts
1729,4,Promotion Hunters
1730,7,Loyal Explorers
1731,6,Large Families
1732,4,Promotion Hunters
1733,2,Traditional Shoppers
1734,5,Tech Enthusiasts
1735,2,Traditional Shoppers
1736,4,Promotion Hunters
1737,5,Tech Enthusiasts
1738,4,Promotion Hunters
1739,3,Vegetarians
1741,6,Large Families
1742,1,Wellness
1744,7,Loyal Explorers
1746,6,Large Families
1747,2,Traditional Shoppers
1749,3,Vegetarians
1750,3,Vegetarians
1751,0,Value Seekers
1752,5,Tech Enthusiasts
1753,4,Promotion Hunters
1754,7,Loyal Explorers
1755,5,Tech Enthusiasts
1756,1,Wellness
1757,4,Promotion Hunters
1758,0,Value Seekers
1759,1,Wellness
1760,2,Traditional Shoppers
1761,1,Wellness
1762,6,Large Families
1763,6,Large Families
1764,2,Traditional Shoppers
1765,2,Traditional Shoppers
1766,5,Tech Enthusiasts
1767,1,Wellness
1768,2,Traditional Shoppers
1769,7,Loyal Explorers
1770,2,Traditional Shoppers
1771,0,Value Seekers
1772,2,Traditional Shoppers
1773,3,Vegetarians
1774,2,Traditional Shoppers
1775,0,Value Seekers
1776,6,Large Families
1778,0,Value Seekers
1779,0,Value Seekers
1780,1,Wellness
1781,3,Vegetarians
1782,6,Large Families
1783,7,Loyal Explorers
1784,2,Traditional Shoppers
1785,6,Large Families
1786,6,Large Families
1787,3,Vegetarians
1788,3,Vegetarians
1789,5,Tech Enthusiasts
1790,5,Tech Enthusiasts
1791,3,Vegetarians
1792,2,Traditional Shoppers
1793,6,Large Families
1794,5,Tech Enthusiasts
1795,4,Promotion Hunters
1796,2,Traditional Shoppers
1797,2,Traditional Shoppers
1798,7,Loyal Explorers
1799,3,Vegetarians
1800,5,Tech Enthusiasts
1801,7,Loyal Explorers
1803,4,Promotion Hunters
1804,2,Traditional Shoppers
1805,3,Vegetarians
1806,3,Vegetarians
1807,5,Tech Enthusiasts
1808,1,Wellness
1809,3,Vegetarians
1810,4,Promotion Hunters
1811,2,Traditional Shoppers
1813,7,Loyal Explorers
1814,5,Tech Enthusiasts
1816,2,Traditional Shoppers
1818,2,Traditional Shoppers
1820,1,Wellness
1821,3,Vegetarians
1824,1,Wellness
1825,3,Vegetarians
1828,2,Traditional Shoppers
1829,0,Value Seekers
1830,3,Vegetarians
1831,1,Wellness
1832,2,Traditional Shoppers
1833,2,Traditional Shoppers
1834,6,Large Families
1835,7,Loyal Explorers
1836,0,Value Seekers
1837,1,Wellness
1838,2,Traditional Shoppers
1839,1,Wellness
1840,3,Vegetarians
1841,3,Vegetarians
1842,2,Traditional Shoppers
1844,1,Wellness
1845,5,Tech Enthusiasts
1846,2,Traditional Shoppers
1848,6,Large Families
1849,7,Loyal Explorers
1850,7,Loyal Explorers
1851,6,Large Families
1853,3,Vegetarians
1854,2,Traditional Shoppers
1856,1,Wellness
1857,2,Traditional Shoppers
1858,3,Vegetarians
1859,0,Value Seekers
1860,3,Vegetarians
1861,6,Large Families
1863,2,Traditional Shoppers
1864,3,Vegetarians
1865,2,Traditional Shoppers
1866,5,Tech Enthusiasts
1867,4,Promotion Hunters
1869,7,Loyal Explorers
1870,6,Large Families
1871,3,Vegetarians
1872,6,Large Families
1874,1,Wellness
1876,7,Loyal Explorers
1877,5,Tech Enthusiasts
1878,1,Wellness
1880,5,Tech Enthusiasts
1881,6,Large Families
1882,2,Traditional Shoppers
1883,5,Tech Enthusiasts
1884,5,Tech Enthusiasts
1886,1,Wellness
1887,3,Vegetarians
1888,6,Large Families
1889,4,Promotion Hunters
1890,6,Large Families
1891,4,Promotion Hunters
1892,1,Wellness
1893,2,Traditional Shoppers
1896,7,Loyal Explorers
1897,6,Large Families
1898,2,Traditional Shoppers
1899,7,Loyal Explorers
1900,6,Large Families
1901,7,Loyal Explorers
1903,1,Wellness
1904,1,Wellness
1905,6,Large Families
1906,5,Tech Enthusiasts
1908,7,Loyal Explorers
1909,6,Large Families
1910,6,Large Families
1911,7,Loyal Explorers
1912,0,Value Seekers
1914,3,Vegetarians
1915,6,Large Families
1917,6,Large Families
1918,0,Value Seekers
1920,5,Tech Enthusiasts
1922,7,Loyal Explorers
1923,2,Traditional Shoppers
1924,0,Value Seekers
1925,0,Value Seekers
1926,7,Loyal Explorers
1927,1,Wellness
1928,0,Value Seekers
1929,2,Traditional Shoppers
1930,5,Tech Enthusiasts
1931,1,Wellness
1932,4,Promotion Hunters
1933,5,Tech Enthusiasts
1936,1,Wellness
1939,2,Traditional Shoppers
1940,6,Large Families
1941,7,Loyal Explorers
1942,2,Traditional Shoppers
1943,5,Tech Enthusiasts
1944,4,Promotion Hunters
1945,2,Traditional Shoppers
1946,5,Tech Enthusiasts
1948,5,Tech Enthusiasts
1949,4,Promotion Hunters
1950,2,Traditional Shoppers
1951,7,Loyal Explorers
1952,1,Wellness
1953,6,Large Families
1954,0,Value Seekers
1955,5,Tech Enthusiasts
1956,3,Vegetarians
1957,4,Promotion Hunters
1958,6,Large Families
1959,5,Tech Enthusiasts
1962,4,Promotion Hunters
1963,0,Value Seekers
1964,5,Tech Enthusiasts
1965,2,Traditional Shoppers
1967,5,Tech Enthusiasts
1969,1,Wellness
1970,2,Traditional Shoppers
1971,1,Wellness
1972,6,Large Families
1973,2,Traditional Shoppers
1974,6,Large Families
1975,5,Tech Enthusiasts
1976,2,Traditional Shoppers
1977,0,Value Seekers
1979,5,Tech Enthusiasts
1980,1,Wellness
1981,4,Promotion Hunters
1982,6,Large Families
1983,6,Large Families
1984,5,Tech Enthusiasts
1985,3,Vegetarians
1986,4,Promotion Hunters
1987,4,Promotion Hunters
1990,3,Vegetarians
1991,3,Vegetarians
1992,3,Vegetarians
1993,6,Large Families
1994,3,Vegetarians
1995,1,Wellness
1996,6,Large Families
1998,7,Loyal Explorers
1999,1,Wellness
2000,2,Traditional Shoppers
2001,7,Loyal Explorers
2002,6,Large Families
2004,1,Wellness
2005,2,Traditional Shoppers
2006,2,Traditional Shoppers
2007,5,Tech Enthusiasts
2008,2,Traditional Shoppers
2009,4,Promotion Hunters
2010,7,Loyal Explorers
2011,7,Loyal Explorers
2012,7,Loyal Explorers
2013,6,Large Families
2014,0,Value Seekers
2015,5,Tech Enthusiasts
2016,1,Wellness
2017,6,Large Families
2018,2,Traditional Shoppers
2019,6,Large Families
2020,4,Promotion Hunters
2021,3,Vegetarians
2022,7,Loyal Explorers
2023,3,Vegetarians
2024,2,Traditional Shoppers
2025,5,Tech Enthusiasts
2026,3,Vegetarians
2027,1,Wellness
2028,3,Vegetarians
2029,5,Tech Enthusiasts
2030,3,Vegetarians
2031,5,Tech Enthusiasts
2032,4,Promotion Hunters
2033,6,Large Families
2034,7,Loyal Explorers
2035,1,Wellness
2037,4,Promotion Hunters
2038,6,Large Families
2039,1,Wellness
2040,2,Traditional Shoppers
2041,3,Vegetarians
2042,0,Value Seekers
2043,5,Tech Enthusiasts
2044,4,Promotion Hunters
2045,7,Loyal Explorers
2046,1,Wellness
2047,6,Large Families
2048,5,Tech Enthusiasts
2049,6,Large Families
2051,3,Vegetarians
2052,1,Wellness
2053,7,Loyal Explorers
2055,6,Large Families
2056,0,Value Seekers
2058,4,Promotion Hunters
2059,1,Wellness
2061,4,Promotion Hunters
2062,2,Traditional Shoppers
2063,5,Tech Enthusiasts
2064,3,Vegetarians
2065,7,Loyal Explorers
2066,3,Vegetarians
2067,2,Traditional Shoppers
2068,5,Tech Enthusiasts
2069,2,Traditional Shoppers
2070,3,Vegetarians
2071,2,Traditional Shoppers
2072,1,Wellness
2075,1,Wellness
2076,1,Wellness
2077,2,Traditional Shoppers
2078,2,Traditional Shoppers
2081,1,Wellness
2082,2,Traditional Shoppers
2083,5,Tech Enthusiasts
2084,6,Large Families
2085,4,Promotion Hunters
2086,3,Vegetarians
2087,0,Value Seekers
2089,0,Value Seekers
2090,5,Tech Enthusiasts
2091,1,Wellness
2093,3,Vegetarians
2094,4,Promotion Hunters
2095,3,Vegetarians
2098,5,Tech Enthusiasts
2099,6,Large Families
2100,6,Large Families
2101,7,Loyal Explorers
2102,1,Wellness
2103,3,Vegetarians
2104,3,Vegetarians
2105,3,Vegetarians
2107,6,Large Families
2108,4,Promotion Hunters
2109,5,Tech Enthusiasts
2110,3,Vegetarians
2111,3,Vegetarians
2112,5,Tech Enthusiasts
2113,5,Tech Enthusiasts
2114,2,Traditional Shoppers
2116,7,Loyal Explorers
2117,1,Wellness
2118,2,Traditional Shoppers
2119,2,Traditional Shoppers
2120,4,Promotion Hunters
2121,1,Wellness
2123,2,Traditional Shoppers
2124,4,Promotion Hunters
2125,4,Promotion Hunters
2126,6,Large Families
2127,2,Traditional Shoppers
2128,4,Promotion Hunters
2129,4,Promotion Hunters
2130,6,Large Families
2132,0,Value Seekers
2133,7,Loyal Explorers
2134,7,Loyal Explorers
2135,7,Loyal Explorers
2137,4,Promotion Hunters
2138,2,Traditional Shoppers
2139,7,Loyal Explorers
2140,6,Large Families
2141,0,Value Seekers
2142,3,Vegetarians
2143,7,Loyal Explorers
2144,7,Loyal Explorers
2146,0,Value Seekers
2148,6,Large Families
2149,0,Value Seekers
2150,5,Tech Enthusiasts
2151,6,Large Families
2154,1,Wellness
2155,5,Tech Enthusiasts
2156,3,Vegetarians
2157,5,Tech Enthusiasts
2158,1,Wellness
2159,0,Value Seekers
2160,7,Loyal Explorers
2161,5,Tech Enthusiasts
2162,6,Large Families
2163,4,Promotion Hunters
2164,2,Traditional Shoppers
2165,1,Wellness
2166,2,Traditional Shoppers
2167,6,Large Families
2168,1,Wellness
2169,1,Wellness
2170,2,Traditional Shoppers
2171,3,Vegetarians
2172,5,Tech Enthusiasts
2173,2,Traditional Shoppers
2174,1,Wellness
2175,1,Wellness
2176,3,Vegetarians
2177,1,Wellness
2178,2,Traditional Shoppers
2179,4,Promotion Hunters
2181,2,Traditional Shoppers
2182,4,Promotion Hunters
2185,6,Large Families
2186,2,Traditional Shoppers
2187,1,Wellness
2188,1,Wellness
2189,4,Promotion Hunters
2190,2,Traditional Shoppers
2191,5,Tech Enthusiasts
2192,1,Wellness
2193,2,Traditional Shoppers
2195,6,Large Families
2196,7,Loyal Explorers
2197,0,Value Seekers
2199,6,Large Families
2200,2,Traditional Shoppers
2202,0,Value Seekers
2203,2,Traditional Shoppers
2204,2,Traditional Shoppers
2205,1,Wellness
2206,3,Vegetarians
2207,2,Traditional Shoppers
2209,4,Promotion Hunters
2210,2,Traditional Shoppers
2212,4,Promotion Hunters
2213,0,Value Seekers
2214,4,Promotion Hunters
2215,1,Wellness
2216,3,Vegetarians
2217,1,Wellness
2218,2,Traditional Shoppers
2219,2,Traditional Shoppers
2222,6,Large Families
2223,4,Promotion Hunters
2224,4,Promotion Hunters
2225,0,Value Seekers
2226,1,Wellness
2227,7,Loyal Explorers
2228,7,Loyal Explorers
2231,6,Large Families
2232,6,Large Families
2233,4,Promotion Hunters
2234,2,Traditional Shoppers
2236,3,Vegetarians
2237,5,Tech Enthusiasts
2238,3,Vegetarians
2239,7,Loyal Explorers
2240,2,Traditional Shoppers
2242,4,Promotion Hunters
2243,4,Promotion Hunters
2244,2,Traditional Shoppers
2246,3,Vegetarians
2247,5,Tech Enthusiasts
2248,3,Vegetarians
2249,1,Wellness
2250,4,Promotion Hunters
2251,1,Wellness
2252,5,Tech Enthusiasts
2253,4,Promotion Hunters
2254,7,Loyal Explorers
2255,4,Promotion Hunters
2256,3,Vegetarians
2257,5,Tech Enthusiasts
2259,4,Promotion Hunters
2261,6,Large Families
2262,2,Traditional Shoppers
2263,3,Vegetarians
2265,6,Large Families
2266,1,Wellness
2267,0,Value Seekers
2268,7,Loyal Explorers
2269,0,Value Seekers
2271,4,Promotion Hunters
2272,2,Traditional Shoppers
2273,3,Vegetarians
2274,5,Tech Enthusiasts
2275,7,Loyal Explorers
2276,5,Tech Enthusiasts
2277,5,Tech Enthusiasts
2278,2,Traditional Shoppers
2279,7,Loyal Explorers
2280,2,Traditional Shoppers
2281,5,Tech Enthusiasts
2285,5,Tech Enthusiasts
2286,4,Promotion Hunters
2288,6,Large Families
2289,6,Large Families
2290,4,Promotion Hunters
2291,7,Loyal Explorers
2292,0,Value Seekers
2293,6,Large Families
2294,7,Loyal Explorers
2295,2,Traditional Shoppers
2296,2,Traditional Shoppers
2297,6,Large Families
2299,3,Vegetarians
2302,6,Large Families
2303,7,Loyal Explorers
2304,5,Tech Enthusiasts
2305,4,Promotion Hunters
2306,4,Promotion Hunters
2307,6,Large Families
2309,6,Large Families
2310,5,Tech Enthusiasts
2311,7,Loyal Explorers
2312,6,Large Families
2313,6,Large Families
2314,7,Loyal Explorers
2315,4,Promotion Hunters
2316,2,Traditional Shoppers
2317,0,Value Seekers
2318,1,Wellness
2319,3,Vegetarians
2320,4,Promotion Hunters
2321,7,Loyal Explorers
2323,1,Wellness
2325,6,Large Families
2326,1,Wellness
2327,2,Traditional Shoppers
2328,7,Loyal Explorers
2329,1,Wellness
2330,3,Vegetarians
2331,7,Loyal Explorers
2332,7,Loyal Explorers
2333,4,Promotion Hunters
2334,5,Tech Enthusiasts
2336,6,Large Families
2337,7,Loyal Explorers
2338,7,Loyal Explorers
2339,2,Traditional Shoppers
2340,2,Traditional Shoppers
2341,7,Loyal Explorers
2342,7,Loyal Explorers
2343,3,Vegetarians
2344,2,Traditional Shoppers
2345,2,Traditional Shoppers
2346,6,Large Families
2347,2,Traditional Shoppers
2348,1,Wellness
2349,6,Large Families
2351,2,Traditional Shoppers
2352,0,Value Seekers
2353,2,Traditional Shoppers
2354,7,Loyal Explorers
2355,3,Vegetarians
2356,5,Tech Enthusiasts
2357,2,Traditional Shoppers
2358,2,Traditional Shoppers
2359,2,Traditional Shoppers
2360,5,Tech Enthusiasts
2361,4,Promotion Hunters
2363,3,Vegetarians
2364,4,Promotion Hunters
2365,5,Tech Enthusiasts
2366,6,Large Families
2367,2,Traditional Shoppers
2368,7,Loyal Explorers
2369,2,Traditional Shoppers
2370,0,Value Seekers
2372,3,Vegetarians
2373,6,Large Families
2376,2,Traditional Shoppers
2377,6,Large Families
2378,3,Vegetarians
2379,1,Wellness
2380,6,Large Families
2381,0,Value Seekers
2382,6,Large Families
2384,3,Vegetarians
2385,7,Loyal Explorers
2386,1,Wellness
2387,4,Promotion Hunters
2388,6,Large Families
2389,7,Loyal Explorers
2390,0,Value Seekers
2392,0,Value Seekers
2393,6,Large Families
2394,7,Loyal Explorers
2395,2,Traditional Shoppers
2397,3,Vegetarians
2398,1,Wellness
2399,4,Promotion Hunters
2401,7,Loyal Explorers
2402,3,Vegetarians
2403,3,Vegetarians
2404,3,Vegetarians
2405,7,Loyal Explorers
2406,4,Promotion Hunters
2407,3,Vegetarians
2408,2,Traditional Shoppers
2409,3,Vegetarians
2410,3,Vegetarians
2411,2,Traditional Shoppers
2412,0,Value Seekers
2413,7,Loyal Explorers
2414,1,Wellness
2415,0,Value Seekers
2416,0,Value Seekers
2417,2,Traditional Shoppers
2418,4,Promotion Hunters
2419,6,Large Families
2420,3,Vegetarians
2421,1,Wellness
2422,3,Vegetarians
2423,5,Tech Enthusiasts
2424,7,Loyal Explorers
2425,2,Traditional Shoppers
2426,5,Tech Enthusiasts
2427,6,Large Families
2428,6,Large Families
2431,7,Loyal Explorers
2432,2,Traditional Shoppers
2433,4,Promotion Hunters
2435,6,Large Families
2437,1,Wellness
2438,0,Value Seekers
2439,6,Large Families
2441,1,Wellness
2442,7,Loyal Explorers
2443,2,Traditional Shoppers
2445,2,Traditional Shoppers
2446,2,Traditional Shoppers
2447,6,Large Families
2448,6,Large Families
2451,3,Vegetarians
2452,3,Vegetarians
2453,6,Large Families
2456,0,Value Seekers
2457,4,Promotion Hunters
2458,4,Promotion Hunters
2459,4,Promotion Hunters
2462,3,Vegetarians
2463,3,Vegetarians
2464,4,Promotion Hunters
2465,6,Large Families
2466,5,Tech Enthusiasts
2467,4,Promotion Hunters
2468,7,Loyal Explorers
2469,6,Large Families
2470,4,Promotion Hunters
2471,1,Wellness
2472,5,Tech Enthusiasts
2473,3,Vegetarians
2474,6,Large Families
2475,5,Tech Enthusiasts
2476,4,Promotion Hunters
2478,5,Tech Enthusiasts
2479,4,Promotion Hunters
2480,7,Loyal Explorers
2481,3,Vegetarians
2482,6,Large Families
2483,0,Value Seekers
2484,5,Tech Enthusiasts
2485,2,Traditional Shoppers
2486,0,Value Seekers
2487,5,Tech Enthusiasts
2488,6,Large Families
2490,6,Large Families
2491,2,Traditional Shoppers
2492,6,Large Families
2494,5,Tech Enthusiasts
2495,1,Wellness
2496,4,Promotion Hunters
2498,7,Loyal Explorers
2499,5,Tech Enthusiasts
2500,1,Wellness
2501,6,Large Families
2502,0,Value Seekers
2503,1,Wellness
2504,2,Traditional Shoppers
2505,7,Loyal Explorers
2506,6,Large Families
2507,2,Traditional Shoppers
2508,7,Loyal Explorers
2509,1,Wellness
2511,1,Wellness
2512,1,Wellness
2513,5,Tech Enthusiasts
2514,3,Vegetarians
2515,1,Wellness
2517,6,Large Families
2518,6,Large Families
2520,5,Tech Enthusiasts
2521,3,Vegetarians
2522,2,Traditional Shoppers
2524,1,Wellness
2525,4,Promotion Hunters
2526,0,Value Seekers
2528,5,Tech Enthusiasts
2529,1,Wellness
2530,2,Traditional Shoppers
2531,3,Vegetarians
2533,7,Loyal Explorers
2534,1,Wellness
2536,2,Traditional Shoppers
2538,1,Wellness
2541,6,Large Families
2542,0,Value Seekers
2543,0,Value Seekers
2544,2,Traditional Shoppers
2545,4,Promotion Hunters
2546,2,Traditional Shoppers
2547,0,Value Seekers
2548,2,Traditional Shoppers
2549,0,Value Seekers
2550,2,Traditional Shoppers
2552,3,Vegetarians
2553,4,Promotion Hunters
2554,4,Promotion Hunters
2555,3,Vegetarians
2556,4,Promotion Hunters
2557,1,Wellness
2558,0,Value Seekers
2559,0,Value Seekers
2560,0,Value Seekers
2561,1,Wellness
2562,3,Vegetarians
2564,6,Large Families
2565,1,Wellness
2566,2,Traditional Shoppers
2567,7,Loyal Explorers
2569,3,Vegetarians
2570,2,Traditional Shoppers
2572,6,Large Families
2573,6,Large Families
2575,7,Loyal Explorers
2576,7,Loyal Explorers
2577,3,Vegetarians
2580,4,Promotion Hunters
2581,2,Traditional Shoppers
2582,4,Promotion Hunters
2583,2,Traditional Shoppers
2584,3,Vegetarians
2586,4,Promotion Hunters
2587,6,Large Families
2588,3,Vegetarians
2589,1,Wellness
2590,5,Tech Enthusiasts
2591,3,Vegetarians
2592,7,Loyal Explorers
2593,3,Vegetarians
2594,4,Promotion Hunters
2596,0,Value Seekers
2597,6,Large Families
2598,7,Loyal Explorers
2599,6,Large Families
2600,0,Value Seekers
2601,6,Large Families
2602,1,Wellness
2603,0,Value Seekers
2604,5,Tech Enthusiasts
2605,0,Value Seekers
2606,1,Wellness
2607,5,Tech Enthusiasts
2608,3,Vegetarians
2610,3,Vegetarians
2611,2,Traditional Shoppers
2612,3,Vegetarians
2613,7,Loyal Explorers
2614,3,Vegetarians
2615,7,Loyal Explorers
2616,2,Traditional Shoppers
2617,3,Vegetarians
2618,5,Tech Enthusiasts
2619,3,Vegetarians
2621,0,Value Seekers
2622,0,Value Seekers
2624,1,Wellness
2625,0,Value Seekers
2626,2,Traditional Shoppers
2627,4,Promotion Hunters
2628,7,Loyal Explorers
2629,6,Large Families
2630,6,Large Families
2631,3,Vegetarians
2632,7,Loyal Explorers
2633,1,Wellness
2634,7,Loyal Explorers
2635,1,Wellness
2636,0,Value Seekers
2637,0,Value Seekers
2638,1,Wellness
2639,2,Traditional Shoppers
2640,3,Vegetarians
2641,4,Promotion Hunters
2642,1,Wellness
2643,6,Large Families
2644,3,Vegetarians
2645,3,Vegetarians
2646,5,Tech Enthusiasts
2647,3,Vegetarians
2648,3,Vegetarians
2649,1,Wellness
2650,1,Wellness
2651,5,Tech Enthusiasts
2652,2,Traditional Shoppers
2653,6,Large Families
2654,0,Value Seekers
2655,2,Traditional Shoppers
2656,5,Tech Enthusiasts
2657,1,Wellness
2658,3,Vegetarians
2659,6,Large Families
2660,7,Loyal Explorers
2661,4,Promotion Hunters
2662,7,Loyal Explorers
2663,6,Large Families
2664,6,Large Families
2665,5,Tech Enthusiasts
2667,3,Vegetarians
2668,1,Wellness
2669,1,Wellness
2670,7,Loyal Explorers
2671,5,Tech Enthusiasts
2672,3,Vegetarians
2674,2,Traditional Shoppers
2675,2,Traditional Shoppers
2676,5,Tech Enthusiasts
2677,3,Vegetarians
2678,3,Vegetarians
2680,7,Loyal Explorers
2681,2,Traditional Shoppers
2682,0,Value Seekers
2683,3,Vegetarians
2684,4,Promotion Hunters
2685,3,Vegetarians
2686,7,Loyal Explorers
2690,5,Tech Enthusiasts
2692,3,Vegetarians
2693,1,Wellness
2694,3,Vegetarians
2695,6,Large Families
2696,1,Wellness
2697,3,Vegetarians
2698,5,Tech Enthusiasts
2699,1,Wellness
2700,7,Loyal Explorers
2701,6,Large Families
2702,3,Vegetarians
2703,6,Large Families
2704,3,Vegetarians
2705,2,Traditional Shoppers
2706,5,Tech Enthusiasts
2707,3,Vegetarians
2708,0,Value Seekers
2709,4,Promotion Hunters
2710,0,Value Seekers
2711,3,Vegetarians
2712,3,Vegetarians
2713,7,Loyal Explorers
2715,2,Traditional Shoppers
2716,6,Large Families
2717,6,Large Families
2718,2,Traditional Shoppers
2719,6,Large Families
2720,4,Promotion Hunters
2721,4,Promotion Hunters
2722,7,Loyal Explorers
2723,1,Wellness
2724,2,Traditional Shoppers
2725,4,Promotion Hunters
2727,3,Vegetarians
2728,2,Traditional Shoppers
2729,3,Vegetarians
2730,6,Large Families
2732,7,Loyal Explorers
2733,2,Traditional Shoppers
2734,1,Wellness
2735,2,Traditional Shoppers
2736,5,Tech Enthusiasts
2737,2,Traditional Shoppers
2738,5,Tech Enthusiasts
2739,7,Loyal Explorers
2740,2,Traditional Shoppers
2741,4,Promotion Hunters
2742,4,Promotion Hunters
2743,6,Large Families
2745,2,Traditional Shoppers
2746,4,Promotion Hunters
2747,6,Large Families
2750,0,Value Seekers
2751,6,Large Families
2752,1,Wellness
2754,2,Traditional Shoppers
2756,4,Promotion Hunters
2757,4,Promotion Hunters
2759,0,Value Seekers
2760,0,Value Seekers
2761,4,Promotion Hunters
2762,0,Value Seekers
2764,6,Large Families
2766,6,Large Families
2768,2,Traditional Shoppers
2769,2,Traditional Shoppers
2770,6,Large Families
2771,6,Large Families
2772,2,Traditional Shoppers
2774,1,Wellness
2775,5,Tech Enthusiasts
2777,3,Vegetarians
2778,1,Wellness
2779,2,Traditional Shoppers
2780,0,Value Seekers
2782,6,Large Families
2784,5,Tech Enthusiasts
2786,5,Tech Enthusiasts
2787,4,Promotion Hunters
2788,1,Wellness
2789,7,Loyal Explorers
2790,6,Large Families
2792,5,Tech Enthusiasts
2793,4,Promotion Hunters
2794,5,Tech Enthusiasts
2796,7,Loyal Explorers
2797,1,Wellness
2798,2,Traditional Shoppers
2799,3,Vegetarians
2800,0,Value Seekers
2801,4,Promotion Hunters
2802,2,Traditional Shoppers
2803,4,Promotion Hunters
2804,6,Large Families
2806,0,Value Seekers
2807,6,Large Families
2808,5,Tech Enthusiasts
2809,1,Wellness
2810,4,Promotion Hunters
2811,2,Traditional Shoppers
2812,6,Large Families
2813,3,Vegetarians
2814,2,Traditional Shoppers
2815,2,Traditional Shoppers
2818,1,Wellness
2819,0,Value Seekers
2820,3,Vegetarians
2821,5,Tech Enthusiasts
2822,6,Large Families
2823,5,Tech Enthusiasts
2824,3,Vegetarians
2826,5,Tech Enthusiasts
2827,6,Large Families
2828,0,Value Seekers
2829,0,Value Seekers
2830,6,Large Families
2832,4,Promotion Hunters
2833,7,Loyal Explorers
2834,4,Promotion Hunters
2835,4,Promotion Hunters
2836,1,Wellness
2837,6,Large Families
2838,1,Wellness
2840,4,Promotion Hunters
2841,2,Traditional Shoppers
2842,4,Promotion Hunters
2843,3,Vegetarians
2844,5,Tech Enthusiasts
2846,3,Vegetarians
2847,6,Large Families
2848,7,Loyal Explorers
2849,3,Vegetarians
2850,6,Large Families
2851,3,Vegetarians
2852,3,Vegetarians
2853,4,Promotion Hunters
2854,5,Tech Enthusiasts
2855,7,Loyal Explorers
2856,7,Loyal Explorers
2858,1,Wellness
2860,1,Wellness
2861,4,Promotion Hunters
2863,0,Value Seekers
2864,1,Wellness
2865,6,Large Families
2866,0,Value Seekers
2867,7,Loyal Explorers
2869,2,Traditional Shoppers
2870,4,Promotion Hunters
2874,4,Promotion Hunters
2875,6,Large Families
2877,1,Wellness
2878,1,Wellness
2879,1,Wellness
2880,7,Loyal Explorers
2881,2,Traditional Shoppers
2882,4,Promotion Hunters
2883,7,Loyal Explorers
2884,0,Value Seekers
2885,3,Vegetarians
2886,3,Vegetarians
2887,5,Tech Enthusiasts
2888,3,Vegetarians
2890,5,Tech Enthusiasts
2892,2,Traditional Shoppers
2893,3,Vegetarians
2894,0,Value Seekers
2896,4,Promotion Hunters
2897,1,Wellness
2899,0,Value Seekers
2900,6,Large Families
2901,2,Traditional Shoppers
2902,4,Promotion Hunters
2903,3,Vegetarians
2904,4,Promotion Hunters
2905,0,Value Seekers
2906,0,Value Seekers
2907,3,Vegetarians
2908,7,Loyal Explorers
2909,2,Traditional Shoppers
2910,0,Value Seekers
2911,7,Loyal Explorers
2912,2,Traditional Shoppers
2913,6,Large Families
2914,2,Traditional Shoppers
2916,6,Large Families
2917,0,Value Seekers
2918,1,Wellness
2919,7,Loyal Explorers
2920,7,Loyal Explorers
2921,6,Large Families
2922,2,Traditional Shoppers
2923,1,Wellness
2925,1,Wellness
2926,4,Promotion Hunters
2927,7,Loyal Explorers
2929,6,Large Families
2930,3,Vegetarians
2932,7,Loyal Explorers
2933,2,Traditional Shoppers
2934,4,Promotion Hunters
2935,4,Promotion Hunters
2936,1,Wellness
2938,2,Traditional Shoppers
2939,2,Traditional Shoppers
2940,1,Wellness
2942,2,Traditional Shoppers
2943,6,Large Families
2944,5,Tech Enthusiasts
2945,0,Value Seekers
2946,1,Wellness
2947,3,Vegetarians
2948,2,Traditional Shoppers
2949,0,Value Seekers
2951,3,Vegetarians
2952,7,Loyal Explorers
2953,0,Value Seekers
2954,4,Promotion Hunters
2955,2,Traditional Shoppers
2956,2,Traditional Shoppers
2957,7,Loyal Explorers
2958,4,Promotion Hunters
2959,4,Promotion Hunters
2960,5,Tech Enthusiasts
2961,6,Large Families
2962,6,Large Families
2963,7,Loyal Explorers
2965,2,Traditional Shoppers
2966,0,Value Seekers
2967,1,Wellness
2969,0,Value Seekers
2972,0,Value Seekers
2974,0,Value Seekers
2975,0,Value Seekers
2976,0,Value Seekers
2977,3,Vegetarians
2978,0,Value Seekers
2980,0,Value Seekers
2981,3,Vegetarians
2982,2,Traditional Shoppers
2984,4,Promotion Hunters
2985,3,Vegetarians
2986,3,Vegetarians
2987,2,Traditional Shoppers
2988,7,Loyal Explorers
2989,5,Tech Enthusiasts
2991,2,Traditional Shoppers
2992,2,Traditional Shoppers
2993,5,Tech Enthusiasts
2994,6,Large Families
2995,3,Vegetarians
2996,1,Wellness
2997,4,Promotion Hunters
2998,2,Traditional Shoppers
2999,3,Vegetarians
3000,2,Traditional Shoppers
3001,5,Tech Enthusiasts
3002,3,Vegetarians
3003,2,Traditional Shoppers
3004,2,Traditional Shoppers
3005,4,Promotion Hunters
3007,6,Large Families
3008,4,Promotion Hunters
3009,2,Traditional Shoppers
3010,1,Wellness
3011,5,Tech Enthusiasts
3012,2,Traditional Shoppers
3013,1,Wellness
3015,6,Large Families
3017,2,Traditional Shoppers
3019,6,Large Families
3020,2,Traditional Shoppers
3021,4,Promotion Hunters
3024,6,Large Families
3025,4,Promotion Hunters
3026,0,Value Seekers
3028,3,Vegetarians
3029,3,Vegetarians
3030,5,Tech Enthusiasts
3031,7,Loyal Explorers
3032,4,Promotion Hunters
3033,1,Wellness
3034,1,Wellness
3035,3,Vegetarians
3036,3,Vegetarians
3037,5,Tech Enthusiasts
3038,0,Value Seekers
3039,2,Traditional Shoppers
3040,1,Wellness
3041,6,Large Families
3042,6,Large Families
3043,0,Value Seekers
3044,0,Value Seekers
3045,1,Wellness
3046,3,Vegetarians
3048,4,Promotion Hunters
3049,1,Wellness
3050,2,Traditional Shoppers
3051,7,Loyal Explorers
3052,0,Value Seekers
3053,2,Traditional Shoppers
3054,0,Value Seekers
3055,6,Large Families
3056,5,Tech Enthusiasts
3057,5,Tech Enthusiasts
3058,7,Loyal Explorers
3059,6,Large Families
3060,0,Value Seekers
3061,0,Value Seekers
3062,1,Wellness
3063,7,Loyal Explorers
3064,3,Vegetarians
3065,4,Promotion Hunters
3066,7,Loyal Explorers
3067,4,Promotion Hunters
3068,1,Wellness
3069,2,Traditional Shoppers
3070,3,Vegetarians
3071,4,Promotion Hunters
3072,7,Loyal Explorers
3073,2,Traditional Shoppers
3074,2,Traditional Shoppers
3075,7,Loyal Explorers
3076,0,Value Seekers
3079,3,Vegetarians
3080,3,Vegetarians
3081,5,Tech Enthusiasts
3082,5,Tech Enthusiasts
3083,3,Vegetarians
3084,6,Large Families
3085,2,Traditional Shoppers
3086,5,Tech Enthusiasts
3087,1,Wellness
3088,6,Large Families
3089,2,Traditional Shoppers
3090,6,Large Families
3091,5,Tech Enthusiasts
3092,3,Vegetarians
3093,3,Vegetarians
3094,6,Large Families
3095,5,Tech Enthusiasts
3096,4,Promotion Hunters
3097,2,Traditional Shoppers
3098,1,Wellness
3099,0,Value Seekers
3100,3,Vegetarians
3101,3,Vegetarians
3105,0,Value Seekers
3106,1,Wellness
3107,5,Tech Enthusiasts
3110,0,Value Seekers
3112,2,Traditional Shoppers
3113,5,Tech Enthusiasts
3114,2,Traditional Shoppers
3115,1,Wellness
3116,4,Promotion Hunters
3117,4,Promotion Hunters
3118,7,Loyal Explorers
3119,7,Loyal Explorers
3120,3,Vegetarians
3121,0,Value Seekers
3122,3,Vegetarians
3123,2,Traditional Shoppers
3124,0,Value Seekers
3125,7,Loyal Explorers
3126,6,Large Families
3128,1,Wellness
3129,5,Tech Enthusiasts
3130,6,Large Families
3131,1,Wellness
3132,4,Promotion Hunters
3133,6,Large Families
3135,2,Traditional Shoppers
3136,0,Value Seekers
3138,1,Wellness
3139,0,Value Seekers
3140,3,Vegetarians
3142,7,Loyal Explorers
3143,6,Large Families
3146,3,Vegetarians
3147,2,Traditional Shoppers
3149,4,Promotion Hunters
3150,3,Vegetarians
3151,5,Tech Enthusiasts
3154,6,Large Families
3155,2,Traditional Shoppers
3156,4,Promotion Hunters
3157,0,Value Seekers
3158,7,Loyal Explorers
3159,3,Vegetarians
3160,6,Large Families
3161,2,Traditional Shoppers
3162,3,Vegetarians
3163,1,Wellness
3164,7,Loyal Explorers
3165,7,Loyal Explorers
3167,7,Loyal Explorers
3168,1,Wellness
3169,5,Tech Enthusiasts
3170,1,Wellness
3171,4,Promotion Hunters
3172,5,Tech Enthusiasts
3173,6,Large Families
3175,6,Large Families
3176,3,Vegetarians
3177,2,Traditional Shoppers
3178,7,Loyal Explorers
3179,4,Promotion Hunters
3180,5,Tech Enthusiasts
3183,2,Traditional Shoppers
3184,5,Tech Enthusiasts
3185,4,Promotion Hunters
3186,6,Large Families
3187,2,Traditional Shoppers
3188,6,Large Families
3189,2,Traditional Shoppers
3190,5,Tech Enthusiasts
3191,3,Vegetarians
3192,2,Traditional Shoppers
3193,6,Large Families
3194,4,Promotion Hunters
3196,0,Value Seekers
3197,3,Vegetarians
3198,3,Vegetarians
3199,5,Tech Enthusiasts
3200,6,Large Families
3201,5,Tech Enthusiasts
3202,4,Promotion Hunters
3204,3,Vegetarians
3205,6,Large Families
3206,1,Wellness
3207,2,Traditional Shoppers
3209,6,Large Families
3211,2,Traditional Shoppers
3213,1,Wellness
3214,5,Tech Enthusiasts
3215,6,Large Families
3216,2,Traditional Shoppers
3217,7,Loyal Explorers
3219,7,Loyal Explorers
3220,4,Promotion Hunters
3221,7,Loyal Explorers
3223,4,Promotion Hunters
3224,5,Tech Enthusiasts
3225,3,Vegetarians
3226,6,Large Families
3227,3,Vegetarians
3230,2,Traditional Shoppers
3231,0,Value Seekers
3232,7,Loyal Explorers
3234,4,Promotion Hunters
3235,4,Promotion Hunters
3236,0,Value Seekers
3237,1,Wellness
3238,7,Loyal Explorers
3239,1,Wellness
3240,2,Traditional Shoppers
3241,2,Traditional Shoppers
3242,4,Promotion Hunters
3243,6,Large Families
3244,5,Tech Enthusiasts
3245,1,Wellness
3246,3,Vegetarians
3247,2,Traditional Shoppers
3248,4,Promotion Hunters
3249,3,Vegetarians
3250,1,Wellness
3251,5,Tech Enthusiasts
3252,6,Large Families
3253,7,Loyal Explorers
3255,1,Wellness
3256,3,Vegetarians
3258,2,Traditional Shoppers
3259,3,Vegetarians
3260,6,Large Families
3262,2,Traditional Shoppers
3263,2,Traditional Shoppers
3264,6,Large Families
3265,5,Tech Enthusiasts
3266,2,Traditional Shoppers
3267,0,Value Seekers
3269,2,Traditional Shoppers
3270,3,Vegetarians
3271,1,Wellness
3272,2,Traditional Shoppers
3273,1,Wellness
3274,0,Value Seekers
3275,4,Promotion Hunters
3276,4,Promotion Hunters
3278,1,Wellness
3279,4,Promotion Hunters
3280,0,Value Seekers
3282,2,Traditional Shoppers
3283,7,Loyal Explorers
3285,0,Value Seekers
3286,2,Traditional Shoppers
3287,2,Traditional Shoppers
3288,3,Vegetarians
3289,3,Vegetarians
3291,3,Vegetarians
3293,5,Tech Enthusiasts
3294,3,Vegetarians
3295,6,Large Families
3296,6,Large Families
3297,5,Tech Enthusiasts
3298,3,Vegetarians
3299,0,Value Seekers
3300,2,Traditional Shoppers
3301,1,Wellness
3303,6,Large Families
3304,5,Tech Enthusiasts
3306,7,Loyal Explorers
3307,6,Large Families
3309,1,Wellness
3310,7,Loyal Explorers
3311,3,Vegetarians
3312,3,Vegetarians
3314,2,Traditional Shoppers
3315,3,Vegetarians
3316,6,Large Families
3317,2,Traditional Shoppers
3319,1,Wellness
3320,3,Vegetarians
3321,7,Loyal Explorers
3322,1,Wellness
3323,0,Value Seekers
3324,5,Tech Enthusiasts
3325,2,Traditional Shoppers
3326,7,Loyal Explorers
3327,7,Loyal Explorers
3328,6,Large Families
3329,5,Tech Enthusiasts
3330,4,Promotion Hunters
3332,5,Tech Enthusiasts
3333,0,Value Seekers
3334,5,Tech Enthusiasts
3335,2,Traditional Shoppers
3336,4,Promotion Hunters
3337,7,Loyal Explorers
3338,5,Tech Enthusiasts
3339,3,Vegetarians
3340,0,Value Seekers
3341,7,Loyal Explorers
3342,4,Promotion Hunters
3343,2,Traditional Shoppers
3344,0,Value Seekers
3345,3,Vegetarians
3346,5,Tech Enthusiasts
3347,3,Vegetarians
3348,3,Vegetarians
3349,2,Traditional Shoppers
3350,6,Large Families
3352,5,Tech Enthusiasts
3353,0,Value Seekers
3354,3,Vegetarians
3356,3,Vegetarians
3357,2,Traditional Shoppers
3358,2,Traditional Shoppers
3359,1,Wellness
3360,0,Value Seekers
3361,2,Traditional Shoppers
3362,4,Promotion Hunters
3363,6,Large Families
3364,3,Vegetarians
3365,3,Vegetarians
3366,6,Large Families
3367,6,Large Families
3369,6,Large Families
3370,4,Promotion Hunters
3371,1,Wellness
3372,6,Large Families
3374,5,Tech Enthusiasts
3376,3,Vegetarians
3377,6,Large Families
3378,6,Large Families
3379,0,Value Seekers
3381,2,Traditional Shoppers
3382,7,Loyal Explorers
3383,1,Wellness
3384,5,Tech Enthusiasts
3387,5,Tech Enthusiasts
3388,0,Value Seekers
3389,0,Value Seekers
3390,3,Vegetarians
3391,6,Large Families
3392,1,Wellness
3393,6,Large Families
3395,0,Value Seekers
3396,5,Tech Enthusiasts
3397,3,Vegetarians
3398,1,Wellness
3399,5,Tech Enthusiasts
3400,5,Tech Enthusiasts
3401,4,Promotion Hunters
3402,1,Wellness
3403,2,Traditional Shoppers
3404,3,Vegetarians
3405,7,Loyal Explorers
3406,3,Vegetarians
3407,6,Large Families
3408,1,Wellness
3410,3,Vegetarians
3411,1,Wellness
3412,5,Tech Enthusiasts
3413,3,Vegetarians
3414,1,Wellness
3415,2,Traditional Shoppers
3416,5,Tech Enthusiasts
3418,0,Value Seekers
3419,2,Traditional Shoppers
3421,5,Tech Enthusiasts
3422,0,Value Seekers
3423,0,Value Seekers
3425,7,Loyal Explorers
3426,6,Large Families
3427,1,Wellness
3428,7,Loyal Explorers
3430,2,Traditional Shoppers
3431,6,Large Families
3432,0,Value Seekers
3433,6,Large Families
3434,2,Traditional Shoppers
3435,7,Loyal Explorers
3437,4,Promotion Hunters
3438,5,Tech Enthusiasts
3440,0,Value Seekers
3441,6,Large Families
3442,5,Tech Enthusiasts
3443,1,Wellness
3444,6,Large Families
3445,6,Large Families
3446,0,Value Seekers
3447,2,Traditional Shoppers
3448,4,Promotion Hunters
3449,6,Large Families
3451,4,Promotion Hunters
3452,1,Wellness
3453,2,Traditional Shoppers
3454,0,Value Seekers
3455,1,Wellness
3456,7,Loyal Explorers
3458,7,Loyal Explorers
3459,3,Vegetarians
3460,1,Wellness
3461,0,Value Seekers
3463,5,Tech Enthusiasts
3464,0,Value Seekers
3465,2,Traditional Shoppers
3466,6,Large Families
3467,2,Traditional Shoppers
3468,5,Tech Enthusiasts
3469,2,Traditional Shoppers
3470,6,Large Families
3471,2,Traditional Shoppers
3472,5,Tech Enthusiasts
3473,6,Large Families
3474,3,Vegetarians
3475,6,Large Families
3476,2,Traditional Shoppers
3477,2,Traditional Shoppers
3478,5,Tech Enthusiasts
3479,3,Vegetarians
3481,3,Vegetarians
3482,2,Traditional Shoppers
3483,3,Vegetarians
3484,3,Vegetarians
3485,4,Promotion Hunters
3486,2,Traditional Shoppers
3488,1,Wellness
3489,4,Promotion Hunters
3490,6,Large Families
3491,2,Traditional Shoppers
3492,5,Tech Enthusiasts
3493,3,Vegetarians
3494,2,Traditional Shoppers
3495,5,Tech Enthusiasts
3496,4,Promotion Hunters
3497,2,Traditional Shoppers
3498,2,Traditional Shoppers
3501,7,Loyal Explorers
3502,6,Large Families
3504,5,Tech Enthusiasts
3505,3,Vegetarians
3507,3,Vegetarians
3508,2,Traditional Shoppers
3509,6,Large Families
3511,6,Large Families
3513,4,Promotion Hunters
3514,2,Traditional Shoppers
3515,6,Large Families
3516,1,Wellness
3517,2,Traditional Shoppers
3518,5,Tech Enthusiasts
3519,2,Traditional Shoppers
3520,1,Wellness
3521,3,Vegetarians
3522,6,Large Families
3523,7,Loyal Explorers
3524,5,Tech Enthusiasts
3525,7,Loyal Explorers
3526,6,Large Families
3527,7,Loyal Explorers
3528,5,Tech Enthusiasts
3529,1,Wellness
3530,3,Vegetarians
3532,0,Value Seekers
3533,6,Large Families
3534,0,Value Seekers
3535,2,Traditional Shoppers
3536,4,Promotion Hunters
3537,7,Loyal Explorers
3538,2,Traditional Shoppers
3539,1,Wellness
3540,7,Loyal Explorers
3541,2,Traditional Shoppers
3542,2,Traditional Shoppers
3543,1,Wellness
3544,1,Wellness
3546,2,Traditional Shoppers
3547,1,Wellness
3548,0,Value Seekers
3550,1,Wellness
3551,2,Traditional Shoppers
3552,6,Large Families
3553,0,Value Seekers
3554,3,Vegetarians
3555,6,Large Families
3556,6,Large Families
3557,6,Large Families
3558,2,Traditional Shoppers
3560,2,Traditional Shoppers
3561,0,Value Seekers
3562,3,Vegetarians
3564,0,Value Seekers
3565,3,Vegetarians
3566,5,Tech Enthusiasts
3567,4,Promotion Hunters
3568,2,Traditional Shoppers
3569,4,Promotion Hunters
3570,5,Tech Enthusiasts
3571,7,Loyal Explorers
3572,3,Vegetarians
3573,1,Wellness
3574,3,Vegetarians
3575,7,Loyal Explorers
3576,4,Promotion Hunters
3578,6,Large Families
3579,0,Value Seekers
3580,5,Tech Enthusiasts
3581,7,Loyal Explorers
3582,3,Vegetarians
3584,2,Traditional Shoppers
3585,2,Traditional Shoppers
3586,2,Traditional Shoppers
3587,1,Wellness
3588,5,Tech Enthusiasts
3589,5,Tech Enthusiasts
3591,2,Traditional Shoppers
3593,1,Wellness
3594,5,Tech Enthusiasts
3595,2,Traditional Shoppers
3596,7,Loyal Explorers
3597,6,Large Families
3598,4,Promotion Hunters
3599,2,Traditional Shoppers
3600,2,Traditional Shoppers
3601,0,Value Seekers
3602,2,Traditional Shoppers
3603,2,Traditional Shoppers
3604,4,Promotion Hunters
3605,3,Vegetarians
3607,6,Large Families
3608,0,Value Seekers
3610,0,Value Seekers
3611,6,Large Families
3612,6,Large Families
3615,2,Traditional Shoppers
3616,2,Traditional Shoppers
3617,1,Wellness
3618,7,Loyal Explorers
3619,0,Value Seekers
3620,3,Vegetarians
3621,3,Vegetarians
3622,2,Traditional Shoppers
3623,2,Traditional Shoppers
3624,2,Traditional Shoppers
3625,6,Large Families
3626,3,Vegetarians
3627,2,Traditional Shoppers
3628,7,Loyal Explorers
3629,6,Large Families
3631,0,Value Seekers
3633,2,Traditional Shoppers
3635,5,Tech Enthusiasts
3639,4,Promotion Hunters
3640,5,Tech Enthusiasts
3641,7,Loyal Explorers
3642,6,Large Families
3643,0,Value Seekers
3644,3,Vegetarians
3645,6,Large Families
3646,7,Loyal Explorers
3647,0,Value Seekers
3648,3,Vegetarians
3649,1,Wellness
3650,5,Tech Enthusiasts
3652,0,Value Seekers
3653,1,Wellness
3654,0,Value Seekers
3655,3,Vegetarians
3656,5,Tech Enthusiasts
3657,6,Large Families
3658,2,Traditional Shoppers
3660,0,Value Seekers
3661,6,Large Families
3662,4,Promotion Hunters
3664,3,Vegetarians
3665,4,Promotion Hunters
3666,1,Wellness
3667,6,Large Families
3668,3,Vegetarians
3669,6,Large Families
3670,3,Vegetarians
3671,4,Promotion Hunters
3672,0,Value Seekers
3674,4,Promotion Hunters
3675,1,Wellness
3676,4,Promotion Hunters
3677,2,Traditional Shoppers
3679,1,Wellness
3680,2,Traditional Shoppers
3681,7,Loyal Explorers
3682,0,Value Seekers
3684,2,Traditional Shoppers
3689,2,Traditional Shoppers
3690,4,Promotion Hunters
3691,5,Tech Enthusiasts
3692,6,Large Families
3693,5,Tech Enthusiasts
3694,2,Traditional Shoppers
3695,6,Large Families
3696,4,Promotion Hunters
3697,5,Tech Enthusiasts
3699,6,Large Families
3701,5,Tech Enthusiasts
3703,7,Loyal Explorers
3704,7,Loyal Explorers
3705,7,Loyal Explorers
3707,1,Wellness
3708,6,Large Families
3710,0,Value Seekers
3712,4,Promotion Hunters
3713,2,Traditional Shoppers
3714,3,Vegetarians
3715,3,Vegetarians
3716,1,Wellness
3717,0,Value Seekers
3718,2,Traditional Shoppers
3719,6,Large Families
3720,5,Tech Enthusiasts
3721,2,Traditional Shoppers
3722,0,Value Seekers
3723,6,Large Families
3726,3,Vegetarians
3728,2,Traditional Shoppers
3729,7,Loyal Explorers
3732,7,Loyal Explorers
3733,2,Traditional Shoppers
3734,0,Value Seekers
3735,2,Traditional Shoppers
3736,7,Loyal Explorers
3737,3,Vegetarians
3738,3,Vegetarians
3739,5,Tech Enthusiasts
3740,3,Vegetarians
3742,7,Loyal Explorers
3743,4,Promotion Hunters
3745,2,Traditional Shoppers
3747,4,Promotion Hunters
3748,0,Value Seekers
3749,5,Tech Enthusiasts
3751,5,Tech Enthusiasts
3752,3,Vegetarians
3753,1,Wellness
3754,0,Value Seekers
3757,1,Wellness
3758,5,Tech Enthusiasts
3760,0,Value Seekers
3761,6,Large Families
3762,3,Vegetarians
3763,5,Tech Enthusiasts
3765,6,Large Families
3766,6,Large Families
3770,0,Value Seekers
3771,1,Wellness
3772,0,Value Seekers
3773,1,Wellness
3774,2,Traditional Shoppers
3775,7,Loyal Explorers
3776,0,Value Seekers
3777,2,Traditional Shoppers
3778,5,Tech Enthusiasts
3779,5,Tech Enthusiasts
3780,1,Wellness
3781,5,Tech Enthusiasts
3782,7,Loyal Explorers
3783,5,Tech Enthusiasts
3785,4,Promotion Hunters
3786,2,Traditional Shoppers
3789,6,Large Families
3790,7,Loyal Explorers
3791,3,Vegetarians
3792,7,Loyal Explorers
3793,2,Traditional Shoppers
3795,1,Wellness
3796,4,Promotion Hunters
3797,2,Traditional Shoppers
3798,3,Vegetarians
3799,3,Vegetarians
3800,6,Large Families
3801,2,Traditional Shoppers
3802,3,Vegetarians
3803,3,Vegetarians
3805,0,Value Seekers
3806,1,Wellness
3807,4,Promotion Hunters
3808,5,Tech Enthusiasts
3809,1,Wellness
3810,6,Large Families
3811,4,Promotion Hunters
3812,3,Vegetarians
3813,4,Promotion Hunters
3814,1,Wellness
3815,0,Value Seekers
3816,6,Large Families
3817,3,Vegetarians
3818,0,Value Seekers
3819,5,Tech Enthusiasts
3821,2,Traditional Shoppers
3822,3,Vegetarians
3823,7,Loyal Explorers
3824,2,Traditional Shoppers
3825,1,Wellness
3828,3,Vegetarians
3830,2,Traditional Shoppers
3831,7,Loyal Explorers
3832,3,Vegetarians
3833,2,Traditional Shoppers
3834,3,Vegetarians
3835,2,Traditional Shoppers
3836,0,Value Seekers
3837,5,Tech Enthusiasts
3838,7,Loyal Explorers
3839,3,Vegetarians
3840,3,Vegetarians
3841,6,Large Families
3842,2,Traditional Shoppers
3843,2,Traditional Shoppers
3844,7,Loyal Explorers
3845,7,Loyal Explorers
3846,1,Wellness
3847,5,Tech Enthusiasts
3848,1,Wellness
3849,7,Loyal Explorers
3850,2,Traditional Shoppers
3851,2,Traditional Shoppers
3852,1,Wellness
3855,1,Wellness
3856,2,Traditional Shoppers
3858,6,Large Families
3859,3,Vegetarians
3860,4,Promotion Hunters
3861,7,Loyal Explorers
3862,5,Tech Enthusiasts
3863,1,Wellness
3864,3,Vegetarians
3865,4,Promotion Hunters
3866,2,Traditional Shoppers
3867,3,Vegetarians
3868,7,Loyal Explorers
3869,3,Vegetarians
3870,4,Promotion Hunters
3872,0,Value Seekers
3873,4,Promotion Hunters
3874,6,Large Families
3875,2,Traditional Shoppers
3876,3,Vegetarians
3877,7,Loyal Explorers
3878,2,Traditional Shoppers
3879,2,Traditional Shoppers
3881,6,Large Families
3882,5,Tech Enthusiasts
3883,2,Traditional Shoppers
3884,1,Wellness
3887,0,Value Seekers
3889,1,Wellness
3892,3,Vegetarians
3893,1,Wellness
3894,2,Traditional Shoppers
3895,0,Value Seekers
3896,2,Traditional Shoppers
3897,6,Large Families
3899,3,Vegetarians
3900,6,Large Families
3901,6,Large Families
3902,1,Wellness
3903,5,Tech Enthusiasts
3904,4,Promotion Hunters
3905,0,Value Seekers
3907,6,Large Families
3908,6,Large Families
3910,1,Wellness
3912,6,Large Families
3913,3,Vegetarians
3914,0,Value Seekers
3916,2,Traditional Shoppers
3917,5,Tech Enthusiasts
3918,6,Large Families
3919,6,Large Families
3920,7,Loyal Explorers
3921,0,Value Seekers
3922,0,Value Seekers
3925,5,Tech Enthusiasts
3926,1,Wellness
3927,6,Large Families
3932,6,Large Families
3933,5,Tech Enthusiasts
3934,5,Tech Enthusiasts
3936,0,Value Seekers
3937,2,Traditional Shoppers
3938,2,Traditional Shoppers
3940,4,Promotion Hunters
3942,2,Traditional Shoppers
3943,2,Traditional Shoppers
3944,0,Value Seekers
3946,4,Promotion Hunters
3947,5,Tech Enthusiasts
3948,4,Promotion Hunters
3949,2,Traditional Shoppers
3950,4,Promotion Hunters
3951,4,Promotion Hunters
3952,1,Wellness
3953,2,Traditional Shoppers
3954,6,Large Families
3955,6,Large Families
3956,2,Traditional Shoppers
3957,4,Promotion Hunters
3958,6,Large Families
3960,5,Tech Enthusiasts
3963,3,Vegetarians
3964,3,Vegetarians
3965,5,Tech Enthusiasts
3967,7,Loyal Explorers
3970,1,Wellness
3971,2,Traditional Shoppers
3972,5,Tech Enthusiasts
3973,4,Promotion Hunters
3974,0,Value Seekers
3976,7,Loyal Explorers
3977,4,Promotion Hunters
3978,2,Traditional Shoppers
3979,7,Loyal Explorers
3980,7,Loyal Explorers
3981,4,Promotion Hunters
3982,1,Wellness
3985,7,Loyal Explorers
3986,6,Large Families
3987,2,Traditional Shoppers
3988,7,Loyal Explorers
3989,0,Value Seekers
3990,5,Tech Enthusiasts
3991,7,Loyal Explorers
3992,2,Traditional Shoppers
3993,2,Traditional Shoppers
3994,4,Promotion Hunters
3995,1,Wellness
3996,5,Tech Enthusiasts
3997,0,Value Seekers
3998,1,Wellness
3999,5,Tech Enthusiasts
4000,2,Traditional Shoppers
4002,7,Loyal Explorers
4003,1,Wellness
4004,3,Vegetarians
4005,1,Wellness
4007,4,Promotion Hunters
4008,1,Wellness
4009,1,Wellness
4010,3,Vegetarians
4011,6,Large Families
4013,3,Vegetarians
4014,4,Promotion Hunters
4015,2,Traditional Shoppers
4016,4,Promotion Hunters
4017,0,Value Seekers
4018,6,Large Families
4019,6,Large Families
4020,0,Value Seekers
4021,2,Traditional Shoppers
4022,5,Tech Enthusiasts
4023,4,Promotion Hunters
4024,3,Vegetarians
4025,3,Vegetarians
4026,2,Traditional Shoppers
4027,3,Vegetarians
4028,7,Loyal Explorers
4029,2,Traditional Shoppers
4030,4,Promotion Hunters
4031,6,Large Families
4035,5,Tech Enthusiasts
4036,3,Vegetarians
4037,5,Tech Enthusiasts
4038,6,Large Families
4039,5,Tech Enthusiasts
4041,4,Promotion Hunters
4042,6,Large Families
4043,4,Promotion Hunters
4044,4,Promotion Hunters
4045,5,Tech Enthusiasts
4046,3,Vegetarians
4047,6,Large Families
4048,1,Wellness
4049,2,Traditional Shoppers
4050,4,Promotion Hunters
4051,1,Wellness
4052,2,Traditional Shoppers
4054,2,Traditional Shoppers
4055,0,Value Seekers
4056,3,Vegetarians
4057,1,Wellness
4058,0,Value Seekers
4059,3,Vegetarians
4060,2,Traditional Shoppers
4061,1,Wellness
4062,3,Vegetarians
4063,1,Wellness
4064,6,Large Families
4065,3,Vegetarians
4066,2,Traditional Shoppers
4068,1,Wellness
4069,5,Tech Enthusiasts
4070,2,Traditional Shoppers
4071,6,Large Families
4072,5,Tech Enthusiasts
4073,5,Tech Enthusiasts
4074,2,Traditional Shoppers
4075,2,Traditional Shoppers
4076,0,Value Seekers
4077,4,Promotion Hunters
4079,2,Traditional Shoppers
4080,1,Wellness
4081,3,Vegetarians
4082,5,Tech Enthusiasts
4083,1,Wellness
4085,5,Tech Enthusiasts
4086,0,Value Seekers
4087,0,Value Seekers
4088,4,Promotion Hunters
4089,5,Tech Enthusiasts
4090,1,Wellness
4091,1,Wellness
4092,4,Promotion Hunters
4093,1,Wellness
4095,6,Large Families
4096,2,Traditional Shoppers
4097,6,Large Families
4098,3,Vegetarians
4099,5,Tech Enthusiasts
4100,2,Traditional Shoppers
4101,2,Traditional Shoppers
4102,2,Traditional Shoppers
4103,1,Wellness
4104,5,Tech Enthusiasts
4106,4,Promotion Hunters
4108,3,Vegetarians
4109,6,Large Families
4110,2,Traditional Shoppers
4111,0,Value Seekers
4112,2,Traditional Shoppers
4113,2,Traditional Shoppers
4114,6,Large Families
4115,2,Traditional Shoppers
4116,3,Vegetarians
4117,0,Value Seekers
4118,3,Vegetarians
4119,0,Value Seekers
4121,5,Tech Enthusiasts
4122,3,Vegetarians
4123,5,Tech Enthusiasts
4126,7,Loyal Explorers
4127,2,Traditional Shoppers
4128,2,Traditional Shoppers
4129,7,Loyal Explorers
4130,3,Vegetarians
4132,2,Traditional Shoppers
4133,0,Value Seekers
4134,0,Value Seekers
4136,4,Promotion Hunters
4137,4,Promotion Hunters
4138,2,Traditional Shoppers
4140,3,Vegetarians
4141,1,Wellness
4142,5,Tech Enthusiasts
4143,5,Tech Enthusiasts
4144,2,Traditional Shoppers
4145,3,Vegetarians
4146,4,Promotion Hunters
4148,3,Vegetarians
4149,2,Traditional Shoppers
4150,5,Tech Enthusiasts
4151,3,Vegetarians
4152,7,Loyal Explorers
4153,7,Loyal Explorers
4154,3,Vegetarians
4155,2,Traditional Shoppers
4156,4,Promotion Hunters
4157,0,Value Seekers
4158,2,Traditional Shoppers
4160,4,Promotion Hunters
4161,3,Vegetarians
4162,0,Value Seekers
4163,5,Tech Enthusiasts
4164,1,Wellness
4165,2,Traditional Shoppers
4166,5,Tech Enthusiasts
4167,1,Wellness
4168,5,Tech Enthusiasts
4169,7,Loyal Explorers
4170,6,Large Families
4171,2,Traditional Shoppers
4173,5,Tech Enthusiasts
4174,2,Traditional Shoppers
4176,6,Large Families
4177,7,Loyal Explorers
4179,7,Loyal Explorers
4180,2,Traditional Shoppers
4181,5,Tech Enthusiasts
4182,3,Vegetarians
4183,5,Tech Enthusiasts
4185,1,Wellness
4186,6,Large Families
4187,7,Loyal Explorers
4188,3,Vegetarians
4189,7,Loyal Explorers
4190,1,Wellness
4193,3,Vegetarians
4194,0,Value Seekers
4195,4,Promotion Hunters
4197,2,Traditional Shoppers
4198,5,Tech Enthusiasts
4199,0,Value Seekers
4202,0,Value Seekers
4204,3,Vegetarians
4205,1,Wellness
4206,1,Wellness
4207,2,Traditional Shoppers
4208,7,Loyal Explorers
4209,3,Vegetarians
4210,3,Vegetarians
4211,1,Wellness
4212,0,Value Seekers
4213,5,Tech Enthusiasts
4214,4,Promotion Hunters
4215,4,Promotion Hunters
4217,2,Traditional Shoppers
4218,3,Vegetarians
4221,0,Value Seekers
4222,6,Large Families
4223,6,Large Families
4224,1,Wellness
4225,1,Wellness
4226,5,Tech Enthusiasts
4227,6,Large Families
4228,2,Traditional Shoppers
4229,5,Tech Enthusiasts
4230,7,Loyal Explorers
4233,3,Vegetarians
4234,7,Loyal Explorers
4235,3,Vegetarians
4237,7,Loyal Explorers
4238,1,Wellness
4239,1,Wellness
4241,7,Loyal Explorers
4242,3,Vegetarians
4244,4,Promotion Hunters
4245,4,Promotion Hunters
4246,5,Tech Enthusiasts
4247,6,Large Families
4249,5,Tech Enthusiasts
4250,1,Wellness
4251,5,Tech Enthusiasts
4253,3,Vegetarians
4254,7,Loyal Explorers
4255,3,Vegetarians
4256,3,Vegetarians
4257,1,Wellness
4258,3,Vegetarians
4259,0,Value Seekers
4260,7,Loyal Explorers
4261,6,Large Families
4264,2,Traditional Shoppers
4265,5,Tech Enthusiasts
4267,2,Traditional Shoppers
4268,5,Tech Enthusiasts
4269,2,Traditional Shoppers
4270,4,Promotion Hunters
4271,1,Wellness
4272,2,Traditional Shoppers
4273,2,Traditional Shoppers
4274,2,Traditional Shoppers
4275,0,Value Seekers
4276,6,Large Families
4277,1,Wellness
4278,6,Large Families
4281,6,Large Families
4282,3,Vegetarians
4283,5,Tech Enthusiasts
4284,1,Wellness
4285,6,Large Families
4286,6,Large Families
4287,0,Value Seekers
4288,2,Traditional Shoppers
4289,6,Large Families
4290,1,Wellness
4291,7,Loyal Explorers
4292,1,Wellness
4293,7,Loyal Explorers
4295,4,Promotion Hunters
4297,2,Traditional Shoppers
4298,5,Tech Enthusiasts
4299,5,Tech Enthusiasts
4300,3,Vegetarians
4301,5,Tech Enthusiasts
4302,2,Traditional Shoppers
4303,5,Tech Enthusiasts
4304,5,Tech Enthusiasts
4305,2,Traditional Shoppers
4307,3,Vegetarians
4308,3,Vegetarians
4309,1,Wellness
4311,4,Promotion Hunters
4312,1,Wellness
4313,3,Vegetarians
4314,4,Promotion Hunters
4315,3,Vegetarians
4316,6,Large Families
4318,0,Value Seekers
4319,0,Value Seekers
4320,3,Vegetarians
4321,7,Loyal Explorers
4322,7,Loyal Explorers
4323,7,Loyal Explorers
4324,1,Wellness
4325,4,Promotion Hunters
4326,7,Loyal Explorers
4327,1,Wellness
4328,2,Traditional Shoppers
4329,1,Wellness
4330,4,Promotion Hunters
4331,3,Vegetarians
4332,7,Loyal Explorers
4333,1,Wellness
4334,0,Value Seekers
4336,2,Traditional Shoppers
4338,2,Traditional Shoppers
4339,0,Value Seekers
4343,2,Traditional Shoppers
4344,2,Traditional Shoppers
4345,0,Value Seekers
4346,2,Traditional Shoppers
4348,2,Traditional Shoppers
4349,3,Vegetarians
4350,6,Large Families
4352,5,Tech Enthusiasts
4353,5,Tech Enthusiasts
4354,7,Loyal Explorers
4356,5,Tech Enthusiasts
4357,4,Promotion Hunters
4358,0,Value Seekers
4360,4,Promotion Hunters
4361,0,Value Seekers
4362,2,Traditional Shoppers
4363,2,Traditional Shoppers
4364,4,Promotion Hunters
4367,5,Tech Enthusiasts
4368,2,Traditional Shoppers
4369,1,Wellness
4370,5,Tech Enthusiasts
4371,5,Tech Enthusiasts
4372,5,Tech Enthusiasts
4373,2,Traditional Shoppers
4374,5,Tech Enthusiasts
4378,4,Promotion Hunters
4380,6,Large Families
4382,2,Traditional Shoppers
4383,7,Loyal Explorers
4385,5,Tech Enthusiasts
4386,4,Promotion Hunters
4387,2,Traditional Shoppers
4388,6,Large Families
4389,2,Traditional Shoppers
4390,5,Tech Enthusiasts
4392,2,Traditional Shoppers
4393,3,Vegetarians
4394,5,Tech Enthusiasts
4395,2,Traditional Shoppers
4396,0,Value Seekers
4397,6,Large Families
4398,3,Vegetarians
4399,6,Large Families
4400,2,Traditional Shoppers
4401,7,Loyal Explorers
4403,0,Value Seekers
4404,2,Traditional Shoppers
4406,3,Vegetarians
4407,5,Tech Enthusiasts
4408,4,Promotion Hunters
4409,5,Tech Enthusiasts
4411,7,Loyal Explorers
4412,4,Promotion Hunters
4413,2,Traditional Shoppers
4414,2,Traditional Shoppers
4415,1,Wellness
4417,1,Wellness
4418,7,Loyal Explorers
4421,1,Wellness
4422,6,Large Families
4423,1,Wellness
4424,3,Vegetarians
4425,6,Large Families
4427,2,Traditional Shoppers
4428,7,Loyal Explorers
4429,2,Traditional Shoppers
4430,5,Tech Enthusiasts
4433,5,Tech Enthusiasts
4434,2,Traditional Shoppers
4436,6,Large Families
4438,2,Traditional Shoppers
4439,6,Large Families
4440,6,Large Families
4441,5,Tech Enthusiasts
4442,1,Wellness
4443,7,Loyal Explorers
4444,0,Value Seekers
4445,6,Large Families
4446,6,Large Families
4447,1,Wellness
4448,7,Loyal Explorers
4449,2,Traditional Shoppers
4450,0,Value Seekers
4451,5,Tech Enthusiasts
4452,0,Value Seekers
4453,1,Wellness
4455,7,Loyal Explorers
4456,4,Promotion Hunters
4458,4,Promotion Hunters
4459,0,Value Seekers
4461,7,Loyal Explorers
4462,0,Value Seekers
4464,2,Traditional Shoppers
4466,2,Traditional Shoppers
4467,5,Tech Enthusiasts
4468,1,Wellness
4469,7,Loyal Explorers
4470,1,Wellness
4472,0,Value Seekers
4473,1,Wellness
4474,5,Tech Enthusiasts
4476,7,Loyal Explorers
4477,6,Large Families
4478,0,Value Seekers
4480,4,Promotion Hunters
4482,4,Promotion Hunters
4484,2,Traditional Shoppers
4485,3,Vegetarians
4489,0,Value Seekers
4490,6,Large Families
4492,3,Vegetarians
4494,2,Traditional Shoppers
4495,3,Vegetarians
4497,6,Large Families
4498,1,Wellness
4499,4,Promotion Hunters
4500,0,Value Seekers
4502,1,Wellness
4504,3,Vegetarians
4505,2,Traditional Shoppers
4506,4,Promotion Hunters
4507,6,Large Families
4508,3,Vegetarians
4510,1,Wellness
4511,2,Traditional Shoppers
4512,2,Traditional Shoppers
4513,2,Traditional Shoppers
4515,5,Tech Enthusiasts
4516,6,Large Families
4517,3,Vegetarians
4518,5,Tech Enthusiasts
4520,5,Tech Enthusiasts
4521,7,Loyal Explorers
4522,0,Value Seekers
4523,2,Traditional Shoppers
4524,1,Wellness
4525,7,Loyal Explorers
4527,6,Large Families
4528,7,Loyal Explorers
4529,4,Promotion Hunters
4532,6,Large Families
4533,2,Traditional Shoppers
4534,2,Traditional Shoppers
4536,1,Wellness
4537,1,Wellness
4538,0,Value Seekers
4539,6,Large Families
4540,6,Large Families
4541,6,Large Families
4542,1,Wellness
4543,5,Tech Enthusiasts
4544,4,Promotion Hunters
4545,2,Traditional Shoppers
4546,5,Tech Enthusiasts
4547,3,Vegetarians
4548,1,Wellness
4549,6,Large Families
4550,4,Promotion Hunters
4551,2,Traditional Shoppers
4552,2,Traditional Shoppers
4553,3,Vegetarians
4554,4,Promotion Hunters
4556,7,Loyal Explorers
4558,2,Traditional Shoppers
4559,2,Traditional Shoppers
4560,2,Traditional Shoppers
4562,6,Large Families
4563,6,Large Families
4564,6,Large Families
4565,2,Traditional Shoppers
4566,0,Value Seekers
4567,2,Traditional Shoppers
4568,5,Tech Enthusiasts
4570,2,Traditional Shoppers
4571,5,Tech Enthusiasts
4572,2,Traditional Shoppers
4574,5,Tech Enthusiasts
4575,3,Vegetarians
4576,1,Wellness
4577,5,Tech Enthusiasts
4578,1,Wellness
4579,0,Value Seekers
4580,7,Loyal Explorers
4581,3,Vegetarians
4582,7,Loyal Explorers
4583,3,Vegetarians
4584,0,Value Seekers
4585,3,Vegetarians
4586,3,Vegetarians
4587,0,Value Seekers
4588,4,Promotion Hunters
4589,0,Value Seekers
4590,3,Vegetarians
4591,5,Tech Enthusiasts
4592,5,Tech Enthusiasts
4593,1,Wellness
4594,2,Traditional Shoppers
4595,3,Vegetarians
4596,3,Vegetarians
4597,1,Wellness
4598,0,Value Seekers
4599,6,Large Families
4601,4,Promotion Hunters
4602,3,Vegetarians
4603,0,Value Seekers
4604,7,Loyal Explorers
4605,3,Vegetarians
4606,2,Traditional Shoppers
4607,7,Loyal Explorers
4608,2,Traditional Shoppers
4609,2,Traditional Shoppers
4610,7,Loyal Explorers
4611,4,Promotion Hunters
4612,4,Promotion Hunters
4613,4,Promotion Hunters
4614,2,Traditional Shoppers
4615,7,Loyal Explorers
4616,4,Promotion Hunters
4617,0,Value Seekers
4618,0,Value Seekers
4619,7,Loyal Explorers
4621,4,Promotion Hunters
4624,2,Traditional Shoppers
4625,2,Traditional Shoppers
4626,7,Loyal Explorers
4627,5,Tech Enthusiasts
4628,5,Tech Enthusiasts
4629,2,Traditional Shoppers
4630,3,Vegetarians
4631,2,Traditional Shoppers
4632,3,Vegetarians
4633,1,Wellness
4634,2,Traditional Shoppers
4635,4,Promotion Hunters
4636,0,Value Seekers
4637,5,Tech Enthusiasts
4638,3,Vegetarians
4639,4,Promotion Hunters
4640,2,Traditional Shoppers
4641,3,Vegetarians
4643,0,Value Seekers
4644,3,Vegetarians
4645,2,Traditional Shoppers
4646,0,Value Seekers
4647,2,Traditional Shoppers
4648,3,Vegetarians
4649,2,Traditional Shoppers
4650,0,Value Seekers
4651,6,Large Families
4652,7,Loyal Explorers
4653,4,Promotion Hunters
4655,4,Promotion Hunters
4656,6,Large Families
4657,6,Large Families
4658,6,Large Families
4659,7,Loyal Explorers
4660,4,Promotion Hunters
4661,6,Large Families
4662,1,Wellness
4664,5,Tech Enthusiasts
4665,2,Traditional Shoppers
4666,0,Value Seekers
4667,5,Tech Enthusiasts
4668,4,Promotion Hunters
4669,3,Vegetarians
4670,2,Traditional Shoppers
4671,7,Loyal Explorers
4672,4,Promotion Hunters
4673,2,Traditional Shoppers
4674,5,Tech Enthusiasts
4675,1,Wellness
4676,6,Large Families
4677,7,Loyal Explorers
4678,6,Large Families
4679,5,Tech Enthusiasts
4680,6,Large Families
4681,2,Traditional Shoppers
4683,5,Tech Enthusiasts
4684,4,Promotion Hunters
4685,2,Traditional Shoppers
4686,7,Loyal Explorers
4687,2,Traditional Shoppers
4689,7,Loyal Explorers
4690,0,Value Seekers
4692,7,Loyal Explorers
4693,3,Vegetarians
4694,3,Vegetarians
4697,2,Traditional Shoppers
4699,3,Vegetarians
4702,6,Large Families
4703,4,Promotion Hunters
4704,1,Wellness
4705,7,Loyal Explorers
4706,2,Traditional Shoppers
4707,1,Wellness
4708,2,Traditional Shoppers
4709,4,Promotion Hunters
4710,4,Promotion Hunters
4712,2,Traditional Shoppers
4713,0,Value Seekers
4715,6,Large Families
4716,3,Vegetarians
4717,1,Wellness
4718,4,Promotion Hunters
4719,2,Traditional Shoppers
4721,1,Wellness
4722,6,Large Families
4724,3,Vegetarians
4726,6,Large Families
4727,2,Traditional Shoppers
4728,0,Value Seekers
4729,2,Traditional Shoppers
4730,2,Traditional Shoppers
4731,2,Traditional Shoppers
4733,0,Value Seekers
4735,6,Large Families
4736,7,Loyal Explorers
4737,3,Vegetarians
4739,5,Tech Enthusiasts
4741,0,Value Seekers
4742,0,Value Seekers
4744,5,Tech Enthusiasts
4745,0,Value Seekers
4747,0,Value Seekers
4748,1,Wellness
4749,4,Promotion Hunters
4750,5,Tech Enthusiasts
4751,6,Large Families
4753,5,Tech Enthusiasts
4754,3,Vegetarians
4755,2,Traditional Shoppers
4756,2,Traditional Shoppers
4757,0,Value Seekers
4759,1,Wellness
4760,3,Vegetarians
4761,5,Tech Enthusiasts
4762,6,Large Families
4764,6,Large Families
4765,2,Traditional Shoppers
4766,2,Traditional Shoppers
4767,2,Traditional Shoppers
4768,6,Large Families
4769,3,Vegetarians
4771,5,Tech Enthusiasts
4772,3,Vegetarians
4774,1,Wellness
4775,6,Large Families
4776,6,Large Families
4777,7,Loyal Explorers
4778,6,Large Families
4779,7,Loyal Explorers
4781,1,Wellness
4782,2,Traditional Shoppers
4783,0,Value Seekers
4784,3,Vegetarians
4785,4,Promotion Hunters
4786,3,Vegetarians
4787,4,Promotion Hunters
4790,1,Wellness
4791,2,Traditional Shoppers
4792,3,Vegetarians
4795,6,Large Families
4796,4,Promotion Hunters
4797,2,Traditional Shoppers
4798,5,Tech Enthusiasts
4799,3,Vegetarians
4801,6,Large Families
4802,7,Loyal Explorers
4803,4,Promotion Hunters
4804,2,Traditional Shoppers
4805,1,Wellness
4806,2,Traditional Shoppers
4807,3,Vegetarians
4808,1,Wellness
4809,1,Wellness
4810,0,Value Seekers
4811,1,Wellness
4812,7,Loyal Explorers
4813,3,Vegetarians
4814,6,Large Families
4815,6,Large Families
4817,5,Tech Enthusiasts
4818,4,Promotion Hunters
4819,3,Vegetarians
4820,2,Traditional Shoppers
4821,6,Large Families
4824,3,Vegetarians
4826,5,Tech Enthusiasts
4827,5,Tech Enthusiasts
4828,0,Value Seekers
4829,3,Vegetarians
4830,2,Traditional Shoppers
4831,4,Promotion Hunters
4833,4,Promotion Hunters
4834,0,Value Seekers
4835,1,Wellness
4836,6,Large Families
4837,7,Loyal Explorers
4839,4,Promotion Hunters
4840,0,Value Seekers
4841,2,Traditional Shoppers
4842,6,Large Families
4844,3,Vegetarians
4846,7,Loyal Explorers
4847,4,Promotion Hunters
4848,1,Wellness
4849,6,Large Families
4851,2,Traditional Shoppers
4852,6,Large Families
4853,5,Tech Enthusiasts
4854,0,Value Seekers
4855,7,Loyal Explorers
4856,0,Value Seekers
4857,0,Value Seekers
4860,2,Traditional Shoppers
4862,0,Value Seekers
4863,0,Value Seekers
4864,7,Loyal Explorers
4865,5,Tech Enthusiasts
4866,0,Value Seekers
4868,3,Vegetarians
4869,6,Large Families
4871,3,Vegetarians
4872,4,Promotion Hunters
4874,1,Wellness
4875,2,Traditional Shoppers
4876,4,Promotion Hunters
4877,7,Loyal Explorers
4878,2,Traditional Shoppers
4879,1,Wellness
4880,1,Wellness
4881,7,Loyal Explorers
4882,3,Vegetarians
4884,4,Promotion Hunters
4885,6,Large Families
4886,5,Tech Enthusiasts
4889,3,Vegetarians
4890,2,Traditional Shoppers
4891,5,Tech Enthusiasts
4892,3,Vegetarians
4893,6,Large Families
4894,7,Loyal Explorers
4896,5,Tech Enthusiasts
4897,0,Value Seekers
4898,1,Wellness
4899,6,Large Families
4900,2,Traditional Shoppers
4901,1,Wellness
4902,6,Large Families
4903,6,Large Families
4904,3,Vegetarians
4905,5,Tech Enthusiasts
4906,7,Loyal Explorers
4907,3,Vegetarians
4909,3,Vegetarians
4910,7,Loyal Explorers
4911,2,Traditional Shoppers
4912,4,Promotion Hunters
4913,4,Promotion Hunters
4914,1,Wellness
4916,1,Wellness
4918,1,Wellness
4919,6,Large Families
4920,2,Traditional Shoppers
4921,7,Loyal Explorers
4922,4,Promotion Hunters
4924,6,Large Families
4925,6,Large Families
4926,1,Wellness
4927,7,Loyal Explorers
4928,6,Large Families
4929,3,Vegetarians
4930,2,Traditional Shoppers
4931,5,Tech Enthusiasts
4932,2,Traditional Shoppers
4933,3,Vegetarians
4934,2,Traditional Shoppers
4935,2,Traditional Shoppers
4936,1,Wellness
4937,2,Traditional Shoppers
4938,6,Large Families
4939,2,Traditional Shoppers
4940,6,Large Families
4942,2,Traditional Shoppers
4943,3,Vegetarians
4944,5,Tech Enthusiasts
4945,1,Wellness
4946,2,Traditional Shoppers
4948,4,Promotion Hunters
4949,0,Value Seekers
4950,2,Traditional Shoppers
4952,4,Promotion Hunters
4953,4,Promotion Hunters
4954,5,Tech Enthusiasts
4955,7,Loyal Explorers
4956,2,Traditional Shoppers
4958,0,Value Seekers
4959,7,Loyal Explorers
4960,3,Vegetarians
4962,1,Wellness
4963,3,Vegetarians
4964,3,Vegetarians
4965,1,Wellness
4966,3,Vegetarians
4967,3,Vegetarians
4969,2,Traditional Shoppers
4970,0,Value Seekers
4972,0,Value Seekers
4973,5,Tech Enthusiasts
4974,3,Vegetarians
4975,4,Promotion Hunters
4976,4,Promotion Hunters
4978,3,Vegetarians
4979,0,Value Seekers
4981,1,Wellness
4982,4,Promotion Hunters
4983,6,Large Families
4984,2,Traditional Shoppers
4986,2,Traditional Shoppers
4988,2,Traditional Shoppers
4989,0,Value Seekers
4992,5,Tech Enthusiasts
4993,1,Wellness
4994,2,Traditional Shoppers
4995,1,Wellness
4996,2,Traditional Shoppers
4998,0,Value Seekers
4999,0,Value Seekers
5000,7,Loyal Explorers
5001,5,Tech Enthusiasts
5002,7,Loyal Explorers
5003,1,Wellness
5004,1,Wellness
5005,2,Traditional Shoppers
5006,7,Loyal Explorers
5007,1,Wellness
5008,5,Tech Enthusiasts
5009,2,Traditional Shoppers
5010,4,Promotion Hunters
5012,7,Loyal Explorers
5013,4,Promotion Hunters
5015,2,Traditional Shoppers
5016,6,Large Families
5017,6,Large Families
5021,6,Large Families
5022,2,Traditional Shoppers
5023,1,Wellness
5024,0,Value Seekers
5025,6,Large Families
5026,0,Value Seekers
5027,7,Loyal Explorers
5028,2,Traditional Shoppers
5029,5,Tech Enthusiasts
5030,3,Vegetarians
5031,4,Promotion Hunters
5034,3,Vegetarians
5035,7,Loyal Explorers
5036,5,Tech Enthusiasts
5037,2,Traditional Shoppers
5038,2,Traditional Shoppers
5039,2,Traditional Shoppers
5040,4,Promotion Hunters
5041,2,Traditional Shoppers
5042,5,Tech Enthusiasts
5043,7,Loyal Explorers
5044,2,Traditional Shoppers
5045,2,Traditional Shoppers
5046,2,Traditional Shoppers
5048,1,Wellness
5049,3,Vegetarians
5050,4,Promotion Hunters
5051,2,Traditional Shoppers
5052,0,Value Seekers
5053,3,Vegetarians
5054,3,Vegetarians
5055,6,Large Families
5057,2,Traditional Shoppers
5058,6,Large Families
5060,6,Large Families
5061,2,Traditional Shoppers
5062,6,Large Families
5065,3,Vegetarians
5066,7,Loyal Explorers
5067,2,Traditional Shoppers
5069,2,Traditional Shoppers
5070,1,Wellness
5071,6,Large Families
5072,0,Value Seekers
5074,4,Promotion Hunters
5075,2,Traditional Shoppers
5076,2,Traditional Shoppers
5077,5,Tech Enthusiasts
5078,4,Promotion Hunters
5081,2,Traditional Shoppers
5082,2,Traditional Shoppers
5083,3,Vegetarians
5084,0,Value Seekers
5085,7,Loyal Explorers
5086,2,Traditional Shoppers
5087,4,Promotion Hunters
5088,2,Traditional Shoppers
5089,3,Vegetarians
5091,3,Vegetarians
5092,2,Traditional Shoppers
5093,0,Value Seekers
5094,2,Traditional Shoppers
5096,1,Wellness
5097,5,Tech Enthusiasts
5098,5,Tech Enthusiasts
5100,3,Vegetarians
5101,7,Loyal Explorers
5103,6,Large Families
5104,2,Traditional Shoppers
5105,7,Loyal Explorers
5106,7,Loyal Explorers
5107,1,Wellness
5108,3,Vegetarians
5109,1,Wellness
5110,6,Large Families
5111,5,Tech Enthusiasts
5112,5,Tech Enthusiasts
5114,2,Traditional Shoppers
5115,3,Vegetarians
5116,4,Promotion Hunters
5117,3,Vegetarians
5118,3,Vegetarians
5119,6,Large Families
5120,2,Traditional Shoppers
5121,0,Value Seekers
5122,0,Value Seekers
5123,1,Wellness
5124,3,Vegetarians
5125,6,Large Families
5126,3,Vegetarians
5127,0,Value Seekers
5128,3,Vegetarians
5129,3,Vegetarians
5130,6,Large Families
5132,4,Promotion Hunters
5133,6,Large Families
5134,0,Value Seekers
5135,6,Large Families
5136,2,Traditional Shoppers
5137,2,Traditional Shoppers
5138,2,Traditional Shoppers
5139,5,Tech Enthusiasts
5140,4,Promotion Hunters
5141,6,Large Families
5142,6,Large Families
5143,4,Promotion Hunters
5144,1,Wellness
5145,4,Promotion Hunters
5147,5,Tech Enthusiasts
5148,2,Traditional Shoppers
5149,4,Promotion Hunters
5151,3,Vegetarians
5152,1,Wellness
5154,6,Large Families
5155,1,Wellness
5156,4,Promotion Hunters
5157,6,Large Families
5159,3,Vegetarians
5160,1,Wellness
5161,0,Value Seekers
5162,6,Large Families
5163,5,Tech Enthusiasts
5164,1,Wellness
5165,0,Value Seekers
5166,6,Large Families
5167,3,Vegetarians
5168,7,Loyal Explorers
5169,2,Traditional Shoppers
5170,2,Traditional Shoppers
5172,3,Vegetarians
5173,5,Tech Enthusiasts
5174,1,Wellness
5175,2,Traditional Shoppers
5176,2,Traditional Shoppers
5177,6,Large Families
5178,6,Large Families
5179,4,Promotion Hunters
5180,2,Traditional Shoppers
5181,1,Wellness
5182,1,Wellness
5183,3,Vegetarians
5184,3,Vegetarians
5185,5,Tech Enthusiasts
5186,6,Large Families
5187,0,Value Seekers
5188,1,Wellness
5189,2,Traditional Shoppers
5190,0,Value Seekers
5192,6,Large Families
5193,7,Loyal Explorers
5194,0,Value Seekers
5195,4,Promotion Hunters
5196,7,Loyal Explorers
5197,1,Wellness
5198,0,Value Seekers
5199,3,Vegetarians
5200,4,Promotion Hunters
5201,4,Promotion Hunters
5202,4,Promotion Hunters
5204,2,Traditional Shoppers
5205,3,Vegetarians
5208,3,Vegetarians
5209,5,Tech Enthusiasts
5210,5,Tech Enthusiasts
5211,6,Large Families
5212,3,Vegetarians
5213,7,Loyal Explorers
5214,6,Large Families
5216,5,Tech Enthusiasts
5218,3,Vegetarians
5219,7,Loyal Explorers
5220,3,Vegetarians
5221,2,Traditional Shoppers
5222,3,Vegetarians
5224,2,Traditional Shoppers
5225,2,Traditional Shoppers
5226,6,Large Families
5227,4,Promotion Hunters
5228,7,Loyal Explorers
5229,6,Large Families
5230,6,Large Families
5231,3,Vegetarians
5232,6,Large Families
5233,4,Promotion Hunters
5234,1,Wellness
5235,2,Traditional Shoppers
5236,6,Large Families
5237,2,Traditional Shoppers
5239,5,Tech Enthusiasts
5240,4,Promotion Hunters
5241,2,Traditional Shoppers
5243,2,Traditional Shoppers
5245,2,Traditional Shoppers
5246,2,Traditional Shoppers
5247,5,Tech Enthusiasts
5248,5,Tech Enthusiasts
5249,0,Value Seekers
5250,6,Large Families
5251,1,Wellness
5252,2,Traditional Shoppers
5254,6,Large Families
5256,2,Traditional Shoppers
5257,0,Value Seekers
5258,5,Tech Enthusiasts
5259,2,Traditional Shoppers
5260,0,Value Seekers
5262,4,Promotion Hunters
5263,5,Tech Enthusiasts
5264,6,Large Families
5265,3,Vegetarians
5266,5,Tech Enthusiasts
5267,3,Vegetarians
5269,0,Value Seekers
5270,7,Loyal Explorers
5272,3,Vegetarians
5273,5,Tech Enthusiasts
5274,5,Tech Enthusiasts
5275,2,Traditional Shoppers
5276,0,Value Seekers
5277,7,Loyal Explorers
5278,2,Traditional Shoppers
5279,0,Value Seekers
5280,0,Value Seekers
5283,5,Tech Enthusiasts
5284,6,Large Families
5286,7,Loyal Explorers
5287,0,Value Seekers
5288,7,Loyal Explorers
5290,6,Large Families
5291,5,Tech Enthusiasts
5292,2,Traditional Shoppers
5293,2,Traditional Shoppers
5294,6,Large Families
5295,6,Large Families
5296,4,Promotion Hunters
5297,2,Traditional Shoppers
5298,3,Vegetarians
5300,0,Value Seekers
5301,7,Loyal Explorers
5302,2,Traditional Shoppers
5303,2,Traditional Shoppers
5304,4,Promotion Hunters
5305,5,Tech Enthusiasts
5307,5,Tech Enthusiasts
5308,3,Vegetarians
5309,2,Traditional Shoppers
5311,7,Loyal Explorers
5312,6,Large Families
5313,6,Large Families
5314,2,Traditional Shoppers
5315,3,Vegetarians
5316,4,Promotion Hunters
5317,1,Wellness
5318,6,Large Families
5320,2,Traditional Shoppers
5321,3,Vegetarians
5324,6,Large Families
5325,7,Loyal Explorers
5327,6,Large Families
5329,3,Vegetarians
5331,0,Value Seekers
5332,0,Value Seekers
5333,1,Wellness
5334,6,Large Families
5335,2,Traditional Shoppers
5336,0,Value Seekers
5337,0,Value Seekers
5338,1,Wellness
5339,3,Vegetarians
5340,6,Large Families
5341,3,Vegetarians
5342,5,Tech Enthusiasts
5343,3,Vegetarians
5344,1,Wellness
5345,0,Value Seekers
5346,4,Promotion Hunters
5349,3,Vegetarians
5350,2,Traditional Shoppers
5351,2,Traditional Shoppers
5352,0,Value Seekers
5353,4,Promotion Hunters
5354,5,Tech Enthusiasts
5357,6,Large Families
5358,3,Vegetarians
5359,4,Promotion Hunters
5360,6,Large Families
5361,2,Traditional Shoppers
5362,1,Wellness
5363,1,Wellness
5364,4,Promotion Hunters
5366,3,Vegetarians
5367,3,Vegetarians
5368,2,Traditional Shoppers
5369,5,Tech Enthusiasts
5370,0,Value Seekers
5371,2,Traditional Shoppers
5372,1,Wellness
5373,2,Traditional Shoppers
5374,5,Tech Enthusiasts
5376,3,Vegetarians
5377,7,Loyal Explorers
5378,0,Value Seekers
5379,4,Promotion Hunters
5380,7,Loyal Explorers
5381,2,Traditional Shoppers
5382,1,Wellness
5383,2,Traditional Shoppers
5384,1,Wellness
5385,7,Loyal Explorers
5386,6,Large Families
5387,0,Value Seekers
5388,7,Loyal Explorers
5389,6,Large Families
5390,5,Tech Enthusiasts
5392,7,Loyal Explorers
5393,6,Large Families
5394,2,Traditional Shoppers
5395,4,Promotion Hunters
5397,2,Traditional Shoppers
5398,0,Value Seekers
5399,2,Traditional Shoppers
5401,5,Tech Enthusiasts
5402,0,Value Seekers
5403,6,Large Families
5404,0,Value Seekers
5405,3,Vegetarians
5406,2,Traditional Shoppers
5408,7,Loyal Explorers
5409,1,Wellness
5411,0,Value Seekers
5413,6,Large Families
5416,3,Vegetarians
5417,5,Tech Enthusiasts
5419,5,Tech Enthusiasts
5421,2,Traditional Shoppers
5422,1,Wellness
5423,7,Loyal Explorers
5424,6,Large Families
5425,7,Loyal Explorers
5426,6,Large Families
5427,1,Wellness
5428,5,Tech Enthusiasts
5430,5,Tech Enthusiasts
5431,4,Promotion Hunters
5433,1,Wellness
5434,7,Loyal Explorers
5435,0,Value Seekers
5436,0,Value Seekers
5437,1,Wellness
5438,0,Value Seekers
5439,7,Loyal Explorers
5440,4,Promotion Hunters
5441,4,Promotion Hunters
5442,0,Value Seekers
5443,2,Traditional Shoppers
5444,7,Loyal Explorers
5445,1,Wellness
5446,1,Wellness
5448,6,Large Families
5450,7,Loyal Explorers
5451,7,Loyal Explorers
5452,0,Value Seekers
5453,3,Vegetarians
5454,0,Value Seekers
5455,0,Value Seekers
5456,2,Traditional Shoppers
5457,2,Traditional Shoppers
5458,5,Tech Enthusiasts
5459,7,Loyal Explorers
5460,7,Loyal Explorers
5464,3,Vegetarians
5465,5,Tech Enthusiasts
5466,6,Large Families
5467,0,Value Seekers
5469,6,Large Families
5470,6,Large Families
5471,0,Value Seekers
5472,5,Tech Enthusiasts
5473,5,Tech Enthusiasts
5474,5,Tech Enthusiasts
5475,6,Large Families
5476,3,Vegetarians
5477,6,Large Families
5479,3,Vegetarians
5480,5,Tech Enthusiasts
5481,3,Vegetarians
5483,5,Tech Enthusiasts
5484,6,Large Families
5485,0,Value Seekers
5486,4,Promotion Hunters
5487,3,Vegetarians
5488,2,Traditional Shoppers
5489,3,Vegetarians
5491,3,Vegetarians
5492,2,Traditional Shoppers
5493,2,Traditional Shoppers
5494,1,Wellness
5495,1,Wellness
5496,6,Large Families
5498,1,Wellness
5501,6,Large Families
5503,4,Promotion Hunters
5504,1,Wellness
5505,0,Value Seekers
5506,6,Large Families
5507,6,Large Families
5508,6,Large Families
5511,1,Wellness
5512,5,Tech Enthusiasts
5513,6,Large Families
5514,1,Wellness
5515,7,Loyal Explorers
5516,6,Large Families
5517,3,Vegetarians
5518,3,Vegetarians
5519,0,Value Seekers
5520,6,Large Families
5521,4,Promotion Hunters
5523,3,Vegetarians
5524,1,Wellness
5525,3,Vegetarians
5526,2,Traditional Shoppers
5528,6,Large Families
5529,0,Value Seekers
5531,6,Large Families
5532,7,Loyal Explorers
5534,0,Value Seekers
5535,6,Large Families
5536,4,Promotion Hunters
5537,6,Large Families
5538,0,Value Seekers
5539,6,Large Families
5540,1,Wellness
5541,5,Tech Enthusiasts
5543,3,Vegetarians
5544,7,Loyal Explorers
5545,2,Traditional Shoppers
5546,7,Loyal Explorers
5549,2,Traditional Shoppers
5550,2,Traditional Shoppers
5551,2,Traditional Shoppers
5552,5,Tech Enthusiasts
5553,5,Tech Enthusiasts
5554,3,Vegetarians
5555,2,Traditional Shoppers
5556,2,Traditional Shoppers
5557,2,Traditional Shoppers
5559,2,Traditional Shoppers
5560,0,Value Seekers
5561,6,Large Families
5562,0,Value Seekers
5563,6,Large Families
5564,1,Wellness
5565,7,Loyal Explorers
5566,2,Traditional Shoppers
5567,6,Large Families
5568,6,Large Families
5569,7,Loyal Explorers
5570,0,Value Seekers
5571,3,Vegetarians
5572,4,Promotion Hunters
5573,1,Wellness
5574,2,Traditional Shoppers
5576,5,Tech Enthusiasts
5577,0,Value Seekers
5579,1,Wellness
5580,3,Vegetarians
5581,4,Promotion Hunters
5582,4,Promotion Hunters
5583,5,Tech Enthusiasts
5584,2,Traditional Shoppers
5585,7,Loyal Explorers
5587,5,Tech Enthusiasts
5588,0,Value Seekers
5589,1,Wellness
5590,6,Large Families
5591,3,Vegetarians
5592,1,Wellness
5596,0,Value Seekers
5597,4,Promotion Hunters
5598,0,Value Seekers
5599,6,Large Families
5600,2,Traditional Shoppers
5601,4,Promotion Hunters
5602,5,Tech Enthusiasts
5603,7,Loyal Explorers
5604,0,Value Seekers
5605,2,Traditional Shoppers
5606,5,Tech Enthusiasts
5607,7,Loyal Explorers
5608,5,Tech Enthusiasts
5609,5,Tech Enthusiasts
5610,0,Value Seekers
5611,5,Tech Enthusiasts
5612,1,Wellness
5613,7,Loyal Explorers
5614,5,Tech Enthusiasts
5615,3,Vegetarians
5616,2,Traditional Shoppers
5617,6,Large Families
5618,4,Promotion Hunters
5619,0,Value Seekers
5620,0,Value Seekers
5621,3,Vegetarians
5623,4,Promotion Hunters
5624,2,Traditional Shoppers
5625,3,Vegetarians
5626,5,Tech Enthusiasts
5627,0,Value Seekers
5628,3,Vegetarians
5629,0,Value Seekers
5630,4,Promotion Hunters
5631,1,Wellness
5632,6,Large Families
5633,2,Traditional Shoppers
5634,1,Wellness
5635,6,Large Families
5636,3,Vegetarians
5637,3,Vegetarians
5639,3,Vegetarians
5640,7,Loyal Explorers
5641,1,Wellness
5642,4,Promotion Hunters
5643,2,Traditional Shoppers
5645,0,Value Seekers
5646,0,Value Seekers
5647,2,Traditional Shoppers
5648,0,Value Seekers
5649,3,Vegetarians
5651,6,Large Families
5652,1,Wellness
5653,3,Vegetarians
5654,6,Large Families
5655,3,Vegetarians
5656,5,Tech Enthusiasts
5657,0,Value Seekers
5658,2,Traditional Shoppers
5659,4,Promotion Hunters
5660,3,Vegetarians
5661,2,Traditional Shoppers
5662,6,Large Families
5663,4,Promotion Hunters
5664,1,Wellness
5665,3,Vegetarians
5666,1,Wellness
5667,5,Tech Enthusiasts
5668,1,Wellness
5669,4,Promotion Hunters
5670,7,Loyal Explorers
5672,6,Large Families
5673,3,Vegetarians
5674,3,Vegetarians
5675,3,Vegetarians
5678,2,Traditional Shoppers
5679,5,Tech Enthusiasts
5680,6,Large Families
5681,6,Large Families
5682,6,Large Families
5683,0,Value Seekers
5685,5,Tech Enthusiasts
5686,3,Vegetarians
5687,7,Loyal Explorers
5689,5,Tech Enthusiasts
5690,3,Vegetarians
5691,3,Vegetarians
5692,2,Traditional Shoppers
5693,1,Wellness
5696,3,Vegetarians
5697,6,Large Families
5699,6,Large Families
5700,6,Large Families
5701,6,Large Families
5703,0,Value Seekers
5704,4,Promotion Hunters
5705,3,Vegetarians
5706,6,Large Families
5707,2,Traditional Shoppers
5709,2,Traditional Shoppers
5710,6,Large Families
5711,6,Large Families
5712,2,Traditional Shoppers
5713,5,Tech Enthusiasts
5714,5,Tech Enthusiasts
5715,6,Large Families
5716,7,Loyal Explorers
5717,3,Vegetarians
5718,6,Large Families
5719,5,Tech Enthusiasts
5721,3,Vegetarians
5723,0,Value Seekers
5724,3,Vegetarians
5725,7,Loyal Explorers
5727,5,Tech Enthusiasts
5729,0,Value Seekers
5730,1,Wellness
5731,6,Large Families
5732,4,Promotion Hunters
5733,4,Promotion Hunters
5734,5,Tech Enthusiasts
5735,3,Vegetarians
5736,6,Large Families
5737,7,Loyal Explorers
5739,1,Wellness
5740,1,Wellness
5741,2,Traditional Shoppers
5742,2,Traditional Shoppers
5744,0,Value Seekers
5746,3,Vegetarians
5747,7,Loyal Explorers
5748,5,Tech Enthusiasts
5749,2,Traditional Shoppers
5750,5,Tech Enthusiasts
5751,0,Value Seekers
5752,2,Traditional Shoppers
5753,1,Wellness
5754,2,Traditional Shoppers
5755,6,Large Families
5756,6,Large Families
5757,5,Tech Enthusiasts
5758,5,Tech Enthusiasts
5759,2,Traditional Shoppers
5760,4,Promotion Hunters
5762,3,Vegetarians
5765,1,Wellness
5766,6,Large Families
5767,0,Value Seekers
5768,5,Tech Enthusiasts
5769,2,Traditional Shoppers
5770,2,Traditional Shoppers
5771,5,Tech Enthusiasts
5772,2,Traditional Shoppers
5774,3,Vegetarians
5775,7,Loyal Explorers
5776,4,Promotion Hunters
5777,2,Traditional Shoppers
5778,5,Tech Enthusiasts
5780,5,Tech Enthusiasts
5782,5,Tech Enthusiasts
5783,5,Tech Enthusiasts
5784,4,Promotion Hunters
5785,2,Traditional Shoppers
5786,7,Loyal Explorers
5787,0,Value Seekers
5788,5,Tech Enthusiasts
5789,2,Traditional Shoppers
5790,0,Value Seekers
5792,5,Tech Enthusiasts
5793,0,Value Seekers
5794,4,Promotion Hunters
5795,0,Value Seekers
5797,6,Large Families
5799,7,Loyal Explorers
5800,7,Loyal Explorers
5801,6,Large Families
5802,6,Large Families
5803,6,Large Families
5804,4,Promotion Hunters
5805,0,Value Seekers
5806,7,Loyal Explorers
5807,4,Promotion Hunters
5808,5,Tech Enthusiasts
5809,3,Vegetarians
5810,7,Loyal Explorers
5811,3,Vegetarians
5814,7,Loyal Explorers
5815,6,Large Families
5817,2,Traditional Shoppers
5818,2,Traditional Shoppers
5819,2,Traditional Shoppers
5820,5,Tech Enthusiasts
5821,2,Traditional Shoppers
5822,3,Vegetarians
5824,7,Loyal Explorers
5825,2,Traditional Shoppers
5826,1,Wellness
5827,3,Vegetarians
5828,0,Value Seekers
5829,3,Vegetarians
5830,4,Promotion Hunters
5833,6,Large Families
5834,7,Loyal Explorers
5835,4,Promotion Hunters
5836,2,Traditional Shoppers
5837,5,Tech Enthusiasts
5838,6,Large Families
5839,1,Wellness
5840,4,Promotion Hunters
5841,2,Traditional Shoppers
5845,1,Wellness
5846,3,Vegetarians
5847,6,Large Families
5848,3,Vegetarians
5849,5,Tech Enthusiasts
5850,3,Vegetarians
5851,1,Wellness
5852,1,Wellness
5853,6,Large Families
5854,6,Large Families
5857,6,Large Families
5858,6,Large Families
5860,4,Promotion Hunters
5861,0,Value Seekers
5862,0,Value Seekers
5863,3,Vegetarians
5864,4,Promotion Hunters
5865,3,Vegetarians
5866,0,Value Seekers
5867,1,Wellness
5868,7,Loyal Explorers
5869,7,Loyal Explorers
5870,7,Loyal Explorers
5871,3,Vegetarians
5872,6,Large Families
5874,2,Traditional Shoppers
5875,7,Loyal Explorers
5876,5,Tech Enthusiasts
5877,6,Large Families
5878,2,Traditional Shoppers
5879,0,Value Seekers
5880,0,Value Seekers
5881,1,Wellness
5882,1,Wellness
5883,7,Loyal Explorers
5884,1,Wellness
5885,4,Promotion Hunters
5886,3,Vegetarians
5887,2,Traditional Shoppers
5888,6,Large Families
5889,1,Wellness
5891,4,Promotion Hunters
5892,0,Value Seekers
5893,6,Large Families
5895,0,Value Seekers
5896,2,Traditional Shoppers
5897,2,Traditional Shoppers
5898,2,Traditional Shoppers
5901,0,Value Seekers
5902,0,Value Seekers
5903,6,Large Families
5904,3,Vegetarians
5905,6,Large Families
5906,0,Value Seekers
5908,1,Wellness
5909,7,Loyal Explorers
5910,3,Vegetarians
5911,7,Loyal Explorers
5912,7,Loyal Explorers
5913,3,Vegetarians
5914,5,Tech Enthusiasts
5915,5,Tech Enthusiasts
5916,7,Loyal Explorers
5918,2,Traditional Shoppers
5920,6,Large Families
5921,6,Large Families
5922,1,Wellness
5923,3,Vegetarians
5924,6,Large Families
5926,5,Tech Enthusiasts
5927,0,Value Seekers
5928,6,Large Families
5929,2,Traditional Shoppers
5932,1,Wellness
5933,6,Large Families
5934,3,Vegetarians
5936,1,Wellness
5937,0,Value Seekers
5938,1,Wellness
5939,7,Loyal Explorers
5941,6,Large Families
5942,4,Promotion Hunters
5943,2,Traditional Shoppers
5944,5,Tech Enthusiasts
5945,5,Tech Enthusiasts
5946,2,Traditional Shoppers
5947,6,Large Families
5948,6,Large Families
5949,1,Wellness
5950,4,Promotion Hunters
5952,0,Value Seekers
5953,3,Vegetarians
5954,6,Large Families
5955,6,Large Families
5956,4,Promotion Hunters
5957,2,Traditional Shoppers
5958,4,Promotion Hunters
5960,1,Wellness
5961,1,Wellness
5962,6,Large Families
5963,0,Value Seekers
5964,0,Value Seekers
5965,1,Wellness
5966,1,Wellness
5968,2,Traditional Shoppers
5969,4,Promotion Hunters
5970,2,Traditional Shoppers
5971,7,Loyal Explorers
5972,3,Vegetarians
5973,0,Value Seekers
5974,3,Vegetarians
5976,5,Tech Enthusiasts
5977,2,Traditional Shoppers
5978,2,Traditional Shoppers
5979,2,Traditional Shoppers
5980,2,Traditional Shoppers
5981,5,Tech Enthusiasts
5982,1,Wellness
5983,3,Vegetarians
5985,7,Loyal Explorers
5986,0,Value Seekers
5987,0,Value Seekers
5988,5,Tech Enthusiasts
5989,1,Wellness
5990,2,Traditional Shoppers
5991,5,Tech Enthusiasts
5992,3,Vegetarians
5994,4,Promotion Hunters
5995,7,Loyal Explorers
5996,3,Vegetarians
5997,4,Promotion Hunters
5998,4,Promotion Hunters
5999,2,Traditional Shoppers
6000,5,Tech Enthusiasts
6001,4,Promotion Hunters
6002,3,Vegetarians
6003,7,Loyal Explorers
6004,4,Promotion Hunters
6005,2,Traditional Shoppers
6006,1,Wellness
6007,4,Promotion Hunters
6008,1,Wellness
6009,2,Traditional Shoppers
6010,2,Traditional Shoppers
6011,4,Promotion Hunters
6012,3,Vegetarians
6013,7,Loyal Explorers
6014,0,Value Seekers
6015,5,Tech Enthusiasts
6017,7,Loyal Explorers
6018,3,Vegetarians
6020,5,Tech Enthusiasts
6021,0,Value Seekers
6022,2,Traditional Shoppers
6023,7,Loyal Explorers
6024,6,Large Families
6025,2,Traditional Shoppers
6026,2,Traditional Shoppers
6027,7,Loyal Explorers
6028,2,Traditional Shoppers
6029,2,Traditional Shoppers
6030,5,Tech Enthusiasts
6031,7,Loyal Explorers
6033,6,Large Families
6034,7,Loyal Explorers
6035,3,Vegetarians
6036,6,Large Families
6039,3,Vegetarians
6040,2,Traditional Shoppers
6041,7,Loyal Explorers
6043,6,Large Families
6044,2,Traditional Shoppers
6045,4,Promotion Hunters
6046,1,Wellness
6047,0,Value Seekers
6048,0,Value Seekers
6049,3,Vegetarians
6050,2,Traditional Shoppers
6051,5,Tech Enthusiasts
6052,2,Traditional Shoppers
6054,3,Vegetarians
6056,4,Promotion Hunters
6057,4,Promotion Hunters
6058,7,Loyal Explorers
6059,4,Promotion Hunters
6060,4,Promotion Hunters
6061,2,Traditional Shoppers
6062,7,Loyal Explorers
6063,1,Wellness
6065,0,Value Seekers
6066,6,Large Families
6068,5,Tech Enthusiasts
6070,2,Traditional Shoppers
6071,2,Traditional Shoppers
6072,7,Loyal Explorers
6073,5,Tech Enthusiasts
6074,0,Value Seekers
6075,6,Large Families
6076,0,Value Seekers
6077,3,Vegetarians
6078,6,Large Families
6079,2,Traditional Shoppers
6080,6,Large Families
6081,3,Vegetarians
6082,1,Wellness
6083,1,Wellness
6084,5,Tech Enthusiasts
6085,7,Loyal Explorers
6086,3,Vegetarians
6087,3,Vegetarians
6088,0,Value Seekers
6089,2,Traditional Shoppers
6091,2,Traditional Shoppers
6092,6,Large Families
6094,0,Value Seekers
6095,5,Tech Enthusiasts
6097,5,Tech Enthusiasts
6098,0,Value Seekers
6099,6,Large Families
6100,7,Loyal Explorers
6101,2,Traditional Shoppers
6102,4,Promotion Hunters
6103,6,Large Families
6105,0,Value Seekers
6106,2,Traditional Shoppers
6107,5,Tech Enthusiasts
6108,3,Vegetarians
6109,0,Value Seekers
6110,1,Wellness
6111,5,Tech Enthusiasts
6112,4,Promotion Hunters
6113,1,Wellness
6114,4,Promotion Hunters
6115,0,Value Seekers
6116,2,Traditional Shoppers
6117,3,Vegetarians
6118,1,Wellness
6119,4,Promotion Hunters
6120,5,Tech Enthusiasts
6121,4,Promotion Hunters
6122,0,Value Seekers
6123,2,Traditional Shoppers
6124,2,Traditional Shoppers
6125,2,Traditional Shoppers
6126,6,Large Families
6127,1,Wellness
6128,4,Promotion Hunters
6129,3,Vegetarians
6130,2,Traditional Shoppers
6131,0,Value Seekers
6132,3,Vegetarians
6134,2,Traditional Shoppers
6135,3,Vegetarians
6136,6,Large Families
6137,6,Large Families
6139,4,Promotion Hunters
6140,4,Promotion Hunters
6141,3,Vegetarians
6142,2,Traditional Shoppers
6143,2,Traditional Shoppers
6144,2,Traditional Shoppers
6145,6,Large Families
6146,5,Tech Enthusiasts
6147,4,Promotion Hunters
6148,2,Traditional Shoppers
6149,6,Large Families
6151,7,Loyal Explorers
6153,3,Vegetarians
6154,7,Loyal Explorers
6155,3,Vegetarians
6156,1,Wellness
6158,4,Promotion Hunters
6159,3,Vegetarians
6160,0,Value Seekers
6161,3,Vegetarians
6162,6,Large Families
6163,0,Value Seekers
6164,5,Tech Enthusiasts
6165,2,Traditional Shoppers
6166,3,Vegetarians
6168,7,Loyal Explorers
6169,0,Value Seekers
6170,4,Promotion Hunters
6171,7,Loyal Explorers
6172,3,Vegetarians
6175,2,Traditional Shoppers
6176,4,Promotion Hunters
6179,2,Traditional Shoppers
6180,4,Promotion Hunters
6181,0,Value Seekers
6182,6,Large Families
6183,7,Loyal Explorers
6184,0,Value Seekers
6185,1,Wellness
6186,4,Promotion Hunters
6187,6,Large Families
6188,6,Large Families
6190,6,Large Families
6191,2,Traditional Shoppers
6193,5,Tech Enthusiasts
6194,6,Large Families
6195,3,Vegetarians
6196,0,Value Seekers
6198,7,Loyal Explorers
6199,4,Promotion Hunters
6200,4,Promotion Hunters
6201,3,Vegetarians
6202,3,Vegetarians
6203,6,Large Families
6204,5,Tech Enthusiasts
6205,3,Vegetarians
6206,4,Promotion Hunters
6207,1,Wellness
6208,5,Tech Enthusiasts
6209,1,Wellness
6210,6,Large Families
6211,0,Value Seekers
6212,6,Large Families
6213,6,Large Families
6214,7,Loyal Explorers
6215,3,Vegetarians
6217,1,Wellness
6218,2,Traditional Shoppers
6219,4,Promotion Hunters
6220,1,Wellness
6221,3,Vegetarians
6222,2,Traditional Shoppers
6226,5,Tech Enthusiasts
6227,6,Large Families
6228,4,Promotion Hunters
6229,6,Large Families
6230,1,Wellness
6231,6,Large Families
6233,3,Vegetarians
6234,1,Wellness
6235,6,Large Families
6236,7,Loyal Explorers
6238,5,Tech Enthusiasts
6241,0,Value Seekers
6242,6,Large Families
6243,7,Loyal Explorers
6244,0,Value Seekers
6245,6,Large Families
6247,4,Promotion Hunters
6248,3,Vegetarians
6249,6,Large Families
6250,3,Vegetarians
6251,0,Value Seekers
6253,0,Value Seekers
6254,7,Loyal Explorers
6255,7,Loyal Explorers
6256,2,Traditional Shoppers
6257,5,Tech Enthusiasts
6258,3,Vegetarians
6259,4,Promotion Hunters
6260,3,Vegetarians
6261,7,Loyal Explorers
6263,0,Value Seekers
6264,1,Wellness
6265,5,Tech Enthusiasts
6266,0,Value Seekers
6267,4,Promotion Hunters
6268,7,Loyal Explorers
6269,3,Vegetarians
6270,2,Traditional Shoppers
6272,0,Value Seekers
6274,6,Large Families
6275,2,Traditional Shoppers
6276,7,Loyal Explorers
6277,2,Traditional Shoppers
6278,3,Vegetarians
6279,2,Traditional Shoppers
6280,2,Traditional Shoppers
6281,4,Promotion Hunters
6282,3,Vegetarians
6283,5,Tech Enthusiasts
6284,7,Loyal Explorers
6285,3,Vegetarians
6286,5,Tech Enthusiasts
6287,3,Vegetarians
6288,0,Value Seekers
6289,5,Tech Enthusiasts
6290,4,Promotion Hunters
6292,0,Value Seekers
6293,7,Loyal Explorers
6294,6,Large Families
6295,3,Vegetarians
6296,0,Value Seekers
6297,3,Vegetarians
6298,6,Large Families
6299,0,Value Seekers
6300,2,Traditional Shoppers
6301,6,Large Families
6302,5,Tech Enthusiasts
6303,4,Promotion Hunters
6305,7,Loyal Explorers
6306,3,Vegetarians
6307,3,Vegetarians
6309,4,Promotion Hunters
6310,3,Vegetarians
6311,6,Large Families
6312,1,Wellness
6314,7,Loyal Explorers
6317,6,Large Families
6318,2,Traditional Shoppers
6320,2,Traditional Shoppers
6321,4,Promotion Hunters
6322,6,Large Families
6323,2,Traditional Shoppers
6324,2,Traditional Shoppers
6325,2,Traditional Shoppers
6326,5,Tech Enthusiasts
6328,7,Loyal Explorers
6329,2,Traditional Shoppers
6330,2,Traditional Shoppers
6331,2,Traditional Shoppers
6332,2,Traditional Shoppers
6333,5,Tech Enthusiasts
6334,3,Vegetarians
6335,0,Value Seekers
6336,6,Large Families
6337,3,Vegetarians
6338,6,Large Families
6339,6,Large Families
6340,5,Tech Enthusiasts
6341,6,Large Families
6342,7,Loyal Explorers
6343,3,Vegetarians
6344,6,Large Families
6346,0,Value Seekers
6348,6,Large Families
6349,1,Wellness
6351,1,Wellness
6352,5,Tech Enthusiasts
6353,1,Wellness
6355,1,Wellness
6357,5,Tech Enthusiasts
6359,2,Traditional Shoppers
6360,3,Vegetarians
6361,7,Loyal Explorers
6363,3,Vegetarians
6364,0,Value Seekers
6365,4,Promotion Hunters
6366,0,Value Seekers
6369,4,Promotion Hunters
6370,7,Loyal Explorers
6371,4,Promotion Hunters
6372,6,Large Families
6373,6,Large Families
6375,2,Traditional Shoppers
6376,6,Large Families
6377,0,Value Seekers
6378,7,Loyal Explorers
6379,1,Wellness
6380,5,Tech Enthusiasts
6381,6,Large Families
6382,5,Tech Enthusiasts
6383,7,Loyal Explorers
6384,3,Vegetarians
6385,2,Traditional Shoppers
6386,7,Loyal Explorers
6387,1,Wellness
6388,3,Vegetarians
6389,1,Wellness
6391,5,Tech Enthusiasts
6393,2,Traditional Shoppers
6394,6,Large Families
6395,2,Traditional Shoppers
6396,0,Value Seekers
6397,2,Traditional Shoppers
6398,2,Traditional Shoppers
6399,0,Value Seekers
6401,1,Wellness
6402,0,Value Seekers
6403,5,Tech Enthusiasts
6404,3,Vegetarians
6405,4,Promotion Hunters
6406,3,Vegetarians
6407,7,Loyal Explorers
6408,0,Value Seekers
6410,0,Value Seekers
6411,4,Promotion Hunters
6413,2,Traditional Shoppers
6414,3,Vegetarians
6415,0,Value Seekers
6419,2,Traditional Shoppers
6420,5,Tech Enthusiasts
6422,5,Tech Enthusiasts
6423,2,Traditional Shoppers
6424,3,Vegetarians
6425,1,Wellness
6426,1,Wellness
6428,7,Loyal Explorers
6429,7,Loyal Explorers
6430,6,Large Families
6431,1,Wellness
6432,3,Vegetarians
6434,2,Traditional Shoppers
6435,3,Vegetarians
6436,0,Value Seekers
6437,2,Traditional Shoppers
6438,6,Large Families
6439,7,Loyal Explorers
6440,7,Loyal Explorers
6441,7,Loyal Explorers
6442,0,Value Seekers
6443,3,Vegetarians
6444,2,Traditional Shoppers
6445,0,Value Seekers
6446,3,Vegetarians
6447,4,Promotion Hunters
6448,5,Tech Enthusiasts
6449,6,Large Families
6450,2,Traditional Shoppers
6451,3,Vegetarians
6452,7,Loyal Explorers
6453,7,Loyal Explorers
6454,7,Loyal Explorers
6456,0,Value Seekers
6457,1,Wellness
6458,2,Traditional Shoppers
6459,0,Value Seekers
6460,4,Promotion Hunters
6461,4,Promotion Hunters
6462,3,Vegetarians
6463,3,Vegetarians
6464,0,Value Seekers
6467,7,Loyal Explorers
6468,0,Value Seekers
6469,5,Tech Enthusiasts
6471,0,Value Seekers
6472,0,Value Seekers
6473,3,Vegetarians
6474,6,Large Families
6475,5,Tech Enthusiasts
6476,1,Wellness
6477,3,Vegetarians
6478,0,Value Seekers
6479,3,Vegetarians
6480,7,Loyal Explorers
6481,6,Large Families
6482,1,Wellness
6483,1,Wellness
6485,6,Large Families
6486,2,Traditional Shoppers
6487,7,Loyal Explorers
6488,3,Vegetarians
6489,4,Promotion Hunters
6490,1,Wellness
6491,0,Value Seekers
6492,3,Vegetarians
6493,0,Value Seekers
6494,0,Value Seekers
6495,4,Promotion Hunters
6496,1,Wellness
6497,3,Vegetarians
6498,7,Loyal Explorers
6499,2,Traditional Shoppers
6501,5,Tech Enthusiasts
6502,2,Traditional Shoppers
6503,3,Vegetarians
6504,6,Large Families
6505,7,Loyal Explorers
6506,7,Loyal Explorers
6508,3,Vegetarians
6509,6,Large Families
6510,4,Promotion Hunters
6511,4,Promotion Hunters
6512,2,Traditional Shoppers
6513,2,Traditional Shoppers
6514,7,Loyal Explorers
6515,1,Wellness
6516,2,Traditional Shoppers
6517,6,Large Families
6518,2,Traditional Shoppers
6519,1,Wellness
6520,2,Traditional Shoppers
6521,4,Promotion Hunters
6522,1,Wellness
6523,0,Value Seekers
6524,3,Vegetarians
6525,2,Traditional Shoppers
6526,1,Wellness
6527,4,Promotion Hunters
6529,4,Promotion Hunters
6530,1,Wellness
6531,1,Wellness
6532,5,Tech Enthusiasts
6534,2,Traditional Shoppers
6535,1,Wellness
6536,4,Promotion Hunters
6537,3,Vegetarians
6538,5,Tech Enthusiasts
6539,2,Traditional Shoppers
6540,1,Wellness
6541,2,Traditional Shoppers
6542,1,Wellness
6543,2,Traditional Shoppers
6544,0,Value Seekers
6545,5,Tech Enthusiasts
6546,3,Vegetarians
6547,3,Vegetarians
6548,3,Vegetarians
6549,6,Large Families
6551,1,Wellness
6552,1,Wellness
6553,5,Tech Enthusiasts
6555,2,Traditional Shoppers
6556,6,Large Families
6559,6,Large Families
6560,3,Vegetarians
6561,3,Vegetarians
6563,3,Vegetarians
6564,2,Traditional Shoppers
6565,6,Large Families
6567,2,Traditional Shoppers
6568,3,Vegetarians
6569,4,Promotion Hunters
6570,1,Wellness
6571,2,Traditional Shoppers
6572,5,Tech Enthusiasts
6573,6,Large Families
6574,2,Traditional Shoppers
6575,6,Large Families
6576,5,Tech Enthusiasts
6577,7,Loyal Explorers
6578,6,Large Families
6579,1,Wellness
6580,7,Loyal Explorers
6581,3,Vegetarians
6583,2,Traditional Shoppers
6585,7,Loyal Explorers
6586,7,Loyal Explorers
6587,4,Promotion Hunters
6588,6,Large Families
6589,1,Wellness
6590,2,Traditional Shoppers
6591,0,Value Seekers
6592,5,Tech Enthusiasts
6593,6,Large Families
6594,1,Wellness
6596,5,Tech Enthusiasts
6597,3,Vegetarians
6598,7,Loyal Explorers
6599,3,Vegetarians
6600,0,Value Seekers
6601,5,Tech Enthusiasts
6602,3,Vegetarians
6603,2,Traditional Shoppers
6604,2,Traditional Shoppers
6605,2,Traditional Shoppers
6606,6,Large Families
6607,1,Wellness
6608,0,Value Seekers
6610,1,Wellness
6611,4,Promotion Hunters
6612,1,Wellness
6613,2,Traditional Shoppers
6615,1,Wellness
6617,3,Vegetarians
6619,1,Wellness
6621,6,Large Families
6622,2,Traditional Shoppers
6623,2,Traditional Shoppers
6624,5,Tech Enthusiasts
6625,0,Value Seekers
6626,1,Wellness
6627,6,Large Families
6628,6,Large Families
6629,7,Loyal Explorers
6630,5,Tech Enthusiasts
6631,1,Wellness
6632,2,Traditional Shoppers
6633,7,Loyal Explorers
6634,2,Traditional Shoppers
6635,2,Traditional Shoppers
6636,5,Tech Enthusiasts
6639,7,Loyal Explorers
6640,6,Large Families
6641,2,Traditional Shoppers
6642,4,Promotion Hunters
6643,4,Promotion Hunters
6644,3,Vegetarians
6645,6,Large Families
6646,1,Wellness
6648,5,Tech Enthusiasts
6649,6,Large Families
6650,5,Tech Enthusiasts
6654,2,Traditional Shoppers
6656,0,Value Seekers
6657,0,Value Seekers
6658,6,Large Families
6659,2,Traditional Shoppers
6660,3,Vegetarians
6662,5,Tech Enthusiasts
6663,5,Tech Enthusiasts
6664,5,Tech Enthusiasts
6665,0,Value Seekers
6666,3,Vegetarians
6667,3,Vegetarians
6668,5,Tech Enthusiasts
6670,5,Tech Enthusiasts
6672,3,Vegetarians
6673,4,Promotion Hunters
6674,5,Tech Enthusiasts
6675,2,Traditional Shoppers
6676,4,Promotion Hunters
6677,2,Traditional Shoppers
6678,2,Traditional Shoppers
6680,5,Tech Enthusiasts
6681,4,Promotion Hunters
6682,5,Tech Enthusiasts
6683,0,Value Seekers
6684,4,Promotion Hunters
6685,7,Loyal Explorers
6686,3,Vegetarians
6687,7,Loyal Explorers
6689,3,Vegetarians
6690,6,Large Families
6692,2,Traditional Shoppers
6694,2,Traditional Shoppers
6695,7,Loyal Explorers
6697,5,Tech Enthusiasts
6698,1,Wellness
6699,6,Large Families
6701,0,Value Seekers
6702,2,Traditional Shoppers
6703,2,Traditional Shoppers
6704,7,Loyal Explorers
6705,4,Promotion Hunters
6708,2,Traditional Shoppers
6709,2,Traditional Shoppers
6711,2,Traditional Shoppers
6712,5,Tech Enthusiasts
6713,6,Large Families
6714,2,Traditional Shoppers
6715,3,Vegetarians
6716,6,Large Families
6717,6,Large Families
6718,3,Vegetarians
6720,6,Large Families
6722,6,Large Families
6723,1,Wellness
6724,6,Large Families
6725,6,Large Families
6726,3,Vegetarians
6727,0,Value Seekers
6728,4,Promotion Hunters
6729,6,Large Families
6730,7,Loyal Explorers
6732,2,Traditional Shoppers
6733,7,Loyal Explorers
6736,7,Loyal Explorers
6737,6,Large Families
6738,2,Traditional Shoppers
6739,5,Tech Enthusiasts
6740,0,Value Seekers
6741,0,Value Seekers
6742,3,Vegetarians
6743,2,Traditional Shoppers
6744,6,Large Families
6745,1,Wellness
6746,5,Tech Enthusiasts
6748,0,Value Seekers
6749,4,Promotion Hunters
6752,5,Tech Enthusiasts
6754,6,Large Families
6755,2,Traditional Shoppers
6756,6,Large Families
6757,2,Traditional Shoppers
6758,1,Wellness
6759,5,Tech Enthusiasts
6760,7,Loyal Explorers
6761,2,Traditional Shoppers
6762,7,Loyal Explorers
6763,1,Wellness
6764,2,Traditional Shoppers
6765,4,Promotion Hunters
6766,0,Value Seekers
6768,5,Tech Enthusiasts
6769,6,Large Families
6770,4,Promotion Hunters
6772,1,Wellness
6773,2,Traditional Shoppers
6774,6,Large Families
6775,5,Tech Enthusiasts
6777,0,Value Seekers
6778,7,Loyal Explorers
6779,2,Traditional Shoppers
6780,6,Large Families
6781,6,Large Families
6782,6,Large Families
6783,0,Value Seekers
6784,1,Wellness
6785,2,Traditional Shoppers
6786,1,Wellness
6787,5,Tech Enthusiasts
6788,5,Tech Enthusiasts
6789,6,Large Families
6790,2,Traditional Shoppers
6791,6,Large Families
6792,1,Wellness
6793,5,Tech Enthusiasts
6794,7,Loyal Explorers
6795,7,Loyal Explorers
6796,6,Large Families
6797,6,Large Families
6799,3,Vegetarians
6800,4,Promotion Hunters
6801,6,Large Families
6802,2,Traditional Shoppers
6804,6,Large Families
6805,2,Traditional Shoppers
6806,2,Traditional Shoppers
6808,6,Large Families
6809,2,Traditional Shoppers
6811,0,Value Seekers
6812,3,Vegetarians
6813,1,Wellness
6814,3,Vegetarians
6815,6,Large Families
6816,4,Promotion Hunters
6817,4,Promotion Hunters
6818,5,Tech Enthusiasts
6819,5,Tech Enthusiasts
6820,7,Loyal Explorers
6822,1,Wellness
6824,2,Traditional Shoppers
6825,2,Traditional Shoppers
6827,2,Traditional Shoppers
6829,4,Promotion Hunters
6830,1,Wellness
6831,5,Tech Enthusiasts
6832,3,Vegetarians
6833,4,Promotion Hunters
6834,2,Traditional Shoppers
6835,5,Tech Enthusiasts
6836,6,Large Families
6837,1,Wellness
6838,6,Large Families
6839,1,Wellness
6840,3,Vegetarians
6842,2,Traditional Shoppers
6843,0,Value Seekers
6844,7,Loyal Explorers
6845,6,Large Families
6846,3,Vegetarians
6848,4,Promotion Hunters
6849,0,Value Seekers
6851,0,Value Seekers
6852,7,Loyal Explorers
6853,2,Traditional Shoppers
6854,7,Loyal Explorers
6856,2,Traditional Shoppers
6858,5,Tech Enthusiasts
6859,2,Traditional Shoppers
6860,2,Traditional Shoppers
6861,4,Promotion Hunters
6862,5,Tech Enthusiasts
6863,6,Large Families
6865,2,Traditional Shoppers
6866,1,Wellness
6867,6,Large Families
6868,4,Promotion Hunters
6869,5,Tech Enthusiasts
6871,0,Value Seekers
6872,6,Large Families
6873,5,Tech Enthusiasts
6874,6,Large Families
6875,4,Promotion Hunters
6876,4,Promotion Hunters
6877,2,Traditional Shoppers
6879,6,Large Families
6880,1,Wellness
6881,2,Traditional Shoppers
6882,5,Tech Enthusiasts
6883,2,Traditional Shoppers
6884,6,Large Families
6885,2,Traditional Shoppers
6887,6,Large Families
6888,7,Loyal Explorers
6889,3,Vegetarians
6890,0,Value Seekers
6891,1,Wellness
6893,6,Large Families
6894,1,Wellness
6895,6,Large Families
6896,0,Value Seekers
6898,5,Tech Enthusiasts
6899,0,Value Seekers
6900,0,Value Seekers
6901,4,Promotion Hunters
6902,4,Promotion Hunters
6903,6,Large Families
6904,0,Value Seekers
6905,1,Wellness
6906,6,Large Families
6908,7,Loyal Explorers
6909,1,Wellness
6910,2,Traditional Shoppers
6911,6,Large Families
6912,6,Large Families
6915,6,Large Families
6917,6,Large Families
6918,4,Promotion Hunters
6919,6,Large Families
6920,7,Loyal Explorers
6921,2,Traditional Shoppers
6922,7,Loyal Explorers
6924,6,Large Families
6925,6,Large Families
6926,7,Loyal Explorers
6927,5,Tech Enthusiasts
6928,7,Loyal Explorers
6929,2,Traditional Shoppers
6930,0,Value Seekers
6931,1,Wellness
6932,6,Large Families
6933,1,Wellness
6934,6,Large Families
6935,7,Loyal Explorers
6936,6,Large Families
6937,2,Traditional Shoppers
6938,6,Large Families
6939,1,Wellness
6941,1,Wellness
6942,0,Value Seekers
6944,2,Traditional Shoppers
6945,4,Promotion Hunters
6946,7,Loyal Explorers
6947,6,Large Families
6948,4,Promotion Hunters
6949,3,Vegetarians
6950,2,Traditional Shoppers
6951,4,Promotion Hunters
6952,3,Vegetarians
6953,4,Promotion Hunters
6954,5,Tech Enthusiasts
6955,6,Large Families
6957,0,Value Seekers
6958,2,Traditional Shoppers
6959,3,Vegetarians
6961,2,Traditional Shoppers
6962,5,Tech Enthusiasts
6965,3,Vegetarians
6966,4,Promotion Hunters
6967,4,Promotion Hunters
6968,2,Traditional Shoppers
6969,5,Tech Enthusiasts
6970,6,Large Families
6971,3,Vegetarians
6972,2,Traditional Shoppers
6973,5,Tech Enthusiasts
6974,1,Wellness
6975,6,Large Families
6976,0,Value Seekers
6977,3,Vegetarians
6978,3,Vegetarians
6979,3,Vegetarians
6980,2,Traditional Shoppers
6982,6,Large Families
6983,2,Traditional Shoppers
6984,4,Promotion Hunters
6985,3,Vegetarians
6986,1,Wellness
6987,5,Tech Enthusiasts
6988,4,Promotion Hunters
6989,0,Value Seekers
6990,2,Traditional Shoppers
6991,6,Large Families
6992,5,Tech Enthusiasts
6993,7,Loyal Explorers
6995,1,Wellness
6996,5,Tech Enthusiasts
6997,5,Tech Enthusiasts
6998,6,Large Families
6999,1,Wellness
7002,2,Traditional Shoppers
7003,0,Value Seekers
7004,1,Wellness
7005,2,Traditional Shoppers
7006,4,Promotion Hunters
7007,7,Loyal Explorers
7011,4,Promotion Hunters
7012,2,Traditional Shoppers
7013,3,Vegetarians
7014,6,Large Families
7016,7,Loyal Explorers
7017,2,Traditional Shoppers
7018,2,Traditional Shoppers
7019,2,Traditional Shoppers
7020,0,Value Seekers
7021,1,Wellness
7022,2,Traditional Shoppers
7024,3,Vegetarians
7027,3,Vegetarians
7028,6,Large Families
7029,5,Tech Enthusiasts
7030,6,Large Families
7031,6,Large Families
7033,7,Loyal Explorers
7034,3,Vegetarians
7035,6,Large Families
7037,0,Value Seekers
7038,1,Wellness
7039,1,Wellness
7040,2,Traditional Shoppers
7041,2,Traditional Shoppers
7042,7,Loyal Explorers
7043,7,Loyal Explorers
7044,4,Promotion Hunters
7047,3,Vegetarians
7048,7,Loyal Explorers
7049,1,Wellness
7050,3,Vegetarians
7051,6,Large Families
7052,3,Vegetarians
7053,5,Tech Enthusiasts
7056,3,Vegetarians
7057,3,Vegetarians
7058,3,Vegetarians
7060,1,Wellness
7061,7,Loyal Explorers
7062,0,Value Seekers
7063,2,Traditional Shoppers
7064,5,Tech Enthusiasts
7065,1,Wellness
7066,3,Vegetarians
7067,2,Traditional Shoppers
7068,7,Loyal Explorers
7069,7,Loyal Explorers
7071,1,Wellness
7072,6,Large Families
7073,2,Traditional Shoppers
7074,0,Value Seekers
7075,4,Promotion Hunters
7076,3,Vegetarians
7078,1,Wellness
7079,6,Large Families
7081,6,Large Families
7082,1,Wellness
7083,0,Value Seekers
7084,0,Value Seekers
7085,2,Traditional Shoppers
7086,2,Traditional Shoppers
7088,5,Tech Enthusiasts
7089,0,Value Seekers
7090,2,Traditional Shoppers
7091,5,Tech Enthusiasts
7093,3,Vegetarians
7094,3,Vegetarians
7095,6,Large Families
7098,4,Promotion Hunters
7101,5,Tech Enthusiasts
7103,1,Wellness
7105,1,Wellness
7106,0,Value Seekers
7107,5,Tech Enthusiasts
7112,2,Traditional Shoppers
7113,1,Wellness
7114,2,Traditional Shoppers
7115,1,Wellness
7116,3,Vegetarians
7117,1,Wellness
7118,7,Loyal Explorers
7119,2,Traditional Shoppers
7120,2,Traditional Shoppers
7121,3,Vegetarians
7122,2,Traditional Shoppers
7123,2,Traditional Shoppers
7124,5,Tech Enthusiasts
7125,3,Vegetarians
7126,6,Large Families
7127,2,Traditional Shoppers
7128,5,Tech Enthusiasts
7129,1,Wellness
7131,2,Traditional Shoppers
7132,3,Vegetarians
7133,6,Large Families
7134,1,Wellness
7135,3,Vegetarians
7136,3,Vegetarians
7137,7,Loyal Explorers
7138,1,Wellness
7140,2,Traditional Shoppers
7141,3,Vegetarians
7142,2,Traditional Shoppers
7143,1,Wellness
7144,2,Traditional Shoppers
7145,2,Traditional Shoppers
7147,2,Traditional Shoppers
7148,5,Tech Enthusiasts
7149,3,Vegetarians
7150,4,Promotion Hunters
7151,3,Vegetarians
7153,0,Value Seekers
7155,3,Vegetarians
7156,5,Tech Enthusiasts
7157,7,Loyal Explorers
7158,7,Loyal Explorers
7159,4,Promotion Hunters
7161,7,Loyal Explorers
7163,0,Value Seekers
7164,5,Tech Enthusiasts
7165,0,Value Seekers
7166,3,Vegetarians
7167,4,Promotion Hunters
7168,2,Traditional Shoppers
7169,2,Traditional Shoppers
7170,6,Large Families
7171,5,Tech Enthusiasts
7172,6,Large Families
7173,3,Vegetarians
7174,7,Loyal Explorers
7175,5,Tech Enthusiasts
7176,3,Vegetarians
7177,2,Traditional Shoppers
7178,5,Tech Enthusiasts
7179,3,Vegetarians
7180,2,Traditional Shoppers
7181,2,Traditional Shoppers
7182,5,Tech Enthusiasts
7183,2,Traditional Shoppers
7186,2,Traditional Shoppers
7187,6,Large Families
7188,0,Value Seekers
7190,1,Wellness
7191,4,Promotion Hunters
7192,3,Vegetarians
7193,5,Tech Enthusiasts
7196,4,Promotion Hunters
7197,2,Traditional Shoppers
7199,1,Wellness
7200,7,Loyal Explorers
7201,0,Value Seekers
7202,3,Vegetarians
7203,0,Value Seekers
7204,1,Wellness
7208,3,Vegetarians
7209,6,Large Families
7211,1,Wellness
7212,3,Vegetarians
7214,7,Loyal Explorers
7216,3,Vegetarians
7218,2,Traditional Shoppers
7219,6,Large Families
7220,3,Vegetarians
7221,0,Value Seekers
7222,5,Tech Enthusiasts
7223,7,Loyal Explorers
7224,1,Wellness
7225,2,Traditional Shoppers
7226,4,Promotion Hunters
7228,3,Vegetarians
7229,1,Wellness
7230,3,Vegetarians
7231,5,Tech Enthusiasts
7232,5,Tech Enthusiasts
7233,1,Wellness
7234,7,Loyal Explorers
7237,6,Large Families
7239,2,Traditional Shoppers
7240,5,Tech Enthusiasts
7241,4,Promotion Hunters
7242,0,Value Seekers
7243,0,Value Seekers
7244,2,Traditional Shoppers
7245,2,Traditional Shoppers
7246,1,Wellness
7247,3,Vegetarians
7248,3,Vegetarians
7249,6,Large Families
7252,2,Traditional Shoppers
7253,2,Traditional Shoppers
7255,7,Loyal Explorers
7256,0,Value Seekers
7257,2,Traditional Shoppers
7258,6,Large Families
7259,1,Wellness
7260,2,Traditional Shoppers
7261,5,Tech Enthusiasts
7263,7,Loyal Explorers
7264,4,Promotion Hunters
7267,1,Wellness
7268,5,Tech Enthusiasts
7269,1,Wellness
7270,5,Tech Enthusiasts
7271,2,Traditional Shoppers
7272,3,Vegetarians
7274,1,Wellness
7275,6,Large Families
7276,7,Loyal Explorers
7277,5,Tech Enthusiasts
7278,4,Promotion Hunters
7279,5,Tech Enthusiasts
7280,0,Value Seekers
7281,6,Large Families
7283,4,Promotion Hunters
7285,6,Large Families
7286,4,Promotion Hunters
7287,5,Tech Enthusiasts
7288,6,Large Families
7289,7,Loyal Explorers
7290,4,Promotion Hunters
7291,6,Large Families
7292,2,Traditional Shoppers
7293,6,Large Families
7294,5,Tech Enthusiasts
7295,7,Loyal Explorers
7297,4,Promotion Hunters
7298,2,Traditional Shoppers
7299,7,Loyal Explorers
7300,5,Tech Enthusiasts
7302,7,Loyal Explorers
7303,0,Value Seekers
7304,7,Loyal Explorers
7305,0,Value Seekers
7306,2,Traditional Shoppers
7308,0,Value Seekers
7310,0,Value Seekers
7312,3,Vegetarians
7313,7,Loyal Explorers
7314,3,Vegetarians
7315,2,Traditional Shoppers
7316,2,Traditional Shoppers
7318,1,Wellness
7319,6,Large Families
7320,2,Traditional Shoppers
7322,1,Wellness
7323,5,Tech Enthusiasts
7324,1,Wellness
7326,3,Vegetarians
7327,5,Tech Enthusiasts
7329,1,Wellness
7330,7,Loyal Explorers
7331,3,Vegetarians
7332,4,Promotion Hunters
7333,5,Tech Enthusiasts
7335,1,Wellness
7336,3,Vegetarians
7337,7,Loyal Explorers
7338,4,Promotion Hunters
7339,4,Promotion Hunters
7340,0,Value Seekers
7341,5,Tech Enthusiasts
7342,1,Wellness
7343,1,Wellness
7344,2,Traditional Shoppers
7346,2,Traditional Shoppers
7347,5,Tech Enthusiasts
7348,4,Promotion Hunters
7349,7,Loyal Explorers
7350,2,Traditional Shoppers
7351,1,Wellness
7352,3,Vegetarians
7353,4,Promotion Hunters
7354,0,Value Seekers
7355,7,Loyal Explorers
7356,0,Value Seekers
7357,7,Loyal Explorers
7358,1,Wellness
7359,3,Vegetarians
7360,1,Wellness
7361,3,Vegetarians
7362,5,Tech Enthusiasts
7363,2,Traditional Shoppers
7364,4,Promotion Hunters
7366,2,Traditional Shoppers
7367,3,Vegetarians
7368,5,Tech Enthusiasts
7369,5,Tech Enthusiasts
7370,2,Traditional Shoppers
7371,5,Tech Enthusiasts
7374,3,Vegetarians
7375,0,Value Seekers
7377,7,Loyal Explorers
7379,2,Traditional Shoppers
7381,4,Promotion Hunters
7382,0,Value Seekers
7384,7,Loyal Explorers
7385,2,Traditional Shoppers
7387,2,Traditional Shoppers
7388,7,Loyal Explorers
7389,5,Tech Enthusiasts
7391,2,Traditional Shoppers
7392,3,Vegetarians
7393,0,Value Seekers
7394,2,Traditional Shoppers
7395,7,Loyal Explorers
7396,5,Tech Enthusiasts
7397,5,Tech Enthusiasts
7398,4,Promotion Hunters
7399,3,Vegetarians
7400,3,Vegetarians
7402,1,Wellness
7403,2,Traditional Shoppers
7404,2,Traditional Shoppers
7405,1,Wellness
7406,6,Large Families
7407,2,Traditional Shoppers
7408,6,Large Families
7410,3,Vegetarians
7411,3,Vegetarians
7412,0,Value Seekers
7413,3,Vegetarians
7414,0,Value Seekers
7415,5,Tech Enthusiasts
7417,7,Loyal Explorers
7418,6,Large Families
7419,3,Vegetarians
7420,6,Large Families
7421,1,Wellness
7422,1,Wellness
7423,2,Traditional Shoppers
7424,4,Promotion Hunters
7425,3,Vegetarians
7426,6,Large Families
7427,0,Value Seekers
7428,7,Loyal Explorers
7429,6,Large Families
7430,0,Value Seekers
7431,2,Traditional Shoppers
7432,4,Promotion Hunters
7433,2,Traditional Shoppers
7434,2,Traditional Shoppers
7435,2,Traditional Shoppers
7436,4,Promotion Hunters
7437,2,Traditional Shoppers
7438,1,Wellness
7439,6,Large Families
7440,0,Value Seekers
7441,4,Promotion Hunters
7442,3,Vegetarians
7445,5,Tech Enthusiasts
7446,2,Traditional Shoppers
7447,1,Wellness
7448,2,Traditional Shoppers
7449,5,Tech Enthusiasts
7450,1,Wellness
7451,3,Vegetarians
7452,2,Traditional Shoppers
7453,3,Vegetarians
7454,2,Traditional Shoppers
7455,6,Large Families
7456,7,Loyal Explorers
7457,2,Traditional Shoppers
7459,5,Tech Enthusiasts
7462,3,Vegetarians
7463,0,Value Seekers
7464,3,Vegetarians
7465,6,Large Families
7467,1,Wellness
7468,5,Tech Enthusiasts
7469,7,Loyal Explorers
7470,6,Large Families
7471,5,Tech Enthusiasts
7472,5,Tech Enthusiasts
7474,1,Wellness
7475,6,Large Families
7476,1,Wellness
7477,6,Large Families
7478,3,Vegetarians
7479,6,Large Families
7480,0,Value Seekers
7482,5,Tech Enthusiasts
7483,6,Large Families
7485,7,Loyal Explorers
7486,4,Promotion Hunters
7490,6,Large Families
7491,2,Traditional Shoppers
7492,3,Vegetarians
7493,6,Large Families
7494,3,Vegetarians
7495,2,Traditional Shoppers
7496,0,Value Seekers
7498,1,Wellness
7499,2,Traditional Shoppers
7500,2,Traditional Shoppers
7501,5,Tech Enthusiasts
7502,5,Tech Enthusiasts
7503,1,Wellness
7504,0,Value Seekers
7506,1,Wellness
7509,7,Loyal Explorers
7511,1,Wellness
7512,3,Vegetarians
7513,4,Promotion Hunters
7514,0,Value Seekers
7515,2,Traditional Shoppers
7516,5,Tech Enthusiasts
7517,0,Value Seekers
7518,0,Value Seekers
7519,3,Vegetarians
7520,1,Wellness
7521,5,Tech Enthusiasts
7522,2,Traditional Shoppers
7523,2,Traditional Shoppers
7524,5,Tech Enthusiasts
7525,3,Vegetarians
7526,7,Loyal Explorers
7527,0,Value Seekers
7529,0,Value Seekers
7530,6,Large Families
7531,3,Vegetarians
7533,3,Vegetarians
7534,0,Value Seekers
7535,2,Traditional Shoppers
7536,5,Tech Enthusiasts
7537,2,Traditional Shoppers
7538,6,Large Families
7539,7,Loyal Explorers
7540,3,Vegetarians
7541,6,Large Families
7542,6,Large Families
7543,7,Loyal Explorers
7544,2,Traditional Shoppers
7545,7,Loyal Explorers
7547,2,Traditional Shoppers
7548,7,Loyal Explorers
7549,1,Wellness
7550,3,Vegetarians
7551,1,Wellness
7552,2,Traditional Shoppers
7553,3,Vegetarians
7555,1,Wellness
7556,7,Loyal Explorers
7557,4,Promotion Hunters
7558,4,Promotion Hunters
7559,3,Vegetarians
7560,6,Large Families
7561,1,Wellness
7562,1,Wellness
7563,2,Traditional Shoppers
7564,2,Traditional Shoppers
7566,2,Traditional Shoppers
7569,6,Large Families
7571,3,Vegetarians
7572,3,Vegetarians
7573,7,Loyal Explorers
7574,1,Wellness
7575,4,Promotion Hunters
7576,6,Large Families
7577,6,Large Families
7578,1,Wellness
7580,4,Promotion Hunters
7581,2,Traditional Shoppers
7582,6,Large Families
7583,2,Traditional Shoppers
7584,2,Traditional Shoppers
7586,7,Loyal Explorers
7587,3,Vegetarians
7588,6,Large Families
7589,6,Large Families
7590,2,Traditional Shoppers
7591,2,Traditional Shoppers
7592,4,Promotion Hunters
7594,6,Large Families
7595,7,Loyal Explorers
7596,3,Vegetarians
7597,6,Large Families
7598,0,Value Seekers
7599,0,Value Seekers
7600,2,Traditional Shoppers
7601,2,Traditional Shoppers
7602,6,Large Families
7603,2,Traditional Shoppers
7604,3,Vegetarians
7605,0,Value Seekers
7607,2,Traditional Shoppers
7608,4,Promotion Hunters
7609,2,Traditional Shoppers
7610,1,Wellness
7611,6,Large Families
7612,2,Traditional Shoppers
7613,6,Large Families
7615,1,Wellness
7617,2,Traditional Shoppers
7618,1,Wellness
7619,3,Vegetarians
7620,3,Vegetarians
7621,3,Vegetarians
7623,6,Large Families
7625,2,Traditional Shoppers
7626,6,Large Families
7627,6,Large Families
7628,1,Wellness
7629,3,Vegetarians
7630,4,Promotion Hunters
7631,0,Value Seekers
7633,3,Vegetarians
7634,7,Loyal Explorers
7635,1,Wellness
7636,2,Traditional Shoppers
7637,2,Traditional Shoppers
7638,5,Tech Enthusiasts
7639,4,Promotion Hunters
7640,2,Traditional Shoppers
7641,7,Loyal Explorers
7642,2,Traditional Shoppers
7643,7,Loyal Explorers
7644,4,Promotion Hunters
7645,1,Wellness
7646,3,Vegetarians
7647,5,Tech Enthusiasts
7648,1,Wellness
7650,0,Value Seekers
7652,5,Tech Enthusiasts
7653,6,Large Families
7654,2,Traditional Shoppers
7655,3,Vegetarians
7656,2,Traditional Shoppers
7657,1,Wellness
7658,5,Tech Enthusiasts
7660,1,Wellness
7661,6,Large Families
7663,0,Value Seekers
7664,3,Vegetarians
7665,2,Traditional Shoppers
7666,1,Wellness
7668,3,Vegetarians
7669,0,Value Seekers
7671,6,Large Families
7672,1,Wellness
7673,2,Traditional Shoppers
7674,3,Vegetarians
7675,6,Large Families
7676,0,Value Seekers
7677,1,Wellness
7678,5,Tech Enthusiasts
7679,1,Wellness
7682,6,Large Families
7683,3,Vegetarians
7684,2,Traditional Shoppers
7685,3,Vegetarians
7686,1,Wellness
7687,5,Tech Enthusiasts
7688,3,Vegetarians
7690,0,Value Seekers
7691,1,Wellness
7692,4,Promotion Hunters
7693,2,Traditional Shoppers
7694,5,Tech Enthusiasts
7695,5,Tech Enthusiasts
7698,6,Large Families
7699,2,Traditional Shoppers
7700,1,Wellness
7701,1,Wellness
7702,0,Value Seekers
7704,2,Traditional Shoppers
7705,4,Promotion Hunters
7706,4,Promotion Hunters
7707,1,Wellness
7708,0,Value Seekers
7709,6,Large Families
7711,1,Wellness
7712,2,Traditional Shoppers
7713,3,Vegetarians
7714,3,Vegetarians
7715,2,Traditional Shoppers
7716,4,Promotion Hunters
7717,2,Traditional Shoppers
7719,0,Value Seekers
7720,7,Loyal Explorers
7721,6,Large Families
7722,0,Value Seekers
7723,5,Tech Enthusiasts
7724,2,Traditional Shoppers
7725,4,Promotion Hunters
7727,4,Promotion Hunters
7728,7,Loyal Explorers
7729,0,Value Seekers
7730,5,Tech Enthusiasts
7731,1,Wellness
7734,6,Large Families
7735,7,Loyal Explorers
7737,3,Vegetarians
7739,3,Vegetarians
7741,2,Traditional Shoppers
7743,6,Large Families
7744,3,Vegetarians
7745,7,Loyal Explorers
7747,3,Vegetarians
7748,4,Promotion Hunters
7749,0,Value Seekers
7750,4,Promotion Hunters
7751,6,Large Families
7752,7,Loyal Explorers
7753,3,Vegetarians
7754,2,Traditional Shoppers
7755,4,Promotion Hunters
7756,4,Promotion Hunters
7757,5,Tech Enthusiasts
7758,3,Vegetarians
7760,7,Loyal Explorers
7761,3,Vegetarians
7762,2,Traditional Shoppers
7763,2,Traditional Shoppers
7764,1,Wellness
7765,0,Value Seekers
7766,3,Vegetarians
7767,4,Promotion Hunters
7768,7,Loyal Explorers
7769,6,Large Families
7770,6,Large Families
7771,0,Value Seekers
7772,4,Promotion Hunters
7773,6,Large Families
7774,5,Tech Enthusiasts
7775,7,Loyal Explorers
7776,2,Traditional Shoppers
7777,3,Vegetarians
7779,1,Wellness
7782,0,Value Seekers
7783,4,Promotion Hunters
7784,2,Traditional Shoppers
7786,1,Wellness
7787,6,Large Families
7789,6,Large Families
7790,6,Large Families
7791,5,Tech Enthusiasts
7792,3,Vegetarians
7793,7,Loyal Explorers
7794,4,Promotion Hunters
7795,2,Traditional Shoppers
7796,2,Traditional Shoppers
7799,5,Tech Enthusiasts
7801,7,Loyal Explorers
7802,4,Promotion Hunters
7803,6,Large Families
7804,2,Traditional Shoppers
7805,2,Traditional Shoppers
7806,0,Value Seekers
7807,6,Large Families
7809,2,Traditional Shoppers
7810,0,Value Seekers
7811,6,Large Families
7814,6,Large Families
7815,5,Tech Enthusiasts
7816,4,Promotion Hunters
7817,7,Loyal Explorers
7818,3,Vegetarians
7819,3,Vegetarians
7820,7,Loyal Explorers
7821,6,Large Families
7822,2,Traditional Shoppers
7823,4,Promotion Hunters
7825,7,Loyal Explorers
7826,4,Promotion Hunters
7827,6,Large Families
7829,3,Vegetarians
7831,1,Wellness
7832,6,Large Families
7833,0,Value Seekers
7836,5,Tech Enthusiasts
7837,2,Traditional Shoppers
7838,0,Value Seekers
7839,1,Wellness
7840,2,Traditional Shoppers
7841,2,Traditional Shoppers
7842,2,Traditional Shoppers
7843,0,Value Seekers
7844,1,Wellness
7845,4,Promotion Hunters
7846,3,Vegetarians
7847,7,Loyal Explorers
7848,7,Loyal Explorers
7849,2,Traditional Shoppers
7850,3,Vegetarians
7851,0,Value Seekers
7853,3,Vegetarians
7854,0,Value Seekers
7855,2,Traditional Shoppers
7856,0,Value Seekers
7857,6,Large Families
7859,6,Large Families
7860,4,Promotion Hunters
7861,6,Large Families
7862,0,Value Seekers
7863,1,Wellness
7864,5,Tech Enthusiasts
7865,6,Large Families
7866,3,Vegetarians
7867,0,Value Seekers
7868,4,Promotion Hunters
7869,2,Traditional Shoppers
7871,0,Value Seekers
7873,6,Large Families
7874,4,Promotion Hunters
7875,5,Tech Enthusiasts
7876,7,Loyal Explorers
7877,2,Traditional Shoppers
7879,5,Tech Enthusiasts
7880,3,Vegetarians
7881,0,Value Seekers
7882,3,Vegetarians
7883,2,Traditional Shoppers
7884,5,Tech Enthusiasts
7885,4,Promotion Hunters
7887,7,Loyal Explorers
7888,3,Vegetarians
7889,1,Wellness
7890,2,Traditional Shoppers
7891,2,Traditional Shoppers
7892,6,Large Families
7893,2,Traditional Shoppers
7896,0,Value Seekers
7897,7,Loyal Explorers
7898,6,Large Families
7899,0,Value Seekers
7900,4,Promotion Hunters
7901,1,Wellness
7902,2,Traditional Shoppers
7903,2,Traditional Shoppers
7904,6,Large Families
7906,3,Vegetarians
7908,6,Large Families
7909,6,Large Families
7910,1,Wellness
7911,3,Vegetarians
7912,0,Value Seekers
7913,6,Large Families
7914,5,Tech Enthusiasts
7915,0,Value Seekers
7916,2,Traditional Shoppers
7917,4,Promotion Hunters
7920,4,Promotion Hunters
7921,2,Traditional Shoppers
7924,2,Traditional Shoppers
7926,3,Vegetarians
7927,6,Large Families
7928,1,Wellness
7930,6,Large Families
7931,2,Traditional Shoppers
7932,6,Large Families
7933,6,Large Families
7934,3,Vegetarians
7935,1,Wellness
7936,6,Large Families
7937,1,Wellness
7938,6,Large Families
7940,5,Tech Enthusiasts
7941,1,Wellness
7942,2,Traditional Shoppers
7944,5,Tech Enthusiasts
7945,4,Promotion Hunters
7946,6,Large Families
7948,5,Tech Enthusiasts
7950,6,Large Families
7951,0,Value Seekers
7952,7,Loyal Explorers
7953,6,Large Families
7954,3,Vegetarians
7955,3,Vegetarians
7956,0,Value Seekers
7957,6,Large Families
7958,4,Promotion Hunters
7959,2,Traditional Shoppers
7961,5,Tech Enthusiasts
7962,5,Tech Enthusiasts
7963,7,Loyal Explorers
7964,4,Promotion Hunters
7965,2,Traditional Shoppers
7966,0,Value Seekers
7967,3,Vegetarians
7968,6,Large Families
7970,6,Large Families
7971,6,Large Families
7972,2,Traditional Shoppers
7973,7,Loyal Explorers
7974,4,Promotion Hunters
7975,2,Traditional Shoppers
7976,4,Promotion Hunters
7977,7,Loyal Explorers
7978,7,Loyal Explorers
7979,0,Value Seekers
7980,2,Traditional Shoppers
7981,2,Traditional Shoppers
7983,2,Traditional Shoppers
7985,5,Tech Enthusiasts
7987,3,Vegetarians
7988,7,Loyal Explorers
7989,5,Tech Enthusiasts
7992,5,Tech Enthusiasts
7993,2,Traditional Shoppers
7994,1,Wellness
7995,3,Vegetarians
7998,5,Tech Enthusiasts
7999,0,Value Seekers
8000,1,Wellness
8001,1,Wellness
8002,0,Value Seekers
8003,6,Large Families
8005,5,Tech Enthusiasts
8006,6,Large Families
8007,3,Vegetarians
8008,7,Loyal Explorers
8009,5,Tech Enthusiasts
8010,3,Vegetarians
8011,4,Promotion Hunters
8013,1,Wellness
8014,0,Value Seekers
8015,3,Vegetarians
8016,0,Value Seekers
8017,5,Tech Enthusiasts
8019,2,Traditional Shoppers
8020,5,Tech Enthusiasts
8021,7,Loyal Explorers
8022,2,Traditional Shoppers
8023,2,Traditional Shoppers
8024,6,Large Families
8025,6,Large Families
8026,7,Loyal Explorers
8027,2,Traditional Shoppers
8028,6,Large Families
8029,3,Vegetarians
8030,4,Promotion Hunters
8031,2,Traditional Shoppers
8032,6,Large Families
8033,2,Traditional Shoppers
8035,2,Traditional Shoppers
8036,1,Wellness
8037,0,Value Seekers
8039,1,Wellness
8040,6,Large Families
8042,4,Promotion Hunters
8043,1,Wellness
8044,7,Loyal Explorers
8045,5,Tech Enthusiasts
8046,3,Vegetarians
8047,2,Traditional Shoppers
8048,6,Large Families
8049,1,Wellness
8050,0,Value Seekers
8051,1,Wellness
8052,2,Traditional Shoppers
8053,3,Vegetarians
8054,7,Loyal Explorers
8056,3,Vegetarians
8057,2,Traditional Shoppers
8058,0,Value Seekers
8059,4,Promotion Hunters
8060,3,Vegetarians
8061,7,Loyal Explorers
8062,0,Value Seekers
8063,0,Value Seekers
8064,6,Large Families
8065,0,Value Seekers
8066,3,Vegetarians
8067,2,Traditional Shoppers
8068,6,Large Families
8069,5,Tech Enthusiasts
8070,1,Wellness
8071,4,Promotion Hunters
8072,0,Value Seekers
8073,1,Wellness
8074,2,Traditional Shoppers
8075,6,Large Families
8076,4,Promotion Hunters
8077,6,Large Families
8078,5,Tech Enthusiasts
8079,7,Loyal Explorers
8080,5,Tech Enthusiasts
8081,5,Tech Enthusiasts
8082,2,Traditional Shoppers
8083,4,Promotion Hunters
8084,1,Wellness
8085,5,Tech Enthusiasts
8086,1,Wellness
8087,0,Value Seekers
8088,6,Large Families
8089,5,Tech Enthusiasts
8093,6,Large Families
8094,6,Large Families
8095,4,Promotion Hunters
8098,5,Tech Enthusiasts
8099,2,Traditional Shoppers
8100,2,Traditional Shoppers
8102,3,Vegetarians
8104,2,Traditional Shoppers
8105,4,Promotion Hunters
8107,2,Traditional Shoppers
8108,2,Traditional Shoppers
8109,5,Tech Enthusiasts
8110,5,Tech Enthusiasts
8111,4,Promotion Hunters
8112,4,Promotion Hunters
8114,7,Loyal Explorers
8115,4,Promotion Hunters
8116,3,Vegetarians
8117,6,Large Families
8118,6,Large Families
8119,2,Traditional Shoppers
8121,1,Wellness
8122,2,Traditional Shoppers
8123,5,Tech Enthusiasts
8124,0,Value Seekers
8125,1,Wellness
8126,1,Wellness
8127,0,Value Seekers
8128,2,Traditional Shoppers
8129,6,Large Families
8130,0,Value Seekers
8131,0,Value Seekers
8132,0,Value Seekers
8135,4,Promotion Hunters
8136,1,Wellness
8137,4,Promotion Hunters
8138,5,Tech Enthusiasts
8140,6,Large Families
8141,0,Value Seekers
8143,4,Promotion Hunters
8144,3,Vegetarians
8145,5,Tech Enthusiasts
8146,2,Traditional Shoppers
8147,2,Traditional Shoppers
8148,1,Wellness
8149,7,Loyal Explorers
8150,7,Loyal Explorers
8151,3,Vegetarians
8153,6,Large Families
8154,2,Traditional Shoppers
8157,4,Promotion Hunters
8158,2,Traditional Shoppers
8159,3,Vegetarians
8160,1,Wellness
8161,3,Vegetarians
8162,1,Wellness
8163,6,Large Families
8164,1,Wellness
8165,5,Tech Enthusiasts
8166,3,Vegetarians
8167,2,Traditional Shoppers
8168,7,Loyal Explorers
8170,0,Value Seekers
8171,3,Vegetarians
8172,0,Value Seekers
8173,6,Large Families
8174,6,Large Families
8175,0,Value Seekers
8176,1,Wellness
8177,1,Wellness
8178,5,Tech Enthusiasts
8179,5,Tech Enthusiasts
8181,5,Tech Enthusiasts
8182,7,Loyal Explorers
8183,6,Large Families
8184,7,Loyal Explorers
8186,2,Traditional Shoppers
8187,0,Value Seekers
8188,3,Vegetarians
8190,7,Loyal Explorers
8192,2,Traditional Shoppers
8193,2,Traditional Shoppers
8194,7,Loyal Explorers
8195,0,Value Seekers
8197,6,Large Families
8198,0,Value Seekers
8199,5,Tech Enthusiasts
8200,3,Vegetarians
8203,2,Traditional Shoppers
8204,1,Wellness
8206,3,Vegetarians
8207,4,Promotion Hunters
8208,1,Wellness
8209,6,Large Families
8210,2,Traditional Shoppers
8211,6,Large Families
8212,4,Promotion Hunters
8213,2,Traditional Shoppers
8214,3,Vegetarians
8215,1,Wellness
8216,4,Promotion Hunters
8217,6,Large Families
8220,0,Value Seekers
8221,5,Tech Enthusiasts
8222,4,Promotion Hunters
8223,3,Vegetarians
8224,6,Large Families
8225,1,Wellness
8226,3,Vegetarians
8227,6,Large Families
8228,4,Promotion Hunters
8229,2,Traditional Shoppers
8231,6,Large Families
8232,3,Vegetarians
8233,3,Vegetarians
8234,3,Vegetarians
8235,7,Loyal Explorers
8236,2,Traditional Shoppers
8237,2,Traditional Shoppers
8239,0,Value Seekers
8242,2,Traditional Shoppers
8243,2,Traditional Shoppers
8244,4,Promotion Hunters
8245,3,Vegetarians
8246,7,Loyal Explorers
8247,0,Value Seekers
8248,3,Vegetarians
8250,6,Large Families
8251,5,Tech Enthusiasts
8252,0,Value Seekers
8253,5,Tech Enthusiasts
8254,4,Promotion Hunters
8255,7,Loyal Explorers
8256,6,Large Families
8257,7,Loyal Explorers
8258,6,Large Families
8259,5,Tech Enthusiasts
8260,1,Wellness
8261,2,Traditional Shoppers
8262,4,Promotion Hunters
8263,5,Tech Enthusiasts
8265,2,Traditional Shoppers
8266,6,Large Families
8267,4,Promotion Hunters
8268,2,Traditional Shoppers
8269,2,Traditional Shoppers
8270,4,Promotion Hunters
8271,0,Value Seekers
8273,2,Traditional Shoppers
8274,3,Vegetarians
8275,0,Value Seekers
8276,1,Wellness
8277,1,Wellness
8279,2,Traditional Shoppers
8280,5,Tech Enthusiasts
8281,0,Value Seekers
8282,2,Traditional Shoppers
8283,3,Vegetarians
8284,1,Wellness
8285,5,Tech Enthusiasts
8287,1,Wellness
8288,6,Large Families
8289,1,Wellness
8290,2,Traditional Shoppers
8291,1,Wellness
8292,5,Tech Enthusiasts
8294,7,Loyal Explorers
8295,5,Tech Enthusiasts
8296,1,Wellness
8297,1,Wellness
8298,0,Value Seekers
8300,4,Promotion Hunters
8301,1,Wellness
8302,5,Tech Enthusiasts
8303,3,Vegetarians
8304,1,Wellness
8305,6,Large Families
8306,1,Wellness
8307,2,Traditional Shoppers
8309,1,Wellness
8310,7,Loyal Explorers
8311,6,Large Families
8312,2,Traditional Shoppers
8313,5,Tech Enthusiasts
8314,6,Large Families
8316,5,Tech Enthusiasts
8317,3,Vegetarians
8318,2,Traditional Shoppers
8319,5,Tech Enthusiasts
8321,5,Tech Enthusiasts
8322,2,Traditional Shoppers
8323,0,Value Seekers
8324,0,Value Seekers
8325,3,Vegetarians
8326,1,Wellness
8327,0,Value Seekers
8328,3,Vegetarians
8329,1,Wellness
8331,2,Traditional Shoppers
8333,6,Large Families
8334,0,Value Seekers
8335,6,Large Families
8336,5,Tech Enthusiasts
8337,7,Loyal Explorers
8338,2,Traditional Shoppers
8339,3,Vegetarians
8340,3,Vegetarians
8341,1,Wellness
8342,5,Tech Enthusiasts
8343,2,Traditional Shoppers
8344,0,Value Seekers
8345,6,Large Families
8346,1,Wellness
8347,2,Traditional Shoppers
8349,6,Large Families
8350,4,Promotion Hunters
8351,1,Wellness
8352,2,Traditional Shoppers
8353,0,Value Seekers
8354,0,Value Seekers
8355,5,Tech Enthusiasts
8356,1,Wellness
8357,7,Loyal Explorers
8359,1,Wellness
8362,2,Traditional Shoppers
8363,3,Vegetarians
8365,4,Promotion Hunters
8366,6,Large Families
8367,2,Traditional Shoppers
8368,5,Tech Enthusiasts
8369,7,Loyal Explorers
8370,2,Traditional Shoppers
8371,7,Loyal Explorers
8372,3,Vegetarians
8376,5,Tech Enthusiasts
8377,1,Wellness
8378,6,Large Families
8379,3,Vegetarians
8381,0,Value Seekers
8382,5,Tech Enthusiasts
8383,4,Promotion Hunters
8384,4,Promotion Hunters
8385,0,Value Seekers
8386,2,Traditional Shoppers
8387,2,Traditional Shoppers
8388,0,Value Seekers
8389,2,Traditional Shoppers
8390,7,Loyal Explorers
8391,0,Value Seekers
8392,6,Large Families
8394,4,Promotion Hunters
8395,3,Vegetarians
8396,5,Tech Enthusiasts
8398,2,Traditional Shoppers
8400,4,Promotion Hunters
8401,2,Traditional Shoppers
8403,5,Tech Enthusiasts
8404,1,Wellness
8405,4,Promotion Hunters
8406,6,Large Families
8407,2,Traditional Shoppers
8408,7,Loyal Explorers
8409,3,Vegetarians
8410,2,Traditional Shoppers
8411,4,Promotion Hunters
8412,2,Traditional Shoppers
8413,2,Traditional Shoppers
8414,5,Tech Enthusiasts
8415,5,Tech Enthusiasts
8416,4,Promotion Hunters
8419,6,Large Families
8420,6,Large Families
8422,5,Tech Enthusiasts
8423,2,Traditional Shoppers
8424,7,Loyal Explorers
8425,4,Promotion Hunters
8426,1,Wellness
8427,4,Promotion Hunters
8428,0,Value Seekers
8429,4,Promotion Hunters
8431,0,Value Seekers
8433,2,Traditional Shoppers
8434,2,Traditional Shoppers
8435,7,Loyal Explorers
8436,6,Large Families
8437,1,Wellness
8438,6,Large Families
8439,5,Tech Enthusiasts
8440,6,Large Families
8441,7,Loyal Explorers
8442,3,Vegetarians
8443,3,Vegetarians
8445,6,Large Families
8446,4,Promotion Hunters
8447,5,Tech Enthusiasts
8449,1,Wellness
8450,6,Large Families
8451,3,Vegetarians
8452,7,Loyal Explorers
8453,0,Value Seekers
8455,6,Large Families
8456,4,Promotion Hunters
8457,6,Large Families
8458,0,Value Seekers
8459,4,Promotion Hunters
8460,0,Value Seekers
8461,3,Vegetarians
8463,4,Promotion Hunters
8464,6,Large Families
8465,0,Value Seekers
8466,6,Large Families
8467,4,Promotion Hunters
8468,6,Large Families
8470,4,Promotion Hunters
8471,6,Large Families
8472,6,Large Families
8473,3,Vegetarians
8474,3,Vegetarians
8475,0,Value Seekers
8476,2,Traditional Shoppers
8477,2,Traditional Shoppers
8478,2,Traditional Shoppers
8479,6,Large Families
8480,2,Traditional Shoppers
8481,6,Large Families
8482,0,Value Seekers
8485,2,Traditional Shoppers
8486,2,Traditional Shoppers
8487,5,Tech Enthusiasts
8488,2,Traditional Shoppers
8489,3,Vegetarians
8490,4,Promotion Hunters
8492,3,Vegetarians
8493,2,Traditional Shoppers
8494,5,Tech Enthusiasts
8495,7,Loyal Explorers
8496,0,Value Seekers
8497,2,Traditional Shoppers
8499,6,Large Families
8500,4,Promotion Hunters
8501,0,Value Seekers
8502,7,Loyal Explorers
8503,0,Value Seekers
8504,4,Promotion Hunters
8506,7,Loyal Explorers
8507,3,Vegetarians
8508,2,Traditional Shoppers
8509,0,Value Seekers
8511,2,Traditional Shoppers
8512,6,Large Families
8513,6,Large Families
8514,4,Promotion Hunters
8515,5,Tech Enthusiasts
8517,0,Value Seekers
8518,1,Wellness
8519,4,Promotion Hunters
8520,4,Promotion Hunters
8521,6,Large Families
8522,5,Tech Enthusiasts
8523,3,Vegetarians
8525,6,Large Families
8527,6,Large Families
8530,1,Wellness
8531,0,Value Seekers
8532,0,Value Seekers
8533,2,Traditional Shoppers
8534,5,Tech Enthusiasts
8535,2,Traditional Shoppers
8536,0,Value Seekers
8537,6,Large Families
8538,5,Tech Enthusiasts
8539,3,Vegetarians
8540,3,Vegetarians
8541,5,Tech Enthusiasts
8542,5,Tech Enthusiasts
8544,0,Value Seekers
8546,6,Large Families
8548,6,Large Families
8549,6,Large Families
8550,0,Value Seekers
8551,7,Loyal Explorers
8552,2,Traditional Shoppers
8553,4,Promotion Hunters
8555,3,Vegetarians
8556,1,Wellness
8557,3,Vegetarians
8558,1,Wellness
8559,1,Wellness
8560,2,Traditional Shoppers
8561,6,Large Families
8562,2,Traditional Shoppers
8564,1,Wellness
8565,7,Loyal Explorers
8566,0,Value Seekers
8567,5,Tech Enthusiasts
8569,0,Value Seekers
8571,2,Traditional Shoppers
8572,2,Traditional Shoppers
8573,4,Promotion Hunters
8575,4,Promotion Hunters
8576,4,Promotion Hunters
8577,6,Large Families
8578,2,Traditional Shoppers
8579,7,Loyal Explorers
8580,5,Tech Enthusiasts
8582,3,Vegetarians
8583,4,Promotion Hunters
8584,4,Promotion Hunters
8585,1,Wellness
8587,4,Promotion Hunters
8588,6,Large Families
8589,5,Tech Enthusiasts
8590,4,Promotion Hunters
8591,3,Vegetarians
8592,2,Traditional Shoppers
8593,3,Vegetarians
8594,5,Tech Enthusiasts
8595,5,Tech Enthusiasts
8597,6,Large Families
8598,0,Value Seekers
8601,3,Vegetarians
8603,3,Vegetarians
8604,1,Wellness
8605,2,Traditional Shoppers
8607,2,Traditional Shoppers
8608,2,Traditional Shoppers
8609,2,Traditional Shoppers
8610,3,Vegetarians
8611,3,Vegetarians
8612,6,Large Families
8613,5,Tech Enthusiasts
8615,4,Promotion Hunters
8616,2,Traditional Shoppers
8617,1,Wellness
8618,7,Loyal Explorers
8619,0,Value Seekers
8620,2,Traditional Shoppers
8621,1,Wellness
8622,2,Traditional Shoppers
8623,6,Large Families
8624,4,Promotion Hunters
8626,5,Tech Enthusiasts
8627,2,Traditional Shoppers
8628,7,Loyal Explorers
8629,2,Traditional Shoppers
8630,0,Value Seekers
8631,1,Wellness
8632,3,Vegetarians
8633,3,Vegetarians
8634,6,Large Families
8635,5,Tech Enthusiasts
8636,5,Tech Enthusiasts
8637,0,Value Seekers
8638,2,Traditional Shoppers
8639,5,Tech Enthusiasts
8640,2,Traditional Shoppers
8642,1,Wellness
8643,3,Vegetarians
8644,5,Tech Enthusiasts
8645,3,Vegetarians
8646,3,Vegetarians
8647,3,Vegetarians
8649,1,Wellness
8650,6,Large Families
8652,1,Wellness
8653,4,Promotion Hunters
8654,1,Wellness
8655,2,Traditional Shoppers
8656,2,Traditional Shoppers
8657,7,Loyal Explorers
8658,6,Large Families
8659,2,Traditional Shoppers
8660,1,Wellness
8661,4,Promotion Hunters
8662,2,Traditional Shoppers
8663,0,Value Seekers
8664,4,Promotion Hunters
8666,6,Large Families
8667,7,Loyal Explorers
8668,0,Value Seekers
8669,2,Traditional Shoppers
8670,6,Large Families
8671,2,Traditional Shoppers
8675,0,Value Seekers
8676,5,Tech Enthusiasts
8677,3,Vegetarians
8678,4,Promotion Hunters
8680,0,Value Seekers
8682,2,Traditional Shoppers
8683,4,Promotion Hunters
8684,2,Traditional Shoppers
8685,6,Large Families
8686,3,Vegetarians
8687,2,Traditional Shoppers
8688,5,Tech Enthusiasts
8689,1,Wellness
8690,4,Promotion Hunters
8691,5,Tech Enthusiasts
8692,2,Traditional Shoppers
8693,2,Traditional Shoppers
8694,6,Large Families
8695,1,Wellness
8696,1,Wellness
8697,1,Wellness
8698,4,Promotion Hunters
8699,2,Traditional Shoppers
8700,5,Tech Enthusiasts
8701,0,Value Seekers
8702,3,Vegetarians
8703,2,Traditional Shoppers
8704,0,Value Seekers
8705,2,Traditional Shoppers
8706,6,Large Families
8707,0,Value Seekers
8708,0,Value Seekers
8709,6,Large Families
8710,0,Value Seekers
8711,4,Promotion Hunters
8712,6,Large Families
8713,4,Promotion Hunters
8714,4,Promotion Hunters
8715,4,Promotion Hunters
8716,2,Traditional Shoppers
8717,5,Tech Enthusiasts
8718,6,Large Families
8719,1,Wellness
8720,2,Traditional Shoppers
8721,1,Wellness
8722,6,Large Families
8723,2,Traditional Shoppers
8724,5,Tech Enthusiasts
8725,5,Tech Enthusiasts
8726,6,Large Families
8727,1,Wellness
8729,4,Promotion Hunters
8730,4,Promotion Hunters
8731,3,Vegetarians
8732,5,Tech Enthusiasts
8733,0,Value Seekers
8734,0,Value Seekers
8737,5,Tech Enthusiasts
8738,6,Large Families
8740,3,Vegetarians
8741,2,Traditional Shoppers
8742,2,Traditional Shoppers
8743,2,Traditional Shoppers
8745,7,Loyal Explorers
8746,2,Traditional Shoppers
8748,1,Wellness
8749,5,Tech Enthusiasts
8750,3,Vegetarians
8751,2,Traditional Shoppers
8752,6,Large Families
8753,4,Promotion Hunters
8754,6,Large Families
8755,2,Traditional Shoppers
8756,6,Large Families
8757,7,Loyal Explorers
8759,2,Traditional Shoppers
8762,2,Traditional Shoppers
8763,6,Large Families
8765,6,Large Families
8766,7,Loyal Explorers
8767,7,Loyal Explorers
8769,2,Traditional Shoppers
8770,1,Wellness
8771,6,Large Families
8773,5,Tech Enthusiasts
8775,4,Promotion Hunters
8776,5,Tech Enthusiasts
8778,1,Wellness
8781,5,Tech Enthusiasts
8782,6,Large Families
8783,0,Value Seekers
8784,0,Value Seekers
8785,6,Large Families
8786,2,Traditional Shoppers
8787,6,Large Families
8788,6,Large Families
8790,4,Promotion Hunters
8791,4,Promotion Hunters
8792,6,Large Families
8794,7,Loyal Explorers
8795,6,Large Families
8796,0,Value Seekers
8797,2,Traditional Shoppers
8798,2,Traditional Shoppers
8799,4,Promotion Hunters
8800,3,Vegetarians
8801,3,Vegetarians
8802,2,Traditional Shoppers
8803,4,Promotion Hunters
8805,0,Value Seekers
8806,0,Value Seekers
8807,5,Tech Enthusiasts
8809,2,Traditional Shoppers
8810,0,Value Seekers
8811,3,Vegetarians
8812,1,Wellness
8813,2,Traditional Shoppers
8814,4,Promotion Hunters
8815,6,Large Families
8816,6,Large Families
8817,4,Promotion Hunters
8818,7,Loyal Explorers
8819,6,Large Families
8820,2,Traditional Shoppers
8821,2,Traditional Shoppers
8823,2,Traditional Shoppers
8824,6,Large Families
8827,0,Value Seekers
8828,7,Loyal Explorers
8829,0,Value Seekers
8830,2,Traditional Shoppers
8831,6,Large Families
8832,1,Wellness
8833,7,Loyal Explorers
8834,2,Traditional Shoppers
8835,3,Vegetarians
8836,3,Vegetarians
8837,5,Tech Enthusiasts
8838,0,Value Seekers
8839,2,Traditional Shoppers
8840,1,Wellness
8841,5,Tech Enthusiasts
8842,4,Promotion Hunters
8843,2,Traditional Shoppers
8844,1,Wellness
8845,5,Tech Enthusiasts
8846,1,Wellness
8847,0,Value Seekers
8848,1,Wellness
8849,7,Loyal Explorers
8850,0,Value Seekers
8851,0,Value Seekers
8852,0,Value Seekers
8854,7,Loyal Explorers
8855,2,Traditional Shoppers
8857,3,Vegetarians
8858,5,Tech Enthusiasts
8860,0,Value Seekers
8861,2,Traditional Shoppers
8862,6,Large Families
8865,2,Traditional Shoppers
8866,5,Tech Enthusiasts
8867,0,Value Seekers
8868,1,Wellness
8869,6,Large Families
8870,7,Loyal Explorers
8872,2,Traditional Shoppers
8875,3,Vegetarians
8876,3,Vegetarians
8877,1,Wellness
8878,4,Promotion Hunters
8879,3,Vegetarians
8881,6,Large Families
8882,3,Vegetarians
8883,5,Tech Enthusiasts
8884,2,Traditional Shoppers
8885,6,Large Families
8886,6,Large Families
8887,5,Tech Enthusiasts
8888,4,Promotion Hunters
8889,2,Traditional Shoppers
8890,0,Value Seekers
8891,3,Vegetarians
8893,6,Large Families
8894,4,Promotion Hunters
8895,3,Vegetarians
8896,1,Wellness
8897,7,Loyal Explorers
8898,2,Traditional Shoppers
8901,1,Wellness
8902,6,Large Families
8903,4,Promotion Hunters
8904,1,Wellness
8907,0,Value Seekers
8908,0,Value Seekers
8909,1,Wellness
8910,3,Vegetarians
8912,0,Value Seekers
8913,4,Promotion Hunters
8914,7,Loyal Explorers
8915,4,Promotion Hunters
8916,5,Tech Enthusiasts
8917,0,Value Seekers
8918,6,Large Families
8920,6,Large Families
8921,4,Promotion Hunters
8922,3,Vegetarians
8923,3,Vegetarians
8924,5,Tech Enthusiasts
8926,0,Value Seekers
8928,2,Traditional Shoppers
8929,2,Traditional Shoppers
8930,2,Traditional Shoppers
8931,6,Large Families
8932,3,Vegetarians
8933,2,Traditional Shoppers
8934,2,Traditional Shoppers
8935,4,Promotion Hunters
8936,6,Large Families
8937,5,Tech Enthusiasts
8941,1,Wellness
8942,5,Tech Enthusiasts
8943,2,Traditional Shoppers
8944,4,Promotion Hunters
8946,7,Loyal Explorers
8947,2,Traditional Shoppers
8948,2,Traditional Shoppers
8949,3,Vegetarians
8951,5,Tech Enthusiasts
8952,1,Wellness
8953,1,Wellness
8954,6,Large Families
8955,5,Tech Enthusiasts
8956,1,Wellness
8957,6,Large Families
8958,2,Traditional Shoppers
8959,6,Large Families
8960,4,Promotion Hunters
8961,7,Loyal Explorers
8962,3,Vegetarians
8963,3,Vegetarians
8964,2,Traditional Shoppers
8965,6,Large Families
8966,7,Loyal Explorers
8968,4,Promotion Hunters
8969,3,Vegetarians
8970,2,Traditional Shoppers
8971,3,Vegetarians
8973,6,Large Families
8974,1,Wellness
8975,4,Promotion Hunters
8976,2,Traditional Shoppers
8977,1,Wellness
8978,7,Loyal Explorers
8979,4,Promotion Hunters
8980,2,Traditional Shoppers
8981,2,Traditional Shoppers
8982,4,Promotion Hunters
8983,5,Tech Enthusiasts
8984,0,Value Seekers
8985,1,Wellness
8986,6,Large Families
8987,6,Large Families
8988,7,Loyal Explorers
8989,2,Traditional Shoppers
8990,2,Traditional Shoppers
8991,0,Value Seekers
8992,5,Tech Enthusiasts
8993,7,Loyal Explorers
8994,7,Loyal Explorers
8996,6,Large Families
8997,4,Promotion Hunters
8998,7,Loyal Explorers
8999,4,Promotion Hunters
9000,5,Tech Enthusiasts
9002,7,Loyal Explorers
9003,0,Value Seekers
9004,5,Tech Enthusiasts
9006,2,Traditional Shoppers
9007,3,Vegetarians
9008,0,Value Seekers
9009,6,Large Families
9010,4,Promotion Hunters
9011,6,Large Families
9014,0,Value Seekers
9015,0,Value Seekers
9016,7,Loyal Explorers
9019,1,Wellness
9021,3,Vegetarians
9022,5,Tech Enthusiasts
9025,5,Tech Enthusiasts
9026,4,Promotion Hunters
9027,7,Loyal Explorers
9029,5,Tech Enthusiasts
9031,6,Large Families
9032,4,Promotion Hunters
9033,0,Value Seekers
9035,1,Wellness
9037,4,Promotion Hunters
9038,0,Value Seekers
9039,1,Wellness
9040,1,Wellness
9041,0,Value Seekers
9042,6,Large Families
9043,2,Traditional Shoppers
9044,3,Vegetarians
9045,1,Wellness
9046,5,Tech Enthusiasts
9048,6,Large Families
9049,5,Tech Enthusiasts
9050,0,Value Seekers
9053,3,Vegetarians
9054,3,Vegetarians
9055,0,Value Seekers
9056,6,Large Families
9057,3,Vegetarians
9058,3,Vegetarians
9059,6,Large Families
9061,2,Traditional Shoppers
9062,6,Large Families
9063,7,Loyal Explorers
9064,6,Large Families
9065,1,Wellness
9067,5,Tech Enthusiasts
9068,0,Value Seekers
9069,6,Large Families
9070,4,Promotion Hunters
9071,5,Tech Enthusiasts
9072,6,Large Families
9073,4,Promotion Hunters
9074,3,Vegetarians
9075,5,Tech Enthusiasts
9076,6,Large Families
9077,0,Value Seekers
9079,4,Promotion Hunters
9080,6,Large Families
9081,3,Vegetarians
9082,7,Loyal Explorers
9083,2,Traditional Shoppers
9084,2,Traditional Shoppers
9086,3,Vegetarians
9087,0,Value Seekers
9088,6,Large Families
9090,3,Vegetarians
9091,6,Large Families
9092,6,Large Families
9093,4,Promotion Hunters
9095,5,Tech Enthusiasts
9096,6,Large Families
9097,4,Promotion Hunters
9098,4,Promotion Hunters
9100,0,Value Seekers
9101,2,Traditional Shoppers
9102,0,Value Seekers
9103,6,Large Families
9104,1,Wellness
9105,5,Tech Enthusiasts
9106,5,Tech Enthusiasts
9107,2,Traditional Shoppers
9110,5,Tech Enthusiasts
9111,0,Value Seekers
9112,4,Promotion Hunters
9113,5,Tech Enthusiasts
9114,4,Promotion Hunters
9116,2,Traditional Shoppers
9117,6,Large Families
9118,0,Value Seekers
9120,6,Large Families
9121,5,Tech Enthusiasts
9122,5,Tech Enthusiasts
9123,5,Tech Enthusiasts
9124,0,Value Seekers
9125,3,Vegetarians
9126,2,Traditional Shoppers
9127,0,Value Seekers
9128,6,Large Families
9130,7,Loyal Explorers
9131,0,Value Seekers
9132,1,Wellness
9133,0,Value Seekers
9134,0,Value Seekers
9135,0,Value Seekers
9136,6,Large Families
9137,4,Promotion Hunters
9138,6,Large Families
9140,0,Value Seekers
9141,6,Large Families
9142,0,Value Seekers
9143,3,Vegetarians
9144,6,Large Families
9145,5,Tech Enthusiasts
9146,4,Promotion Hunters
9147,1,Wellness
9148,3,Vegetarians
9149,1,Wellness
9151,7,Loyal Explorers
9152,5,Tech Enthusiasts
9153,3,Vegetarians
9154,7,Loyal Explorers
9155,4,Promotion Hunters
9156,0,Value Seekers
9157,2,Traditional Shoppers
9158,5,Tech Enthusiasts
9159,7,Loyal Explorers
9160,5,Tech Enthusiasts
9162,3,Vegetarians
9163,6,Large Families
9164,2,Traditional Shoppers
9166,0,Value Seekers
9167,2,Traditional Shoppers
9168,2,Traditional Shoppers
9169,0,Value Seekers
9170,1,Wellness
9171,0,Value Seekers
9172,3,Vegetarians
9173,6,Large Families
9174,6,Large Families
9175,0,Value Seekers
9176,0,Value Seekers
9177,4,Promotion Hunters
9179,4,Promotion Hunters
9180,3,Vegetarians
9181,2,Traditional Shoppers
9182,0,Value Seekers
9183,6,Large Families
9184,3,Vegetarians
9185,5,Tech Enthusiasts
9186,4,Promotion Hunters
9188,5,Tech Enthusiasts
9189,3,Vegetarians
9191,7,Loyal Explorers
9192,6,Large Families
9194,2,Traditional Shoppers
9195,0,Value Seekers
9196,0,Value Seekers
9197,7,Loyal Explorers
9198,2,Traditional Shoppers
9199,7,Loyal Explorers
9200,0,Value Seekers
9202,0,Value Seekers
9203,6,Large Families
9204,0,Value Seekers
9205,5,Tech Enthusiasts
9206,1,Wellness
9208,3,Vegetarians
9209,6,Large Families
9210,0,Value Seekers
9211,2,Traditional Shoppers
9212,5,Tech Enthusiasts
9214,0,Value Seekers
9215,6,Large Families
9216,4,Promotion Hunters
9217,1,Wellness
9218,5,Tech Enthusiasts
9219,6,Large Families
9220,6,Large Families
9221,0,Value Seekers
9222,6,Large Families
9225,5,Tech Enthusiasts
9226,2,Traditional Shoppers
9228,6,Large Families
9229,2,Traditional Shoppers
9231,6,Large Families
9232,3,Vegetarians
9233,5,Tech Enthusiasts
9234,7,Loyal Explorers
9235,5,Tech Enthusiasts
9236,2,Traditional Shoppers
9237,7,Loyal Explorers
9238,6,Large Families
9239,2,Traditional Shoppers
9240,3,Vegetarians
9241,6,Large Families
9242,5,Tech Enthusiasts
9243,6,Large Families
9245,3,Vegetarians
9246,6,Large Families
9247,3,Vegetarians
9248,7,Loyal Explorers
9249,6,Large Families
9250,7,Loyal Explorers
9252,5,Tech Enthusiasts
9253,3,Vegetarians
9254,3,Vegetarians
9255,6,Large Families
9256,2,Traditional Shoppers
9258,3,Vegetarians
9261,7,Loyal Explorers
9263,5,Tech Enthusiasts
9265,7,Loyal Explorers
9266,3,Vegetarians
9267,1,Wellness
9268,5,Tech Enthusiasts
9269,0,Value Seekers
9270,0,Value Seekers
9271,7,Loyal Explorers
9272,5,Tech Enthusiasts
9273,1,Wellness
9274,2,Traditional Shoppers
9275,3,Vegetarians
9276,7,Loyal Explorers
9277,1,Wellness
9278,0,Value Seekers
9279,7,Loyal Explorers
9280,0,Value Seekers
9281,6,Large Families
9282,3,Vegetarians
9283,0,Value Seekers
9284,1,Wellness
9285,1,Wellness
9286,2,Traditional Shoppers
9288,7,Loyal Explorers
9290,4,Promotion Hunters
9292,1,Wellness
9293,2,Traditional Shoppers
9294,7,Loyal Explorers
9295,2,Traditional Shoppers
9296,6,Large Families
9297,5,Tech Enthusiasts
9298,7,Loyal Explorers
9299,5,Tech Enthusiasts
9300,0,Value Seekers
9301,3,Vegetarians
9303,5,Tech Enthusiasts
9304,7,Loyal Explorers
9305,7,Loyal Explorers
9306,1,Wellness
9307,7,Loyal Explorers
9308,3,Vegetarians
9310,5,Tech Enthusiasts
9313,1,Wellness
9316,7,Loyal Explorers
9317,0,Value Seekers
9319,5,Tech Enthusiasts
9322,2,Traditional Shoppers
9323,6,Large Families
9324,5,Tech Enthusiasts
9325,2,Traditional Shoppers
9327,5,Tech Enthusiasts
9328,6,Large Families
9329,4,Promotion Hunters
9330,6,Large Families
9331,4,Promotion Hunters
9332,1,Wellness
9333,1,Wellness
9334,5,Tech Enthusiasts
9335,5,Tech Enthusiasts
9336,6,Large Families
9337,6,Large Families
9338,2,Traditional Shoppers
9339,2,Traditional Shoppers
9340,2,Traditional Shoppers
9341,4,Promotion Hunters
9343,4,Promotion Hunters
9344,4,Promotion Hunters
9345,2,Traditional Shoppers
9346,6,Large Families
9348,0,Value Seekers
9349,1,Wellness
9351,4,Promotion Hunters
9352,3,Vegetarians
9353,0,Value Seekers
9354,1,Wellness
9355,0,Value Seekers
9357,4,Promotion Hunters
9358,6,Large Families
9359,1,Wellness
9360,2,Traditional Shoppers
9362,6,Large Families
9363,2,Traditional Shoppers
9364,5,Tech Enthusiasts
9365,6,Large Families
9366,2,Traditional Shoppers
9367,3,Vegetarians
9368,7,Loyal Explorers
9369,6,Large Families
9370,6,Large Families
9371,3,Vegetarians
9372,6,Large Families
9373,0,Value Seekers
9375,3,Vegetarians
9377,1,Wellness
9378,3,Vegetarians
9379,4,Promotion Hunters
9380,6,Large Families
9381,4,Promotion Hunters
9382,6,Large Families
9383,0,Value Seekers
9384,5,Tech Enthusiasts
9385,1,Wellness
9386,4,Promotion Hunters
9387,7,Loyal Explorers
9388,6,Large Families
9389,5,Tech Enthusiasts
9390,6,Large Families
9391,2,Traditional Shoppers
9392,7,Loyal Explorers
9393,5,Tech Enthusiasts
9394,3,Vegetarians
9395,4,Promotion Hunters
9396,1,Wellness
9397,7,Loyal Explorers
9398,5,Tech Enthusiasts
9399,6,Large Families
9400,1,Wellness
9402,5,Tech Enthusiasts
9403,0,Value Seekers
9404,6,Large Families
9406,4,Promotion Hunters
9407,2,Traditional Shoppers
9408,4,Promotion Hunters
9409,3,Vegetarians
9410,7,Loyal Explorers
9411,7,Loyal Explorers
9412,7,Loyal Explorers
9413,2,Traditional Shoppers
9414,6,Large Families
9415,3,Vegetarians
9417,2,Traditional Shoppers
9420,1,Wellness
9421,2,Traditional Shoppers
9422,2,Traditional Shoppers
9423,3,Vegetarians
9424,5,Tech Enthusiasts
9425,5,Tech Enthusiasts
9426,6,Large Families
9427,4,Promotion Hunters
9428,2,Traditional Shoppers
9429,5,Tech Enthusiasts
9430,0,Value Seekers
9431,2,Traditional Shoppers
9433,0,Value Seekers
9434,6,Large Families
9435,4,Promotion Hunters
9436,3,Vegetarians
9437,2,Traditional Shoppers
9438,7,Loyal Explorers
9439,4,Promotion Hunters
9440,5,Tech Enthusiasts
9442,2,Traditional Shoppers
9443,2,Traditional Shoppers
9444,2,Traditional Shoppers
9446,6,Large Families
9447,0,Value Seekers
9448,4,Promotion Hunters
9449,1,Wellness
9451,7,Loyal Explorers
9452,4,Promotion Hunters
9453,0,Value Seekers
9454,7,Loyal Explorers
9455,2,Traditional Shoppers
9456,7,Loyal Explorers
9458,2,Traditional Shoppers
9459,5,Tech Enthusiasts
9460,4,Promotion Hunters
9464,0,Value Seekers
9465,2,Traditional Shoppers
9466,1,Wellness
9467,3,Vegetarians
9468,5,Tech Enthusiasts
9469,2,Traditional Shoppers
9471,3,Vegetarians
9473,4,Promotion Hunters
9474,2,Traditional Shoppers
9475,3,Vegetarians
9476,6,Large Families
9477,6,Large Families
9478,5,Tech Enthusiasts
9479,7,Loyal Explorers
9480,6,Large Families
9482,2,Traditional Shoppers
9483,2,Traditional Shoppers
9484,1,Wellness
9485,5,Tech Enthusiasts
9486,6,Large Families
9487,3,Vegetarians
9489,0,Value Seekers
9490,3,Vegetarians
9491,5,Tech Enthusiasts
9492,6,Large Families
9493,2,Traditional Shoppers
9494,3,Vegetarians
9496,6,Large Families
9497,3,Vegetarians
9498,5,Tech Enthusiasts
9499,7,Loyal Explorers
9500,6,Large Families
9502,3,Vegetarians
9503,0,Value Seekers
9504,6,Large Families
9505,2,Traditional Shoppers
9506,6,Large Families
9507,2,Traditional Shoppers
9508,1,Wellness
9509,7,Loyal Explorers
9510,0,Value Seekers
9511,3,Vegetarians
9512,6,Large Families
9514,7,Loyal Explorers
9516,6,Large Families
9518,4,Promotion Hunters
9519,2,Traditional Shoppers
9520,6,Large Families
9522,6,Large Families
9523,5,Tech Enthusiasts
9524,1,Wellness
9526,1,Wellness
9528,3,Vegetarians
9530,4,Promotion Hunters
9532,2,Traditional Shoppers
9533,6,Large Families
9535,0,Value Seekers
9536,2,Traditional Shoppers
9539,5,Tech Enthusiasts
9540,7,Loyal Explorers
9541,7,Loyal Explorers
9542,1,Wellness
9543,2,Traditional Shoppers
9544,6,Large Families
9547,7,Loyal Explorers
9548,4,Promotion Hunters
9549,7,Loyal Explorers
9550,4,Promotion Hunters
9551,2,Traditional Shoppers
9552,5,Tech Enthusiasts
9553,2,Traditional Shoppers
9554,0,Value Seekers
9556,0,Value Seekers
9557,6,Large Families
9558,1,Wellness
9559,7,Loyal Explorers
9560,4,Promotion Hunters
9561,3,Vegetarians
9562,7,Loyal Explorers
9563,7,Loyal Explorers
9564,2,Traditional Shoppers
9565,7,Loyal Explorers
9567,6,Large Families
9568,0,Value Seekers
9569,0,Value Seekers
9570,6,Large Families
9571,2,Traditional Shoppers
9572,3,Vegetarians
9573,0,Value Seekers
9574,4,Promotion Hunters
9576,5,Tech Enthusiasts
9577,2,Traditional Shoppers
9578,5,Tech Enthusiasts
9579,7,Loyal Explorers
9580,5,Tech Enthusiasts
9581,0,Value Seekers
9582,4,Promotion Hunters
9583,0,Value Seekers
9584,1,Wellness
9585,6,Large Families
9586,6,Large Families
9587,3,Vegetarians
9588,1,Wellness
9589,2,Traditional Shoppers
9590,5,Tech Enthusiasts
9592,4,Promotion Hunters
9593,6,Large Families
9594,0,Value Seekers
9595,5,Tech Enthusiasts
9597,1,Wellness
9598,6,Large Families
9599,5,Tech Enthusiasts
9600,6,Large Families
9602,0,Value Seekers
9603,2,Traditional Shoppers
9606,3,Vegetarians
9607,2,Traditional Shoppers
9608,3,Vegetarians
9609,4,Promotion Hunters
9610,2,Traditional Shoppers
9611,2,Traditional Shoppers
9613,5,Tech Enthusiasts
9614,7,Loyal Explorers
9616,2,Traditional Shoppers
9617,6,Large Families
9618,4,Promotion Hunters
9619,7,Loyal Explorers
9620,5,Tech Enthusiasts
9621,4,Promotion Hunters
9622,5,Tech Enthusiasts
9623,2,Traditional Shoppers
9625,2,Traditional Shoppers
9626,5,Tech Enthusiasts
9627,0,Value Seekers
9628,3,Vegetarians
9629,2,Traditional Shoppers
9630,2,Traditional Shoppers
9631,4,Promotion Hunters
9632,3,Vegetarians
9633,7,Loyal Explorers
9635,3,Vegetarians
9636,2,Traditional Shoppers
9637,4,Promotion Hunters
9638,6,Large Families
9640,1,Wellness
9641,0,Value Seekers
9642,1,Wellness
9643,2,Traditional Shoppers
9644,3,Vegetarians
9645,6,Large Families
9646,2,Traditional Shoppers
9647,0,Value Seekers
9650,0,Value Seekers
9651,7,Loyal Explorers
9652,2,Traditional Shoppers
9653,4,Promotion Hunters
9654,2,Traditional Shoppers
9655,1,Wellness
9656,2,Traditional Shoppers
9657,6,Large Families
9658,3,Vegetarians
9659,2,Traditional Shoppers
9660,1,Wellness
9661,1,Wellness
9662,4,Promotion Hunters
9663,2,Traditional Shoppers
9664,0,Value Seekers
9665,5,Tech Enthusiasts
9666,2,Traditional Shoppers
9667,3,Vegetarians
9668,7,Loyal Explorers
9670,7,Loyal Explorers
9671,1,Wellness
9672,7,Loyal Explorers
9674,7,Loyal Explorers
9675,5,Tech Enthusiasts
9676,6,Large Families
9677,2,Traditional Shoppers
9678,3,Vegetarians
9679,7,Loyal Explorers
9680,2,Traditional Shoppers
9681,4,Promotion Hunters
9683,2,Traditional Shoppers
9684,7,Loyal Explorers
9685,1,Wellness
9686,5,Tech Enthusiasts
9687,2,Traditional Shoppers
9688,2,Traditional Shoppers
9689,1,Wellness
9691,7,Loyal Explorers
9692,5,Tech Enthusiasts
9693,1,Wellness
9694,6,Large Families
9695,6,Large Families
9696,1,Wellness
9697,6,Large Families
9700,3,Vegetarians
9701,2,Traditional Shoppers
9702,2,Traditional Shoppers
9703,6,Large Families
9704,7,Loyal Explorers
9705,5,Tech Enthusiasts
9706,6,Large Families
9707,2,Traditional Shoppers
9708,5,Tech Enthusiasts
9709,2,Traditional Shoppers
9712,4,Promotion Hunters
9713,6,Large Families
9714,3,Vegetarians
9715,2,Traditional Shoppers
9716,0,Value Seekers
9717,2,Traditional Shoppers
9718,0,Value Seekers
9719,6,Large Families
9720,0,Value Seekers
9721,0,Value Seekers
9722,2,Traditional Shoppers
9723,0,Value Seekers
9724,2,Traditional Shoppers
9726,3,Vegetarians
9727,5,Tech Enthusiasts
9728,2,Traditional Shoppers
9729,1,Wellness
9730,0,Value Seekers
9731,5,Tech Enthusiasts
9732,5,Tech Enthusiasts
9734,0,Value Seekers
9735,1,Wellness
9736,3,Vegetarians
9737,2,Traditional Shoppers
9739,0,Value Seekers
9740,7,Loyal Explorers
9741,3,Vegetarians
9742,1,Wellness
9743,3,Vegetarians
9744,0,Value Seekers
9745,4,Promotion Hunters
9747,4,Promotion Hunters
9748,0,Value Seekers
9749,2,Traditional Shoppers
9750,4,Promotion Hunters
9751,6,Large Families
9752,6,Large Families
9753,0,Value Seekers
9754,5,Tech Enthusiasts
9757,2,Traditional Shoppers
9758,7,Loyal Explorers
9760,6,Large Families
9761,3,Vegetarians
9762,6,Large Families
9763,2,Traditional Shoppers
9764,4,Promotion Hunters
9765,2,Traditional Shoppers
9768,5,Tech Enthusiasts
9771,3,Vegetarians
9772,3,Vegetarians
9773,6,Large Families
9774,7,Loyal Explorers
9775,2,Traditional Shoppers
9776,0,Value Seekers
9777,2,Traditional Shoppers
9778,4,Promotion Hunters
9779,3,Vegetarians
9780,6,Large Families
9781,2,Traditional Shoppers
9783,6,Large Families
9784,3,Vegetarians
9785,4,Promotion Hunters
9786,6,Large Families
9788,6,Large Families
9789,6,Large Families
9790,2,Traditional Shoppers
9791,1,Wellness
9792,6,Large Families
9793,3,Vegetarians
9795,3,Vegetarians
9796,3,Vegetarians
9798,6,Large Families
9800,0,Value Seekers
9801,4,Promotion Hunters
9802,6,Large Families
9803,3,Vegetarians
9804,3,Vegetarians
9805,6,Large Families
9806,6,Large Families
9807,7,Loyal Explorers
9809,4,Promotion Hunters
9811,7,Loyal Explorers
9812,6,Large Families
9814,3,Vegetarians
9815,5,Tech Enthusiasts
9817,2,Traditional Shoppers
9818,5,Tech Enthusiasts
9819,0,Value Seekers
9820,6,Large Families
9822,6,Large Families
9823,0,Value Seekers
9824,0,Value Seekers
9825,5,Tech Enthusiasts
9826,7,Loyal Explorers
9827,7,Loyal Explorers
9828,4,Promotion Hunters
9829,4,Promotion Hunters
9830,4,Promotion Hunters
9832,5,Tech Enthusiasts
9833,4,Promotion Hunters
9834,4,Promotion Hunters
9835,3,Vegetarians
9836,6,Large Families
9837,7,Loyal Explorers
9838,4,Promotion Hunters
9839,3,Vegetarians
9840,2,Traditional Shoppers
9841,1,Wellness
9842,6,Large Families
9843,4,Promotion Hunters
9844,4,Promotion Hunters
9846,6,Large Families
9847,3,Vegetarians
9848,2,Traditional Shoppers
9849,1,Wellness
9850,5,Tech Enthusiasts
9851,2,Traditional Shoppers
9852,6,Large Families
9853,3,Vegetarians
9854,3,Vegetarians
9855,2,Traditional Shoppers
9856,5,Tech Enthusiasts
9857,2,Traditional Shoppers
9858,3,Vegetarians
9859,4,Promotion Hunters
9860,4,Promotion Hunters
9861,6,Large Families
9863,0,Value Seekers
9865,6,Large Families
9866,6,Large Families
9867,7,Loyal Explorers
9868,7,Loyal Explorers
9869,5,Tech Enthusiasts
9870,3,Vegetarians
9871,3,Vegetarians
9872,1,Wellness
9873,3,Vegetarians
9874,1,Wellness
9875,7,Loyal Explorers
9876,7,Loyal Explorers
9877,6,Large Families
9878,4,Promotion Hunters
9879,6,Large Families
9880,6,Large Families
9881,5,Tech Enthusiasts
9882,2,Traditional Shoppers
9883,5,Tech Enthusiasts
9885,6,Large Families
9886,7,Loyal Explorers
9887,5,Tech Enthusiasts
9888,6,Large Families
9890,2,Traditional Shoppers
9892,2,Traditional Shoppers
9893,7,Loyal Explorers
9894,6,Large Families
9895,3,Vegetarians
9896,0,Value Seekers
9897,4,Promotion Hunters
9898,5,Tech Enthusiasts
9899,0,Value Seekers
9900,1,Wellness
9901,5,Tech Enthusiasts
9902,4,Promotion Hunters
9904,6,Large Families
9905,0,Value Seekers
9906,3,Vegetarians
9907,2,Traditional Shoppers
9908,5,Tech Enthusiasts
9909,4,Promotion Hunters
9910,3,Vegetarians
9911,1,Wellness
9913,2,Traditional Shoppers
9914,2,Traditional Shoppers
9915,6,Large Families
9917,2,Traditional Shoppers
9918,7,Loyal Explorers
9919,7,Loyal Explorers
9920,2,Traditional Shoppers
9921,3,Vegetarians
9925,3,Vegetarians
9926,2,Traditional Shoppers
9927,0,Value Seekers
9929,2,Traditional Shoppers
9932,5,Tech Enthusiasts
9934,1,Wellness
9935,1,Wellness
9936,4,Promotion Hunters
9937,3,Vegetarians
9940,4,Promotion Hunters
9941,0,Value Seekers
9942,2,Traditional Shoppers
9943,5,Tech Enthusiasts
9944,1,Wellness
9947,4,Promotion Hunters
9948,6,Large Families
9949,0,Value Seekers
9950,2,Traditional Shoppers
9951,6,Large Families
9952,6,Large Families
9953,4,Promotion Hunters
9954,2,Traditional Shoppers
9955,1,Wellness
9957,0,Value Seekers
9958,5,Tech Enthusiasts
9960,1,Wellness
9962,2,Traditional Shoppers
9963,6,Large Families
9965,3,Vegetarians
9966,3,Vegetarians
9969,0,Value Seekers
9971,2,Traditional Shoppers
9974,0,Value Seekers
9975,7,Loyal Explorers
9976,0,Value Seekers
9977,2,Traditional Shoppers
9978,5,Tech Enthusiasts
9979,1,Wellness
9980,3,Vegetarians
9982,5,Tech Enthusiasts
9983,6,Large Families
9985,7,Loyal Explorers
9986,1,Wellness
9987,5,Tech Enthusiasts
9988,5,Tech Enthusiasts
9989,5,Tech Enthusiasts
9990,6,Large Families
9991,2,Traditional Shoppers
9992,1,Wellness
9994,1,Wellness
9995,2,Traditional Shoppers
9996,1,Wellness
9997,0,Value Seekers
9998,0,Value Seekers
10000,3,Vegetarians
10001,7,Loyal Explorers
10002,1,Wellness
10004,2,Traditional Shoppers
10006,5,Tech Enthusiasts
10008,3,Vegetarians
10009,2,Traditional Shoppers
10010,3,Vegetarians
10011,2,Traditional Shoppers
10012,1,Wellness
10013,2,Traditional Shoppers
10014,2,Traditional Shoppers
10015,1,Wellness
10016,6,Large Families
10017,2,Traditional Shoppers
10019,1,Wellness
10020,2,Traditional Shoppers
10021,0,Value Seekers
10022,0,Value Seekers
10023,0,Value Seekers
10024,6,Large Families
10025,4,Promotion Hunters
10026,4,Promotion Hunters
10027,0,Value Seekers
10028,2,Traditional Shoppers
10029,2,Traditional Shoppers
10030,3,Vegetarians
10031,5,Tech Enthusiasts
10032,2,Traditional Shoppers
10035,3,Vegetarians
10036,5,Tech Enthusiasts
10038,2,Traditional Shoppers
10039,1,Wellness
10040,7,Loyal Explorers
10042,0,Value Seekers
10044,5,Tech Enthusiasts
10045,7,Loyal Explorers
10046,7,Loyal Explorers
10047,1,Wellness
10048,2,Traditional Shoppers
10050,4,Promotion Hunters
10051,6,Large Families
10052,1,Wellness
10053,4,Promotion Hunters
10054,1,Wellness
10055,4,Promotion Hunters
10056,0,Value Seekers
10057,1,Wellness
10058,3,Vegetarians
10059,6,Large Families
10060,7,Loyal Explorers
10062,3,Vegetarians
10063,0,Value Seekers
10064,3,Vegetarians
10065,2,Traditional Shoppers
10066,7,Loyal Explorers
10068,3,Vegetarians
10070,6,Large Families
10072,1,Wellness
10073,2,Traditional Shoppers
10074,2,Traditional Shoppers
10075,6,Large Families
10076,7,Loyal Explorers
10077,1,Wellness
10078,2,Traditional Shoppers
10079,1,Wellness
10080,0,Value Seekers
10081,0,Value Seekers
10082,7,Loyal Explorers
10083,4,Promotion Hunters
10085,5,Tech Enthusiasts
10086,5,Tech Enthusiasts
10087,1,Wellness
10088,3,Vegetarians
10090,2,Traditional Shoppers
10091,4,Promotion Hunters
10093,3,Vegetarians
10094,2,Traditional Shoppers
10095,2,Traditional Shoppers
10097,6,Large Families
10098,2,Traditional Shoppers
10099,2,Traditional Shoppers
10100,0,Value Seekers
10101,5,Tech Enthusiasts
10102,7,Loyal Explorers
10103,1,Wellness
10105,2,Traditional Shoppers
10106,3,Vegetarians
10107,1,Wellness
10110,3,Vegetarians
10111,1,Wellness
10112,1,Wellness
10113,2,Traditional Shoppers
10114,2,Traditional Shoppers
10115,7,Loyal Explorers
10116,0,Value Seekers
10120,6,Large Families
10121,1,Wellness
10122,3,Vegetarians
10123,2,Traditional Shoppers
10124,4,Promotion Hunters
10125,6,Large Families
10126,6,Large Families
10127,3,Vegetarians
10128,6,Large Families
10130,7,Loyal Explorers
10133,3,Vegetarians
10134,4,Promotion Hunters
10135,1,Wellness
10136,2,Traditional Shoppers
10137,7,Loyal Explorers
10139,3,Vegetarians
10140,1,Wellness
10141,7,Loyal Explorers
10142,1,Wellness
10144,3,Vegetarians
10145,6,Large Families
10147,3,Vegetarians
10148,6,Large Families
10150,4,Promotion Hunters
10151,1,Wellness
10152,5,Tech Enthusiasts
10153,6,Large Families
10154,5,Tech Enthusiasts
10155,2,Traditional Shoppers
10156,1,Wellness
10157,5,Tech Enthusiasts
10158,5,Tech Enthusiasts
10159,4,Promotion Hunters
10160,7,Loyal Explorers
10161,4,Promotion Hunters
10162,7,Loyal Explorers
10163,0,Value Seekers
10164,3,Vegetarians
10165,1,Wellness
10166,6,Large Families
10167,3,Vegetarians
10168,2,Traditional Shoppers
10169,0,Value Seekers
10170,3,Vegetarians
10171,1,Wellness
10173,4,Promotion Hunters
10178,1,Wellness
10179,0,Value Seekers
10180,7,Loyal Explorers
10181,1,Wellness
10183,7,Loyal Explorers
10184,6,Large Families
10185,6,Large Families
10186,2,Traditional Shoppers
10187,4,Promotion Hunters
10188,2,Traditional Shoppers
10189,2,Traditional Shoppers
10191,3,Vegetarians
10192,2,Traditional Shoppers
10194,5,Tech Enthusiasts
10195,5,Tech Enthusiasts
10196,0,Value Seekers
10197,5,Tech Enthusiasts
10199,4,Promotion Hunters
10200,1,Wellness
10201,2,Traditional Shoppers
10202,1,Wellness
10204,0,Value Seekers
10205,2,Traditional Shoppers
10206,5,Tech Enthusiasts
10207,7,Loyal Explorers
10208,5,Tech Enthusiasts
10209,1,Wellness
10212,0,Value Seekers
10213,5,Tech Enthusiasts
10214,3,Vegetarians
10215,3,Vegetarians
10216,3,Vegetarians
10217,2,Traditional Shoppers
10218,3,Vegetarians
10219,2,Traditional Shoppers
10220,2,Traditional Shoppers
10221,4,Promotion Hunters
10222,4,Promotion Hunters
10223,6,Large Families
10224,2,Traditional Shoppers
10226,6,Large Families
10227,3,Vegetarians
10228,2,Traditional Shoppers
10229,2,Traditional Shoppers
10231,4,Promotion Hunters
10232,1,Wellness
10233,3,Vegetarians
10234,6,Large Families
10235,7,Loyal Explorers
10236,4,Promotion Hunters
10237,4,Promotion Hunters
10239,3,Vegetarians
10240,5,Tech Enthusiasts
10242,5,Tech Enthusiasts
10243,5,Tech Enthusiasts
10246,4,Promotion Hunters
10249,6,Large Families
10250,5,Tech Enthusiasts
10251,2,Traditional Shoppers
10253,3,Vegetarians
10254,3,Vegetarians
10255,0,Value Seekers
10256,4,Promotion Hunters
10257,3,Vegetarians
10258,2,Traditional Shoppers
10260,2,Traditional Shoppers
10261,0,Value Seekers
10262,7,Loyal Explorers
10263,2,Traditional Shoppers
10264,4,Promotion Hunters
10265,4,Promotion Hunters
10266,4,Promotion Hunters
10267,3,Vegetarians
10268,4,Promotion Hunters
10269,3,Vegetarians
10270,6,Large Families
10271,2,Traditional Shoppers
10273,2,Traditional Shoppers
10274,4,Promotion Hunters
10275,2,Traditional Shoppers
10276,6,Large Families
10277,2,Traditional Shoppers
10278,2,Traditional Shoppers
10279,1,Wellness
10280,4,Promotion Hunters
10281,2,Traditional Shoppers
10283,1,Wellness
10284,6,Large Families
10285,2,Traditional Shoppers
10286,2,Traditional Shoppers
10287,5,Tech Enthusiasts
10288,4,Promotion Hunters
10289,1,Wellness
10290,4,Promotion Hunters
10291,1,Wellness
10292,1,Wellness
10293,7,Loyal Explorers
10294,3,Vegetarians
10295,5,Tech Enthusiasts
10296,0,Value Seekers
10297,6,Large Families
10300,7,Loyal Explorers
10301,6,Large Families
10302,2,Traditional Shoppers
10303,4,Promotion Hunters
10304,7,Loyal Explorers
10305,4,Promotion Hunters
10306,2,Traditional Shoppers
10307,2,Traditional Shoppers
10308,0,Value Seekers
10309,0,Value Seekers
10310,2,Traditional Shoppers
10311,4,Promotion Hunters
10312,1,Wellness
10314,0,Value Seekers
10315,4,Promotion Hunters
10316,7,Loyal Explorers
10317,5,Tech Enthusiasts
10318,7,Loyal Explorers
10319,0,Value Seekers
10320,5,Tech Enthusiasts
10321,0,Value Seekers
10322,2,Traditional Shoppers
10323,0,Value Seekers
10324,6,Large Families
10325,5,Tech Enthusiasts
10326,0,Value Seekers
10327,6,Large Families
10328,5,Tech Enthusiasts
10329,0,Value Seekers
10330,4,Promotion Hunters
10331,2,Traditional Shoppers
10332,6,Large Families
10333,5,Tech Enthusiasts
10334,6,Large Families
10335,6,Large Families
10336,0,Value Seekers
10337,6,Large Families
10339,2,Traditional Shoppers
10340,6,Large Families
10341,6,Large Families
10342,7,Loyal Explorers
10343,1,Wellness
10344,2,Traditional Shoppers
10345,3,Vegetarians
10346,5,Tech Enthusiasts
10347,5,Tech Enthusiasts
10348,7,Loyal Explorers
10351,6,Large Families
10353,3,Vegetarians
10354,2,Traditional Shoppers
10355,3,Vegetarians
10357,1,Wellness
10358,0,Value Seekers
10360,2,Traditional Shoppers
10361,2,Traditional Shoppers
10362,3,Vegetarians
10364,7,Loyal Explorers
10366,3,Vegetarians
10367,2,Traditional Shoppers
10368,3,Vegetarians
10369,3,Vegetarians
10370,0,Value Seekers
10371,6,Large Families
10372,5,Tech Enthusiasts
10373,0,Value Seekers
10374,7,Loyal Explorers
10377,3,Vegetarians
10379,6,Large Families
10382,1,Wellness
10384,6,Large Families
10386,4,Promotion Hunters
10387,6,Large Families
10388,4,Promotion Hunters
10389,5,Tech Enthusiasts
10390,1,Wellness
10391,3,Vegetarians
10392,1,Wellness
10393,0,Value Seekers
10394,4,Promotion Hunters
10395,0,Value Seekers
10396,2,Traditional Shoppers
10397,7,Loyal Explorers
10398,4,Promotion Hunters
10399,0,Value Seekers
10400,2,Traditional Shoppers
10401,5,Tech Enthusiasts
10402,7,Loyal Explorers
10403,3,Vegetarians
10404,3,Vegetarians
10405,3,Vegetarians
10406,2,Traditional Shoppers
10407,1,Wellness
10408,6,Large Families
10409,0,Value Seekers
10410,3,Vegetarians
10411,6,Large Families
10412,2,Traditional Shoppers
10413,4,Promotion Hunters
10414,3,Vegetarians
10415,7,Loyal Explorers
10416,0,Value Seekers
10417,0,Value Seekers
10418,4,Promotion Hunters
10419,4,Promotion Hunters
10420,2,Traditional Shoppers
10421,2,Traditional Shoppers
10424,5,Tech Enthusiasts
10425,7,Loyal Explorers
10426,2,Traditional Shoppers
10428,5,Tech Enthusiasts
10429,2,Traditional Shoppers
10430,2,Traditional Shoppers
10431,1,Wellness
10433,5,Tech Enthusiasts
10434,3,Vegetarians
10435,6,Large Families
10436,2,Traditional Shoppers
10437,4,Promotion Hunters
10438,6,Large Families
10439,2,Traditional Shoppers
10440,5,Tech Enthusiasts
10443,0,Value Seekers
10444,0,Value Seekers
10445,0,Value Seekers
10446,1,Wellness
10447,3,Vegetarians
10448,5,Tech Enthusiasts
10449,5,Tech Enthusiasts
10453,0,Value Seekers
10454,2,Traditional Shoppers
10455,2,Traditional Shoppers
10456,3,Vegetarians
10457,0,Value Seekers
10459,7,Loyal Explorers
10460,0,Value Seekers
10461,3,Vegetarians
10462,1,Wellness
10463,1,Wellness
10464,2,Traditional Shoppers
10465,5,Tech Enthusiasts
10466,2,Traditional Shoppers
10467,6,Large Families
10469,2,Traditional Shoppers
10470,3,Vegetarians
10471,6,Large Families
10472,5,Tech Enthusiasts
10473,2,Traditional Shoppers
10474,5,Tech Enthusiasts
10476,7,Loyal Explorers
10477,0,Value Seekers
10478,0,Value Seekers
10479,6,Large Families
10480,6,Large Families
10481,6,Large Families
10483,4,Promotion Hunters
10484,5,Tech Enthusiasts
10485,4,Promotion Hunters
10486,3,Vegetarians
10488,0,Value Seekers
10489,5,Tech Enthusiasts
10490,4,Promotion Hunters
10491,7,Loyal Explorers
10492,6,Large Families
10493,7,Loyal Explorers
10494,0,Value Seekers
10497,7,Loyal Explorers
10498,4,Promotion Hunters
10499,6,Large Families
10500,6,Large Families
10501,2,Traditional Shoppers
10502,5,Tech Enthusiasts
10503,7,Loyal Explorers
10504,5,Tech Enthusiasts
10506,0,Value Seekers
10507,7,Loyal Explorers
10508,3,Vegetarians
10511,6,Large Families
10512,0,Value Seekers
10513,6,Large Families
10515,0,Value Seekers
10518,0,Value Seekers
10519,0,Value Seekers
10520,6,Large Families
10521,3,Vegetarians
10522,5,Tech Enthusiasts
10524,4,Promotion Hunters
10525,2,Traditional Shoppers
10526,0,Value Seekers
10527,2,Traditional Shoppers
10528,2,Traditional Shoppers
10529,0,Value Seekers
10530,2,Traditional Shoppers
10533,4,Promotion Hunters
10534,1,Wellness
10536,6,Large Families
10537,4,Promotion Hunters
10538,4,Promotion Hunters
10540,6,Large Families
10541,1,Wellness
10542,5,Tech Enthusiasts
10544,6,Large Families
10545,2,Traditional Shoppers
10546,6,Large Families
10547,6,Large Families
10548,4,Promotion Hunters
10549,3,Vegetarians
10550,4,Promotion Hunters
10551,1,Wellness
10552,3,Vegetarians
10553,6,Large Families
10554,1,Wellness
10555,7,Loyal Explorers
10556,2,Traditional Shoppers
10557,7,Loyal Explorers
10559,0,Value Seekers
10562,0,Value Seekers
10563,7,Loyal Explorers
10564,3,Vegetarians
10565,2,Traditional Shoppers
10567,2,Traditional Shoppers
10568,1,Wellness
10569,6,Large Families
10570,1,Wellness
10571,2,Traditional Shoppers
10572,7,Loyal Explorers
10573,3,Vegetarians
10574,4,Promotion Hunters
10575,4,Promotion Hunters
10576,5,Tech Enthusiasts
10577,2,Traditional Shoppers
10578,3,Vegetarians
10579,5,Tech Enthusiasts
10580,0,Value Seekers
10582,3,Vegetarians
10584,0,Value Seekers
10585,0,Value Seekers
10586,6,Large Families
10587,7,Loyal Explorers
10589,5,Tech Enthusiasts
10590,0,Value Seekers
10591,4,Promotion Hunters
10592,4,Promotion Hunters
10593,0,Value Seekers
10594,0,Value Seekers
10596,3,Vegetarians
10597,2,Traditional Shoppers
10598,3,Vegetarians
10601,7,Loyal Explorers
10603,6,Large Families
10604,3,Vegetarians
10606,2,Traditional Shoppers
10607,6,Large Families
10609,2,Traditional Shoppers
10610,2,Traditional Shoppers
10611,6,Large Families
10612,6,Large Families
10613,2,Traditional Shoppers
10614,4,Promotion Hunters
10616,4,Promotion Hunters
10618,2,Traditional Shoppers
10619,2,Traditional Shoppers
10620,1,Wellness
10621,1,Wellness
10622,3,Vegetarians
10625,2,Traditional Shoppers
10628,5,Tech Enthusiasts
10629,2,Traditional Shoppers
10630,0,Value Seekers
10631,2,Traditional Shoppers
10632,2,Traditional Shoppers
10633,6,Large Families
10634,0,Value Seekers
10635,7,Loyal Explorers
10638,3,Vegetarians
10639,4,Promotion Hunters
10641,4,Promotion Hunters
10642,3,Vegetarians
10643,6,Large Families
10644,3,Vegetarians
10645,1,Wellness
10647,2,Traditional Shoppers
10648,6,Large Families
10649,3,Vegetarians
10650,1,Wellness
10651,6,Large Families
10652,4,Promotion Hunters
10653,2,Traditional Shoppers
10654,3,Vegetarians
10655,1,Wellness
10656,3,Vegetarians
10657,2,Traditional Shoppers
10659,6,Large Families
10662,2,Traditional Shoppers
10663,2,Traditional Shoppers
10664,3,Vegetarians
10665,2,Traditional Shoppers
10667,0,Value Seekers
10668,5,Tech Enthusiasts
10669,7,Loyal Explorers
10670,3,Vegetarians
10671,7,Loyal Explorers
10672,5,Tech Enthusiasts
10673,6,Large Families
10674,3,Vegetarians
10675,2,Traditional Shoppers
10676,3,Vegetarians
10677,6,Large Families
10678,4,Promotion Hunters
10680,3,Vegetarians
10681,6,Large Families
10682,2,Traditional Shoppers
10683,2,Traditional Shoppers
10685,6,Large Families
10686,7,Loyal Explorers
10687,2,Traditional Shoppers
10690,3,Vegetarians
10691,2,Traditional Shoppers
10693,3,Vegetarians
10694,3,Vegetarians
10695,5,Tech Enthusiasts
10696,5,Tech Enthusiasts
10697,6,Large Families
10698,5,Tech Enthusiasts
10699,6,Large Families
10700,7,Loyal Explorers
10701,4,Promotion Hunters
10702,7,Loyal Explorers
10703,3,Vegetarians
10704,6,Large Families
10706,5,Tech Enthusiasts
10707,2,Traditional Shoppers
10708,2,Traditional Shoppers
10709,7,Loyal Explorers
10711,0,Value Seekers
10712,5,Tech Enthusiasts
10713,3,Vegetarians
10714,7,Loyal Explorers
10715,4,Promotion Hunters
10716,1,Wellness
10717,2,Traditional Shoppers
10718,5,Tech Enthusiasts
10719,0,Value Seekers
10720,3,Vegetarians
10721,2,Traditional Shoppers
10722,3,Vegetarians
10724,0,Value Seekers
10725,3,Vegetarians
10726,1,Wellness
10728,0,Value Seekers
10729,7,Loyal Explorers
10730,6,Large Families
10731,3,Vegetarians
10732,5,Tech Enthusiasts
10733,5,Tech Enthusiasts
10734,4,Promotion Hunters
10735,1,Wellness
10736,2,Traditional Shoppers
10737,6,Large Families
10738,2,Traditional Shoppers
10739,3,Vegetarians
10740,0,Value Seekers
10741,6,Large Families
10742,2,Traditional Shoppers
10743,2,Traditional Shoppers
10744,4,Promotion Hunters
10746,3,Vegetarians
10747,3,Vegetarians
10748,6,Large Families
10749,2,Traditional Shoppers
10750,0,Value Seekers
10751,2,Traditional Shoppers
10752,0,Value Seekers
10754,5,Tech Enthusiasts
10755,2,Traditional Shoppers
10756,7,Loyal Explorers
10757,0,Value Seekers
10758,5,Tech Enthusiasts
10761,5,Tech Enthusiasts
10762,6,Large Families
10763,0,Value Seekers
10764,3,Vegetarians
10765,0,Value Seekers
10766,2,Traditional Shoppers
10768,1,Wellness
10769,4,Promotion Hunters
10770,0,Value Seekers
10771,2,Traditional Shoppers
10772,2,Traditional Shoppers
10773,4,Promotion Hunters
10774,7,Loyal Explorers
10776,3,Vegetarians
10777,3,Vegetarians
10778,6,Large Families
10779,5,Tech Enthusiasts
10781,1,Wellness
10782,6,Large Families
10784,0,Value Seekers
10785,7,Loyal Explorers
10786,0,Value Seekers
10787,0,Value Seekers
10788,1,Wellness
10790,5,Tech Enthusiasts
10791,5,Tech Enthusiasts
10792,7,Loyal Explorers
10793,3,Vegetarians
10794,7,Loyal Explorers
10795,5,Tech Enthusiasts
10796,6,Large Families
10798,4,Promotion Hunters
10799,2,Traditional Shoppers
10800,3,Vegetarians
10802,6,Large Families
10803,2,Traditional Shoppers
10804,0,Value Seekers
10805,6,Large Families
10806,6,Large Families
10807,3,Vegetarians
10808,2,Traditional Shoppers
10809,2,Traditional Shoppers
10810,6,Large Families
10811,0,Value Seekers
10812,4,Promotion Hunters
10813,3,Vegetarians
10814,7,Loyal Explorers
10815,1,Wellness
10816,1,Wellness
10817,5,Tech Enthusiasts
10819,2,Traditional Shoppers
10821,1,Wellness
10822,0,Value Seekers
10823,2,Traditional Shoppers
10825,5,Tech Enthusiasts
10826,4,Promotion Hunters
10827,6,Large Families
10828,0,Value Seekers
10829,2,Traditional Shoppers
10830,1,Wellness
10831,6,Large Families
10832,1,Wellness
10834,1,Wellness
10835,6,Large Families
10837,6,Large Families
10838,6,Large Families
10839,2,Traditional Shoppers
10840,5,Tech Enthusiasts
10841,7,Loyal Explorers
10842,6,Large Families
10843,1,Wellness
10844,1,Wellness
10845,2,Traditional Shoppers
10846,0,Value Seekers
10847,6,Large Families
10848,5,Tech Enthusiasts
10849,4,Promotion Hunters
10850,2,Traditional Shoppers
10851,0,Value Seekers
10852,2,Traditional Shoppers
10853,7,Loyal Explorers
10854,2,Traditional Shoppers
10857,5,Tech Enthusiasts
10858,6,Large Families
10860,6,Large Families
10861,5,Tech Enthusiasts
10863,0,Value Seekers
10864,0,Value Seekers
10867,2,Traditional Shoppers
10868,3,Vegetarians
10871,2,Traditional Shoppers
10872,3,Vegetarians
10873,2,Traditional Shoppers
10874,1,Wellness
10875,6,Large Families
10876,5,Tech Enthusiasts
10877,0,Value Seekers
10879,0,Value Seekers
10881,3,Vegetarians
10882,5,Tech Enthusiasts
10883,6,Large Families
10884,6,Large Families
10885,7,Loyal Explorers
10886,4,Promotion Hunters
10887,5,Tech Enthusiasts
10888,5,Tech Enthusiasts
10889,0,Value Seekers
10890,7,Loyal Explorers
10891,2,Traditional Shoppers
10892,4,Promotion Hunters
10893,6,Large Families
10894,6,Large Families
10895,6,Large Families
10896,0,Value Seekers
10897,1,Wellness
10898,3,Vegetarians
10899,7,Loyal Explorers
10900,6,Large Families
10901,0,Value Seekers
10902,0,Value Seekers
10903,3,Vegetarians
10904,6,Large Families
10905,1,Wellness
10906,3,Vegetarians
10907,6,Large Families
10908,2,Traditional Shoppers
10910,4,Promotion Hunters
10912,2,Traditional Shoppers
10913,5,Tech Enthusiasts
10914,7,Loyal Explorers
10915,5,Tech Enthusiasts
10916,1,Wellness
10917,7,Loyal Explorers
10918,7,Loyal Explorers
10920,5,Tech Enthusiasts
10921,6,Large Families
10922,1,Wellness
10925,6,Large Families
10927,2,Traditional Shoppers
10928,0,Value Seekers
10929,4,Promotion Hunters
10931,2,Traditional Shoppers
10932,3,Vegetarians
10933,2,Traditional Shoppers
10934,4,Promotion Hunters
10935,7,Loyal Explorers
10937,3,Vegetarians
10939,0,Value Seekers
10941,3,Vegetarians
10942,1,Wellness
10943,1,Wellness
10944,0,Value Seekers
10945,5,Tech Enthusiasts
10946,5,Tech Enthusiasts
10947,7,Loyal Explorers
10948,1,Wellness
10949,1,Wellness
10950,1,Wellness
10951,3,Vegetarians
10952,6,Large Families
10953,6,Large Families
10954,6,Large Families
10955,2,Traditional Shoppers
10956,1,Wellness
10957,7,Loyal Explorers
10958,5,Tech Enthusiasts
10959,2,Traditional Shoppers
10960,6,Large Families
10961,5,Tech Enthusiasts
10962,6,Large Families
10963,6,Large Families
10964,2,Traditional Shoppers
10965,2,Traditional Shoppers
10966,6,Large Families
10967,2,Traditional Shoppers
10968,5,Tech Enthusiasts
10970,6,Large Families
10971,2,Traditional Shoppers
10972,3,Vegetarians
10973,7,Loyal Explorers
10974,6,Large Families
10975,2,Traditional Shoppers
10976,7,Loyal Explorers
10977,7,Loyal Explorers
10979,1,Wellness
10980,2,Traditional Shoppers
10981,0,Value Seekers
10982,7,Loyal Explorers
10984,2,Traditional Shoppers
10985,2,Traditional Shoppers
10986,5,Tech Enthusiasts
10987,7,Loyal Explorers
10988,2,Traditional Shoppers
10989,7,Loyal Explorers
10990,5,Tech Enthusiasts
10991,7,Loyal Explorers
10992,3,Vegetarians
10994,5,Tech Enthusiasts
10995,5,Tech Enthusiasts
10997,4,Promotion Hunters
10998,4,Promotion Hunters
10999,7,Loyal Explorers
11001,7,Loyal Explorers
11002,7,Loyal Explorers
11003,0,Value Seekers
11004,4,Promotion Hunters
11005,6,Large Families
11006,6,Large Families
11007,4,Promotion Hunters
11008,6,Large Families
11009,0,Value Seekers
11010,6,Large Families
11011,6,Large Families
11012,2,Traditional Shoppers
11014,6,Large Families
11016,6,Large Families
11017,2,Traditional Shoppers
11018,6,Large Families
11019,5,Tech Enthusiasts
11021,3,Vegetarians
11022,1,Wellness
11023,1,Wellness
11024,5,Tech Enthusiasts
11025,2,Traditional Shoppers
11026,4,Promotion Hunters
11027,1,Wellness
11028,5,Tech Enthusiasts
11029,3,Vegetarians
11030,5,Tech Enthusiasts
11031,4,Promotion Hunters
11032,3,Vegetarians
11033,0,Value Seekers
11035,5,Tech Enthusiasts
11036,2,Traditional Shoppers
11037,5,Tech Enthusiasts
11038,0,Value Seekers
11039,5,Tech Enthusiasts
11040,4,Promotion Hunters
11042,3,Vegetarians
11043,5,Tech Enthusiasts
11044,0,Value Seekers
11045,5,Tech Enthusiasts
11046,3,Vegetarians
11047,6,Large Families
11048,7,Loyal Explorers
11049,7,Loyal Explorers
11050,3,Vegetarians
11052,7,Loyal Explorers
11053,7,Loyal Explorers
11054,6,Large Families
11055,3,Vegetarians
11057,2,Traditional Shoppers
11058,4,Promotion Hunters
11059,6,Large Families
11060,3,Vegetarians
11062,1,Wellness
11063,2,Traditional Shoppers
11064,7,Loyal Explorers
11065,0,Value Seekers
11067,5,Tech Enthusiasts
11068,4,Promotion Hunters
11069,6,Large Families
11070,2,Traditional Shoppers
11071,1,Wellness
11072,1,Wellness
11073,1,Wellness
11074,3,Vegetarians
11075,1,Wellness
11076,7,Loyal Explorers
11077,2,Traditional Shoppers
11079,3,Vegetarians
11081,5,Tech Enthusiasts
11082,0,Value Seekers
11083,2,Traditional Shoppers
11084,6,Large Families
11085,1,Wellness
11086,1,Wellness
11087,0,Value Seekers
11088,1,Wellness
11089,5,Tech Enthusiasts
11090,2,Traditional Shoppers
11091,2,Traditional Shoppers
11092,2,Traditional Shoppers
11095,2,Traditional Shoppers
11096,5,Tech Enthusiasts
11097,4,Promotion Hunters
11098,5,Tech Enthusiasts
11099,5,Tech Enthusiasts
11101,3,Vegetarians
11102,1,Wellness
11104,6,Large Families
11105,6,Large Families
11106,7,Loyal Explorers
11108,5,Tech Enthusiasts
11109,2,Traditional Shoppers
11110,5,Tech Enthusiasts
11111,0,Value Seekers
11112,5,Tech Enthusiasts
11113,4,Promotion Hunters
11115,2,Traditional Shoppers
11116,3,Vegetarians
11117,3,Vegetarians
11118,4,Promotion Hunters
11119,4,Promotion Hunters
11120,6,Large Families
11121,5,Tech Enthusiasts
11122,6,Large Families
11123,2,Traditional Shoppers
11124,6,Large Families
11125,3,Vegetarians
11126,3,Vegetarians
11127,5,Tech Enthusiasts
11128,3,Vegetarians
11129,1,Wellness
11130,1,Wellness
11131,5,Tech Enthusiasts
11132,3,Vegetarians
11133,6,Large Families
11135,2,Traditional Shoppers
11136,7,Loyal Explorers
11139,0,Value Seekers
11140,4,Promotion Hunters
11141,2,Traditional Shoppers
11143,5,Tech Enthusiasts
11145,5,Tech Enthusiasts
11146,3,Vegetarians
11147,4,Promotion Hunters
11148,3,Vegetarians
11149,2,Traditional Shoppers
11150,4,Promotion Hunters
11151,2,Traditional Shoppers
11152,0,Value Seekers
11153,6,Large Families
11154,6,Large Families
11155,1,Wellness
11156,6,Large Families
11157,2,Traditional Shoppers
11158,3,Vegetarians
11159,3,Vegetarians
11160,5,Tech Enthusiasts
11162,0,Value Seekers
11163,3,Vegetarians
11164,1,Wellness
11166,5,Tech Enthusiasts
11167,5,Tech Enthusiasts
11168,5,Tech Enthusiasts
11169,4,Promotion Hunters
11170,1,Wellness
11171,7,Loyal Explorers
11172,0,Value Seekers
11173,4,Promotion Hunters
11174,7,Loyal Explorers
11175,4,Promotion Hunters
11177,4,Promotion Hunters
11178,5,Tech Enthusiasts
11179,6,Large Families
11180,2,Traditional Shoppers
11181,1,Wellness
11182,1,Wellness
11183,3,Vegetarians
11184,5,Tech Enthusiasts
11185,7,Loyal Explorers
11186,7,Loyal Explorers
11187,7,Loyal Explorers
11189,5,Tech Enthusiasts
11190,1,Wellness
11191,3,Vegetarians
11192,7,Loyal Explorers
11193,3,Vegetarians
11194,5,Tech Enthusiasts
11195,3,Vegetarians
11197,0,Value Seekers
11198,5,Tech Enthusiasts
11199,7,Loyal Explorers
11200,5,Tech Enthusiasts
11201,4,Promotion Hunters
11202,7,Loyal Explorers
11203,2,Traditional Shoppers
11204,3,Vegetarians
11205,5,Tech Enthusiasts
11206,3,Vegetarians
11207,7,Loyal Explorers
11208,3,Vegetarians
11209,1,Wellness
11210,1,Wellness
11211,4,Promotion Hunters
11212,5,Tech Enthusiasts
11213,2,Traditional Shoppers
11214,3,Vegetarians
11215,6,Large Families
11216,2,Traditional Shoppers
11217,5,Tech Enthusiasts
11218,6,Large Families
11219,2,Traditional Shoppers
11220,6,Large Families
11221,2,Traditional Shoppers
11222,7,Loyal Explorers
11223,2,Traditional Shoppers
11224,0,Value Seekers
11225,5,Tech Enthusiasts
11226,6,Large Families
11229,6,Large Families
11230,6,Large Families
11231,3,Vegetarians
11232,7,Loyal Explorers
11233,6,Large Families
11234,2,Traditional Shoppers
11235,4,Promotion Hunters
11236,0,Value Seekers
11237,5,Tech Enthusiasts
11238,0,Value Seekers
11239,4,Promotion Hunters
11241,2,Traditional Shoppers
11242,6,Large Families
11243,6,Large Families
11244,4,Promotion Hunters
11245,1,Wellness
11247,5,Tech Enthusiasts
11248,6,Large Families
11249,5,Tech Enthusiasts
11251,1,Wellness
11252,2,Traditional Shoppers
11253,4,Promotion Hunters
11254,2,Traditional Shoppers
11255,7,Loyal Explorers
11256,1,Wellness
11258,2,Traditional Shoppers
11259,1,Wellness
11260,2,Traditional Shoppers
11261,2,Traditional Shoppers
11262,4,Promotion Hunters
11263,1,Wellness
11264,0,Value Seekers
11265,4,Promotion Hunters
11266,5,Tech Enthusiasts
11267,0,Value Seekers
11268,1,Wellness
11269,0,Value Seekers
11270,6,Large Families
11271,7,Loyal Explorers
11272,3,Vegetarians
11273,6,Large Families
11275,0,Value Seekers
11276,3,Vegetarians
11277,3,Vegetarians
11278,7,Loyal Explorers
11279,2,Traditional Shoppers
11280,7,Loyal Explorers
11281,3,Vegetarians
11282,6,Large Families
11283,1,Wellness
11284,0,Value Seekers
11285,6,Large Families
11287,2,Traditional Shoppers
11288,2,Traditional Shoppers
11289,2,Traditional Shoppers
11290,3,Vegetarians
11291,2,Traditional Shoppers
11292,7,Loyal Explorers
11293,1,Wellness
11294,0,Value Seekers
11295,0,Value Seekers
11296,2,Traditional Shoppers
11298,6,Large Families
11299,5,Tech Enthusiasts
11300,5,Tech Enthusiasts
11301,1,Wellness
11302,2,Traditional Shoppers
11303,5,Tech Enthusiasts
11304,5,Tech Enthusiasts
11306,7,Loyal Explorers
11307,0,Value Seekers
11308,3,Vegetarians
11309,5,Tech Enthusiasts
11310,4,Promotion Hunters
11311,4,Promotion Hunters
11312,5,Tech Enthusiasts
11313,2,Traditional Shoppers
11314,1,Wellness
11315,0,Value Seekers
11316,2,Traditional Shoppers
11318,2,Traditional Shoppers
11321,3,Vegetarians
11322,5,Tech Enthusiasts
11323,7,Loyal Explorers
11324,4,Promotion Hunters
11325,0,Value Seekers
11326,1,Wellness
11327,3,Vegetarians
11328,4,Promotion Hunters
11329,5,Tech Enthusiasts
11330,1,Wellness
11331,1,Wellness
11332,6,Large Families
11333,0,Value Seekers
11334,0,Value Seekers
11335,0,Value Seekers
11336,4,Promotion Hunters
11337,4,Promotion Hunters
11338,0,Value Seekers
11339,3,Vegetarians
11340,1,Wellness
11341,6,Large Families
11342,6,Large Families
11343,6,Large Families
11344,5,Tech Enthusiasts
11345,4,Promotion Hunters
11346,1,Wellness
11347,4,Promotion Hunters
11349,3,Vegetarians
11350,4,Promotion Hunters
11351,5,Tech Enthusiasts
11352,6,Large Families
11353,6,Large Families
11354,2,Traditional Shoppers
11355,1,Wellness
11356,0,Value Seekers
11360,7,Loyal Explorers
11361,5,Tech Enthusiasts
11362,3,Vegetarians
11363,1,Wellness
11364,5,Tech Enthusiasts
11365,7,Loyal Explorers
11366,0,Value Seekers
11367,6,Large Families
11369,3,Vegetarians
11370,0,Value Seekers
11373,7,Loyal Explorers
11374,5,Tech Enthusiasts
11375,4,Promotion Hunters
11376,6,Large Families
11377,3,Vegetarians
11378,7,Loyal Explorers
11379,7,Loyal Explorers
11380,5,Tech Enthusiasts
11381,3,Vegetarians
11382,2,Traditional Shoppers
11383,3,Vegetarians
11384,5,Tech Enthusiasts
11385,1,Wellness
11386,1,Wellness
11387,4,Promotion Hunters
11388,2,Traditional Shoppers
11390,1,Wellness
11391,2,Traditional Shoppers
11392,2,Traditional Shoppers
11393,6,Large Families
11394,2,Traditional Shoppers
11395,2,Traditional Shoppers
11396,6,Large Families
11398,4,Promotion Hunters
11399,0,Value Seekers
11400,6,Large Families
11401,6,Large Families
11403,7,Loyal Explorers
11404,2,Traditional Shoppers
11405,0,Value Seekers
11406,7,Loyal Explorers
11409,6,Large Families
11410,2,Traditional Shoppers
11411,5,Tech Enthusiasts
11412,7,Loyal Explorers
11413,0,Value Seekers
11414,2,Traditional Shoppers
11415,6,Large Families
11416,5,Tech Enthusiasts
11417,2,Traditional Shoppers
11418,0,Value Seekers
11419,5,Tech Enthusiasts
11420,5,Tech Enthusiasts
11421,1,Wellness
11422,7,Loyal Explorers
11424,5,Tech Enthusiasts
11425,6,Large Families
11426,1,Wellness
11427,0,Value Seekers
11428,3,Vegetarians
11429,3,Vegetarians
11430,2,Traditional Shoppers
11431,0,Value Seekers
11433,6,Large Families
11434,7,Loyal Explorers
11435,2,Traditional Shoppers
11437,2,Traditional Shoppers
11438,6,Large Families
11439,0,Value Seekers
11440,4,Promotion Hunters
11441,0,Value Seekers
11442,4,Promotion Hunters
11443,6,Large Families
11444,7,Loyal Explorers
11445,3,Vegetarians
11446,4,Promotion Hunters
11447,6,Large Families
11448,2,Traditional Shoppers
11449,6,Large Families
11450,2,Traditional Shoppers
11451,2,Traditional Shoppers
11452,4,Promotion Hunters
11453,4,Promotion Hunters
11454,7,Loyal Explorers
11456,0,Value Seekers
11457,1,Wellness
11458,4,Promotion Hunters
11460,5,Tech Enthusiasts
11461,5,Tech Enthusiasts
11462,3,Vegetarians
11463,6,Large Families
11464,2,Traditional Shoppers
11466,6,Large Families
11467,5,Tech Enthusiasts
11468,6,Large Families
11469,1,Wellness
11471,6,Large Families
11472,1,Wellness
11473,2,Traditional Shoppers
11474,5,Tech Enthusiasts
11476,6,Large Families
11478,4,Promotion Hunters
11479,3,Vegetarians
11480,1,Wellness
11481,2,Traditional Shoppers
11482,2,Traditional Shoppers
11483,3,Vegetarians
11484,0,Value Seekers
11485,7,Loyal Explorers
11486,3,Vegetarians
11488,0,Value Seekers
11489,7,Loyal Explorers
11490,3,Vegetarians
11491,6,Large Families
11493,1,Wellness
11494,2,Traditional Shoppers
11496,7,Loyal Explorers
11497,0,Value Seekers
11498,2,Traditional Shoppers
11499,4,Promotion Hunters
11500,1,Wellness
11501,5,Tech Enthusiasts
11502,0,Value Seekers
11503,6,Large Families
11504,0,Value Seekers
11505,1,Wellness
11506,6,Large Families
11509,3,Vegetarians
11511,1,Wellness
11512,2,Traditional Shoppers
11513,6,Large Families
11514,1,Wellness
11515,2,Traditional Shoppers
11516,1,Wellness
11517,2,Traditional Shoppers
11518,0,Value Seekers
11519,0,Value Seekers
11520,3,Vegetarians
11521,5,Tech Enthusiasts
11522,7,Loyal Explorers
11523,2,Traditional Shoppers
11524,7,Loyal Explorers
11525,4,Promotion Hunters
11526,5,Tech Enthusiasts
11527,6,Large Families
11529,1,Wellness
11531,0,Value Seekers
11532,6,Large Families
11533,3,Vegetarians
11534,1,Wellness
11536,5,Tech Enthusiasts
11537,2,Traditional Shoppers
11538,7,Loyal Explorers
11539,2,Traditional Shoppers
11540,5,Tech Enthusiasts
11541,1,Wellness
11542,6,Large Families
11544,6,Large Families
11545,6,Large Families
11546,1,Wellness
11547,3,Vegetarians
11548,6,Large Families
11549,1,Wellness
11550,2,Traditional Shoppers
11551,4,Promotion Hunters
11552,0,Value Seekers
11553,4,Promotion Hunters
11554,2,Traditional Shoppers
11556,5,Tech Enthusiasts
11557,5,Tech Enthusiasts
11558,5,Tech Enthusiasts
11559,6,Large Families
11560,0,Value Seekers
11561,1,Wellness
11562,2,Traditional Shoppers
11563,5,Tech Enthusiasts
11564,7,Loyal Explorers
11565,2,Traditional Shoppers
11566,1,Wellness
11567,2,Traditional Shoppers
11568,4,Promotion Hunters
11569,7,Loyal Explorers
11570,3,Vegetarians
11571,1,Wellness
11572,0,Value Seekers
11573,1,Wellness
11574,5,Tech Enthusiasts
11575,6,Large Families
11576,3,Vegetarians
11577,0,Value Seekers
11578,1,Wellness
11579,3,Vegetarians
11580,2,Traditional Shoppers
11582,2,Traditional Shoppers
11585,4,Promotion Hunters
11586,4,Promotion Hunters
11587,0,Value Seekers
11588,7,Loyal Explorers
11589,6,Large Families
11590,5,Tech Enthusiasts
11591,3,Vegetarians
11593,2,Traditional Shoppers
11594,3,Vegetarians
11595,6,Large Families
11596,6,Large Families
11597,7,Loyal Explorers
11598,7,Loyal Explorers
11599,7,Loyal Explorers
11601,4,Promotion Hunters
11603,6,Large Families
11604,3,Vegetarians
11605,3,Vegetarians
11606,4,Promotion Hunters
11607,0,Value Seekers
11609,5,Tech Enthusiasts
11610,2,Traditional Shoppers
11611,3,Vegetarians
11612,7,Loyal Explorers
11614,5,Tech Enthusiasts
11615,6,Large Families
11616,7,Loyal Explorers
11617,2,Traditional Shoppers
11621,0,Value Seekers
11622,2,Traditional Shoppers
11623,5,Tech Enthusiasts
11624,7,Loyal Explorers
11626,0,Value Seekers
11627,7,Loyal Explorers
11628,2,Traditional Shoppers
11629,3,Vegetarians
11631,2,Traditional Shoppers
11632,4,Promotion Hunters
11633,7,Loyal Explorers
11634,6,Large Families
11635,7,Loyal Explorers
11636,5,Tech Enthusiasts
11637,4,Promotion Hunters
11638,5,Tech Enthusiasts
11639,3,Vegetarians
11640,3,Vegetarians
11641,1,Wellness
11642,6,Large Families
11643,1,Wellness
11644,7,Loyal Explorers
11645,6,Large Families
11646,6,Large Families
11647,3,Vegetarians
11648,2,Traditional Shoppers
11649,0,Value Seekers
11650,6,Large Families
11651,7,Loyal Explorers
11652,3,Vegetarians
11653,5,Tech Enthusiasts
11654,5,Tech Enthusiasts
11655,2,Traditional Shoppers
11656,1,Wellness
11657,4,Promotion Hunters
11658,1,Wellness
11661,1,Wellness
11662,3,Vegetarians
11663,2,Traditional Shoppers
11664,1,Wellness
11665,2,Traditional Shoppers
11666,5,Tech Enthusiasts
11667,2,Traditional Shoppers
11669,7,Loyal Explorers
11671,0,Value Seekers
11672,7,Loyal Explorers
11673,4,Promotion Hunters
11674,4,Promotion Hunters
11676,6,Large Families
11677,3,Vegetarians
11678,4,Promotion Hunters
11679,2,Traditional Shoppers
11681,1,Wellness
11684,0,Value Seekers
11685,5,Tech Enthusiasts
11686,4,Promotion Hunters
11687,5,Tech Enthusiasts
11688,5,Tech Enthusiasts
11691,0,Value Seekers
11692,6,Large Families
11694,7,Loyal Explorers
11696,6,Large Families
11697,5,Tech Enthusiasts
11698,5,Tech Enthusiasts
11699,2,Traditional Shoppers
11700,7,Loyal Explorers
11701,6,Large Families
11702,1,Wellness
11704,2,Traditional Shoppers
11705,6,Large Families
11706,0,Value Seekers
11707,3,Vegetarians
11708,1,Wellness
11709,2,Traditional Shoppers
11710,7,Loyal Explorers
11712,5,Tech Enthusiasts
11713,1,Wellness
11714,4,Promotion Hunters
11715,3,Vegetarians
11716,2,Traditional Shoppers
11718,3,Vegetarians
11719,3,Vegetarians
11720,0,Value Seekers
11723,7,Loyal Explorers
11724,1,Wellness
11725,7,Loyal Explorers
11726,2,Traditional Shoppers
11728,0,Value Seekers
11729,7,Loyal Explorers
11730,3,Vegetarians
11731,4,Promotion Hunters
11732,5,Tech Enthusiasts
11733,0,Value Seekers
11734,7,Loyal Explorers
11735,7,Loyal Explorers
11736,6,Large Families
11737,5,Tech Enthusiasts
11738,6,Large Families
11739,7,Loyal Explorers
11740,5,Tech Enthusiasts
11741,4,Promotion Hunters
11743,6,Large Families
11744,7,Loyal Explorers
11745,3,Vegetarians
11746,1,Wellness
11747,3,Vegetarians
11748,7,Loyal Explorers
11749,0,Value Seekers
11751,1,Wellness
11752,6,Large Families
11755,4,Promotion Hunters
11756,2,Traditional Shoppers
11757,7,Loyal Explorers
11758,7,Loyal Explorers
11759,3,Vegetarians
11760,1,Wellness
11761,6,Large Families
11762,4,Promotion Hunters
11763,3,Vegetarians
11764,1,Wellness
11766,5,Tech Enthusiasts
11768,6,Large Families
11769,3,Vegetarians
11770,6,Large Families
11771,3,Vegetarians
11772,2,Traditional Shoppers
11773,6,Large Families
11775,0,Value Seekers
11776,5,Tech Enthusiasts
11778,6,Large Families
11779,0,Value Seekers
11780,6,Large Families
11782,7,Loyal Explorers
11783,7,Loyal Explorers
11785,1,Wellness
11786,7,Loyal Explorers
11787,1,Wellness
11788,5,Tech Enthusiasts
11789,4,Promotion Hunters
11791,0,Value Seekers
11792,4,Promotion Hunters
11793,2,Traditional Shoppers
11796,0,Value Seekers
11797,2,Traditional Shoppers
11798,7,Loyal Explorers
11799,3,Vegetarians
11800,5,Tech Enthusiasts
11801,5,Tech Enthusiasts
11802,1,Wellness
11803,2,Traditional Shoppers
11804,0,Value Seekers
11805,6,Large Families
11807,1,Wellness
11809,5,Tech Enthusiasts
11811,2,Traditional Shoppers
11812,2,Traditional Shoppers
11814,6,Large Families
11815,7,Loyal Explorers
11816,6,Large Families
11817,0,Value Seekers
11818,3,Vegetarians
11820,3,Vegetarians
11821,5,Tech Enthusiasts
11822,7,Loyal Explorers
11823,0,Value Seekers
11824,5,Tech Enthusiasts
11825,6,Large Families
11826,4,Promotion Hunters
11827,6,Large Families
11828,3,Vegetarians
11829,1,Wellness
11830,2,Traditional Shoppers
11832,3,Vegetarians
11833,1,Wellness
11835,5,Tech Enthusiasts
11836,0,Value Seekers
11837,0,Value Seekers
11838,3,Vegetarians
11839,7,Loyal Explorers
11840,5,Tech Enthusiasts
11841,7,Loyal Explorers
11843,0,Value Seekers
11844,2,Traditional Shoppers
11845,5,Tech Enthusiasts
11846,2,Traditional Shoppers
11847,4,Promotion Hunters
11848,4,Promotion Hunters
11849,3,Vegetarians
11851,6,Large Families
11852,2,Traditional Shoppers
11853,4,Promotion Hunters
11854,2,Traditional Shoppers
11855,6,Large Families
11856,6,Large Families
11857,2,Traditional Shoppers
11858,2,Traditional Shoppers
11859,0,Value Seekers
11860,2,Traditional Shoppers
11861,2,Traditional Shoppers
11862,7,Loyal Explorers
11864,1,Wellness
11865,6,Large Families
11867,2,Traditional Shoppers
11868,4,Promotion Hunters
11869,5,Tech Enthusiasts
11870,1,Wellness
11871,0,Value Seekers
11873,4,Promotion Hunters
11874,0,Value Seekers
11875,0,Value Seekers
11876,6,Large Families
11877,2,Traditional Shoppers
11879,3,Vegetarians
11880,2,Traditional Shoppers
11881,4,Promotion Hunters
11882,5,Tech Enthusiasts
11883,5,Tech Enthusiasts
11884,5,Tech Enthusiasts
11885,6,Large Families
11886,7,Loyal Explorers
11888,2,Traditional Shoppers
11889,7,Loyal Explorers
11890,7,Loyal Explorers
11891,6,Large Families
11892,0,Value Seekers
11893,7,Loyal Explorers
11894,2,Traditional Shoppers
11896,3,Vegetarians
11897,7,Loyal Explorers
11898,6,Large Families
11899,2,Traditional Shoppers
11901,4,Promotion Hunters
11902,3,Vegetarians
11903,6,Large Families
11904,7,Loyal Explorers
11905,5,Tech Enthusiasts
11906,4,Promotion Hunters
11907,2,Traditional Shoppers
11908,7,Loyal Explorers
11909,7,Loyal Explorers
11910,2,Traditional Shoppers
11912,2,Traditional Shoppers
11914,5,Tech Enthusiasts
11915,5,Tech Enthusiasts
11916,3,Vegetarians
11918,5,Tech Enthusiasts
11919,1,Wellness
11920,2,Traditional Shoppers
11921,0,Value Seekers
11922,2,Traditional Shoppers
11923,3,Vegetarians
11924,2,Traditional Shoppers
11925,4,Promotion Hunters
11926,3,Vegetarians
11927,3,Vegetarians
11928,1,Wellness
11929,2,Traditional Shoppers
11930,4,Promotion Hunters
11931,2,Traditional Shoppers
11932,0,Value Seekers
11933,2,Traditional Shoppers
11934,2,Traditional Shoppers
11935,4,Promotion Hunters
11936,4,Promotion Hunters
11938,0,Value Seekers
11939,2,Traditional Shoppers
11940,7,Loyal Explorers
11941,4,Promotion Hunters
11943,3,Vegetarians
11944,1,Wellness
11945,0,Value Seekers
11946,7,Loyal Explorers
11947,1,Wellness
11948,2,Traditional Shoppers
11950,7,Loyal Explorers
11951,0,Value Seekers
11952,2,Traditional Shoppers
11953,2,Traditional Shoppers
11955,1,Wellness
11957,2,Traditional Shoppers
11958,2,Traditional Shoppers
11959,2,Traditional Shoppers
11960,3,Vegetarians
11961,7,Loyal Explorers
11962,3,Vegetarians
11963,5,Tech Enthusiasts
11964,2,Traditional Shoppers
11965,4,Promotion Hunters
11966,3,Vegetarians
11967,6,Large Families
11968,5,Tech Enthusiasts
11969,6,Large Families
11970,1,Wellness
11972,0,Value Seekers
11973,6,Large Families
11974,7,Loyal Explorers
11975,7,Loyal Explorers
11976,2,Traditional Shoppers
11978,2,Traditional Shoppers
11980,6,Large Families
11981,5,Tech Enthusiasts
11982,0,Value Seekers
11983,6,Large Families
11985,7,Loyal Explorers
11986,2,Traditional Shoppers
11988,1,Wellness
11990,6,Large Families
11991,6,Large Families
11993,5,Tech Enthusiasts
11994,3,Vegetarians
11995,2,Traditional Shoppers
11996,7,Loyal Explorers
11997,6,Large Families
11998,6,Large Families
11999,3,Vegetarians
12000,2,Traditional Shoppers
12001,5,Tech Enthusiasts
12002,3,Vegetarians
12004,0,Value Seekers
12005,3,Vegetarians
12006,2,Traditional Shoppers
12007,2,Traditional Shoppers
12008,7,Loyal Explorers
12009,2,Traditional Shoppers
12010,6,Large Families
12011,6,Large Families
12013,1,Wellness
12015,2,Traditional Shoppers
12016,7,Loyal Explorers
12017,3,Vegetarians
12018,5,Tech Enthusiasts
12019,6,Large Families
12020,1,Wellness
12021,2,Traditional Shoppers
12023,2,Traditional Shoppers
12025,3,Vegetarians
12026,5,Tech Enthusiasts
12028,2,Traditional Shoppers
12029,1,Wellness
12030,6,Large Families
12031,2,Traditional Shoppers
12032,2,Traditional Shoppers
12033,7,Loyal Explorers
12034,2,Traditional Shoppers
12035,6,Large Families
12036,2,Traditional Shoppers
12037,7,Loyal Explorers
12039,1,Wellness
12040,0,Value Seekers
12041,2,Traditional Shoppers
12042,3,Vegetarians
12043,0,Value Seekers
12045,6,Large Families
12046,2,Traditional Shoppers
12047,6,Large Families
12048,6,Large Families
12049,6,Large Families
12050,2,Traditional Shoppers
12051,2,Traditional Shoppers
12052,3,Vegetarians
12053,6,Large Families
12056,3,Vegetarians
12057,0,Value Seekers
12059,5,Tech Enthusiasts
12060,6,Large Families
12061,1,Wellness
12062,4,Promotion Hunters
12063,2,Traditional Shoppers
12064,3,Vegetarians
12065,6,Large Families
12066,7,Loyal Explorers
12067,0,Value Seekers
12068,5,Tech Enthusiasts
12069,2,Traditional Shoppers
12071,1,Wellness
12073,1,Wellness
12074,2,Traditional Shoppers
12075,0,Value Seekers
12077,2,Traditional Shoppers
12078,2,Traditional Shoppers
12079,7,Loyal Explorers
12080,7,Loyal Explorers
12081,6,Large Families
12082,3,Vegetarians
12083,1,Wellness
12084,2,Traditional Shoppers
12085,1,Wellness
12086,1,Wellness
12087,2,Traditional Shoppers
12088,1,Wellness
12089,5,Tech Enthusiasts
12090,1,Wellness
12091,1,Wellness
12092,5,Tech Enthusiasts
12094,1,Wellness
12096,0,Value Seekers
12097,3,Vegetarians
12099,0,Value Seekers
12100,2,Traditional Shoppers
12101,3,Vegetarians
12102,1,Wellness
12103,1,Wellness
12104,7,Loyal Explorers
12106,6,Large Families
12107,1,Wellness
12109,2,Traditional Shoppers
12110,4,Promotion Hunters
12111,3,Vegetarians
12112,6,Large Families
12113,1,Wellness
12114,2,Traditional Shoppers
12115,2,Traditional Shoppers
12116,5,Tech Enthusiasts
12117,2,Traditional Shoppers
12118,3,Vegetarians
12119,2,Traditional Shoppers
12120,4,Promotion Hunters
12121,6,Large Families
12122,3,Vegetarians
12123,0,Value Seekers
12126,6,Large Families
12127,4,Promotion Hunters
12128,7,Loyal Explorers
12130,1,Wellness
12131,6,Large Families
12133,7,Loyal Explorers
12134,1,Wellness
12135,3,Vegetarians
12136,2,Traditional Shoppers
12138,3,Vegetarians
12140,4,Promotion Hunters
12142,2,Traditional Shoppers
12143,6,Large Families
12144,3,Vegetarians
12145,3,Vegetarians
12146,6,Large Families
12147,7,Loyal Explorers
12148,0,Value Seekers
12149,0,Value Seekers
12151,7,Loyal Explorers
12152,1,Wellness
12153,4,Promotion Hunters
12154,5,Tech Enthusiasts
12155,4,Promotion Hunters
12156,7,Loyal Explorers
12157,4,Promotion Hunters
12158,1,Wellness
12159,3,Vegetarians
12160,2,Traditional Shoppers
12161,1,Wellness
12162,5,Tech Enthusiasts
12163,1,Wellness
12166,2,Traditional Shoppers
12167,1,Wellness
12169,2,Traditional Shoppers
12170,6,Large Families
12172,2,Traditional Shoppers
12173,6,Large Families
12174,5,Tech Enthusiasts
12176,2,Traditional Shoppers
12177,1,Wellness
12178,2,Traditional Shoppers
12179,0,Value Seekers
12180,5,Tech Enthusiasts
12182,5,Tech Enthusiasts
12183,2,Traditional Shoppers
12186,6,Large Families
12187,6,Large Families
12188,1,Wellness
12189,6,Large Families
12191,5,Tech Enthusiasts
12192,2,Traditional Shoppers
12193,6,Large Families
12194,0,Value Seekers
12195,2,Traditional Shoppers
12196,3,Vegetarians
12198,4,Promotion Hunters
12199,4,Promotion Hunters
12201,4,Promotion Hunters
12202,1,Wellness
12203,0,Value Seekers
12204,5,Tech Enthusiasts
12205,7,Loyal Explorers
12206,3,Vegetarians
12209,5,Tech Enthusiasts
12210,1,Wellness
12211,7,Loyal Explorers
12213,7,Loyal Explorers
12215,4,Promotion Hunters
12216,6,Large Families
12218,2,Traditional Shoppers
12219,2,Traditional Shoppers
12220,3,Vegetarians
12221,7,Loyal Explorers
12222,7,Loyal Explorers
12223,3,Vegetarians
12224,2,Traditional Shoppers
12225,3,Vegetarians
12226,7,Loyal Explorers
12227,4,Promotion Hunters
12229,3,Vegetarians
12231,0,Value Seekers
12233,2,Traditional Shoppers
12234,5,Tech Enthusiasts
12237,4,Promotion Hunters
12238,4,Promotion Hunters
12239,3,Vegetarians
12240,0,Value Seekers
12241,6,Large Families
12242,2,Traditional Shoppers
12244,4,Promotion Hunters
12245,6,Large Families
12246,2,Traditional Shoppers
12247,3,Vegetarians
12248,3,Vegetarians
12249,5,Tech Enthusiasts
12250,7,Loyal Explorers
12251,2,Traditional Shoppers
12252,2,Traditional Shoppers
12253,7,Loyal Explorers
12254,5,Tech Enthusiasts
12255,0,Value Seekers
12256,6,Large Families
12257,4,Promotion Hunters
12259,6,Large Families
12260,3,Vegetarians
12261,1,Wellness
12262,6,Large Families
12263,4,Promotion Hunters
12264,4,Promotion Hunters
12267,6,Large Families
12269,4,Promotion Hunters
12270,2,Traditional Shoppers
12273,7,Loyal Explorers
12274,2,Traditional Shoppers
12275,2,Traditional Shoppers
12276,3,Vegetarians
12277,4,Promotion Hunters
12279,0,Value Seekers
12280,7,Loyal Explorers
12281,2,Traditional Shoppers
12282,4,Promotion Hunters
12283,6,Large Families
12285,3,Vegetarians
12286,4,Promotion Hunters
12288,6,Large Families
12290,5,Tech Enthusiasts
12292,3,Vegetarians
12293,0,Value Seekers
12294,7,Loyal Explorers
12295,4,Promotion Hunters
12296,6,Large Families
12297,6,Large Families
12298,2,Traditional Shoppers
12299,4,Promotion Hunters
12302,2,Traditional Shoppers
12303,7,Loyal Explorers
12304,2,Traditional Shoppers
12305,1,Wellness
12307,6,Large Families
12309,2,Traditional Shoppers
12310,2,Traditional Shoppers
12311,3,Vegetarians
12313,1,Wellness
12314,6,Large Families
12315,3,Vegetarians
12316,6,Large Families
12317,3,Vegetarians
12320,1,Wellness
12321,1,Wellness
12322,2,Traditional Shoppers
12323,0,Value Seekers
12324,2,Traditional Shoppers
12325,6,Large Families
12326,4,Promotion Hunters
12327,3,Vegetarians
12328,7,Loyal Explorers
12330,4,Promotion Hunters
12331,2,Traditional Shoppers
12332,1,Wellness
12333,0,Value Seekers
12336,6,Large Families
12337,6,Large Families
12339,7,Loyal Explorers
12340,1,Wellness
12342,7,Loyal Explorers
12343,2,Traditional Shoppers
12344,3,Vegetarians
12345,1,Wellness
12346,4,Promotion Hunters
12347,0,Value Seekers
12348,4,Promotion Hunters
12349,6,Large Families
12350,1,Wellness
12351,1,Wellness
12352,5,Tech Enthusiasts
12353,5,Tech Enthusiasts
12355,6,Large Families
12356,7,Loyal Explorers
12357,4,Promotion Hunters
12358,0,Value Seekers
12359,3,Vegetarians
12360,2,Traditional Shoppers
12361,6,Large Families
12362,5,Tech Enthusiasts
12363,2,Traditional Shoppers
12364,1,Wellness
12365,6,Large Families
12366,4,Promotion Hunters
12367,2,Traditional Shoppers
12368,5,Tech Enthusiasts
12371,4,Promotion Hunters
12372,0,Value Seekers
12375,0,Value Seekers
12378,2,Traditional Shoppers
12379,6,Large Families
12380,7,Loyal Explorers
12381,6,Large Families
12382,7,Loyal Explorers
12383,3,Vegetarians
12384,6,Large Families
12385,7,Loyal Explorers
12388,1,Wellness
12389,7,Loyal Explorers
12390,0,Value Seekers
12391,5,Tech Enthusiasts
12392,6,Large Families
12393,5,Tech Enthusiasts
12394,0,Value Seekers
12395,2,Traditional Shoppers
12396,2,Traditional Shoppers
12397,1,Wellness
12398,6,Large Families
12399,6,Large Families
12400,4,Promotion Hunters
12401,6,Large Families
12402,4,Promotion Hunters
12403,3,Vegetarians
12404,0,Value Seekers
12405,4,Promotion Hunters
12406,6,Large Families
12407,2,Traditional Shoppers
12408,4,Promotion Hunters
12409,6,Large Families
12410,6,Large Families
12411,0,Value Seekers
12412,3,Vegetarians
12413,5,Tech Enthusiasts
12414,2,Traditional Shoppers
12415,5,Tech Enthusiasts
12417,2,Traditional Shoppers
12418,2,Traditional Shoppers
12419,0,Value Seekers
12420,7,Loyal Explorers
12421,0,Value Seekers
12424,5,Tech Enthusiasts
12426,3,Vegetarians
12428,2,Traditional Shoppers
12429,7,Loyal Explorers
12432,2,Traditional Shoppers
12434,4,Promotion Hunters
12435,7,Loyal Explorers
12436,6,Large Families
12437,2,Traditional Shoppers
12438,3,Vegetarians
12439,6,Large Families
12440,3,Vegetarians
12441,1,Wellness
12442,7,Loyal Explorers
12443,2,Traditional Shoppers
12444,2,Traditional Shoppers
12446,3,Vegetarians
12447,5,Tech Enthusiasts
12448,4,Promotion Hunters
12450,7,Loyal Explorers
12451,6,Large Families
12452,3,Vegetarians
12453,6,Large Families
12454,1,Wellness
12455,1,Wellness
12456,1,Wellness
12457,2,Traditional Shoppers
12461,6,Large Families
12462,3,Vegetarians
12463,5,Tech Enthusiasts
12465,1,Wellness
12466,0,Value Seekers
12467,1,Wellness
12468,2,Traditional Shoppers
12470,7,Loyal Explorers
12471,2,Traditional Shoppers
12472,3,Vegetarians
12473,4,Promotion Hunters
12474,4,Promotion Hunters
12475,3,Vegetarians
12477,3,Vegetarians
12478,6,Large Families
12479,0,Value Seekers
12480,0,Value Seekers
12481,7,Loyal Explorers
12484,7,Loyal Explorers
12485,4,Promotion Hunters
12487,3,Vegetarians
12488,3,Vegetarians
12489,2,Traditional Shoppers
12490,6,Large Families
12491,2,Traditional Shoppers
12492,5,Tech Enthusiasts
12493,2,Traditional Shoppers
12495,5,Tech Enthusiasts
12496,2,Traditional Shoppers
12497,5,Tech Enthusiasts
12498,7,Loyal Explorers
12499,1,Wellness
12500,2,Traditional Shoppers
12502,2,Traditional Shoppers
12503,6,Large Families
12504,5,Tech Enthusiasts
12505,0,Value Seekers
12506,5,Tech Enthusiasts
12508,7,Loyal Explorers
12509,5,Tech Enthusiasts
12510,2,Traditional Shoppers
12511,2,Traditional Shoppers
12513,5,Tech Enthusiasts
12514,6,Large Families
12515,4,Promotion Hunters
12516,2,Traditional Shoppers
12517,4,Promotion Hunters
12519,3,Vegetarians
12520,2,Traditional Shoppers
12524,6,Large Families
12526,4,Promotion Hunters
12530,2,Traditional Shoppers
12531,2,Traditional Shoppers
12532,6,Large Families
12535,6,Large Families
12537,7,Loyal Explorers
12538,2,Traditional Shoppers
12539,2,Traditional Shoppers
12540,2,Traditional Shoppers
12541,2,Traditional Shoppers
12542,3,Vegetarians
12543,1,Wellness
12544,2,Traditional Shoppers
12545,0,Value Seekers
12546,3,Vegetarians
12547,2,Traditional Shoppers
12548,1,Wellness
12549,7,Loyal Explorers
12550,5,Tech Enthusiasts
12552,3,Vegetarians
12554,4,Promotion Hunters
12555,3,Vegetarians
12556,7,Loyal Explorers
12557,4,Promotion Hunters
12560,3,Vegetarians
12561,1,Wellness
12562,7,Loyal Explorers
12563,0,Value Seekers
12564,0,Value Seekers
12565,3,Vegetarians
12566,5,Tech Enthusiasts
12568,1,Wellness
12569,5,Tech Enthusiasts
12570,0,Value Seekers
12572,6,Large Families
12573,2,Traditional Shoppers
12574,5,Tech Enthusiasts
12575,3,Vegetarians
12576,2,Traditional Shoppers
12577,0,Value Seekers
12578,7,Loyal Explorers
12579,7,Loyal Explorers
12580,1,Wellness
12582,1,Wellness
12583,1,Wellness
12584,6,Large Families
12585,3,Vegetarians
12586,0,Value Seekers
12587,2,Traditional Shoppers
12588,0,Value Seekers
12589,6,Large Families
12590,2,Traditional Shoppers
12591,5,Tech Enthusiasts
12592,6,Large Families
12593,0,Value Seekers
12594,3,Vegetarians
12595,6,Large Families
12596,0,Value Seekers
12597,5,Tech Enthusiasts
12598,2,Traditional Shoppers
12600,2,Traditional Shoppers
12602,1,Wellness
12603,6,Large Families
12605,0,Value Seekers
12606,0,Value Seekers
12607,2,Traditional Shoppers
12608,6,Large Families
12609,6,Large Families
12610,7,Loyal Explorers
12611,1,Wellness
12612,2,Traditional Shoppers
12614,6,Large Families
12615,1,Wellness
12616,2,Traditional Shoppers
12617,7,Loyal Explorers
12618,5,Tech Enthusiasts
12619,0,Value Seekers
12620,2,Traditional Shoppers
12621,5,Tech Enthusiasts
12623,1,Wellness
12624,5,Tech Enthusiasts
12625,5,Tech Enthusiasts
12626,7,Loyal Explorers
12627,6,Large Families
12628,4,Promotion Hunters
12629,2,Traditional Shoppers
12631,2,Traditional Shoppers
12632,7,Loyal Explorers
12633,5,Tech Enthusiasts
12634,6,Large Families
12635,4,Promotion Hunters
12636,2,Traditional Shoppers
12638,2,Traditional Shoppers
12639,3,Vegetarians
12640,4,Promotion Hunters
12642,3,Vegetarians
12644,5,Tech Enthusiasts
12645,7,Loyal Explorers
12646,2,Traditional Shoppers
12647,1,Wellness
12648,2,Traditional Shoppers
12649,7,Loyal Explorers
12650,6,Large Families
12652,4,Promotion Hunters
12653,0,Value Seekers
12654,3,Vegetarians
12655,5,Tech Enthusiasts
12656,4,Promotion Hunters
12657,2,Traditional Shoppers
12659,5,Tech Enthusiasts
12660,6,Large Families
12661,7,Loyal Explorers
12663,0,Value Seekers
12664,0,Value Seekers
12665,4,Promotion Hunters
12666,3,Vegetarians
12667,6,Large Families
12668,0,Value Seekers
12670,2,Traditional Shoppers
12671,3,Vegetarians
12672,2,Traditional Shoppers
12673,7,Loyal Explorers
12674,1,Wellness
12675,6,Large Families
12677,2,Traditional Shoppers
12678,5,Tech Enthusiasts
12679,5,Tech Enthusiasts
12681,6,Large Families
12684,1,Wellness
12685,2,Traditional Shoppers
12686,3,Vegetarians
12687,5,Tech Enthusiasts
12689,0,Value Seekers
12691,1,Wellness
12692,7,Loyal Explorers
12693,0,Value Seekers
12694,2,Traditional Shoppers
12695,1,Wellness
12696,7,Loyal Explorers
12698,4,Promotion Hunters
12700,5,Tech Enthusiasts
12701,4,Promotion Hunters
12702,4,Promotion Hunters
12703,6,Large Families
12704,2,Traditional Shoppers
12705,2,Traditional Shoppers
12706,0,Value Seekers
12707,7,Loyal Explorers
12709,6,Large Families
12710,2,Traditional Shoppers
12711,2,Traditional Shoppers
12712,7,Loyal Explorers
12713,2,Traditional Shoppers
12714,5,Tech Enthusiasts
12715,2,Traditional Shoppers
12717,5,Tech Enthusiasts
12720,4,Promotion Hunters
12721,2,Traditional Shoppers
12722,6,Large Families
12724,3,Vegetarians
12725,6,Large Families
12726,3,Vegetarians
12727,2,Traditional Shoppers
12728,5,Tech Enthusiasts
12729,5,Tech Enthusiasts
12730,5,Tech Enthusiasts
12731,3,Vegetarians
12732,6,Large Families
12733,6,Large Families
12734,3,Vegetarians
12738,7,Loyal Explorers
12739,7,Loyal Explorers
12740,4,Promotion Hunters
12742,6,Large Families
12745,1,Wellness
12746,6,Large Families
12747,2,Traditional Shoppers
12748,0,Value Seekers
12749,2,Traditional Shoppers
12750,1,Wellness
12751,7,Loyal Explorers
12752,4,Promotion Hunters
12754,5,Tech Enthusiasts
12756,6,Large Families
12757,7,Loyal Explorers
12758,1,Wellness
12760,4,Promotion Hunters
12761,3,Vegetarians
12763,1,Wellness
12764,4,Promotion Hunters
12765,2,Traditional Shoppers
12766,2,Traditional Shoppers
12767,6,Large Families
12768,3,Vegetarians
12769,0,Value Seekers
12770,2,Traditional Shoppers
12771,4,Promotion Hunters
12772,0,Value Seekers
12773,2,Traditional Shoppers
12774,7,Loyal Explorers
12775,4,Promotion Hunters
12776,1,Wellness
12778,2,Traditional Shoppers
12779,2,Traditional Shoppers
12781,5,Tech Enthusiasts
12782,3,Vegetarians
12783,6,Large Families
12784,4,Promotion Hunters
12785,7,Loyal Explorers
12786,3,Vegetarians
12787,1,Wellness
12788,2,Traditional Shoppers
12789,2,Traditional Shoppers
12790,2,Traditional Shoppers
12791,2,Traditional Shoppers
12792,4,Promotion Hunters
12793,5,Tech Enthusiasts
12794,4,Promotion Hunters
12795,6,Large Families
12796,1,Wellness
12797,4,Promotion Hunters
12798,0,Value Seekers
12799,6,Large Families
12800,3,Vegetarians
12801,6,Large Families
12803,5,Tech Enthusiasts
12804,6,Large Families
12805,6,Large Families
12806,7,Loyal Explorers
12808,3,Vegetarians
12809,2,Traditional Shoppers
12810,0,Value Seekers
12811,2,Traditional Shoppers
12813,5,Tech Enthusiasts
12814,4,Promotion Hunters
12815,2,Traditional Shoppers
12817,6,Large Families
12818,3,Vegetarians
12819,1,Wellness
12820,4,Promotion Hunters
12821,0,Value Seekers
12823,1,Wellness
12824,7,Loyal Explorers
12825,6,Large Families
12826,2,Traditional Shoppers
12827,6,Large Families
12828,3,Vegetarians
12829,3,Vegetarians
12831,4,Promotion Hunters
12832,2,Traditional Shoppers
12833,2,Traditional Shoppers
12834,6,Large Families
12835,2,Traditional Shoppers
12836,6,Large Families
12838,0,Value Seekers
12839,5,Tech Enthusiasts
12840,4,Promotion Hunters
12842,2,Traditional Shoppers
12843,2,Traditional Shoppers
12844,0,Value Seekers
12845,5,Tech Enthusiasts
12846,2,Traditional Shoppers
12847,6,Large Families
12848,6,Large Families
12849,6,Large Families
12850,1,Wellness
12851,7,Loyal Explorers
12853,7,Loyal Explorers
12854,4,Promotion Hunters
12856,4,Promotion Hunters
12857,2,Traditional Shoppers
12858,3,Vegetarians
12859,3,Vegetarians
12860,6,Large Families
12861,3,Vegetarians
12862,4,Promotion Hunters
12863,2,Traditional Shoppers
12864,2,Traditional Shoppers
12865,2,Traditional Shoppers
12866,6,Large Families
12867,5,Tech Enthusiasts
12868,7,Loyal Explorers
12869,6,Large Families
12871,3,Vegetarians
12872,2,Traditional Shoppers
12874,6,Large Families
12876,2,Traditional Shoppers
12877,1,Wellness
12879,1,Wellness
12880,5,Tech Enthusiasts
12884,4,Promotion Hunters
12885,5,Tech Enthusiasts
12886,1,Wellness
12888,6,Large Families
12889,2,Traditional Shoppers
12890,2,Traditional Shoppers
12891,4,Promotion Hunters
12892,1,Wellness
12893,4,Promotion Hunters
12895,2,Traditional Shoppers
12898,0,Value Seekers
12899,3,Vegetarians
12902,6,Large Families
12903,4,Promotion Hunters
12904,3,Vegetarians
12905,0,Value Seekers
12906,6,Large Families
12907,3,Vegetarians
12908,1,Wellness
12912,6,Large Families
12914,6,Large Families
12915,0,Value Seekers
12916,2,Traditional Shoppers
12917,7,Loyal Explorers
12918,7,Loyal Explorers
12919,5,Tech Enthusiasts
12920,3,Vegetarians
12921,3,Vegetarians
12924,3,Vegetarians
12925,4,Promotion Hunters
12926,2,Traditional Shoppers
12927,2,Traditional Shoppers
12928,1,Wellness
12930,7,Loyal Explorers
12931,1,Wellness
12932,5,Tech Enthusiasts
12934,0,Value Seekers
12935,5,Tech Enthusiasts
12936,1,Wellness
12938,1,Wellness
12940,5,Tech Enthusiasts
12941,6,Large Families
12943,4,Promotion Hunters
12944,7,Loyal Explorers
12945,2,Traditional Shoppers
12946,2,Traditional Shoppers
12947,7,Loyal Explorers
12948,6,Large Families
12949,5,Tech Enthusiasts
12950,5,Tech Enthusiasts
12951,3,Vegetarians
12952,5,Tech Enthusiasts
12954,0,Value Seekers
12955,6,Large Families
12956,0,Value Seekers
12957,7,Loyal Explorers
12959,5,Tech Enthusiasts
12960,6,Large Families
12961,2,Traditional Shoppers
12962,3,Vegetarians
12964,2,Traditional Shoppers
12965,6,Large Families
12966,2,Traditional Shoppers
12967,0,Value Seekers
12968,7,Loyal Explorers
12969,6,Large Families
12970,6,Large Families
12971,4,Promotion Hunters
12972,3,Vegetarians
12973,2,Traditional Shoppers
12974,3,Vegetarians
12976,5,Tech Enthusiasts
12977,2,Traditional Shoppers
12982,1,Wellness
12983,6,Large Families
12984,6,Large Families
12985,5,Tech Enthusiasts
12987,7,Loyal Explorers
12989,0,Value Seekers
12990,5,Tech Enthusiasts
12991,2,Traditional Shoppers
12992,0,Value Seekers
12993,7,Loyal Explorers
12994,2,Traditional Shoppers
12995,7,Loyal Explorers
12997,1,Wellness
12998,2,Traditional Shoppers
12999,6,Large Families
13000,5,Tech Enthusiasts
13001,1,Wellness
13002,3,Vegetarians
13003,3,Vegetarians
13004,2,Traditional Shoppers
13005,5,Tech Enthusiasts
13006,6,Large Families
13007,7,Loyal Explorers
13008,7,Loyal Explorers
13010,0,Value Seekers
13011,1,Wellness
13012,2,Traditional Shoppers
13014,1,Wellness
13017,5,Tech Enthusiasts
13018,1,Wellness
13020,2,Traditional Shoppers
13022,5,Tech Enthusiasts
13023,4,Promotion Hunters
13025,4,Promotion Hunters
13026,2,Traditional Shoppers
13027,6,Large Families
13028,0,Value Seekers
13029,1,Wellness
13030,6,Large Families
13032,2,Traditional Shoppers
13033,4,Promotion Hunters
13034,1,Wellness
13036,3,Vegetarians
13037,0,Value Seekers
13038,1,Wellness
13040,3,Vegetarians
13041,1,Wellness
13042,1,Wellness
13043,5,Tech Enthusiasts
13044,3,Vegetarians
13045,4,Promotion Hunters
13046,2,Traditional Shoppers
13047,6,Large Families
13048,5,Tech Enthusiasts
13049,1,Wellness
13051,3,Vegetarians
13052,3,Vegetarians
13054,3,Vegetarians
13055,2,Traditional Shoppers
13057,2,Traditional Shoppers
13058,4,Promotion Hunters
13059,4,Promotion Hunters
13060,6,Large Families
13061,6,Large Families
13062,2,Traditional Shoppers
13063,3,Vegetarians
13064,1,Wellness
13065,3,Vegetarians
13066,2,Traditional Shoppers
13067,3,Vegetarians
13068,4,Promotion Hunters
13069,2,Traditional Shoppers
13070,7,Loyal Explorers
13071,7,Loyal Explorers
13072,2,Traditional Shoppers
13073,2,Traditional Shoppers
13074,1,Wellness
13075,0,Value Seekers
13076,1,Wellness
13077,6,Large Families
13078,6,Large Families
13079,6,Large Families
13080,6,Large Families
13081,3,Vegetarians
13082,3,Vegetarians
13083,6,Large Families
13084,7,Loyal Explorers
13085,5,Tech Enthusiasts
13086,6,Large Families
13087,6,Large Families
13089,1,Wellness
13090,6,Large Families
13091,5,Tech Enthusiasts
13093,2,Traditional Shoppers
13094,6,Large Families
13095,7,Loyal Explorers
13096,7,Loyal Explorers
13097,7,Loyal Explorers
13098,1,Wellness
13100,0,Value Seekers
13101,7,Loyal Explorers
13102,0,Value Seekers
13103,6,Large Families
13104,6,Large Families
13105,0,Value Seekers
13106,0,Value Seekers
13107,3,Vegetarians
13108,4,Promotion Hunters
13109,0,Value Seekers
13110,6,Large Families
13111,2,Traditional Shoppers
13112,5,Tech Enthusiasts
13114,0,Value Seekers
13115,3,Vegetarians
13116,5,Tech Enthusiasts
13117,0,Value Seekers
13118,4,Promotion Hunters
13119,6,Large Families
13120,6,Large Families
13122,2,Traditional Shoppers
13123,6,Large Families
13124,3,Vegetarians
13125,3,Vegetarians
13126,7,Loyal Explorers
13127,2,Traditional Shoppers
13128,5,Tech Enthusiasts
13129,7,Loyal Explorers
13130,5,Tech Enthusiasts
13131,5,Tech Enthusiasts
13132,6,Large Families
13133,2,Traditional Shoppers
13134,5,Tech Enthusiasts
13135,1,Wellness
13136,3,Vegetarians
13137,5,Tech Enthusiasts
13138,2,Traditional Shoppers
13139,6,Large Families
13140,4,Promotion Hunters
13141,2,Traditional Shoppers
13143,2,Traditional Shoppers
13144,6,Large Families
13145,3,Vegetarians
13146,1,Wellness
13147,5,Tech Enthusiasts
13149,4,Promotion Hunters
13150,2,Traditional Shoppers
13151,1,Wellness
13152,1,Wellness
13153,7,Loyal Explorers
13154,6,Large Families
13156,3,Vegetarians
13157,4,Promotion Hunters
13158,3,Vegetarians
13159,0,Value Seekers
13161,4,Promotion Hunters
13162,5,Tech Enthusiasts
13163,0,Value Seekers
13165,6,Large Families
13166,2,Traditional Shoppers
13167,7,Loyal Explorers
13168,5,Tech Enthusiasts
13169,3,Vegetarians
13172,1,Wellness
13173,2,Traditional Shoppers
13174,1,Wellness
13175,6,Large Families
13176,4,Promotion Hunters
13177,7,Loyal Explorers
13178,1,Wellness
13180,6,Large Families
13181,6,Large Families
13183,2,Traditional Shoppers
13184,6,Large Families
13185,4,Promotion Hunters
13186,0,Value Seekers
13187,1,Wellness
13188,6,Large Families
13189,3,Vegetarians
13190,2,Traditional Shoppers
13191,6,Large Families
13192,2,Traditional Shoppers
13194,0,Value Seekers
13195,5,Tech Enthusiasts
13196,5,Tech Enthusiasts
13197,2,Traditional Shoppers
13198,5,Tech Enthusiasts
13199,5,Tech Enthusiasts
13201,3,Vegetarians
13202,1,Wellness
13203,3,Vegetarians
13204,4,Promotion Hunters
13205,3,Vegetarians
13208,5,Tech Enthusiasts
13209,4,Promotion Hunters
13210,3,Vegetarians
13211,7,Loyal Explorers
13212,5,Tech Enthusiasts
13213,6,Large Families
13214,4,Promotion Hunters
13215,7,Loyal Explorers
13217,1,Wellness
13219,2,Traditional Shoppers
13220,1,Wellness
13222,6,Large Families
13224,6,Large Families
13225,1,Wellness
13226,0,Value Seekers
13227,5,Tech Enthusiasts
13229,6,Large Families
13230,6,Large Families
13231,3,Vegetarians
13232,1,Wellness
13233,5,Tech Enthusiasts
13234,1,Wellness
13235,1,Wellness
13236,5,Tech Enthusiasts
13239,6,Large Families
13240,6,Large Families
13241,4,Promotion Hunters
13242,5,Tech Enthusiasts
13244,2,Traditional Shoppers
13245,1,Wellness
13246,4,Promotion Hunters
13247,5,Tech Enthusiasts
13248,0,Value Seekers
13249,2,Traditional Shoppers
13250,3,Vegetarians
13252,5,Tech Enthusiasts
13253,4,Promotion Hunters
13254,0,Value Seekers
13255,7,Loyal Explorers
13256,0,Value Seekers
13257,1,Wellness
13258,0,Value Seekers
13259,1,Wellness
13260,6,Large Families
13262,2,Traditional Shoppers
13263,4,Promotion Hunters
13264,1,Wellness
13265,4,Promotion Hunters
13266,3,Vegetarians
13268,4,Promotion Hunters
13269,4,Promotion Hunters
13270,2,Traditional Shoppers
13271,3,Vegetarians
13272,3,Vegetarians
13273,1,Wellness
13274,6,Large Families
13276,4,Promotion Hunters
13277,3,Vegetarians
13279,7,Loyal Explorers
13280,2,Traditional Shoppers
13283,1,Wellness
13284,0,Value Seekers
13285,3,Vegetarians
13286,5,Tech Enthusiasts
13287,0,Value Seekers
13288,2,Traditional Shoppers
13289,3,Vegetarians
13290,3,Vegetarians
13292,1,Wellness
13293,3,Vegetarians
13294,6,Large Families
13295,3,Vegetarians
13296,7,Loyal Explorers
13297,3,Vegetarians
13298,2,Traditional Shoppers
13299,2,Traditional Shoppers
13300,2,Traditional Shoppers
13301,2,Traditional Shoppers
13302,5,Tech Enthusiasts
13303,6,Large Families
13304,3,Vegetarians
13305,5,Tech Enthusiasts
13307,2,Traditional Shoppers
13308,0,Value Seekers
13309,1,Wellness
13310,0,Value Seekers
13313,1,Wellness
13314,1,Wellness
13315,2,Traditional Shoppers
13316,1,Wellness
13318,1,Wellness
13320,4,Promotion Hunters
13321,3,Vegetarians
13323,2,Traditional Shoppers
13324,5,Tech Enthusiasts
13325,6,Large Families
13326,2,Traditional Shoppers
13327,1,Wellness
13328,0,Value Seekers
13329,5,Tech Enthusiasts
13330,1,Wellness
13332,4,Promotion Hunters
13333,1,Wellness
13334,2,Traditional Shoppers
13335,5,Tech Enthusiasts
13336,3,Vegetarians
13337,1,Wellness
13338,1,Wellness
13340,3,Vegetarians
13341,7,Loyal Explorers
13342,3,Vegetarians
13343,0,Value Seekers
13344,1,Wellness
13346,6,Large Families
13347,3,Vegetarians
13348,3,Vegetarians
13349,6,Large Families
13350,0,Value Seekers
13352,2,Traditional Shoppers
13353,6,Large Families
13354,5,Tech Enthusiasts
13357,1,Wellness
13358,3,Vegetarians
13360,1,Wellness
13361,2,Traditional Shoppers
13362,5,Tech Enthusiasts
13364,7,Loyal Explorers
13365,3,Vegetarians
13366,4,Promotion Hunters
13367,1,Wellness
13368,2,Traditional Shoppers
13369,4,Promotion Hunters
13370,7,Loyal Explorers
13371,7,Loyal Explorers
13372,6,Large Families
13373,1,Wellness
13374,1,Wellness
13375,6,Large Families
13377,7,Loyal Explorers
13378,2,Traditional Shoppers
13379,4,Promotion Hunters
13380,6,Large Families
13381,7,Loyal Explorers
13384,3,Vegetarians
13385,6,Large Families
13386,1,Wellness
13387,4,Promotion Hunters
13388,4,Promotion Hunters
13389,5,Tech Enthusiasts
13390,6,Large Families
13391,0,Value Seekers
13392,3,Vegetarians
13393,6,Large Families
13394,6,Large Families
13395,6,Large Families
13396,6,Large Families
13397,6,Large Families
13398,6,Large Families
13399,7,Loyal Explorers
13401,7,Loyal Explorers
13403,2,Traditional Shoppers
13404,4,Promotion Hunters
13405,3,Vegetarians
13406,2,Traditional Shoppers
13408,1,Wellness
13410,6,Large Families
13412,1,Wellness
13413,3,Vegetarians
13414,1,Wellness
13415,4,Promotion Hunters
13416,5,Tech Enthusiasts
13417,6,Large Families
13418,2,Traditional Shoppers
13419,5,Tech Enthusiasts
13420,3,Vegetarians
13421,3,Vegetarians
13422,2,Traditional Shoppers
13424,4,Promotion Hunters
13425,4,Promotion Hunters
13426,2,Traditional Shoppers
13427,2,Traditional Shoppers
13428,6,Large Families
13429,6,Large Families
13430,6,Large Families
13431,5,Tech Enthusiasts
13433,7,Loyal Explorers
13434,1,Wellness
13436,4,Promotion Hunters
13437,0,Value Seekers
13438,4,Promotion Hunters
13439,3,Vegetarians
13440,0,Value Seekers
13441,4,Promotion Hunters
13442,0,Value Seekers
13443,3,Vegetarians
13444,6,Large Families
13445,7,Loyal Explorers
13446,6,Large Families
13447,6,Large Families
13448,4,Promotion Hunters
13449,0,Value Seekers
13450,7,Loyal Explorers
13451,3,Vegetarians
13453,3,Vegetarians
13455,4,Promotion Hunters
13456,6,Large Families
13457,4,Promotion Hunters
13458,4,Promotion Hunters
13461,4,Promotion Hunters
13462,3,Vegetarians
13463,0,Value Seekers
13464,1,Wellness
13465,2,Traditional Shoppers
13467,4,Promotion Hunters
13468,6,Large Families
13469,6,Large Families
13470,4,Promotion Hunters
13471,6,Large Families
13472,0,Value Seekers
13473,6,Large Families
13474,1,Wellness
13476,5,Tech Enthusiasts
13477,6,Large Families
13479,6,Large Families
13480,3,Vegetarians
13481,2,Traditional Shoppers
13482,2,Traditional Shoppers
13483,3,Vegetarians
13484,2,Traditional Shoppers
13485,6,Large Families
13486,0,Value Seekers
13487,0,Value Seekers
13488,7,Loyal Explorers
13489,2,Traditional Shoppers
13490,7,Loyal Explorers
13493,2,Traditional Shoppers
13495,2,Traditional Shoppers
13496,4,Promotion Hunters
13497,4,Promotion Hunters
13498,1,Wellness
13499,6,Large Families
13500,1,Wellness
13501,3,Vegetarians
13502,3,Vegetarians
13503,2,Traditional Shoppers
13505,2,Traditional Shoppers
13506,6,Large Families
13509,1,Wellness
13510,3,Vegetarians
13513,7,Loyal Explorers
13514,6,Large Families
13515,3,Vegetarians
13516,1,Wellness
13518,6,Large Families
13519,3,Vegetarians
13521,0,Value Seekers
13522,6,Large Families
13523,0,Value Seekers
13524,4,Promotion Hunters
13525,7,Loyal Explorers
13526,5,Tech Enthusiasts
13527,0,Value Seekers
13528,2,Traditional Shoppers
13529,2,Traditional Shoppers
13530,4,Promotion Hunters
13531,4,Promotion Hunters
13533,2,Traditional Shoppers
13534,0,Value Seekers
13535,2,Traditional Shoppers
13536,5,Tech Enthusiasts
13537,1,Wellness
13538,2,Traditional Shoppers
13539,3,Vegetarians
13540,1,Wellness
13541,2,Traditional Shoppers
13544,7,Loyal Explorers
13545,5,Tech Enthusiasts
13546,7,Loyal Explorers
13547,5,Tech Enthusiasts
13548,1,Wellness
13549,5,Tech Enthusiasts
13550,6,Large Families
13552,6,Large Families
13553,0,Value Seekers
13554,4,Promotion Hunters
13556,4,Promotion Hunters
13557,5,Tech Enthusiasts
13558,2,Traditional Shoppers
13559,1,Wellness
13560,1,Wellness
13561,6,Large Families
13562,5,Tech Enthusiasts
13563,0,Value Seekers
13564,2,Traditional Shoppers
13565,0,Value Seekers
13568,6,Large Families
13569,6,Large Families
13570,3,Vegetarians
13571,4,Promotion Hunters
13573,5,Tech Enthusiasts
13574,0,Value Seekers
13575,6,Large Families
13576,6,Large Families
13579,2,Traditional Shoppers
13580,2,Traditional Shoppers
13582,4,Promotion Hunters
13583,3,Vegetarians
13584,1,Wellness
13585,0,Value Seekers
13586,4,Promotion Hunters
13587,6,Large Families
13588,0,Value Seekers
13590,3,Vegetarians
13592,5,Tech Enthusiasts
13593,1,Wellness
13594,5,Tech Enthusiasts
13596,3,Vegetarians
13597,7,Loyal Explorers
13599,4,Promotion Hunters
13600,1,Wellness
13601,6,Large Families
13602,6,Large Families
13603,2,Traditional Shoppers
13604,5,Tech Enthusiasts
13605,2,Traditional Shoppers
13606,2,Traditional Shoppers
13607,4,Promotion Hunters
13609,6,Large Families
13610,3,Vegetarians
13611,3,Vegetarians
13612,5,Tech Enthusiasts
13614,1,Wellness
13615,3,Vegetarians
13616,5,Tech Enthusiasts
13618,3,Vegetarians
13620,2,Traditional Shoppers
13621,3,Vegetarians
13623,1,Wellness
13625,3,Vegetarians
13626,3,Vegetarians
13627,5,Tech Enthusiasts
13628,3,Vegetarians
13629,6,Large Families
13630,1,Wellness
13631,2,Traditional Shoppers
13632,6,Large Families
13633,0,Value Seekers
13634,6,Large Families
13635,1,Wellness
13636,0,Value Seekers
13638,6,Large Families
13640,3,Vegetarians
13641,2,Traditional Shoppers
13642,6,Large Families
13643,5,Tech Enthusiasts
13644,5,Tech Enthusiasts
13645,3,Vegetarians
13647,1,Wellness
13648,0,Value Seekers
13649,0,Value Seekers
13650,0,Value Seekers
13651,0,Value Seekers
13652,2,Traditional Shoppers
13654,6,Large Families
13655,5,Tech Enthusiasts
13656,1,Wellness
13658,2,Traditional Shoppers
13659,2,Traditional Shoppers
13660,0,Value Seekers
13661,7,Loyal Explorers
13662,7,Loyal Explorers
13663,2,Traditional Shoppers
13664,4,Promotion Hunters
13665,7,Loyal Explorers
13666,6,Large Families
13668,7,Loyal Explorers
13669,4,Promotion Hunters
13671,0,Value Seekers
13672,1,Wellness
13673,5,Tech Enthusiasts
13674,4,Promotion Hunters
13675,7,Loyal Explorers
13676,2,Traditional Shoppers
13677,5,Tech Enthusiasts
13679,1,Wellness
13680,2,Traditional Shoppers
13681,2,Traditional Shoppers
13682,1,Wellness
13683,2,Traditional Shoppers
13686,5,Tech Enthusiasts
13687,7,Loyal Explorers
13688,5,Tech Enthusiasts
13689,1,Wellness
13690,2,Traditional Shoppers
13691,2,Traditional Shoppers
13692,4,Promotion Hunters
13693,2,Traditional Shoppers
13694,4,Promotion Hunters
13695,4,Promotion Hunters
13696,3,Vegetarians
13697,6,Large Families
13698,3,Vegetarians
13699,1,Wellness
13700,6,Large Families
13701,0,Value Seekers
13703,1,Wellness
13704,1,Wellness
13705,0,Value Seekers
13706,2,Traditional Shoppers
13708,3,Vegetarians
13709,2,Traditional Shoppers
13710,2,Traditional Shoppers
13711,3,Vegetarians
13713,6,Large Families
13714,2,Traditional Shoppers
13715,2,Traditional Shoppers
13716,2,Traditional Shoppers
13717,3,Vegetarians
13720,3,Vegetarians
13721,7,Loyal Explorers
13723,2,Traditional Shoppers
13724,2,Traditional Shoppers
13725,4,Promotion Hunters
13726,4,Promotion Hunters
13727,2,Traditional Shoppers
13729,3,Vegetarians
13730,2,Traditional Shoppers
13731,7,Loyal Explorers
13732,4,Promotion Hunters
13733,7,Loyal Explorers
13734,3,Vegetarians
13735,2,Traditional Shoppers
13736,7,Loyal Explorers
13737,1,Wellness
13738,4,Promotion Hunters
13739,0,Value Seekers
13740,4,Promotion Hunters
13741,3,Vegetarians
13742,6,Large Families
13743,5,Tech Enthusiasts
13744,2,Traditional Shoppers
13745,5,Tech Enthusiasts
13746,7,Loyal Explorers
13747,2,Traditional Shoppers
13750,3,Vegetarians
13752,1,Wellness
13753,0,Value Seekers
13754,4,Promotion Hunters
13755,2,Traditional Shoppers
13756,0,Value Seekers
13758,1,Wellness
13759,2,Traditional Shoppers
13760,0,Value Seekers
13761,1,Wellness
13762,2,Traditional Shoppers
13763,6,Large Families
13764,1,Wellness
13765,4,Promotion Hunters
13767,0,Value Seekers
13768,0,Value Seekers
13771,4,Promotion Hunters
13772,3,Vegetarians
13773,4,Promotion Hunters
13774,0,Value Seekers
13775,6,Large Families
13777,1,Wellness
13778,5,Tech Enthusiasts
13779,3,Vegetarians
13780,2,Traditional Shoppers
13782,1,Wellness
13783,1,Wellness
13784,6,Large Families
13785,3,Vegetarians
13789,2,Traditional Shoppers
13790,3,Vegetarians
13792,1,Wellness
13793,4,Promotion Hunters
13794,3,Vegetarians
13796,1,Wellness
13797,5,Tech Enthusiasts
13798,6,Large Families
13799,6,Large Families
13800,7,Loyal Explorers
13801,0,Value Seekers
13802,1,Wellness
13803,1,Wellness
13804,3,Vegetarians
13805,2,Traditional Shoppers
13806,3,Vegetarians
13807,5,Tech Enthusiasts
13809,1,Wellness
13810,7,Loyal Explorers
13811,2,Traditional Shoppers
13812,7,Loyal Explorers
13813,0,Value Seekers
13814,3,Vegetarians
13815,4,Promotion Hunters
13816,0,Value Seekers
13817,2,Traditional Shoppers
13819,7,Loyal Explorers
13820,2,Traditional Shoppers
13821,0,Value Seekers
13822,3,Vegetarians
13823,1,Wellness
13825,2,Traditional Shoppers
13826,3,Vegetarians
13827,6,Large Families
13828,2,Traditional Shoppers
13830,7,Loyal Explorers
13831,2,Traditional Shoppers
13832,2,Traditional Shoppers
13833,1,Wellness
13834,2,Traditional Shoppers
13837,2,Traditional Shoppers
13839,1,Wellness
13840,7,Loyal Explorers
13841,4,Promotion Hunters
13842,0,Value Seekers
13843,1,Wellness
13844,1,Wellness
13845,5,Tech Enthusiasts
13846,6,Large Families
13847,6,Large Families
13848,2,Traditional Shoppers
13849,5,Tech Enthusiasts
13850,3,Vegetarians
13851,4,Promotion Hunters
13852,1,Wellness
13853,7,Loyal Explorers
13854,5,Tech Enthusiasts
13855,2,Traditional Shoppers
13856,6,Large Families
13857,2,Traditional Shoppers
13858,1,Wellness
13859,2,Traditional Shoppers
13860,2,Traditional Shoppers
13861,3,Vegetarians
13862,1,Wellness
13863,1,Wellness
13865,3,Vegetarians
13866,3,Vegetarians
13867,0,Value Seekers
13868,2,Traditional Shoppers
13869,3,Vegetarians
13870,5,Tech Enthusiasts
13871,4,Promotion Hunters
13872,4,Promotion Hunters
13873,1,Wellness
13874,6,Large Families
13875,7,Loyal Explorers
13876,7,Loyal Explorers
13877,5,Tech Enthusiasts
13878,3,Vegetarians
13880,2,Traditional Shoppers
13881,4,Promotion Hunters
13882,0,Value Seekers
13883,6,Large Families
13884,2,Traditional Shoppers
13885,6,Large Families
13886,4,Promotion Hunters
13887,3,Vegetarians
13889,4,Promotion Hunters
13890,6,Large Families
13891,7,Loyal Explorers
13894,1,Wellness
13895,7,Loyal Explorers
13896,2,Traditional Shoppers
13897,2,Traditional Shoppers
13898,6,Large Families
13899,3,Vegetarians
13900,2,Traditional Shoppers
13901,2,Traditional Shoppers
13902,2,Traditional Shoppers
13903,6,Large Families
13904,5,Tech Enthusiasts
13905,2,Traditional Shoppers
13906,2,Traditional Shoppers
13908,0,Value Seekers
13909,2,Traditional Shoppers
13910,4,Promotion Hunters
13911,3,Vegetarians
13912,6,Large Families
13913,3,Vegetarians
13915,1,Wellness
13916,1,Wellness
13917,6,Large Families
13919,2,Traditional Shoppers
13920,1,Wellness
13921,2,Traditional Shoppers
13923,4,Promotion Hunters
13924,0,Value Seekers
13925,1,Wellness
13926,1,Wellness
13927,7,Loyal Explorers
13928,7,Loyal Explorers
13930,5,Tech Enthusiasts
13931,2,Traditional Shoppers
13932,1,Wellness
13934,2,Traditional Shoppers
13935,4,Promotion Hunters
13936,6,Large Families
13937,4,Promotion Hunters
13938,0,Value Seekers
13939,1,Wellness
13941,1,Wellness
13942,2,Traditional Shoppers
13943,3,Vegetarians
13944,4,Promotion Hunters
13945,3,Vegetarians
13946,5,Tech Enthusiasts
13947,6,Large Families
13949,1,Wellness
13951,0,Value Seekers
13952,6,Large Families
13953,7,Loyal Explorers
13954,7,Loyal Explorers
13955,6,Large Families
13956,2,Traditional Shoppers
13957,7,Loyal Explorers
13958,3,Vegetarians
13959,2,Traditional Shoppers
13960,2,Traditional Shoppers
13961,5,Tech Enthusiasts
13962,1,Wellness
13963,6,Large Families
13964,4,Promotion Hunters
13965,2,Traditional Shoppers
13966,2,Traditional Shoppers
13967,1,Wellness
13968,2,Traditional Shoppers
13969,6,Large Families
13970,5,Tech Enthusiasts
13971,6,Large Families
13972,2,Traditional Shoppers
13973,4,Promotion Hunters
13974,7,Loyal Explorers
13975,6,Large Families
13976,0,Value Seekers
13977,3,Vegetarians
13978,3,Vegetarians
13979,0,Value Seekers
13980,0,Value Seekers
13981,5,Tech Enthusiasts
13982,2,Traditional Shoppers
13983,6,Large Families
13985,4,Promotion Hunters
13987,1,Wellness
13989,3,Vegetarians
13990,5,Tech Enthusiasts
13991,4,Promotion Hunters
13992,4,Promotion Hunters
13994,0,Value Seekers
13995,3,Vegetarians
13996,5,Tech Enthusiasts
13998,2,Traditional Shoppers
13999,7,Loyal Explorers
14001,2,Traditional Shoppers
14002,2,Traditional Shoppers
14003,0,Value Seekers
14004,5,Tech Enthusiasts
14005,2,Traditional Shoppers
14006,0,Value Seekers
14007,5,Tech Enthusiasts
14008,5,Tech Enthusiasts
14009,0,Value Seekers
14010,7,Loyal Explorers
14011,4,Promotion Hunters
14012,2,Traditional Shoppers
14013,4,Promotion Hunters
14015,5,Tech Enthusiasts
14016,2,Traditional Shoppers
14017,1,Wellness
14018,2,Traditional Shoppers
14019,7,Loyal Explorers
14020,2,Traditional Shoppers
14021,5,Tech Enthusiasts
14022,3,Vegetarians
14024,0,Value Seekers
14025,6,Large Families
14026,5,Tech Enthusiasts
14027,2,Traditional Shoppers
14028,7,Loyal Explorers
14029,5,Tech Enthusiasts
14030,3,Vegetarians
14031,4,Promotion Hunters
14033,2,Traditional Shoppers
14034,3,Vegetarians
14035,6,Large Families
14037,6,Large Families
14038,2,Traditional Shoppers
14041,1,Wellness
14042,2,Traditional Shoppers
14043,3,Vegetarians
14044,5,Tech Enthusiasts
14046,1,Wellness
14047,2,Traditional Shoppers
14048,3,Vegetarians
14049,2,Traditional Shoppers
14050,4,Promotion Hunters
14051,4,Promotion Hunters
14052,6,Large Families
14055,0,Value Seekers
14056,2,Traditional Shoppers
14057,1,Wellness
14058,2,Traditional Shoppers
14059,3,Vegetarians
14060,5,Tech Enthusiasts
14061,2,Traditional Shoppers
14063,3,Vegetarians
14064,2,Traditional Shoppers
14065,5,Tech Enthusiasts
14066,2,Traditional Shoppers
14067,2,Traditional Shoppers
14068,2,Traditional Shoppers
14069,1,Wellness
14070,5,Tech Enthusiasts
14071,2,Traditional Shoppers
14072,6,Large Families
14073,0,Value Seekers
14074,5,Tech Enthusiasts
14077,2,Traditional Shoppers
14079,6,Large Families
14080,2,Traditional Shoppers
14081,3,Vegetarians
14083,3,Vegetarians
14084,1,Wellness
14085,3,Vegetarians
14087,3,Vegetarians
14088,2,Traditional Shoppers
14089,0,Value Seekers
14092,5,Tech Enthusiasts
14093,4,Promotion Hunters
14095,4,Promotion Hunters
14096,3,Vegetarians
14097,1,Wellness
14098,5,Tech Enthusiasts
14099,2,Traditional Shoppers
14100,2,Traditional Shoppers
14101,2,Traditional Shoppers
14102,2,Traditional Shoppers
14103,3,Vegetarians
14104,4,Promotion Hunters
14105,2,Traditional Shoppers
14106,4,Promotion Hunters
14107,2,Traditional Shoppers
14109,7,Loyal Explorers
14110,5,Tech Enthusiasts
14111,6,Large Families
14112,2,Traditional Shoppers
14113,5,Tech Enthusiasts
14115,2,Traditional Shoppers
14116,4,Promotion Hunters
14117,6,Large Families
14119,0,Value Seekers
14121,7,Loyal Explorers
14123,4,Promotion Hunters
14124,6,Large Families
14125,3,Vegetarians
14126,6,Large Families
14127,2,Traditional Shoppers
14128,6,Large Families
14129,5,Tech Enthusiasts
14130,6,Large Families
14131,6,Large Families
14133,6,Large Families
14134,3,Vegetarians
14136,4,Promotion Hunters
14137,2,Traditional Shoppers
14138,0,Value Seekers
14139,7,Loyal Explorers
14140,4,Promotion Hunters
14141,5,Tech Enthusiasts
14142,3,Vegetarians
14143,2,Traditional Shoppers
14144,6,Large Families
14145,6,Large Families
14146,7,Loyal Explorers
14147,3,Vegetarians
14148,6,Large Families
14149,4,Promotion Hunters
14151,4,Promotion Hunters
14152,0,Value Seekers
14153,4,Promotion Hunters
14154,2,Traditional Shoppers
14155,5,Tech Enthusiasts
14156,4,Promotion Hunters
14157,6,Large Families
14158,7,Loyal Explorers
14159,6,Large Families
14160,0,Value Seekers
14163,2,Traditional Shoppers
14164,7,Loyal Explorers
14165,0,Value Seekers
14166,5,Tech Enthusiasts
14167,3,Vegetarians
14168,0,Value Seekers
14170,4,Promotion Hunters
14171,1,Wellness
14174,3,Vegetarians
14175,7,Loyal Explorers
14176,3,Vegetarians
14177,1,Wellness
14179,7,Loyal Explorers
14181,3,Vegetarians
14182,2,Traditional Shoppers
14184,4,Promotion Hunters
14185,0,Value Seekers
14186,7,Loyal Explorers
14189,0,Value Seekers
14190,3,Vegetarians
14191,3,Vegetarians
14192,2,Traditional Shoppers
14193,3,Vegetarians
14194,6,Large Families
14195,6,Large Families
14196,5,Tech Enthusiasts
14197,6,Large Families
14198,3,Vegetarians
14199,1,Wellness
14201,7,Loyal Explorers
14202,4,Promotion Hunters
14203,2,Traditional Shoppers
14204,7,Loyal Explorers
14205,6,Large Families
14206,2,Traditional Shoppers
14208,2,Traditional Shoppers
14209,0,Value Seekers
14210,2,Traditional Shoppers
14211,5,Tech Enthusiasts
14212,5,Tech Enthusiasts
14213,1,Wellness
14215,0,Value Seekers
14217,7,Loyal Explorers
14218,2,Traditional Shoppers
14219,7,Loyal Explorers
14220,0,Value Seekers
14223,6,Large Families
14224,4,Promotion Hunters
14225,7,Loyal Explorers
14226,2,Traditional Shoppers
14227,2,Traditional Shoppers
14229,2,Traditional Shoppers
14231,6,Large Families
14234,7,Loyal Explorers
14235,2,Traditional Shoppers
14236,4,Promotion Hunters
14239,6,Large Families
14240,7,Loyal Explorers
14241,5,Tech Enthusiasts
14242,2,Traditional Shoppers
14244,5,Tech Enthusiasts
14246,1,Wellness
14247,1,Wellness
14248,2,Traditional Shoppers
14249,5,Tech Enthusiasts
14250,5,Tech Enthusiasts
14252,2,Traditional Shoppers
14253,2,Traditional Shoppers
14255,2,Traditional Shoppers
14256,2,Traditional Shoppers
14257,4,Promotion Hunters
14259,4,Promotion Hunters
14260,1,Wellness
14261,6,Large Families
14262,2,Traditional Shoppers
14263,2,Traditional Shoppers
14264,2,Traditional Shoppers
14265,4,Promotion Hunters
14267,4,Promotion Hunters
14268,2,Traditional Shoppers
14269,3,Vegetarians
14270,7,Loyal Explorers
14271,1,Wellness
14272,1,Wellness
14274,5,Tech Enthusiasts
14275,3,Vegetarians
14276,3,Vegetarians
14277,7,Loyal Explorers
14278,6,Large Families
14279,0,Value Seekers
14281,7,Loyal Explorers
14285,5,Tech Enthusiasts
14286,6,Large Families
14287,1,Wellness
14289,4,Promotion Hunters
14290,7,Loyal Explorers
14291,0,Value Seekers
14292,3,Vegetarians
14293,0,Value Seekers
14294,2,Traditional Shoppers
14296,2,Traditional Shoppers
14297,5,Tech Enthusiasts
14298,4,Promotion Hunters
14299,2,Traditional Shoppers
14300,2,Traditional Shoppers
14301,3,Vegetarians
14302,3,Vegetarians
14303,2,Traditional Shoppers
14304,0,Value Seekers
14305,4,Promotion Hunters
14306,7,Loyal Explorers
14307,1,Wellness
14308,6,Large Families
14309,5,Tech Enthusiasts
14310,2,Traditional Shoppers
14311,6,Large Families
14312,1,Wellness
14313,4,Promotion Hunters
14314,4,Promotion Hunters
14315,6,Large Families
14316,7,Loyal Explorers
14317,3,Vegetarians
14318,3,Vegetarians
14319,4,Promotion Hunters
14320,6,Large Families
14321,5,Tech Enthusiasts
14323,4,Promotion Hunters
14324,7,Loyal Explorers
14325,2,Traditional Shoppers
14326,0,Value Seekers
14327,3,Vegetarians
14329,7,Loyal Explorers
14330,3,Vegetarians
14331,2,Traditional Shoppers
14332,7,Loyal Explorers
14334,6,Large Families
14336,6,Large Families
14338,3,Vegetarians
14340,4,Promotion Hunters
14341,1,Wellness
14342,3,Vegetarians
14343,1,Wellness
14344,4,Promotion Hunters
14347,5,Tech Enthusiasts
14348,4,Promotion Hunters
14349,7,Loyal Explorers
14350,6,Large Families
14351,2,Traditional Shoppers
14352,4,Promotion Hunters
14353,2,Traditional Shoppers
14354,0,Value Seekers
14355,1,Wellness
14356,2,Traditional Shoppers
14357,2,Traditional Shoppers
14358,2,Traditional Shoppers
14359,5,Tech Enthusiasts
14360,3,Vegetarians
14361,3,Vegetarians
14362,6,Large Families
14363,7,Loyal Explorers
14364,4,Promotion Hunters
14366,0,Value Seekers
14367,2,Traditional Shoppers
14368,2,Traditional Shoppers
14369,1,Wellness
14370,6,Large Families
14371,2,Traditional Shoppers
14372,4,Promotion Hunters
14373,0,Value Seekers
14374,6,Large Families
14375,3,Vegetarians
14376,1,Wellness
14377,0,Value Seekers
14378,6,Large Families
14379,1,Wellness
14380,0,Value Seekers
14381,6,Large Families
14382,4,Promotion Hunters
14384,6,Large Families
14385,5,Tech Enthusiasts
14388,7,Loyal Explorers
14389,2,Traditional Shoppers
14390,7,Loyal Explorers
14391,6,Large Families
14392,4,Promotion Hunters
14394,0,Value Seekers
14395,1,Wellness
14396,4,Promotion Hunters
14398,6,Large Families
14399,3,Vegetarians
14400,2,Traditional Shoppers
14402,7,Loyal Explorers
14404,4,Promotion Hunters
14405,4,Promotion Hunters
14406,3,Vegetarians
14407,3,Vegetarians
14408,4,Promotion Hunters
14409,5,Tech Enthusiasts
14410,5,Tech Enthusiasts
14411,7,Loyal Explorers
14412,4,Promotion Hunters
14413,4,Promotion Hunters
14414,0,Value Seekers
14415,0,Value Seekers
14416,7,Loyal Explorers
14417,0,Value Seekers
14418,5,Tech Enthusiasts
14419,6,Large Families
14420,2,Traditional Shoppers
14421,2,Traditional Shoppers
14422,2,Traditional Shoppers
14423,2,Traditional Shoppers
14424,5,Tech Enthusiasts
14425,2,Traditional Shoppers
14426,1,Wellness
14427,4,Promotion Hunters
14428,6,Large Families
14429,6,Large Families
14430,1,Wellness
14431,2,Traditional Shoppers
14432,2,Traditional Shoppers
14433,7,Loyal Explorers
14434,2,Traditional Shoppers
14435,3,Vegetarians
14436,3,Vegetarians
14437,1,Wellness
14438,2,Traditional Shoppers
14439,2,Traditional Shoppers
14441,6,Large Families
14442,7,Loyal Explorers
14443,3,Vegetarians
14444,1,Wellness
14445,3,Vegetarians
14446,0,Value Seekers
14448,1,Wellness
14449,7,Loyal Explorers
14450,0,Value Seekers
14451,6,Large Families
14453,0,Value Seekers
14454,3,Vegetarians
14455,0,Value Seekers
14457,3,Vegetarians
14458,4,Promotion Hunters
14459,6,Large Families
14460,6,Large Families
14461,2,Traditional Shoppers
14463,1,Wellness
14464,7,Loyal Explorers
14466,6,Large Families
14467,0,Value Seekers
14469,6,Large Families
14473,0,Value Seekers
14474,0,Value Seekers
14475,3,Vegetarians
14476,0,Value Seekers
14477,3,Vegetarians
14478,6,Large Families
14479,2,Traditional Shoppers
14480,7,Loyal Explorers
14481,3,Vegetarians
14482,0,Value Seekers
14483,2,Traditional Shoppers
14484,6,Large Families
14485,2,Traditional Shoppers
14487,3,Vegetarians
14488,6,Large Families
14489,1,Wellness
14490,5,Tech Enthusiasts
14491,3,Vegetarians
14492,2,Traditional Shoppers
14493,0,Value Seekers
14494,2,Traditional Shoppers
14495,6,Large Families
14496,0,Value Seekers
14497,7,Loyal Explorers
14498,6,Large Families
14499,6,Large Families
14500,1,Wellness
14501,6,Large Families
14502,3,Vegetarians
14503,6,Large Families
14504,7,Loyal Explorers
14506,1,Wellness
14507,6,Large Families
14508,2,Traditional Shoppers
14509,2,Traditional Shoppers
14510,7,Loyal Explorers
14511,3,Vegetarians
14512,3,Vegetarians
14514,5,Tech Enthusiasts
14515,2,Traditional Shoppers
14516,6,Large Families
14518,2,Traditional Shoppers
14519,7,Loyal Explorers
14520,7,Loyal Explorers
14521,6,Large Families
14522,3,Vegetarians
14523,5,Tech Enthusiasts
14526,1,Wellness
14527,2,Traditional Shoppers
14528,3,Vegetarians
14530,7,Loyal Explorers
14531,6,Large Families
14532,1,Wellness
14533,6,Large Families
14534,3,Vegetarians
14536,7,Loyal Explorers
14537,4,Promotion Hunters
14539,5,Tech Enthusiasts
14541,3,Vegetarians
14542,2,Traditional Shoppers
14543,3,Vegetarians
14545,6,Large Families
14546,4,Promotion Hunters
14547,3,Vegetarians
14548,2,Traditional Shoppers
14549,4,Promotion Hunters
14550,6,Large Families
14551,2,Traditional Shoppers
14552,0,Value Seekers
14553,3,Vegetarians
14554,7,Loyal Explorers
14556,2,Traditional Shoppers
14557,5,Tech Enthusiasts
14558,4,Promotion Hunters
14559,6,Large Families
14560,6,Large Families
14561,6,Large Families
14562,2,Traditional Shoppers
14564,7,Loyal Explorers
14565,3,Vegetarians
14566,6,Large Families
14567,4,Promotion Hunters
14568,1,Wellness
14570,2,Traditional Shoppers
14571,4,Promotion Hunters
14572,0,Value Seekers
14573,3,Vegetarians
14574,4,Promotion Hunters
14576,1,Wellness
14577,6,Large Families
14578,3,Vegetarians
14579,3,Vegetarians
14580,2,Traditional Shoppers
14581,2,Traditional Shoppers
14582,2,Traditional Shoppers
14583,1,Wellness
14584,3,Vegetarians
14585,5,Tech Enthusiasts
14586,2,Traditional Shoppers
14587,5,Tech Enthusiasts
14588,6,Large Families
14589,6,Large Families
14590,2,Traditional Shoppers
14591,6,Large Families
14592,4,Promotion Hunters
14594,3,Vegetarians
14595,6,Large Families
14596,6,Large Families
14597,1,Wellness
14598,7,Loyal Explorers
14600,1,Wellness
14602,5,Tech Enthusiasts
14603,3,Vegetarians
14604,5,Tech Enthusiasts
14605,2,Traditional Shoppers
14607,4,Promotion Hunters
14608,5,Tech Enthusiasts
14609,2,Traditional Shoppers
14611,0,Value Seekers
14612,6,Large Families
14613,6,Large Families
14614,2,Traditional Shoppers
14615,6,Large Families
14616,1,Wellness
14617,4,Promotion Hunters
14618,2,Traditional Shoppers
14619,6,Large Families
14621,3,Vegetarians
14622,4,Promotion Hunters
14623,1,Wellness
14624,3,Vegetarians
14625,0,Value Seekers
14626,3,Vegetarians
14627,5,Tech Enthusiasts
14628,2,Traditional Shoppers
14629,6,Large Families
14630,3,Vegetarians
14631,3,Vegetarians
14632,5,Tech Enthusiasts
14633,1,Wellness
14635,5,Tech Enthusiasts
14637,3,Vegetarians
14638,7,Loyal Explorers
14640,7,Loyal Explorers
14641,2,Traditional Shoppers
14642,7,Loyal Explorers
14643,3,Vegetarians
14646,1,Wellness
14647,6,Large Families
14649,2,Traditional Shoppers
14650,6,Large Families
14651,4,Promotion Hunters
14652,0,Value Seekers
14654,5,Tech Enthusiasts
14655,1,Wellness
14656,6,Large Families
14657,1,Wellness
14659,2,Traditional Shoppers
14660,5,Tech Enthusiasts
14661,5,Tech Enthusiasts
14663,0,Value Seekers
14664,7,Loyal Explorers
14665,6,Large Families
14666,4,Promotion Hunters
14667,3,Vegetarians
14668,4,Promotion Hunters
14669,7,Loyal Explorers
14670,2,Traditional Shoppers
14671,5,Tech Enthusiasts
14673,2,Traditional Shoppers
14675,0,Value Seekers
14676,2,Traditional Shoppers
14677,1,Wellness
14678,3,Vegetarians
14679,6,Large Families
14680,6,Large Families
14681,6,Large Families
14682,0,Value Seekers
14684,5,Tech Enthusiasts
14685,6,Large Families
14686,1,Wellness
14687,7,Loyal Explorers
14688,2,Traditional Shoppers
14690,0,Value Seekers
14691,2,Traditional Shoppers
14693,2,Traditional Shoppers
14694,3,Vegetarians
14695,7,Loyal Explorers
14696,6,Large Families
14697,2,Traditional Shoppers
14698,7,Loyal Explorers
14700,6,Large Families
14701,4,Promotion Hunters
14703,1,Wellness
14704,4,Promotion Hunters
14705,4,Promotion Hunters
14706,1,Wellness
14707,2,Traditional Shoppers
14708,2,Traditional Shoppers
14709,2,Traditional Shoppers
14712,0,Value Seekers
14713,4,Promotion Hunters
14714,2,Traditional Shoppers
14716,3,Vegetarians
14717,1,Wellness
14718,6,Large Families
14719,5,Tech Enthusiasts
14721,0,Value Seekers
14723,2,Traditional Shoppers
14724,6,Large Families
14725,2,Traditional Shoppers
14726,6,Large Families
14729,0,Value Seekers
14730,6,Large Families
14731,6,Large Families
14732,2,Traditional Shoppers
14733,0,Value Seekers
14734,1,Wellness
14735,3,Vegetarians
14736,4,Promotion Hunters
14737,3,Vegetarians
14738,6,Large Families
14740,3,Vegetarians
14741,2,Traditional Shoppers
14742,1,Wellness
14743,6,Large Families
14744,2,Traditional Shoppers
14745,4,Promotion Hunters
14746,3,Vegetarians
14747,7,Loyal Explorers
14748,1,Wellness
14749,3,Vegetarians
14750,2,Traditional Shoppers
14751,4,Promotion Hunters
14752,7,Loyal Explorers
14753,1,Wellness
14754,2,Traditional Shoppers
14755,0,Value Seekers
14756,1,Wellness
14757,4,Promotion Hunters
14758,5,Tech Enthusiasts
14759,5,Tech Enthusiasts
14760,2,Traditional Shoppers
14761,3,Vegetarians
14762,4,Promotion Hunters
14763,7,Loyal Explorers
14765,2,Traditional Shoppers
14766,1,Wellness
14767,0,Value Seekers
14768,7,Loyal Explorers
14769,7,Loyal Explorers
14770,0,Value Seekers
14771,5,Tech Enthusiasts
14772,7,Loyal Explorers
14774,5,Tech Enthusiasts
14775,2,Traditional Shoppers
14776,6,Large Families
14777,5,Tech Enthusiasts
14778,4,Promotion Hunters
14779,1,Wellness
14780,5,Tech Enthusiasts
14781,4,Promotion Hunters
14782,2,Traditional Shoppers
14783,3,Vegetarians
14784,3,Vegetarians
14787,3,Vegetarians
14788,2,Traditional Shoppers
14789,2,Traditional Shoppers
14791,1,Wellness
14792,3,Vegetarians
14793,1,Wellness
14794,0,Value Seekers
14796,6,Large Families
14797,3,Vegetarians
14798,3,Vegetarians
14800,0,Value Seekers
14802,3,Vegetarians
14803,6,Large Families
14804,4,Promotion Hunters
14806,6,Large Families
14807,2,Traditional Shoppers
14808,3,Vegetarians
14809,6,Large Families
14810,5,Tech Enthusiasts
14811,4,Promotion Hunters
14813,6,Large Families
14814,3,Vegetarians
14815,1,Wellness
14816,4,Promotion Hunters
14818,1,Wellness
14819,4,Promotion Hunters
14820,2,Traditional Shoppers
14821,6,Large Families
14822,7,Loyal Explorers
14823,6,Large Families
14824,6,Large Families
14825,2,Traditional Shoppers
14826,6,Large Families
14828,0,Value Seekers
14829,2,Traditional Shoppers
14830,1,Wellness
14831,5,Tech Enthusiasts
14832,2,Traditional Shoppers
14833,3,Vegetarians
14834,7,Loyal Explorers
14835,4,Promotion Hunters
14836,6,Large Families
14837,2,Traditional Shoppers
14838,2,Traditional Shoppers
14839,0,Value Seekers
14840,6,Large Families
14841,1,Wellness
14843,0,Value Seekers
14844,6,Large Families
14846,6,Large Families
14847,7,Loyal Explorers
14848,4,Promotion Hunters
14849,2,Traditional Shoppers
14850,1,Wellness
14851,5,Tech Enthusiasts
14853,6,Large Families
14854,2,Traditional Shoppers
14855,5,Tech Enthusiasts
14856,3,Vegetarians
14857,6,Large Families
14858,5,Tech Enthusiasts
14859,3,Vegetarians
14860,4,Promotion Hunters
14861,2,Traditional Shoppers
14862,7,Loyal Explorers
14864,5,Tech Enthusiasts
14865,3,Vegetarians
14866,6,Large Families
14867,1,Wellness
14868,5,Tech Enthusiasts
14869,4,Promotion Hunters
14870,2,Traditional Shoppers
14871,7,Loyal Explorers
14872,7,Loyal Explorers
14874,0,Value Seekers
14875,7,Loyal Explorers
14876,6,Large Families
14877,5,Tech Enthusiasts
14878,6,Large Families
14879,1,Wellness
14880,1,Wellness
14881,4,Promotion Hunters
14883,7,Loyal Explorers
14885,2,Traditional Shoppers
14886,4,Promotion Hunters
14887,3,Vegetarians
14888,1,Wellness
14889,5,Tech Enthusiasts
14890,2,Traditional Shoppers
14891,7,Loyal Explorers
14892,2,Traditional Shoppers
14893,2,Traditional Shoppers
14894,2,Traditional Shoppers
14895,0,Value Seekers
14896,4,Promotion Hunters
14897,5,Tech Enthusiasts
14898,7,Loyal Explorers
14899,5,Tech Enthusiasts
14900,2,Traditional Shoppers
14902,7,Loyal Explorers
14903,2,Traditional Shoppers
14904,2,Traditional Shoppers
14906,2,Traditional Shoppers
14907,3,Vegetarians
14909,3,Vegetarians
14911,1,Wellness
14912,4,Promotion Hunters
14913,7,Loyal Explorers
14915,7,Loyal Explorers
14916,2,Traditional Shoppers
14917,6,Large Families
14918,2,Traditional Shoppers
14919,2,Traditional Shoppers
14920,3,Vegetarians
14921,3,Vegetarians
14922,0,Value Seekers
14923,7,Loyal Explorers
14924,0,Value Seekers
14926,2,Traditional Shoppers
14927,1,Wellness
14928,2,Traditional Shoppers
14929,5,Tech Enthusiasts
14932,5,Tech Enthusiasts
14933,0,Value Seekers
14935,6,Large Families
14937,4,Promotion Hunters
14938,7,Loyal Explorers
14940,0,Value Seekers
14942,3,Vegetarians
14943,2,Traditional Shoppers
14944,5,Tech Enthusiasts
14945,2,Traditional Shoppers
14946,2,Traditional Shoppers
14947,2,Traditional Shoppers
14948,3,Vegetarians
14949,0,Value Seekers
14951,4,Promotion Hunters
14952,0,Value Seekers
14953,5,Tech Enthusiasts
14955,0,Value Seekers
14956,6,Large Families
14957,7,Loyal Explorers
14959,5,Tech Enthusiasts
14960,6,Large Families
14962,0,Value Seekers
14963,2,Traditional Shoppers
14964,7,Loyal Explorers
14966,7,Loyal Explorers
14967,3,Vegetarians
14968,6,Large Families
14971,3,Vegetarians
14972,2,Traditional Shoppers
14973,4,Promotion Hunters
14974,4,Promotion Hunters
14975,7,Loyal Explorers
14976,3,Vegetarians
14977,6,Large Families
14978,5,Tech Enthusiasts
14979,6,Large Families
14980,4,Promotion Hunters
14981,7,Loyal Explorers
14982,1,Wellness
14983,6,Large Families
14984,2,Traditional Shoppers
14985,1,Wellness
14986,6,Large Families
14987,6,Large Families
14988,1,Wellness
14990,7,Loyal Explorers
14991,0,Value Seekers
14992,5,Tech Enthusiasts
14993,6,Large Families
14995,7,Loyal Explorers
14996,1,Wellness
14997,6,Large Families
14999,7,Loyal Explorers
15000,3,Vegetarians
15001,0,Value Seekers
15002,6,Large Families
15003,6,Large Families
15004,6,Large Families
15007,2,Traditional Shoppers
15008,3,Vegetarians
15009,5,Tech Enthusiasts
15010,3,Vegetarians
15011,7,Loyal Explorers
15012,2,Traditional Shoppers
15014,5,Tech Enthusiasts
15015,2,Traditional Shoppers
15016,2,Traditional Shoppers
15017,2,Traditional Shoppers
15019,5,Tech Enthusiasts
15020,1,Wellness
15023,2,Traditional Shoppers
15024,6,Large Families
15025,3,Vegetarians
15026,4,Promotion Hunters
15027,7,Loyal Explorers
15028,0,Value Seekers
15029,6,Large Families
15030,6,Large Families
15031,4,Promotion Hunters
15032,4,Promotion Hunters
15033,5,Tech Enthusiasts
15034,5,Tech Enthusiasts
15035,0,Value Seekers
15036,4,Promotion Hunters
15037,5,Tech Enthusiasts
15038,1,Wellness
15039,2,Traditional Shoppers
15040,2,Traditional Shoppers
15041,2,Traditional Shoppers
15043,4,Promotion Hunters
15044,5,Tech Enthusiasts
15046,5,Tech Enthusiasts
15047,3,Vegetarians
15048,4,Promotion Hunters
15049,6,Large Families
15050,4,Promotion Hunters
15051,2,Traditional Shoppers
15053,6,Large Families
15054,3,Vegetarians
15055,2,Traditional Shoppers
15057,1,Wellness
15058,6,Large Families
15059,2,Traditional Shoppers
15060,2,Traditional Shoppers
15062,4,Promotion Hunters
15063,3,Vegetarians
15065,6,Large Families
15066,3,Vegetarians
15067,7,Loyal Explorers
15068,3,Vegetarians
15069,3,Vegetarians
15070,1,Wellness
15071,0,Value Seekers
15072,0,Value Seekers
15073,7,Loyal Explorers
15075,2,Traditional Shoppers
15076,0,Value Seekers
15077,6,Large Families
15079,4,Promotion Hunters
15080,7,Loyal Explorers
15081,1,Wellness
15082,4,Promotion Hunters
15083,1,Wellness
15084,3,Vegetarians
15085,3,Vegetarians
15086,2,Traditional Shoppers
15087,1,Wellness
15088,5,Tech Enthusiasts
15089,2,Traditional Shoppers
15090,7,Loyal Explorers
15091,2,Traditional Shoppers
15092,3,Vegetarians
15093,6,Large Families
15094,1,Wellness
15095,2,Traditional Shoppers
15096,2,Traditional Shoppers
15097,0,Value Seekers
15098,5,Tech Enthusiasts
15099,2,Traditional Shoppers
15100,3,Vegetarians
15101,2,Traditional Shoppers
15103,4,Promotion Hunters
15104,6,Large Families
15105,7,Loyal Explorers
15107,2,Traditional Shoppers
15108,0,Value Seekers
15109,1,Wellness
15112,4,Promotion Hunters
15114,6,Large Families
15115,1,Wellness
15116,0,Value Seekers
15117,5,Tech Enthusiasts
15118,1,Wellness
15119,2,Traditional Shoppers
15120,2,Traditional Shoppers
15121,5,Tech Enthusiasts
15122,7,Loyal Explorers
15123,3,Vegetarians
15124,3,Vegetarians
15125,6,Large Families
15127,0,Value Seekers
15128,7,Loyal Explorers
15129,6,Large Families
15131,6,Large Families
15132,7,Loyal Explorers
15133,1,Wellness
15134,0,Value Seekers
15136,7,Loyal Explorers
15137,1,Wellness
15138,6,Large Families
15139,2,Traditional Shoppers
15140,6,Large Families
15141,5,Tech Enthusiasts
15142,3,Vegetarians
15143,5,Tech Enthusiasts
15144,3,Vegetarians
15145,5,Tech Enthusiasts
15146,4,Promotion Hunters
15147,1,Wellness
15148,6,Large Families
15149,2,Traditional Shoppers
15150,2,Traditional Shoppers
15151,6,Large Families
15152,7,Loyal Explorers
15153,4,Promotion Hunters
15154,6,Large Families
15155,4,Promotion Hunters
15156,3,Vegetarians
15157,7,Loyal Explorers
15158,3,Vegetarians
15159,2,Traditional Shoppers
15160,1,Wellness
15162,0,Value Seekers
15163,0,Value Seekers
15164,7,Loyal Explorers
15166,5,Tech Enthusiasts
15168,7,Loyal Explorers
15170,3,Vegetarians
15171,2,Traditional Shoppers
15172,3,Vegetarians
15173,1,Wellness
15175,5,Tech Enthusiasts
15176,0,Value Seekers
15177,3,Vegetarians
15178,2,Traditional Shoppers
15179,1,Wellness
15181,1,Wellness
15182,2,Traditional Shoppers
15183,5,Tech Enthusiasts
15184,4,Promotion Hunters
15185,4,Promotion Hunters
15186,1,Wellness
15187,5,Tech Enthusiasts
15188,4,Promotion Hunters
15189,2,Traditional Shoppers
15190,3,Vegetarians
15191,3,Vegetarians
15192,6,Large Families
15193,2,Traditional Shoppers
15194,6,Large Families
15196,6,Large Families
15197,2,Traditional Shoppers
15198,6,Large Families
15199,5,Tech Enthusiasts
15200,6,Large Families
15201,4,Promotion Hunters
15202,4,Promotion Hunters
15203,1,Wellness
15204,4,Promotion Hunters
15205,1,Wellness
15207,2,Traditional Shoppers
15208,3,Vegetarians
15209,0,Value Seekers
15212,2,Traditional Shoppers
15213,1,Wellness
15214,2,Traditional Shoppers
15215,6,Large Families
15216,0,Value Seekers
15217,5,Tech Enthusiasts
15218,4,Promotion Hunters
15219,5,Tech Enthusiasts
15220,3,Vegetarians
15221,7,Loyal Explorers
15222,1,Wellness
15223,2,Traditional Shoppers
15225,5,Tech Enthusiasts
15226,5,Tech Enthusiasts
15227,5,Tech Enthusiasts
15228,1,Wellness
15229,3,Vegetarians
15230,2,Traditional Shoppers
15231,4,Promotion Hunters
15232,6,Large Families
15233,5,Tech Enthusiasts
15234,2,Traditional Shoppers
15235,5,Tech Enthusiasts
15236,0,Value Seekers
15238,2,Traditional Shoppers
15241,5,Tech Enthusiasts
15242,2,Traditional Shoppers
15243,4,Promotion Hunters
15245,1,Wellness
15246,1,Wellness
15247,0,Value Seekers
15249,5,Tech Enthusiasts
15250,2,Traditional Shoppers
15251,2,Traditional Shoppers
15252,0,Value Seekers
15254,6,Large Families
15255,5,Tech Enthusiasts
15256,3,Vegetarians
15257,3,Vegetarians
15261,0,Value Seekers
15262,2,Traditional Shoppers
15263,7,Loyal Explorers
15264,6,Large Families
15265,2,Traditional Shoppers
15266,2,Traditional Shoppers
15267,4,Promotion Hunters
15268,1,Wellness
15269,3,Vegetarians
15270,6,Large Families
15271,1,Wellness
15272,6,Large Families
15273,5,Tech Enthusiasts
15274,4,Promotion Hunters
15275,6,Large Families
15276,6,Large Families
15277,2,Traditional Shoppers
15278,6,Large Families
15279,7,Loyal Explorers
15280,2,Traditional Shoppers
15281,4,Promotion Hunters
15282,6,Large Families
15283,3,Vegetarians
15284,7,Loyal Explorers
15285,3,Vegetarians
15287,0,Value Seekers
15288,1,Wellness
15289,3,Vegetarians
15290,7,Loyal Explorers
15291,4,Promotion Hunters
15293,7,Loyal Explorers
15294,0,Value Seekers
15295,3,Vegetarians
15296,6,Large Families
15297,6,Large Families
15298,4,Promotion Hunters
15299,3,Vegetarians
15301,1,Wellness
15302,5,Tech Enthusiasts
15303,1,Wellness
15304,6,Large Families
15305,3,Vegetarians
15306,5,Tech Enthusiasts
15308,6,Large Families
15309,7,Loyal Explorers
15310,0,Value Seekers
15311,5,Tech Enthusiasts
15312,0,Value Seekers
15313,6,Large Families
15314,1,Wellness
15315,3,Vegetarians
15316,7,Loyal Explorers
15317,6,Large Families
15318,1,Wellness
15319,5,Tech Enthusiasts
15321,1,Wellness
15322,7,Loyal Explorers
15323,2,Traditional Shoppers
15324,2,Traditional Shoppers
15325,4,Promotion Hunters
15326,5,Tech Enthusiasts
15327,3,Vegetarians
15329,3,Vegetarians
15330,6,Large Families
15331,2,Traditional Shoppers
15333,1,Wellness
15334,0,Value Seekers
15335,2,Traditional Shoppers
15336,3,Vegetarians
15337,1,Wellness
15339,6,Large Families
15340,1,Wellness
15341,0,Value Seekers
15343,7,Loyal Explorers
15346,6,Large Families
15347,4,Promotion Hunters
15348,6,Large Families
15349,3,Vegetarians
15350,5,Tech Enthusiasts
15351,2,Traditional Shoppers
15352,4,Promotion Hunters
15353,3,Vegetarians
15354,6,Large Families
15355,7,Loyal Explorers
15356,5,Tech Enthusiasts
15357,7,Loyal Explorers
15358,0,Value Seekers
15359,4,Promotion Hunters
15360,4,Promotion Hunters
15361,4,Promotion Hunters
15363,1,Wellness
15364,3,Vegetarians
15365,1,Wellness
15366,5,Tech Enthusiasts
15367,2,Traditional Shoppers
15368,6,Large Families
15370,6,Large Families
15372,5,Tech Enthusiasts
15373,2,Traditional Shoppers
15374,0,Value Seekers
15375,2,Traditional Shoppers
15376,4,Promotion Hunters
15377,7,Loyal Explorers
15378,6,Large Families
15379,4,Promotion Hunters
15380,3,Vegetarians
15381,2,Traditional Shoppers
15382,4,Promotion Hunters
15383,3,Vegetarians
15384,4,Promotion Hunters
15385,3,Vegetarians
15386,1,Wellness
15387,2,Traditional Shoppers
15388,7,Loyal Explorers
15389,2,Traditional Shoppers
15390,0,Value Seekers
15391,6,Large Families
15392,5,Tech Enthusiasts
15393,3,Vegetarians
15394,0,Value Seekers
15395,2,Traditional Shoppers
15399,3,Vegetarians
15400,0,Value Seekers
15401,2,Traditional Shoppers
15402,5,Tech Enthusiasts
15404,4,Promotion Hunters
15405,6,Large Families
15406,0,Value Seekers
15407,0,Value Seekers
15408,6,Large Families
15409,3,Vegetarians
15411,5,Tech Enthusiasts
15413,2,Traditional Shoppers
15414,7,Loyal Explorers
15415,2,Traditional Shoppers
15416,2,Traditional Shoppers
15418,5,Tech Enthusiasts
15419,2,Traditional Shoppers
15420,7,Loyal Explorers
15421,3,Vegetarians
15422,0,Value Seekers
15423,1,Wellness
15424,6,Large Families
15425,1,Wellness
15426,3,Vegetarians
15427,6,Large Families
15428,0,Value Seekers
15429,6,Large Families
15431,7,Loyal Explorers
15432,2,Traditional Shoppers
15433,1,Wellness
15434,6,Large Families
15435,0,Value Seekers
15436,4,Promotion Hunters
15437,2,Traditional Shoppers
15438,2,Traditional Shoppers
15442,1,Wellness
15444,0,Value Seekers
15445,1,Wellness
15447,2,Traditional Shoppers
15448,2,Traditional Shoppers
15449,6,Large Families
15450,2,Traditional Shoppers
15451,2,Traditional Shoppers
15453,7,Loyal Explorers
15454,2,Traditional Shoppers
15456,3,Vegetarians
15457,6,Large Families
15459,0,Value Seekers
15460,4,Promotion Hunters
15461,7,Loyal Explorers
15463,2,Traditional Shoppers
15464,1,Wellness
15466,2,Traditional Shoppers
15467,1,Wellness
15468,3,Vegetarians
15469,1,Wellness
15472,3,Vegetarians
15473,5,Tech Enthusiasts
15474,2,Traditional Shoppers
15475,2,Traditional Shoppers
15476,0,Value Seekers
15477,2,Traditional Shoppers
15478,3,Vegetarians
15479,3,Vegetarians
15481,3,Vegetarians
15483,2,Traditional Shoppers
15485,1,Wellness
15486,7,Loyal Explorers
15487,7,Loyal Explorers
15488,3,Vegetarians
15490,7,Loyal Explorers
15491,1,Wellness
15492,3,Vegetarians
15493,7,Loyal Explorers
15494,2,Traditional Shoppers
15495,0,Value Seekers
15496,6,Large Families
15498,4,Promotion Hunters
15499,4,Promotion Hunters
15500,4,Promotion Hunters
15501,5,Tech Enthusiasts
15502,2,Traditional Shoppers
15503,2,Traditional Shoppers
15504,2,Traditional Shoppers
15505,4,Promotion Hunters
15508,0,Value Seekers
15509,1,Wellness
15510,1,Wellness
15511,6,Large Families
15512,4,Promotion Hunters
15513,0,Value Seekers
15514,5,Tech Enthusiasts
15515,7,Loyal Explorers
15516,4,Promotion Hunters
15517,1,Wellness
15519,2,Traditional Shoppers
15520,0,Value Seekers
15521,4,Promotion Hunters
15522,1,Wellness
15523,6,Large Families
15524,0,Value Seekers
15525,2,Traditional Shoppers
15527,3,Vegetarians
15528,0,Value Seekers
15529,3,Vegetarians
15532,3,Vegetarians
15533,2,Traditional Shoppers
15534,4,Promotion Hunters
15535,7,Loyal Explorers
15536,0,Value Seekers
15537,5,Tech Enthusiasts
15538,7,Loyal Explorers
15539,0,Value Seekers
15540,5,Tech Enthusiasts
15543,4,Promotion Hunters
15544,5,Tech Enthusiasts
15545,5,Tech Enthusiasts
15546,3,Vegetarians
15547,5,Tech Enthusiasts
15548,6,Large Families
15549,0,Value Seekers
15550,0,Value Seekers
15551,4,Promotion Hunters
15552,0,Value Seekers
15553,6,Large Families
15554,0,Value Seekers
15555,4,Promotion Hunters
15556,2,Traditional Shoppers
15557,2,Traditional Shoppers
15558,4,Promotion Hunters
15559,3,Vegetarians
15560,2,Traditional Shoppers
15561,6,Large Families
15563,1,Wellness
15564,6,Large Families
15565,4,Promotion Hunters
15566,2,Traditional Shoppers
15567,4,Promotion Hunters
15568,6,Large Families
15569,7,Loyal Explorers
15570,1,Wellness
15571,2,Traditional Shoppers
15572,3,Vegetarians
15573,2,Traditional Shoppers
15574,7,Loyal Explorers
15575,1,Wellness
15576,2,Traditional Shoppers
15579,6,Large Families
15582,4,Promotion Hunters
15583,6,Large Families
15584,4,Promotion Hunters
15585,4,Promotion Hunters
15587,6,Large Families
15588,3,Vegetarians
15590,6,Large Families
15591,3,Vegetarians
15592,6,Large Families
15594,3,Vegetarians
15595,5,Tech Enthusiasts
15596,5,Tech Enthusiasts
15597,1,Wellness
15598,6,Large Families
15599,1,Wellness
15600,2,Traditional Shoppers
15601,0,Value Seekers
15602,5,Tech Enthusiasts
15603,7,Loyal Explorers
15604,3,Vegetarians
15605,6,Large Families
15607,5,Tech Enthusiasts
15608,6,Large Families
15609,1,Wellness
15610,0,Value Seekers
15611,3,Vegetarians
15612,6,Large Families
15613,2,Traditional Shoppers
15614,7,Loyal Explorers
15615,7,Loyal Explorers
15616,7,Loyal Explorers
15617,4,Promotion Hunters
15618,2,Traditional Shoppers
15619,1,Wellness
15620,5,Tech Enthusiasts
15621,4,Promotion Hunters
15622,2,Traditional Shoppers
15624,4,Promotion Hunters
15625,2,Traditional Shoppers
15626,2,Traditional Shoppers
15628,7,Loyal Explorers
15629,5,Tech Enthusiasts
15631,1,Wellness
15632,6,Large Families
15633,0,Value Seekers
15634,3,Vegetarians
15636,0,Value Seekers
15637,0,Value Seekers
15638,4,Promotion Hunters
15640,5,Tech Enthusiasts
15641,5,Tech Enthusiasts
15643,0,Value Seekers
15644,4,Promotion Hunters
15645,2,Traditional Shoppers
15646,2,Traditional Shoppers
15647,1,Wellness
15648,1,Wellness
15650,7,Loyal Explorers
15651,7,Loyal Explorers
15652,1,Wellness
15653,2,Traditional Shoppers
15654,3,Vegetarians
15655,2,Traditional Shoppers
15656,3,Vegetarians
15657,6,Large Families
15658,7,Loyal Explorers
15659,6,Large Families
15660,4,Promotion Hunters
15661,2,Traditional Shoppers
15663,3,Vegetarians
15664,5,Tech Enthusiasts
15665,2,Traditional Shoppers
15666,6,Large Families
15667,5,Tech Enthusiasts
15668,3,Vegetarians
15669,2,Traditional Shoppers
15670,2,Traditional Shoppers
15671,6,Large Families
15672,6,Large Families
15675,0,Value Seekers
15677,3,Vegetarians
15678,7,Loyal Explorers
15679,0,Value Seekers
15680,6,Large Families
15681,3,Vegetarians
15682,3,Vegetarians
15683,5,Tech Enthusiasts
15684,6,Large Families
15687,7,Loyal Explorers
15688,0,Value Seekers
15689,6,Large Families
15691,4,Promotion Hunters
15692,4,Promotion Hunters
15693,1,Wellness
15694,1,Wellness
15696,5,Tech Enthusiasts
15697,2,Traditional Shoppers
15698,6,Large Families
15700,5,Tech Enthusiasts
15701,2,Traditional Shoppers
15702,5,Tech Enthusiasts
15703,5,Tech Enthusiasts
15704,5,Tech Enthusiasts
15705,1,Wellness
15706,0,Value Seekers
15707,3,Vegetarians
15708,5,Tech Enthusiasts
15709,1,Wellness
15710,2,Traditional Shoppers
15711,2,Traditional Shoppers
15712,5,Tech Enthusiasts
15713,2,Traditional Shoppers
15714,7,Loyal Explorers
15716,6,Large Families
15717,7,Loyal Explorers
15718,1,Wellness
15719,6,Large Families
15720,2,Traditional Shoppers
15721,2,Traditional Shoppers
15722,4,Promotion Hunters
15723,2,Traditional Shoppers
15724,0,Value Seekers
15725,3,Vegetarians
15726,6,Large Families
15727,6,Large Families
15729,2,Traditional Shoppers
15730,2,Traditional Shoppers
15732,2,Traditional Shoppers
15734,6,Large Families
15735,2,Traditional Shoppers
15736,0,Value Seekers
15737,4,Promotion Hunters
15738,7,Loyal Explorers
15739,5,Tech Enthusiasts
15741,1,Wellness
15743,1,Wellness
15744,6,Large Families
15745,7,Loyal Explorers
15746,7,Loyal Explorers
15747,1,Wellness
15750,3,Vegetarians
15751,4,Promotion Hunters
15752,2,Traditional Shoppers
15753,4,Promotion Hunters
15754,0,Value Seekers
15755,1,Wellness
15756,7,Loyal Explorers
15758,1,Wellness
15759,0,Value Seekers
15761,4,Promotion Hunters
15762,2,Traditional Shoppers
15763,2,Traditional Shoppers
15764,4,Promotion Hunters
15765,1,Wellness
15766,2,Traditional Shoppers
15767,1,Wellness
15768,6,Large Families
15769,6,Large Families
15771,1,Wellness
15772,0,Value Seekers
15773,1,Wellness
15774,0,Value Seekers
15775,2,Traditional Shoppers
15776,5,Tech Enthusiasts
15777,5,Tech Enthusiasts
15778,3,Vegetarians
15779,3,Vegetarians
15781,6,Large Families
15782,7,Loyal Explorers
15783,3,Vegetarians
15784,4,Promotion Hunters
15785,2,Traditional Shoppers
15786,3,Vegetarians
15787,0,Value Seekers
15788,3,Vegetarians
15791,5,Tech Enthusiasts
15792,0,Value Seekers
15793,5,Tech Enthusiasts
15795,3,Vegetarians
15796,2,Traditional Shoppers
15797,1,Wellness
15798,5,Tech Enthusiasts
15800,7,Loyal Explorers
15801,4,Promotion Hunters
15802,4,Promotion Hunters
15804,5,Tech Enthusiasts
15805,7,Loyal Explorers
15806,1,Wellness
15807,1,Wellness
15808,5,Tech Enthusiasts
15809,2,Traditional Shoppers
15811,7,Loyal Explorers
15813,2,Traditional Shoppers
15814,3,Vegetarians
15815,3,Vegetarians
15816,6,Large Families
15817,1,Wellness
15818,1,Wellness
15819,6,Large Families
15820,5,Tech Enthusiasts
15821,2,Traditional Shoppers
15822,4,Promotion Hunters
15823,0,Value Seekers
15824,0,Value Seekers
15825,4,Promotion Hunters
15826,7,Loyal Explorers
15828,6,Large Families
15830,4,Promotion Hunters
15831,2,Traditional Shoppers
15832,4,Promotion Hunters
15833,1,Wellness
15834,7,Loyal Explorers
15835,6,Large Families
15838,2,Traditional Shoppers
15839,6,Large Families
15840,6,Large Families
15841,5,Tech Enthusiasts
15842,6,Large Families
15844,1,Wellness
15845,7,Loyal Explorers
15846,5,Tech Enthusiasts
15847,2,Traditional Shoppers
15849,5,Tech Enthusiasts
15850,7,Loyal Explorers
15851,1,Wellness
15852,6,Large Families
15854,3,Vegetarians
15857,2,Traditional Shoppers
15858,4,Promotion Hunters
15859,1,Wellness
15861,1,Wellness
15862,5,Tech Enthusiasts
15863,2,Traditional Shoppers
15865,2,Traditional Shoppers
15866,4,Promotion Hunters
15867,5,Tech Enthusiasts
15868,0,Value Seekers
15869,0,Value Seekers
15870,1,Wellness
15871,6,Large Families
15872,0,Value Seekers
15873,6,Large Families
15874,5,Tech Enthusiasts
15875,2,Traditional Shoppers
15876,2,Traditional Shoppers
15877,2,Traditional Shoppers
15878,3,Vegetarians
15879,4,Promotion Hunters
15880,2,Traditional Shoppers
15881,4,Promotion Hunters
15883,3,Vegetarians
15884,3,Vegetarians
15885,0,Value Seekers
15886,5,Tech Enthusiasts
15889,4,Promotion Hunters
15890,5,Tech Enthusiasts
15891,2,Traditional Shoppers
15892,0,Value Seekers
15893,5,Tech Enthusiasts
15894,1,Wellness
15896,4,Promotion Hunters
15897,0,Value Seekers
15898,0,Value Seekers
15899,6,Large Families
15900,6,Large Families
15902,1,Wellness
15903,6,Large Families
15904,3,Vegetarians
15906,5,Tech Enthusiasts
15907,5,Tech Enthusiasts
15908,6,Large Families
15909,2,Traditional Shoppers
15910,3,Vegetarians
15912,0,Value Seekers
15913,6,Large Families
15914,4,Promotion Hunters
15915,6,Large Families
15916,5,Tech Enthusiasts
15917,2,Traditional Shoppers
15919,1,Wellness
15920,1,Wellness
15921,3,Vegetarians
15922,3,Vegetarians
15924,3,Vegetarians
15925,3,Vegetarians
15926,4,Promotion Hunters
15927,4,Promotion Hunters
15928,2,Traditional Shoppers
15930,2,Traditional Shoppers
15931,3,Vegetarians
15932,5,Tech Enthusiasts
15933,5,Tech Enthusiasts
15934,7,Loyal Explorers
15935,0,Value Seekers
15936,1,Wellness
15938,4,Promotion Hunters
15939,6,Large Families
15940,0,Value Seekers
15941,4,Promotion Hunters
15942,4,Promotion Hunters
15943,3,Vegetarians
15944,5,Tech Enthusiasts
15945,1,Wellness
15946,7,Loyal Explorers
15947,1,Wellness
15948,4,Promotion Hunters
15949,6,Large Families
15951,0,Value Seekers
15952,4,Promotion Hunters
15953,6,Large Families
15954,3,Vegetarians
15955,6,Large Families
15956,1,Wellness
15957,6,Large Families
15959,5,Tech Enthusiasts
15960,0,Value Seekers
15961,0,Value Seekers
15962,5,Tech Enthusiasts
15963,3,Vegetarians
15964,4,Promotion Hunters
15965,6,Large Families
15966,6,Large Families
15967,2,Traditional Shoppers
15968,4,Promotion Hunters
15969,4,Promotion Hunters
15970,6,Large Families
15972,7,Loyal Explorers
15973,1,Wellness
15974,7,Loyal Explorers
15975,6,Large Families
15977,4,Promotion Hunters
15978,3,Vegetarians
15979,7,Loyal Explorers
15980,2,Traditional Shoppers
15983,2,Traditional Shoppers
15984,2,Traditional Shoppers
15985,0,Value Seekers
15986,5,Tech Enthusiasts
15987,2,Traditional Shoppers
15988,0,Value Seekers
15989,2,Traditional Shoppers
15991,6,Large Families
15992,3,Vegetarians
15993,0,Value Seekers
15994,3,Vegetarians
15995,4,Promotion Hunters
15997,1,Wellness
15998,0,Value Seekers
16000,6,Large Families
16001,3,Vegetarians
16002,1,Wellness
16003,0,Value Seekers
16004,7,Loyal Explorers
16006,6,Large Families
16007,2,Traditional Shoppers
16008,6,Large Families
16009,1,Wellness
16010,6,Large Families
16011,3,Vegetarians
16012,7,Loyal Explorers
16013,2,Traditional Shoppers
16014,2,Traditional Shoppers
16015,3,Vegetarians
16016,0,Value Seekers
16018,1,Wellness
16019,4,Promotion Hunters
16020,2,Traditional Shoppers
16021,1,Wellness
16022,7,Loyal Explorers
16025,2,Traditional Shoppers
16026,4,Promotion Hunters
16029,6,Large Families
16030,0,Value Seekers
16031,7,Loyal Explorers
16033,2,Traditional Shoppers
16034,4,Promotion Hunters
16035,6,Large Families
16036,2,Traditional Shoppers
16037,1,Wellness
16038,6,Large Families
16039,4,Promotion Hunters
16040,2,Traditional Shoppers
16041,4,Promotion Hunters
16042,6,Large Families
16043,4,Promotion Hunters
16044,2,Traditional Shoppers
16045,3,Vegetarians
16046,1,Wellness
16049,3,Vegetarians
16050,6,Large Families
16051,0,Value Seekers
16052,3,Vegetarians
16053,7,Loyal Explorers
16054,4,Promotion Hunters
16055,3,Vegetarians
16056,2,Traditional Shoppers
16057,5,Tech Enthusiasts
16059,5,Tech Enthusiasts
16060,3,Vegetarians
16062,7,Loyal Explorers
16063,1,Wellness
16064,2,Traditional Shoppers
16065,2,Traditional Shoppers
16066,0,Value Seekers
16067,3,Vegetarians
16068,0,Value Seekers
16070,7,Loyal Explorers
16071,4,Promotion Hunters
16073,5,Tech Enthusiasts
16074,5,Tech Enthusiasts
16075,3,Vegetarians
16076,6,Large Families
16077,1,Wellness
16078,2,Traditional Shoppers
16079,3,Vegetarians
16080,0,Value Seekers
16081,4,Promotion Hunters
16082,2,Traditional Shoppers
16083,5,Tech Enthusiasts
16084,4,Promotion Hunters
16085,2,Traditional Shoppers
16086,2,Traditional Shoppers
16087,4,Promotion Hunters
16088,7,Loyal Explorers
16089,5,Tech Enthusiasts
16090,5,Tech Enthusiasts
16091,2,Traditional Shoppers
16092,4,Promotion Hunters
16094,5,Tech Enthusiasts
16096,7,Loyal Explorers
16097,2,Traditional Shoppers
16098,7,Loyal Explorers
16099,4,Promotion Hunters
16100,3,Vegetarians
16102,7,Loyal Explorers
16103,7,Loyal Explorers
16105,0,Value Seekers
16106,6,Large Families
16107,6,Large Families
16108,3,Vegetarians
16109,2,Traditional Shoppers
16110,3,Vegetarians
16111,7,Loyal Explorers
16112,3,Vegetarians
16113,2,Traditional Shoppers
16114,1,Wellness
16115,5,Tech Enthusiasts
16116,7,Loyal Explorers
16117,4,Promotion Hunters
16118,2,Traditional Shoppers
16119,6,Large Families
16120,5,Tech Enthusiasts
16121,1,Wellness
16122,2,Traditional Shoppers
16123,2,Traditional Shoppers
16124,2,Traditional Shoppers
16125,0,Value Seekers
16126,5,Tech Enthusiasts
16127,5,Tech Enthusiasts
16128,4,Promotion Hunters
16129,2,Traditional Shoppers
16130,4,Promotion Hunters
16131,2,Traditional Shoppers
16132,6,Large Families
16133,7,Loyal Explorers
16134,6,Large Families
16135,5,Tech Enthusiasts
16137,2,Traditional Shoppers
16138,3,Vegetarians
16139,1,Wellness
16140,2,Traditional Shoppers
16141,0,Value Seekers
16142,6,Large Families
16143,0,Value Seekers
16144,5,Tech Enthusiasts
16145,4,Promotion Hunters
16146,6,Large Families
16147,4,Promotion Hunters
16148,0,Value Seekers
16149,3,Vegetarians
16150,2,Traditional Shoppers
16151,1,Wellness
16155,2,Traditional Shoppers
16156,5,Tech Enthusiasts
16157,2,Traditional Shoppers
16158,1,Wellness
16159,3,Vegetarians
16160,1,Wellness
16161,3,Vegetarians
16163,7,Loyal Explorers
16164,6,Large Families
16165,7,Loyal Explorers
16168,2,Traditional Shoppers
16170,2,Traditional Shoppers
16171,7,Loyal Explorers
16173,6,Large Families
16174,2,Traditional Shoppers
16175,5,Tech Enthusiasts
16176,7,Loyal Explorers
16180,1,Wellness
16181,2,Traditional Shoppers
16182,5,Tech Enthusiasts
16185,1,Wellness
16186,2,Traditional Shoppers
16187,7,Loyal Explorers
16188,4,Promotion Hunters
16189,4,Promotion Hunters
16191,2,Traditional Shoppers
16192,2,Traditional Shoppers
16193,7,Loyal Explorers
16194,6,Large Families
16195,7,Loyal Explorers
16196,4,Promotion Hunters
16197,1,Wellness
16198,2,Traditional Shoppers
16199,1,Wellness
16201,0,Value Seekers
16202,1,Wellness
16203,4,Promotion Hunters
16204,4,Promotion Hunters
16205,3,Vegetarians
16206,5,Tech Enthusiasts
16207,7,Loyal Explorers
16208,6,Large Families
16209,3,Vegetarians
16211,1,Wellness
16213,4,Promotion Hunters
16215,2,Traditional Shoppers
16217,2,Traditional Shoppers
16218,4,Promotion Hunters
16219,5,Tech Enthusiasts
16220,4,Promotion Hunters
16221,1,Wellness
16223,7,Loyal Explorers
16224,1,Wellness
16225,6,Large Families
16226,7,Loyal Explorers
16227,5,Tech Enthusiasts
16228,2,Traditional Shoppers
16230,0,Value Seekers
16232,7,Loyal Explorers
16233,3,Vegetarians
16235,5,Tech Enthusiasts
16236,6,Large Families
16237,2,Traditional Shoppers
16238,2,Traditional Shoppers
16239,1,Wellness
16240,2,Traditional Shoppers
16241,4,Promotion Hunters
16242,2,Traditional Shoppers
16243,2,Traditional Shoppers
16244,4,Promotion Hunters
16246,4,Promotion Hunters
16247,6,Large Families
16248,2,Traditional Shoppers
16249,3,Vegetarians
16250,0,Value Seekers
16251,2,Traditional Shoppers
16252,5,Tech Enthusiasts
16253,0,Value Seekers
16255,3,Vegetarians
16256,5,Tech Enthusiasts
16257,5,Tech Enthusiasts
16258,6,Large Families
16259,6,Large Families
16260,7,Loyal Explorers
16261,3,Vegetarians
16262,3,Vegetarians
16263,2,Traditional Shoppers
16264,6,Large Families
16265,7,Loyal Explorers
16266,5,Tech Enthusiasts
16267,5,Tech Enthusiasts
16268,6,Large Families
16269,4,Promotion Hunters
16271,1,Wellness
16272,2,Traditional Shoppers
16273,2,Traditional Shoppers
16274,2,Traditional Shoppers
16277,3,Vegetarians
16278,0,Value Seekers
16279,1,Wellness
16280,0,Value Seekers
16281,2,Traditional Shoppers
16282,2,Traditional Shoppers
16283,2,Traditional Shoppers
16284,2,Traditional Shoppers
16285,6,Large Families
16286,2,Traditional Shoppers
16287,7,Loyal Explorers
16288,2,Traditional Shoppers
16289,2,Traditional Shoppers
16291,6,Large Families
16292,3,Vegetarians
16294,1,Wellness
16295,3,Vegetarians
16297,0,Value Seekers
16298,7,Loyal Explorers
16299,5,Tech Enthusiasts
16300,6,Large Families
16301,2,Traditional Shoppers
16302,2,Traditional Shoppers
16303,4,Promotion Hunters
16304,1,Wellness
16305,4,Promotion Hunters
16306,0,Value Seekers
16307,5,Tech Enthusiasts
16308,7,Loyal Explorers
16309,6,Large Families
16311,1,Wellness
16312,5,Tech Enthusiasts
16313,2,Traditional Shoppers
16314,0,Value Seekers
16315,0,Value Seekers
16317,7,Loyal Explorers
16318,2,Traditional Shoppers
16319,3,Vegetarians
16320,4,Promotion Hunters
16322,2,Traditional Shoppers
16323,6,Large Families
16324,7,Loyal Explorers
16325,4,Promotion Hunters
16328,3,Vegetarians
16329,6,Large Families
16330,5,Tech Enthusiasts
16334,2,Traditional Shoppers
16335,3,Vegetarians
16336,0,Value Seekers
16337,4,Promotion Hunters
16339,0,Value Seekers
16340,5,Tech Enthusiasts
16341,4,Promotion Hunters
16342,4,Promotion Hunters
16343,6,Large Families
16344,2,Traditional Shoppers
16345,1,Wellness
16346,1,Wellness
16347,1,Wellness
16348,4,Promotion Hunters
16349,2,Traditional Shoppers
16350,6,Large Families
16352,6,Large Families
16353,5,Tech Enthusiasts
16354,2,Traditional Shoppers
16355,5,Tech Enthusiasts
16356,2,Traditional Shoppers
16357,6,Large Families
16359,1,Wellness
16360,5,Tech Enthusiasts
16361,0,Value Seekers
16362,6,Large Families
16363,7,Loyal Explorers
16364,6,Large Families
16365,4,Promotion Hunters
16367,6,Large Families
16368,6,Large Families
16369,6,Large Families
16370,4,Promotion Hunters
16371,6,Large Families
16372,6,Large Families
16373,1,Wellness
16374,7,Loyal Explorers
16375,7,Loyal Explorers
16376,2,Traditional Shoppers
16377,1,Wellness
16380,1,Wellness
16381,5,Tech Enthusiasts
16383,6,Large Families
16384,0,Value Seekers
16386,6,Large Families
16387,2,Traditional Shoppers
16388,0,Value Seekers
16389,4,Promotion Hunters
16390,6,Large Families
16391,2,Traditional Shoppers
16392,7,Loyal Explorers
16393,0,Value Seekers
16394,6,Large Families
16395,3,Vegetarians
16396,5,Tech Enthusiasts
16397,2,Traditional Shoppers
16399,3,Vegetarians
16400,0,Value Seekers
16401,3,Vegetarians
16402,1,Wellness
16403,3,Vegetarians
16404,3,Vegetarians
16405,3,Vegetarians
16406,1,Wellness
16408,2,Traditional Shoppers
16409,6,Large Families
16412,6,Large Families
16413,3,Vegetarians
16414,0,Value Seekers
16415,6,Large Families
16418,6,Large Families
16420,5,Tech Enthusiasts
16424,1,Wellness
16426,1,Wellness
16428,1,Wellness
16429,1,Wellness
16430,3,Vegetarians
16431,6,Large Families
16432,6,Large Families
16433,7,Loyal Explorers
16434,0,Value Seekers
16436,2,Traditional Shoppers
16437,1,Wellness
16439,0,Value Seekers
16441,2,Traditional Shoppers
16442,2,Traditional Shoppers
16443,1,Wellness
16444,5,Tech Enthusiasts
16446,7,Loyal Explorers
16447,5,Tech Enthusiasts
16448,7,Loyal Explorers
16449,2,Traditional Shoppers
16451,2,Traditional Shoppers
16452,1,Wellness
16453,2,Traditional Shoppers
16454,2,Traditional Shoppers
16455,6,Large Families
16456,1,Wellness
16457,1,Wellness
16459,2,Traditional Shoppers
16461,6,Large Families
16462,3,Vegetarians
16463,0,Value Seekers
16464,4,Promotion Hunters
16465,2,Traditional Shoppers
16467,5,Tech Enthusiasts
16468,2,Traditional Shoppers
16469,2,Traditional Shoppers
16470,0,Value Seekers
16471,6,Large Families
16472,6,Large Families
16473,2,Traditional Shoppers
16474,2,Traditional Shoppers
16475,6,Large Families
16476,5,Tech Enthusiasts
16477,2,Traditional Shoppers
16478,4,Promotion Hunters
16480,3,Vegetarians
16481,4,Promotion Hunters
16482,0,Value Seekers
16483,5,Tech Enthusiasts
16484,2,Traditional Shoppers
16485,5,Tech Enthusiasts
16486,6,Large Families
16487,1,Wellness
16488,6,Large Families
16489,0,Value Seekers
16490,7,Loyal Explorers
16491,3,Vegetarians
16492,7,Loyal Explorers
16493,6,Large Families
16494,5,Tech Enthusiasts
16495,0,Value Seekers
16496,7,Loyal Explorers
16497,2,Traditional Shoppers
16498,3,Vegetarians
16499,7,Loyal Explorers
16501,6,Large Families
16502,2,Traditional Shoppers
16503,0,Value Seekers
16504,5,Tech Enthusiasts
16505,2,Traditional Shoppers
16507,2,Traditional Shoppers
16508,3,Vegetarians
16509,3,Vegetarians
16510,5,Tech Enthusiasts
16512,5,Tech Enthusiasts
16513,6,Large Families
16514,7,Loyal Explorers
16515,7,Loyal Explorers
16516,5,Tech Enthusiasts
16517,3,Vegetarians
16518,3,Vegetarians
16519,7,Loyal Explorers
16520,6,Large Families
16521,3,Vegetarians
16522,6,Large Families
16523,7,Loyal Explorers
16524,4,Promotion Hunters
16525,2,Traditional Shoppers
16527,4,Promotion Hunters
16528,6,Large Families
16529,3,Vegetarians
16530,3,Vegetarians
16531,1,Wellness
16532,1,Wellness
16533,5,Tech Enthusiasts
16534,0,Value Seekers
16536,6,Large Families
16538,1,Wellness
16539,1,Wellness
16540,4,Promotion Hunters
16541,2,Traditional Shoppers
16542,7,Loyal Explorers
16543,6,Large Families
16544,0,Value Seekers
16545,7,Loyal Explorers
16547,4,Promotion Hunters
16548,0,Value Seekers
16549,5,Tech Enthusiasts
16551,5,Tech Enthusiasts
16553,5,Tech Enthusiasts
16554,5,Tech Enthusiasts
16556,2,Traditional Shoppers
16557,2,Traditional Shoppers
16558,7,Loyal Explorers
16559,5,Tech Enthusiasts
16561,5,Tech Enthusiasts
16563,6,Large Families
16564,6,Large Families
16566,3,Vegetarians
16568,7,Loyal Explorers
16569,0,Value Seekers
16571,2,Traditional Shoppers
16572,1,Wellness
16573,6,Large Families
16575,6,Large Families
16576,2,Traditional Shoppers
16578,3,Vegetarians
16579,1,Wellness
16581,4,Promotion Hunters
16582,2,Traditional Shoppers
16583,0,Value Seekers
16584,3,Vegetarians
16585,3,Vegetarians
16586,6,Large Families
16587,6,Large Families
16588,4,Promotion Hunters
16589,2,Traditional Shoppers
16591,6,Large Families
16593,7,Loyal Explorers
16594,0,Value Seekers
16595,2,Traditional Shoppers
16596,1,Wellness
16597,0,Value Seekers
16598,2,Traditional Shoppers
16599,3,Vegetarians
16600,2,Traditional Shoppers
16601,2,Traditional Shoppers
16602,3,Vegetarians
16603,7,Loyal Explorers
16604,1,Wellness
16606,2,Traditional Shoppers
16607,6,Large Families
16608,5,Tech Enthusiasts
16609,3,Vegetarians
16610,1,Wellness
16612,6,Large Families
16615,0,Value Seekers
16616,0,Value Seekers
16617,6,Large Families
16618,2,Traditional Shoppers
16619,3,Vegetarians
16620,3,Vegetarians
16621,1,Wellness
16622,6,Large Families
16623,2,Traditional Shoppers
16625,5,Tech Enthusiasts
16626,7,Loyal Explorers
16627,4,Promotion Hunters
16628,2,Traditional Shoppers
16629,2,Traditional Shoppers
16630,3,Vegetarians
16632,5,Tech Enthusiasts
16633,7,Loyal Explorers
16634,3,Vegetarians
16635,3,Vegetarians
16636,2,Traditional Shoppers
16637,5,Tech Enthusiasts
16638,5,Tech Enthusiasts
16639,2,Traditional Shoppers
16640,0,Value Seekers
16641,0,Value Seekers
16642,2,Traditional Shoppers
16643,2,Traditional Shoppers
16644,6,Large Families
16645,1,Wellness
16646,1,Wellness
16648,7,Loyal Explorers
16650,7,Loyal Explorers
16652,5,Tech Enthusiasts
16653,5,Tech Enthusiasts
16654,1,Wellness
16655,2,Traditional Shoppers
16656,3,Vegetarians
16657,3,Vegetarians
16658,7,Loyal Explorers
16659,1,Wellness
16660,6,Large Families
16662,6,Large Families
16664,4,Promotion Hunters
16665,4,Promotion Hunters
16666,5,Tech Enthusiasts
16667,5,Tech Enthusiasts
16669,2,Traditional Shoppers
16670,3,Vegetarians
16671,4,Promotion Hunters
16672,6,Large Families
16673,2,Traditional Shoppers
16675,7,Loyal Explorers
16677,7,Loyal Explorers
16678,4,Promotion Hunters
16680,4,Promotion Hunters
16681,4,Promotion Hunters
16682,7,Loyal Explorers
16683,6,Large Families
16684,4,Promotion Hunters
16685,4,Promotion Hunters
16686,4,Promotion Hunters
16687,2,Traditional Shoppers
16688,4,Promotion Hunters
16690,6,Large Families
16691,3,Vegetarians
16692,4,Promotion Hunters
16693,6,Large Families
16697,7,Loyal Explorers
16699,3,Vegetarians
16700,0,Value Seekers
16701,7,Loyal Explorers
16702,0,Value Seekers
16703,3,Vegetarians
16705,2,Traditional Shoppers
16706,6,Large Families
16707,3,Vegetarians
16708,5,Tech Enthusiasts
16709,1,Wellness
16710,0,Value Seekers
16711,4,Promotion Hunters
16712,4,Promotion Hunters
16713,3,Vegetarians
16715,2,Traditional Shoppers
16716,6,Large Families
16717,1,Wellness
16718,0,Value Seekers
16719,1,Wellness
16720,2,Traditional Shoppers
16723,6,Large Families
16724,2,Traditional Shoppers
16725,7,Loyal Explorers
16726,3,Vegetarians
16728,5,Tech Enthusiasts
16729,4,Promotion Hunters
16730,2,Traditional Shoppers
16731,4,Promotion Hunters
16732,2,Traditional Shoppers
16733,1,Wellness
16734,7,Loyal Explorers
16736,1,Wellness
16737,6,Large Families
16738,6,Large Families
16740,3,Vegetarians
16742,5,Tech Enthusiasts
16743,1,Wellness
16744,0,Value Seekers
16745,4,Promotion Hunters
16746,7,Loyal Explorers
16747,1,Wellness
16748,7,Loyal Explorers
16749,3,Vegetarians
16750,7,Loyal Explorers
16751,0,Value Seekers
16752,0,Value Seekers
16753,2,Traditional Shoppers
16754,1,Wellness
16755,2,Traditional Shoppers
16758,5,Tech Enthusiasts
16759,2,Traditional Shoppers
16760,2,Traditional Shoppers
16761,7,Loyal Explorers
16762,7,Loyal Explorers
16764,4,Promotion Hunters
16765,7,Loyal Explorers
16768,3,Vegetarians
16769,2,Traditional Shoppers
16770,3,Vegetarians
16771,2,Traditional Shoppers
16772,4,Promotion Hunters
16773,0,Value Seekers
16774,4,Promotion Hunters
16775,2,Traditional Shoppers
16777,4,Promotion Hunters
16778,7,Loyal Explorers
16780,4,Promotion Hunters
16781,1,Wellness
16782,3,Vegetarians
16783,1,Wellness
16786,7,Loyal Explorers
16787,0,Value Seekers
16788,1,Wellness
16789,6,Large Families
16791,1,Wellness
16792,4,Promotion Hunters
16793,6,Large Families
16795,3,Vegetarians
16796,6,Large Families
16797,2,Traditional Shoppers
16798,3,Vegetarians
16799,4,Promotion Hunters
16800,3,Vegetarians
16801,6,Large Families
16803,3,Vegetarians
16804,4,Promotion Hunters
16805,2,Traditional Shoppers
16806,1,Wellness
16807,1,Wellness
16808,6,Large Families
16810,3,Vegetarians
16811,3,Vegetarians
16812,4,Promotion Hunters
16813,2,Traditional Shoppers
16814,3,Vegetarians
16815,3,Vegetarians
16816,2,Traditional Shoppers
16817,3,Vegetarians
16818,4,Promotion Hunters
16819,3,Vegetarians
16821,6,Large Families
16823,6,Large Families
16824,0,Value Seekers
16826,5,Tech Enthusiasts
16827,2,Traditional Shoppers
16828,3,Vegetarians
16829,0,Value Seekers
16830,2,Traditional Shoppers
16831,3,Vegetarians
16832,1,Wellness
16833,5,Tech Enthusiasts
16834,7,Loyal Explorers
16835,6,Large Families
16836,2,Traditional Shoppers
16837,1,Wellness
16838,4,Promotion Hunters
16839,4,Promotion Hunters
16840,2,Traditional Shoppers
16841,3,Vegetarians
16842,3,Vegetarians
16844,2,Traditional Shoppers
16846,5,Tech Enthusiasts
16847,2,Traditional Shoppers
16848,7,Loyal Explorers
16849,2,Traditional Shoppers
16850,6,Large Families
16851,2,Traditional Shoppers
16852,0,Value Seekers
16853,6,Large Families
16854,6,Large Families
16856,4,Promotion Hunters
16857,1,Wellness
16859,3,Vegetarians
16862,3,Vegetarians
16863,7,Loyal Explorers
16864,0,Value Seekers
16865,0,Value Seekers
16866,3,Vegetarians
16868,2,Traditional Shoppers
16869,0,Value Seekers
16871,4,Promotion Hunters
16872,1,Wellness
16873,3,Vegetarians
16874,2,Traditional Shoppers
16875,5,Tech Enthusiasts
16876,6,Large Families
16877,5,Tech Enthusiasts
16878,6,Large Families
16879,4,Promotion Hunters
16880,3,Vegetarians
16881,5,Tech Enthusiasts
16882,2,Traditional Shoppers
16884,2,Traditional Shoppers
16885,2,Traditional Shoppers
16886,5,Tech Enthusiasts
16888,4,Promotion Hunters
16889,0,Value Seekers
16890,6,Large Families
16891,2,Traditional Shoppers
16892,5,Tech Enthusiasts
16893,4,Promotion Hunters
16894,6,Large Families
16895,1,Wellness
16896,6,Large Families
16897,7,Loyal Explorers
16898,2,Traditional Shoppers
16899,4,Promotion Hunters
16900,3,Vegetarians
16901,6,Large Families
16902,6,Large Families
16903,4,Promotion Hunters
16904,3,Vegetarians
16905,1,Wellness
16906,3,Vegetarians
16907,5,Tech Enthusiasts
16909,6,Large Families
16910,7,Loyal Explorers
16911,6,Large Families
16912,0,Value Seekers
16913,6,Large Families
16914,6,Large Families
16915,6,Large Families
16916,1,Wellness
16917,0,Value Seekers
16920,2,Traditional Shoppers
16921,2,Traditional Shoppers
16922,0,Value Seekers
16923,0,Value Seekers
16925,0,Value Seekers
16926,1,Wellness
16927,6,Large Families
16928,6,Large Families
16929,5,Tech Enthusiasts
16930,5,Tech Enthusiasts
16931,6,Large Families
16932,1,Wellness
16933,0,Value Seekers
16934,3,Vegetarians
16935,4,Promotion Hunters
16936,1,Wellness
16937,4,Promotion Hunters
16938,1,Wellness
16939,6,Large Families
16940,3,Vegetarians
16941,6,Large Families
16942,7,Loyal Explorers
16943,2,Traditional Shoppers
16944,7,Loyal Explorers
16945,4,Promotion Hunters
16946,2,Traditional Shoppers
16947,2,Traditional Shoppers
16948,2,Traditional Shoppers
16949,6,Large Families
16950,5,Tech Enthusiasts
16951,4,Promotion Hunters
16952,6,Large Families
16953,2,Traditional Shoppers
16954,0,Value Seekers
16956,2,Traditional Shoppers
16957,4,Promotion Hunters
16958,7,Loyal Explorers
16959,2,Traditional Shoppers
16960,3,Vegetarians
16962,1,Wellness
16963,2,Traditional Shoppers
16964,2,Traditional Shoppers
16965,7,Loyal Explorers
16967,1,Wellness
16968,5,Tech Enthusiasts
16969,7,Loyal Explorers
16970,6,Large Families
16971,1,Wellness
16972,5,Tech Enthusiasts
16973,2,Traditional Shoppers
16974,7,Loyal Explorers
16975,3,Vegetarians
16976,5,Tech Enthusiasts
16977,3,Vegetarians
16978,1,Wellness
16979,0,Value Seekers
16980,3,Vegetarians
16982,0,Value Seekers
16983,4,Promotion Hunters
16984,0,Value Seekers
16985,4,Promotion Hunters
16986,0,Value Seekers
16987,0,Value Seekers
16988,7,Loyal Explorers
16989,3,Vegetarians
16990,0,Value Seekers
16991,2,Traditional Shoppers
16992,1,Wellness
16993,2,Traditional Shoppers
16994,6,Large Families
16996,1,Wellness
16997,6,Large Families
16998,4,Promotion Hunters
16999,2,Traditional Shoppers
17000,5,Tech Enthusiasts
17001,6,Large Families
17002,5,Tech Enthusiasts
17003,6,Large Families
17004,1,Wellness
17006,0,Value Seekers
17007,1,Wellness
17008,3,Vegetarians
17009,5,Tech Enthusiasts
17010,1,Wellness
17011,6,Large Families
17012,2,Traditional Shoppers
17013,2,Traditional Shoppers
17014,5,Tech Enthusiasts
17015,6,Large Families
17016,4,Promotion Hunters
17017,1,Wellness
17018,4,Promotion Hunters
17019,6,Large Families
17020,1,Wellness
17022,1,Wellness
17023,6,Large Families
17024,4,Promotion Hunters
17025,6,Large Families
17026,6,Large Families
17028,5,Tech Enthusiasts
17030,2,Traditional Shoppers
17031,2,Traditional Shoppers
17032,5,Tech Enthusiasts
17033,3,Vegetarians
17034,7,Loyal Explorers
17035,5,Tech Enthusiasts
17037,2,Traditional Shoppers
17038,0,Value Seekers
17040,5,Tech Enthusiasts
17041,1,Wellness
17042,1,Wellness
17043,0,Value Seekers
17044,2,Traditional Shoppers
17045,0,Value Seekers
17046,1,Wellness
17047,2,Traditional Shoppers
17048,6,Large Families
17049,3,Vegetarians
17050,4,Promotion Hunters
17051,2,Traditional Shoppers
17052,2,Traditional Shoppers
17053,7,Loyal Explorers
17055,2,Traditional Shoppers
17058,3,Vegetarians
17059,0,Value Seekers
17060,1,Wellness
17061,6,Large Families
17062,2,Traditional Shoppers
17063,0,Value Seekers
17064,7,Loyal Explorers
17065,2,Traditional Shoppers
17066,6,Large Families
17067,4,Promotion Hunters
17068,3,Vegetarians
17069,6,Large Families
17070,6,Large Families
17072,6,Large Families
17073,3,Vegetarians
17074,7,Loyal Explorers
17075,2,Traditional Shoppers
17076,3,Vegetarians
17078,3,Vegetarians
17079,6,Large Families
17080,0,Value Seekers
17083,4,Promotion Hunters
17084,6,Large Families
17086,2,Traditional Shoppers
17087,4,Promotion Hunters
17088,7,Loyal Explorers
17089,0,Value Seekers
17090,4,Promotion Hunters
17091,6,Large Families
17092,6,Large Families
17093,3,Vegetarians
17094,6,Large Families
17095,6,Large Families
17096,4,Promotion Hunters
17097,3,Vegetarians
17098,0,Value Seekers
17099,3,Vegetarians
17100,0,Value Seekers
17101,5,Tech Enthusiasts
17103,1,Wellness
17104,1,Wellness
17105,6,Large Families
17107,2,Traditional Shoppers
17108,3,Vegetarians
17109,2,Traditional Shoppers
17110,7,Loyal Explorers
17111,3,Vegetarians
17112,5,Tech Enthusiasts
17113,7,Loyal Explorers
17114,2,Traditional Shoppers
17115,4,Promotion Hunters
17116,2,Traditional Shoppers
17117,6,Large Families
17118,7,Loyal Explorers
17119,1,Wellness
17120,4,Promotion Hunters
17121,3,Vegetarians
17122,2,Traditional Shoppers
17123,2,Traditional Shoppers
17125,7,Loyal Explorers
17127,4,Promotion Hunters
17129,1,Wellness
17130,2,Traditional Shoppers
17131,0,Value Seekers
17132,2,Traditional Shoppers
17133,3,Vegetarians
17134,5,Tech Enthusiasts
17135,2,Traditional Shoppers
17137,2,Traditional Shoppers
17138,6,Large Families
17140,5,Tech Enthusiasts
17141,3,Vegetarians
17142,2,Traditional Shoppers
17143,2,Traditional Shoppers
17145,1,Wellness
17146,1,Wellness
17147,5,Tech Enthusiasts
17148,4,Promotion Hunters
17149,1,Wellness
17150,0,Value Seekers
17151,5,Tech Enthusiasts
17152,2,Traditional Shoppers
17153,1,Wellness
17154,3,Vegetarians
17155,3,Vegetarians
17156,1,Wellness
17158,2,Traditional Shoppers
17159,6,Large Families
17160,7,Loyal Explorers
17161,6,Large Families
17162,0,Value Seekers
17163,1,Wellness
17165,2,Traditional Shoppers
17166,4,Promotion Hunters
17167,7,Loyal Explorers
17169,0,Value Seekers
17170,3,Vegetarians
17171,3,Vegetarians
17172,1,Wellness
17173,2,Traditional Shoppers
17174,1,Wellness
17175,5,Tech Enthusiasts
17179,0,Value Seekers
17180,4,Promotion Hunters
17183,6,Large Families
17184,1,Wellness
17185,1,Wellness
17186,2,Traditional Shoppers
17187,7,Loyal Explorers
17188,2,Traditional Shoppers
17189,6,Large Families
17191,1,Wellness
17192,2,Traditional Shoppers
17193,3,Vegetarians
17194,7,Loyal Explorers
17195,2,Traditional Shoppers
17196,4,Promotion Hunters
17197,5,Tech Enthusiasts
17198,4,Promotion Hunters
17199,3,Vegetarians
17200,3,Vegetarians
17201,0,Value Seekers
17202,2,Traditional Shoppers
17203,2,Traditional Shoppers
17204,3,Vegetarians
17205,2,Traditional Shoppers
17208,2,Traditional Shoppers
17209,2,Traditional Shoppers
17210,1,Wellness
17211,5,Tech Enthusiasts
17212,3,Vegetarians
17214,0,Value Seekers
17215,5,Tech Enthusiasts
17216,3,Vegetarians
17219,2,Traditional Shoppers
17220,6,Large Families
17221,0,Value Seekers
17222,0,Value Seekers
17223,6,Large Families
17224,7,Loyal Explorers
17225,6,Large Families
17226,6,Large Families
17228,2,Traditional Shoppers
17230,3,Vegetarians
17231,4,Promotion Hunters
17232,5,Tech Enthusiasts
17233,3,Vegetarians
17234,1,Wellness
17235,1,Wellness
17236,2,Traditional Shoppers
17238,6,Large Families
17239,6,Large Families
17240,3,Vegetarians
17241,1,Wellness
17242,6,Large Families
17243,7,Loyal Explorers
17244,5,Tech Enthusiasts
17245,1,Wellness
17246,7,Loyal Explorers
17247,6,Large Families
17248,6,Large Families
17250,1,Wellness
17253,4,Promotion Hunters
17254,0,Value Seekers
17256,2,Traditional Shoppers
17257,3,Vegetarians
17258,4,Promotion Hunters
17259,5,Tech Enthusiasts
17260,0,Value Seekers
17261,0,Value Seekers
17262,7,Loyal Explorers
17264,6,Large Families
17265,3,Vegetarians
17266,3,Vegetarians
17267,6,Large Families
17268,1,Wellness
17269,6,Large Families
17270,6,Large Families
17271,2,Traditional Shoppers
17272,2,Traditional Shoppers
17273,6,Large Families
17275,2,Traditional Shoppers
17277,6,Large Families
17278,7,Loyal Explorers
17279,6,Large Families
17280,6,Large Families
17281,1,Wellness
17282,1,Wellness
17283,1,Wellness
17284,2,Traditional Shoppers
17286,4,Promotion Hunters
17287,3,Vegetarians
17288,4,Promotion Hunters
17289,5,Tech Enthusiasts
17290,4,Promotion Hunters
17291,1,Wellness
17292,1,Wellness
17294,2,Traditional Shoppers
17295,3,Vegetarians
17296,1,Wellness
17297,7,Loyal Explorers
17298,0,Value Seekers
17300,5,Tech Enthusiasts
17301,5,Tech Enthusiasts
17302,7,Loyal Explorers
17303,7,Loyal Explorers
17304,4,Promotion Hunters
17305,6,Large Families
17306,0,Value Seekers
17307,0,Value Seekers
17308,6,Large Families
17309,7,Loyal Explorers
17311,2,Traditional Shoppers
17312,3,Vegetarians
17313,3,Vegetarians
17314,2,Traditional Shoppers
17315,6,Large Families
17316,4,Promotion Hunters
17317,5,Tech Enthusiasts
17318,2,Traditional Shoppers
17319,5,Tech Enthusiasts
17321,7,Loyal Explorers
17322,1,Wellness
17325,7,Loyal Explorers
17326,0,Value Seekers
17327,7,Loyal Explorers
17328,3,Vegetarians
17329,3,Vegetarians
17330,2,Traditional Shoppers
17332,0,Value Seekers
17333,6,Large Families
17334,2,Traditional Shoppers
17335,6,Large Families
17336,5,Tech Enthusiasts
17339,3,Vegetarians
17340,7,Loyal Explorers
17341,2,Traditional Shoppers
17342,0,Value Seekers
17343,6,Large Families
17344,0,Value Seekers
17345,4,Promotion Hunters
17346,5,Tech Enthusiasts
17347,6,Large Families
17348,5,Tech Enthusiasts
17350,7,Loyal Explorers
17352,2,Traditional Shoppers
17353,6,Large Families
17354,5,Tech Enthusiasts
17355,3,Vegetarians
17356,5,Tech Enthusiasts
17357,3,Vegetarians
17358,0,Value Seekers
17359,3,Vegetarians
17360,7,Loyal Explorers
17361,2,Traditional Shoppers
17362,5,Tech Enthusiasts
17363,5,Tech Enthusiasts
17365,0,Value Seekers
17366,5,Tech Enthusiasts
17367,1,Wellness
17369,6,Large Families
17371,2,Traditional Shoppers
17372,3,Vegetarians
17374,1,Wellness
17375,4,Promotion Hunters
17377,6,Large Families
17378,3,Vegetarians
17379,4,Promotion Hunters
17380,2,Traditional Shoppers
17382,3,Vegetarians
17383,1,Wellness
17385,2,Traditional Shoppers
17387,7,Loyal Explorers
17388,6,Large Families
17390,6,Large Families
17391,5,Tech Enthusiasts
17392,0,Value Seekers
17395,3,Vegetarians
17397,1,Wellness
17398,1,Wellness
17399,5,Tech Enthusiasts
17400,7,Loyal Explorers
17401,2,Traditional Shoppers
17402,5,Tech Enthusiasts
17403,0,Value Seekers
17405,0,Value Seekers
17406,0,Value Seekers
17407,3,Vegetarians
17408,3,Vegetarians
17409,4,Promotion Hunters
17410,2,Traditional Shoppers
17411,7,Loyal Explorers
17413,2,Traditional Shoppers
17415,5,Tech Enthusiasts
17416,2,Traditional Shoppers
17417,5,Tech Enthusiasts
17418,6,Large Families
17420,1,Wellness
17421,3,Vegetarians
17422,5,Tech Enthusiasts
17423,5,Tech Enthusiasts
17424,5,Tech Enthusiasts
17425,2,Traditional Shoppers
17426,6,Large Families
17427,0,Value Seekers
17428,6,Large Families
17429,7,Loyal Explorers
17430,4,Promotion Hunters
17432,4,Promotion Hunters
17434,2,Traditional Shoppers
17435,4,Promotion Hunters
17436,6,Large Families
17437,6,Large Families
17438,2,Traditional Shoppers
17439,5,Tech Enthusiasts
17440,6,Large Families
17441,4,Promotion Hunters
17442,7,Loyal Explorers
17443,6,Large Families
17446,2,Traditional Shoppers
17447,1,Wellness
17448,3,Vegetarians
17449,3,Vegetarians
17450,4,Promotion Hunters
17451,0,Value Seekers
17452,2,Traditional Shoppers
17453,2,Traditional Shoppers
17454,3,Vegetarians
17456,5,Tech Enthusiasts
17458,4,Promotion Hunters
17460,7,Loyal Explorers
17461,4,Promotion Hunters
17462,2,Traditional Shoppers
17463,6,Large Families
17464,2,Traditional Shoppers
17466,4,Promotion Hunters
17467,2,Traditional Shoppers
17468,0,Value Seekers
17469,2,Traditional Shoppers
17470,5,Tech Enthusiasts
17471,3,Vegetarians
17472,5,Tech Enthusiasts
17473,0,Value Seekers
17474,3,Vegetarians
17475,5,Tech Enthusiasts
17476,0,Value Seekers
17477,6,Large Families
17478,2,Traditional Shoppers
17479,0,Value Seekers
17480,4,Promotion Hunters
17481,7,Loyal Explorers
17482,1,Wellness
17483,7,Loyal Explorers
17484,2,Traditional Shoppers
17485,4,Promotion Hunters
17486,1,Wellness
17487,6,Large Families
17488,0,Value Seekers
17489,1,Wellness
17490,1,Wellness
17491,2,Traditional Shoppers
17492,3,Vegetarians
17494,2,Traditional Shoppers
17496,5,Tech Enthusiasts
17497,3,Vegetarians
17498,0,Value Seekers
17499,3,Vegetarians
17500,6,Large Families
17501,6,Large Families
17502,4,Promotion Hunters
17503,0,Value Seekers
17504,2,Traditional Shoppers
17505,5,Tech Enthusiasts
17507,3,Vegetarians
17508,2,Traditional Shoppers
17509,0,Value Seekers
17510,6,Large Families
17512,7,Loyal Explorers
17514,1,Wellness
17517,0,Value Seekers
17518,5,Tech Enthusiasts
17519,1,Wellness
17520,7,Loyal Explorers
17521,1,Wellness
17523,0,Value Seekers
17524,2,Traditional Shoppers
17525,6,Large Families
17527,6,Large Families
17528,0,Value Seekers
17529,4,Promotion Hunters
17530,4,Promotion Hunters
17531,7,Loyal Explorers
17532,6,Large Families
17533,1,Wellness
17535,1,Wellness
17536,0,Value Seekers
17537,7,Loyal Explorers
17538,3,Vegetarians
17540,1,Wellness
17541,2,Traditional Shoppers
17542,3,Vegetarians
17543,0,Value Seekers
17546,7,Loyal Explorers
17547,3,Vegetarians
17548,7,Loyal Explorers
17549,3,Vegetarians
17550,6,Large Families
17551,6,Large Families
17552,6,Large Families
17553,3,Vegetarians
17554,2,Traditional Shoppers
17555,6,Large Families
17556,1,Wellness
17557,5,Tech Enthusiasts
17558,0,Value Seekers
17560,2,Traditional Shoppers
17561,1,Wellness
17562,6,Large Families
17563,2,Traditional Shoppers
17564,5,Tech Enthusiasts
17565,0,Value Seekers
17566,2,Traditional Shoppers
17567,3,Vegetarians
17568,4,Promotion Hunters
17570,4,Promotion Hunters
17571,5,Tech Enthusiasts
17572,3,Vegetarians
17573,0,Value Seekers
17574,2,Traditional Shoppers
17575,2,Traditional Shoppers
17577,3,Vegetarians
17578,7,Loyal Explorers
17579,1,Wellness
17580,1,Wellness
17582,3,Vegetarians
17583,2,Traditional Shoppers
17584,1,Wellness
17586,7,Loyal Explorers
17587,3,Vegetarians
17588,3,Vegetarians
17589,1,Wellness
17590,0,Value Seekers
17591,2,Traditional Shoppers
17592,3,Vegetarians
17594,2,Traditional Shoppers
17595,7,Loyal Explorers
17596,3,Vegetarians
17597,2,Traditional Shoppers
17598,3,Vegetarians
17599,1,Wellness
17600,1,Wellness
17601,1,Wellness
17602,3,Vegetarians
17603,2,Traditional Shoppers
17604,5,Tech Enthusiasts
17605,5,Tech Enthusiasts
17606,1,Wellness
17607,3,Vegetarians
17609,5,Tech Enthusiasts
17610,6,Large Families
17611,0,Value Seekers
17612,2,Traditional Shoppers
17613,0,Value Seekers
17614,1,Wellness
17615,7,Loyal Explorers
17617,1,Wellness
17618,0,Value Seekers
17619,0,Value Seekers
17620,1,Wellness
17621,3,Vegetarians
17623,2,Traditional Shoppers
17624,2,Traditional Shoppers
17625,4,Promotion Hunters
17627,3,Vegetarians
17628,7,Loyal Explorers
17629,4,Promotion Hunters
17630,6,Large Families
17631,0,Value Seekers
17632,5,Tech Enthusiasts
17633,6,Large Families
17634,2,Traditional Shoppers
17635,2,Traditional Shoppers
17636,6,Large Families
17637,7,Loyal Explorers
17640,2,Traditional Shoppers
17641,0,Value Seekers
17642,1,Wellness
17643,3,Vegetarians
17644,6,Large Families
17645,1,Wellness
17646,2,Traditional Shoppers
17647,4,Promotion Hunters
17648,2,Traditional Shoppers
17649,7,Loyal Explorers
17651,1,Wellness
17653,7,Loyal Explorers
17654,3,Vegetarians
17655,3,Vegetarians
17656,5,Tech Enthusiasts
17657,7,Loyal Explorers
17658,5,Tech Enthusiasts
17659,3,Vegetarians
17660,2,Traditional Shoppers
17661,6,Large Families
17663,4,Promotion Hunters
17664,6,Large Families
17666,3,Vegetarians
17667,7,Loyal Explorers
17668,2,Traditional Shoppers
17669,3,Vegetarians
17670,2,Traditional Shoppers
17671,2,Traditional Shoppers
17672,1,Wellness
17673,4,Promotion Hunters
17674,6,Large Families
17676,0,Value Seekers
17677,1,Wellness
17678,7,Loyal Explorers
17679,0,Value Seekers
17680,1,Wellness
17681,4,Promotion Hunters
17682,6,Large Families
17683,2,Traditional Shoppers
17684,5,Tech Enthusiasts
17686,3,Vegetarians
17688,6,Large Families
17689,4,Promotion Hunters
17690,6,Large Families
17691,0,Value Seekers
17693,0,Value Seekers
17694,5,Tech Enthusiasts
17695,6,Large Families
17697,2,Traditional Shoppers
17698,6,Large Families
17699,1,Wellness
17700,2,Traditional Shoppers
17701,5,Tech Enthusiasts
17702,1,Wellness
17703,3,Vegetarians
17704,7,Loyal Explorers
17705,2,Traditional Shoppers
17706,2,Traditional Shoppers
17707,6,Large Families
17708,7,Loyal Explorers
17709,2,Traditional Shoppers
17711,6,Large Families
17712,7,Loyal Explorers
17713,6,Large Families
17714,2,Traditional Shoppers
17715,6,Large Families
17716,2,Traditional Shoppers
17718,6,Large Families
17719,5,Tech Enthusiasts
17720,0,Value Seekers
17722,1,Wellness
17723,7,Loyal Explorers
17724,7,Loyal Explorers
17726,2,Traditional Shoppers
17727,1,Wellness
17729,4,Promotion Hunters
17730,6,Large Families
17731,3,Vegetarians
17732,6,Large Families
17733,4,Promotion Hunters
17734,2,Traditional Shoppers
17735,4,Promotion Hunters
17736,6,Large Families
17737,2,Traditional Shoppers
17739,3,Vegetarians
17740,5,Tech Enthusiasts
17741,4,Promotion Hunters
17742,0,Value Seekers
17743,5,Tech Enthusiasts
17744,1,Wellness
17745,2,Traditional Shoppers
17747,0,Value Seekers
17749,4,Promotion Hunters
17750,2,Traditional Shoppers
17751,0,Value Seekers
17752,2,Traditional Shoppers
17753,1,Wellness
17754,5,Tech Enthusiasts
17755,7,Loyal Explorers
17756,4,Promotion Hunters
17757,3,Vegetarians
17758,3,Vegetarians
17759,0,Value Seekers
17761,1,Wellness
17762,3,Vegetarians
17763,0,Value Seekers
17764,7,Loyal Explorers
17766,5,Tech Enthusiasts
17767,4,Promotion Hunters
17769,4,Promotion Hunters
17771,2,Traditional Shoppers
17773,5,Tech Enthusiasts
17775,2,Traditional Shoppers
17777,2,Traditional Shoppers
17778,2,Traditional Shoppers
17779,6,Large Families
17780,5,Tech Enthusiasts
17781,3,Vegetarians
17782,1,Wellness
17783,0,Value Seekers
17784,7,Loyal Explorers
17785,0,Value Seekers
17788,6,Large Families
17789,6,Large Families
17790,2,Traditional Shoppers
17791,5,Tech Enthusiasts
17792,0,Value Seekers
17793,3,Vegetarians
17794,6,Large Families
17795,6,Large Families
17796,3,Vegetarians
17798,0,Value Seekers
17799,6,Large Families
17800,4,Promotion Hunters
17801,4,Promotion Hunters
17802,6,Large Families
17803,7,Loyal Explorers
17804,2,Traditional Shoppers
17805,4,Promotion Hunters
17806,7,Loyal Explorers
17807,2,Traditional Shoppers
17808,1,Wellness
17809,2,Traditional Shoppers
17810,0,Value Seekers
17811,2,Traditional Shoppers
17812,5,Tech Enthusiasts
17813,2,Traditional Shoppers
17815,7,Loyal Explorers
17816,5,Tech Enthusiasts
17818,7,Loyal Explorers
17819,2,Traditional Shoppers
17820,7,Loyal Explorers
17821,2,Traditional Shoppers
17822,1,Wellness
17824,2,Traditional Shoppers
17825,4,Promotion Hunters
17826,7,Loyal Explorers
17827,7,Loyal Explorers
17828,2,Traditional Shoppers
17829,7,Loyal Explorers
17830,7,Loyal Explorers
17832,1,Wellness
17833,0,Value Seekers
17834,4,Promotion Hunters
17835,7,Loyal Explorers
17836,1,Wellness
17837,2,Traditional Shoppers
17838,1,Wellness
17839,0,Value Seekers
17840,3,Vegetarians
17841,1,Wellness
17843,1,Wellness
17845,0,Value Seekers
17846,5,Tech Enthusiasts
17848,6,Large Families
17849,0,Value Seekers
17850,6,Large Families
17851,0,Value Seekers
17852,7,Loyal Explorers
17853,7,Loyal Explorers
17854,4,Promotion Hunters
17858,0,Value Seekers
17859,4,Promotion Hunters
17860,5,Tech Enthusiasts
17862,3,Vegetarians
17863,2,Traditional Shoppers
17865,6,Large Families
17866,6,Large Families
17867,1,Wellness
17868,5,Tech Enthusiasts
17869,6,Large Families
17870,1,Wellness
17871,7,Loyal Explorers
17873,0,Value Seekers
17874,0,Value Seekers
17875,1,Wellness
17876,3,Vegetarians
17877,5,Tech Enthusiasts
17878,6,Large Families
17879,6,Large Families
17880,0,Value Seekers
17881,6,Large Families
17882,2,Traditional Shoppers
17884,6,Large Families
17885,6,Large Families
17886,3,Vegetarians
17887,3,Vegetarians
17888,7,Loyal Explorers
17889,7,Loyal Explorers
17891,2,Traditional Shoppers
17892,1,Wellness
17893,4,Promotion Hunters
17894,3,Vegetarians
17895,5,Tech Enthusiasts
17897,6,Large Families
17899,6,Large Families
17900,4,Promotion Hunters
17901,3,Vegetarians
17902,5,Tech Enthusiasts
17903,5,Tech Enthusiasts
17904,3,Vegetarians
17905,1,Wellness
17906,2,Traditional Shoppers
17907,1,Wellness
17908,6,Large Families
17909,0,Value Seekers
17910,0,Value Seekers
17911,1,Wellness
17912,3,Vegetarians
17913,2,Traditional Shoppers
17914,5,Tech Enthusiasts
17916,6,Large Families
17917,4,Promotion Hunters
17918,4,Promotion Hunters
17919,1,Wellness
17920,2,Traditional Shoppers
17921,7,Loyal Explorers
17923,1,Wellness
17924,4,Promotion Hunters
17925,0,Value Seekers
17926,6,Large Families
17927,5,Tech Enthusiasts
17929,1,Wellness
17930,0,Value Seekers
17931,2,Traditional Shoppers
17933,2,Traditional Shoppers
17934,6,Large Families
17935,2,Traditional Shoppers
17937,2,Traditional Shoppers
17938,3,Vegetarians
17940,6,Large Families
17941,4,Promotion Hunters
17942,7,Loyal Explorers
17943,7,Loyal Explorers
17944,2,Traditional Shoppers
17945,6,Large Families
17946,0,Value Seekers
17947,6,Large Families
17949,0,Value Seekers
17950,2,Traditional Shoppers
17951,2,Traditional Shoppers
17952,0,Value Seekers
17953,0,Value Seekers
17954,7,Loyal Explorers
17955,0,Value Seekers
17956,5,Tech Enthusiasts
17957,1,Wellness
17958,1,Wellness
17960,0,Value Seekers
17961,4,Promotion Hunters
17962,5,Tech Enthusiasts
17963,6,Large Families
17964,5,Tech Enthusiasts
17965,6,Large Families
17966,3,Vegetarians
17967,1,Wellness
17968,6,Large Families
17969,2,Traditional Shoppers
17971,0,Value Seekers
17972,1,Wellness
17974,6,Large Families
17975,7,Loyal Explorers
17977,7,Loyal Explorers
17978,3,Vegetarians
17979,2,Traditional Shoppers
17980,0,Value Seekers
17982,3,Vegetarians
17984,5,Tech Enthusiasts
17987,5,Tech Enthusiasts
17988,0,Value Seekers
17989,6,Large Families
17990,5,Tech Enthusiasts
17993,4,Promotion Hunters
17994,6,Large Families
17995,2,Traditional Shoppers
17996,3,Vegetarians
17998,2,Traditional Shoppers
18000,1,Wellness
18001,4,Promotion Hunters
18002,3,Vegetarians
18003,4,Promotion Hunters
18006,5,Tech Enthusiasts
18008,2,Traditional Shoppers
18009,2,Traditional Shoppers
18010,1,Wellness
18011,3,Vegetarians
18013,2,Traditional Shoppers
18014,2,Traditional Shoppers
18015,2,Traditional Shoppers
18016,6,Large Families
18017,6,Large Families
18018,1,Wellness
18019,2,Traditional Shoppers
18020,2,Traditional Shoppers
18022,5,Tech Enthusiasts
18023,7,Loyal Explorers
18024,2,Traditional Shoppers
18026,2,Traditional Shoppers
18027,2,Traditional Shoppers
18028,6,Large Families
18029,6,Large Families
18030,2,Traditional Shoppers
18031,2,Traditional Shoppers
18033,6,Large Families
18034,0,Value Seekers
18035,6,Large Families
18036,7,Loyal Explorers
18037,2,Traditional Shoppers
18038,5,Tech Enthusiasts
18039,3,Vegetarians
18040,7,Loyal Explorers
18042,2,Traditional Shoppers
18043,3,Vegetarians
18044,7,Loyal Explorers
18046,7,Loyal Explorers
18047,5,Tech Enthusiasts
18048,0,Value Seekers
18049,2,Traditional Shoppers
18050,4,Promotion Hunters
18051,2,Traditional Shoppers
18052,7,Loyal Explorers
18053,0,Value Seekers
18054,5,Tech Enthusiasts
18055,7,Loyal Explorers
18056,6,Large Families
18057,7,Loyal Explorers
18058,5,Tech Enthusiasts
18059,7,Loyal Explorers
18060,7,Loyal Explorers
18061,2,Traditional Shoppers
18062,0,Value Seekers
18063,1,Wellness
18064,2,Traditional Shoppers
18065,2,Traditional Shoppers
18066,2,Traditional Shoppers
18067,7,Loyal Explorers
18070,3,Vegetarians
18071,3,Vegetarians
18072,1,Wellness
18073,2,Traditional Shoppers
18075,4,Promotion Hunters
18076,2,Traditional Shoppers
18077,3,Vegetarians
18078,3,Vegetarians
18080,6,Large Families
18081,4,Promotion Hunters
18083,4,Promotion Hunters
18085,6,Large Families
18086,3,Vegetarians
18087,2,Traditional Shoppers
18088,2,Traditional Shoppers
18089,2,Traditional Shoppers
18090,5,Tech Enthusiasts
18091,2,Traditional Shoppers
18093,6,Large Families
18094,0,Value Seekers
18095,4,Promotion Hunters
18098,0,Value Seekers
18099,7,Loyal Explorers
18100,1,Wellness
18102,5,Tech Enthusiasts
18103,6,Large Families
18104,5,Tech Enthusiasts
18105,5,Tech Enthusiasts
18106,6,Large Families
18108,2,Traditional Shoppers
18109,0,Value Seekers
18111,5,Tech Enthusiasts
18112,3,Vegetarians
18113,3,Vegetarians
18114,1,Wellness
18116,6,Large Families
18117,2,Traditional Shoppers
18118,5,Tech Enthusiasts
18119,1,Wellness
18120,3,Vegetarians
18121,1,Wellness
18122,2,Traditional Shoppers
18123,0,Value Seekers
18125,2,Traditional Shoppers
18126,6,Large Families
18127,5,Tech Enthusiasts
18129,2,Traditional Shoppers
18130,3,Vegetarians
18132,3,Vegetarians
18133,3,Vegetarians
18134,5,Tech Enthusiasts
18135,1,Wellness
18136,3,Vegetarians
18137,2,Traditional Shoppers
18138,5,Tech Enthusiasts
18139,1,Wellness
18140,2,Traditional Shoppers
18141,7,Loyal Explorers
18142,6,Large Families
18143,2,Traditional Shoppers
18144,6,Large Families
18145,3,Vegetarians
18148,5,Tech Enthusiasts
18149,1,Wellness
18150,3,Vegetarians
18151,4,Promotion Hunters
18152,5,Tech Enthusiasts
18153,6,Large Families
18154,0,Value Seekers
18155,7,Loyal Explorers
18157,7,Loyal Explorers
18158,0,Value Seekers
18159,6,Large Families
18160,6,Large Families
18161,0,Value Seekers
18162,4,Promotion Hunters
18163,5,Tech Enthusiasts
18164,1,Wellness
18165,2,Traditional Shoppers
18166,4,Promotion Hunters
18167,0,Value Seekers
18168,3,Vegetarians
18169,0,Value Seekers
18170,3,Vegetarians
18171,4,Promotion Hunters
18172,7,Loyal Explorers
18174,3,Vegetarians
18175,2,Traditional Shoppers
18176,1,Wellness
18177,1,Wellness
18178,7,Loyal Explorers
18179,4,Promotion Hunters
18181,5,Tech Enthusiasts
18184,2,Traditional Shoppers
18185,0,Value Seekers
18186,3,Vegetarians
18187,2,Traditional Shoppers
18188,7,Loyal Explorers
18189,3,Vegetarians
18190,1,Wellness
18191,7,Loyal Explorers
18192,6,Large Families
18193,6,Large Families
18194,6,Large Families
18195,1,Wellness
18197,1,Wellness
18198,0,Value Seekers
18199,6,Large Families
18200,1,Wellness
18201,4,Promotion Hunters
18202,2,Traditional Shoppers
18203,3,Vegetarians
18204,2,Traditional Shoppers
18205,7,Loyal Explorers
18207,7,Loyal Explorers
18208,6,Large Families
18209,6,Large Families
18210,4,Promotion Hunters
18211,6,Large Families
18213,5,Tech Enthusiasts
18214,3,Vegetarians
18215,3,Vegetarians
18216,6,Large Families
18217,3,Vegetarians
18218,2,Traditional Shoppers
18219,2,Traditional Shoppers
18220,2,Traditional Shoppers
18221,6,Large Families
18222,5,Tech Enthusiasts
18223,7,Loyal Explorers
18224,3,Vegetarians
18225,1,Wellness
18227,1,Wellness
18228,7,Loyal Explorers
18229,3,Vegetarians
18230,2,Traditional Shoppers
18231,5,Tech Enthusiasts
18232,2,Traditional Shoppers
18234,2,Traditional Shoppers
18235,1,Wellness
18236,6,Large Families
18238,6,Large Families
18241,2,Traditional Shoppers
18244,4,Promotion Hunters
18245,7,Loyal Explorers
18246,3,Vegetarians
18247,7,Loyal Explorers
18249,7,Loyal Explorers
18250,2,Traditional Shoppers
18251,3,Vegetarians
18252,0,Value Seekers
18254,1,Wellness
18256,3,Vegetarians
18257,1,Wellness
18258,6,Large Families
18260,1,Wellness
18261,7,Loyal Explorers
18262,0,Value Seekers
18263,0,Value Seekers
18264,3,Vegetarians
18266,3,Vegetarians
18268,1,Wellness
18270,6,Large Families
18272,1,Wellness
18273,5,Tech Enthusiasts
18275,0,Value Seekers
18276,2,Traditional Shoppers
18277,3,Vegetarians
18278,3,Vegetarians
18279,2,Traditional Shoppers
18284,2,Traditional Shoppers
18285,1,Wellness
18286,4,Promotion Hunters
18287,1,Wellness
18288,3,Vegetarians
18289,5,Tech Enthusiasts
18290,7,Loyal Explorers
18291,1,Wellness
18292,3,Vegetarians
18293,7,Loyal Explorers
18294,3,Vegetarians
18295,3,Vegetarians
18296,1,Wellness
18297,6,Large Families
18298,3,Vegetarians
18299,3,Vegetarians
18300,4,Promotion Hunters
18301,6,Large Families
18305,7,Loyal Explorers
18306,6,Large Families
18307,5,Tech Enthusiasts
18308,5,Tech Enthusiasts
18309,7,Loyal Explorers
18311,1,Wellness
18312,4,Promotion Hunters
18313,0,Value Seekers
18314,3,Vegetarians
18315,4,Promotion Hunters
18316,4,Promotion Hunters
18317,0,Value Seekers
18318,1,Wellness
18319,2,Traditional Shoppers
18320,6,Large Families
18323,6,Large Families
18324,6,Large Families
18327,2,Traditional Shoppers
18328,1,Wellness
18329,6,Large Families
18330,4,Promotion Hunters
18331,2,Traditional Shoppers
18332,0,Value Seekers
18333,3,Vegetarians
18334,7,Loyal Explorers
18335,3,Vegetarians
18336,4,Promotion Hunters
18337,3,Vegetarians
18338,5,Tech Enthusiasts
18339,6,Large Families
18340,5,Tech Enthusiasts
18341,4,Promotion Hunters
18343,0,Value Seekers
18344,1,Wellness
18345,6,Large Families
18346,4,Promotion Hunters
18347,6,Large Families
18348,7,Loyal Explorers
18350,1,Wellness
18353,2,Traditional Shoppers
18354,2,Traditional Shoppers
18355,2,Traditional Shoppers
18356,5,Tech Enthusiasts
18357,2,Traditional Shoppers
18358,3,Vegetarians
18359,2,Traditional Shoppers
18360,5,Tech Enthusiasts
18361,6,Large Families
18362,0,Value Seekers
18363,3,Vegetarians
18364,6,Large Families
18366,6,Large Families
18367,2,Traditional Shoppers
18368,4,Promotion Hunters
18369,6,Large Families
18370,4,Promotion Hunters
18371,2,Traditional Shoppers
18373,5,Tech Enthusiasts
18374,2,Traditional Shoppers
18375,1,Wellness
18376,4,Promotion Hunters
18378,2,Traditional Shoppers
18379,5,Tech Enthusiasts
18380,3,Vegetarians
18381,7,Loyal Explorers
18382,6,Large Families
18384,4,Promotion Hunters
18385,2,Traditional Shoppers
18386,5,Tech Enthusiasts
18387,1,Wellness
18388,6,Large Families
18389,0,Value Seekers
18391,0,Value Seekers
18392,1,Wellness
18393,2,Traditional Shoppers
18394,7,Loyal Explorers
18395,4,Promotion Hunters
18396,2,Traditional Shoppers
18397,7,Loyal Explorers
18398,3,Vegetarians
18400,1,Wellness
18401,2,Traditional Shoppers
18402,5,Tech Enthusiasts
18403,1,Wellness
18404,2,Traditional Shoppers
18405,5,Tech Enthusiasts
18409,3,Vegetarians
18410,2,Traditional Shoppers
18411,2,Traditional Shoppers
18412,2,Traditional Shoppers
18413,5,Tech Enthusiasts
18414,7,Loyal Explorers
18415,6,Large Families
18416,2,Traditional Shoppers
18418,5,Tech Enthusiasts
18419,5,Tech Enthusiasts
18421,2,Traditional Shoppers
18422,6,Large Families
18423,3,Vegetarians
18424,6,Large Families
18425,3,Vegetarians
18426,2,Traditional Shoppers
18427,0,Value Seekers
18428,2,Traditional Shoppers
18429,0,Value Seekers
18430,7,Loyal Explorers
18431,4,Promotion Hunters
18432,1,Wellness
18433,3,Vegetarians
18435,4,Promotion Hunters
18436,2,Traditional Shoppers
18437,6,Large Families
18438,7,Loyal Explorers
18440,5,Tech Enthusiasts
18441,7,Loyal Explorers
18442,7,Loyal Explorers
18443,2,Traditional Shoppers
18444,7,Loyal Explorers
18445,7,Loyal Explorers
18446,6,Large Families
18447,2,Traditional Shoppers
18448,3,Vegetarians
18449,2,Traditional Shoppers
18450,4,Promotion Hunters
18451,5,Tech Enthusiasts
18452,2,Traditional Shoppers
18453,7,Loyal Explorers
18454,0,Value Seekers
18455,1,Wellness
18457,6,Large Families
18458,5,Tech Enthusiasts
18460,6,Large Families
18461,1,Wellness
18462,2,Traditional Shoppers
18463,0,Value Seekers
18464,5,Tech Enthusiasts
18465,7,Loyal Explorers
18466,7,Loyal Explorers
18467,2,Traditional Shoppers
18468,6,Large Families
18472,2,Traditional Shoppers
18473,5,Tech Enthusiasts
18474,7,Loyal Explorers
18475,0,Value Seekers
18476,5,Tech Enthusiasts
18477,7,Loyal Explorers
18479,2,Traditional Shoppers
18480,3,Vegetarians
18481,2,Traditional Shoppers
18482,3,Vegetarians
18484,0,Value Seekers
18485,1,Wellness
18486,2,Traditional Shoppers
18487,4,Promotion Hunters
18489,5,Tech Enthusiasts
18490,2,Traditional Shoppers
18492,4,Promotion Hunters
18493,3,Vegetarians
18495,2,Traditional Shoppers
18497,1,Wellness
18499,2,Traditional Shoppers
18500,2,Traditional Shoppers
18501,6,Large Families
18503,0,Value Seekers
18504,6,Large Families
18505,4,Promotion Hunters
18507,0,Value Seekers
18508,5,Tech Enthusiasts
18509,6,Large Families
18510,2,Traditional Shoppers
18511,6,Large Families
18512,2,Traditional Shoppers
18513,0,Value Seekers
18514,2,Traditional Shoppers
18515,2,Traditional Shoppers
18517,2,Traditional Shoppers
18518,4,Promotion Hunters
18519,7,Loyal Explorers
18520,2,Traditional Shoppers
18521,1,Wellness
18522,5,Tech Enthusiasts
18524,0,Value Seekers
18525,7,Loyal Explorers
18526,7,Loyal Explorers
18527,4,Promotion Hunters
18528,2,Traditional Shoppers
18529,3,Vegetarians
18530,7,Loyal Explorers
18531,3,Vegetarians
18533,2,Traditional Shoppers
18534,5,Tech Enthusiasts
18536,7,Loyal Explorers
18537,5,Tech Enthusiasts
18538,6,Large Families
18539,6,Large Families
18542,3,Vegetarians
18544,3,Vegetarians
18545,6,Large Families
18547,6,Large Families
18548,6,Large Families
18549,5,Tech Enthusiasts
18550,6,Large Families
18551,0,Value Seekers
18552,3,Vegetarians
18553,0,Value Seekers
18554,5,Tech Enthusiasts
18555,6,Large Families
18556,2,Traditional Shoppers
18557,2,Traditional Shoppers
18558,5,Tech Enthusiasts
18559,4,Promotion Hunters
18560,2,Traditional Shoppers
18561,5,Tech Enthusiasts
18563,4,Promotion Hunters
18564,0,Value Seekers
18565,2,Traditional Shoppers
18566,2,Traditional Shoppers
18567,6,Large Families
18568,7,Loyal Explorers
18569,0,Value Seekers
18570,2,Traditional Shoppers
18571,3,Vegetarians
18572,6,Large Families
18573,3,Vegetarians
18574,4,Promotion Hunters
18577,0,Value Seekers
18578,2,Traditional Shoppers
18579,4,Promotion Hunters
18580,4,Promotion Hunters
18581,7,Loyal Explorers
18582,1,Wellness
18583,7,Loyal Explorers
18584,1,Wellness
18586,2,Traditional Shoppers
18587,1,Wellness
18588,1,Wellness
18589,1,Wellness
18590,2,Traditional Shoppers
18591,4,Promotion Hunters
18592,2,Traditional Shoppers
18593,1,Wellness
18594,1,Wellness
18595,6,Large Families
18596,1,Wellness
18597,3,Vegetarians
18600,7,Loyal Explorers
18601,3,Vegetarians
18602,2,Traditional Shoppers
18603,1,Wellness
18605,7,Loyal Explorers
18608,4,Promotion Hunters
18609,4,Promotion Hunters
18610,5,Tech Enthusiasts
18611,7,Loyal Explorers
18612,6,Large Families
18613,2,Traditional Shoppers
18614,1,Wellness
18615,2,Traditional Shoppers
18616,0,Value Seekers
18617,4,Promotion Hunters
18618,1,Wellness
18620,1,Wellness
18621,3,Vegetarians
18622,3,Vegetarians
18624,5,Tech Enthusiasts
18625,7,Loyal Explorers
18626,2,Traditional Shoppers
18627,4,Promotion Hunters
18628,0,Value Seekers
18629,5,Tech Enthusiasts
18631,2,Traditional Shoppers
18632,2,Traditional Shoppers
18633,6,Large Families
18634,3,Vegetarians
18636,2,Traditional Shoppers
18637,6,Large Families
18641,6,Large Families
18643,7,Loyal Explorers
18644,6,Large Families
18645,5,Tech Enthusiasts
18646,1,Wellness
18647,2,Traditional Shoppers
18648,2,Traditional Shoppers
18650,6,Large Families
18651,1,Wellness
18652,2,Traditional Shoppers
18653,6,Large Families
18654,0,Value Seekers
18657,2,Traditional Shoppers
18658,4,Promotion Hunters
18659,2,Traditional Shoppers
18660,7,Loyal Explorers
18661,0,Value Seekers
18662,2,Traditional Shoppers
18664,7,Loyal Explorers
18665,7,Loyal Explorers
18666,1,Wellness
18667,3,Vegetarians
18668,0,Value Seekers
18669,3,Vegetarians
18671,6,Large Families
18672,6,Large Families
18673,1,Wellness
18674,3,Vegetarians
18675,3,Vegetarians
18676,2,Traditional Shoppers
18677,3,Vegetarians
18678,7,Loyal Explorers
18680,7,Loyal Explorers
18681,0,Value Seekers
18682,1,Wellness
18683,6,Large Families
18684,3,Vegetarians
18685,0,Value Seekers
18687,0,Value Seekers
18688,5,Tech Enthusiasts
18689,7,Loyal Explorers
18690,3,Vegetarians
18691,0,Value Seekers
18692,5,Tech Enthusiasts
18693,7,Loyal Explorers
18694,7,Loyal Explorers
18695,3,Vegetarians
18696,1,Wellness
18697,0,Value Seekers
18698,4,Promotion Hunters
18699,5,Tech Enthusiasts
18700,2,Traditional Shoppers
18701,2,Traditional Shoppers
18702,0,Value Seekers
18703,1,Wellness
18705,6,Large Families
18707,2,Traditional Shoppers
18708,1,Wellness
18709,4,Promotion Hunters
18710,3,Vegetarians
18711,2,Traditional Shoppers
18712,2,Traditional Shoppers
18713,4,Promotion Hunters
18715,6,Large Families
18716,3,Vegetarians
18717,4,Promotion Hunters
18718,2,Traditional Shoppers
18719,7,Loyal Explorers
18720,2,Traditional Shoppers
18722,2,Traditional Shoppers
18723,5,Tech Enthusiasts
18724,6,Large Families
18725,2,Traditional Shoppers
18726,0,Value Seekers
18727,1,Wellness
18728,2,Traditional Shoppers
18729,6,Large Families
18730,1,Wellness
18731,5,Tech Enthusiasts
18732,4,Promotion Hunters
18733,3,Vegetarians
18734,2,Traditional Shoppers
18735,5,Tech Enthusiasts
18738,7,Loyal Explorers
18739,6,Large Families
18742,2,Traditional Shoppers
18743,4,Promotion Hunters
18745,4,Promotion Hunters
18746,5,Tech Enthusiasts
18747,2,Traditional Shoppers
18748,5,Tech Enthusiasts
18749,1,Wellness
18750,2,Traditional Shoppers
18751,0,Value Seekers
18752,5,Tech Enthusiasts
18754,7,Loyal Explorers
18755,0,Value Seekers
18756,3,Vegetarians
18757,3,Vegetarians
18758,6,Large Families
18759,7,Loyal Explorers
18760,7,Loyal Explorers
18761,5,Tech Enthusiasts
18762,5,Tech Enthusiasts
18763,1,Wellness
18765,2,Traditional Shoppers
18766,4,Promotion Hunters
18767,6,Large Families
18768,5,Tech Enthusiasts
18769,5,Tech Enthusiasts
18770,0,Value Seekers
18772,5,Tech Enthusiasts
18773,1,Wellness
18774,4,Promotion Hunters
18775,6,Large Families
18776,2,Traditional Shoppers
18777,5,Tech Enthusiasts
18778,7,Loyal Explorers
18779,3,Vegetarians
18780,1,Wellness
18781,2,Traditional Shoppers
18782,0,Value Seekers
18783,3,Vegetarians
18785,5,Tech Enthusiasts
18786,5,Tech Enthusiasts
18787,2,Traditional Shoppers
18788,0,Value Seekers
18789,2,Traditional Shoppers
18790,0,Value Seekers
18791,2,Traditional Shoppers
18794,2,Traditional Shoppers
18795,5,Tech Enthusiasts
18796,2,Traditional Shoppers
18797,7,Loyal Explorers
18798,2,Traditional Shoppers
18799,3,Vegetarians
18800,6,Large Families
18801,1,Wellness
18802,6,Large Families
18803,6,Large Families
18804,7,Loyal Explorers
18805,2,Traditional Shoppers
18806,6,Large Families
18807,5,Tech Enthusiasts
18808,6,Large Families
18809,2,Traditional Shoppers
18810,4,Promotion Hunters
18811,2,Traditional Shoppers
18812,3,Vegetarians
18814,4,Promotion Hunters
18815,0,Value Seekers
18816,6,Large Families
18817,2,Traditional Shoppers
18818,4,Promotion Hunters
18820,3,Vegetarians
18821,2,Traditional Shoppers
18822,2,Traditional Shoppers
18823,3,Vegetarians
18824,6,Large Families
18825,7,Loyal Explorers
18826,4,Promotion Hunters
18827,5,Tech Enthusiasts
18828,2,Traditional Shoppers
18830,1,Wellness
18831,6,Large Families
18837,1,Wellness
18838,3,Vegetarians
18839,0,Value Seekers
18840,1,Wellness
18841,2,Traditional Shoppers
18842,7,Loyal Explorers
18843,6,Large Families
18844,2,Traditional Shoppers
18845,2,Traditional Shoppers
18846,1,Wellness
18847,6,Large Families
18849,7,Loyal Explorers
18850,1,Wellness
18851,0,Value Seekers
18852,4,Promotion Hunters
18853,0,Value Seekers
18854,6,Large Families
18855,5,Tech Enthusiasts
18857,3,Vegetarians
18859,0,Value Seekers
18860,1,Wellness
18861,4,Promotion Hunters
18862,1,Wellness
18863,6,Large Families
18864,3,Vegetarians
18865,4,Promotion Hunters
18866,0,Value Seekers
18867,2,Traditional Shoppers
18868,6,Large Families
18869,3,Vegetarians
18870,1,Wellness
18872,5,Tech Enthusiasts
18874,2,Traditional Shoppers
18875,2,Traditional Shoppers
18879,3,Vegetarians
18880,2,Traditional Shoppers
18881,4,Promotion Hunters
18883,6,Large Families
18884,2,Traditional Shoppers
18885,7,Loyal Explorers
18886,0,Value Seekers
18887,4,Promotion Hunters
18888,5,Tech Enthusiasts
18889,5,Tech Enthusiasts
18890,7,Loyal Explorers
18891,2,Traditional Shoppers
18892,6,Large Families
18893,6,Large Families
18894,6,Large Families
18895,7,Loyal Explorers
18896,2,Traditional Shoppers
18897,6,Large Families
18898,5,Tech Enthusiasts
18899,1,Wellness
18900,3,Vegetarians
18901,7,Loyal Explorers
18902,2,Traditional Shoppers
18903,6,Large Families
18904,0,Value Seekers
18905,4,Promotion Hunters
18906,6,Large Families
18908,6,Large Families
18909,0,Value Seekers
18910,2,Traditional Shoppers
18911,2,Traditional Shoppers
18914,2,Traditional Shoppers
18915,6,Large Families
18916,1,Wellness
18917,7,Loyal Explorers
18918,7,Loyal Explorers
18919,1,Wellness
18920,6,Large Families
18921,2,Traditional Shoppers
18922,7,Loyal Explorers
18923,1,Wellness
18924,6,Large Families
18925,1,Wellness
18926,2,Traditional Shoppers
18928,3,Vegetarians
18929,3,Vegetarians
18930,4,Promotion Hunters
18931,1,Wellness
18932,0,Value Seekers
18933,6,Large Families
18934,0,Value Seekers
18935,0,Value Seekers
18936,6,Large Families
18937,4,Promotion Hunters
18939,4,Promotion Hunters
18940,3,Vegetarians
18941,2,Traditional Shoppers
18942,6,Large Families
18943,6,Large Families
18945,1,Wellness
18946,5,Tech Enthusiasts
18947,5,Tech Enthusiasts
18948,1,Wellness
18949,2,Traditional Shoppers
18950,5,Tech Enthusiasts
18951,5,Tech Enthusiasts
18952,6,Large Families
18953,2,Traditional Shoppers
18954,6,Large Families
18955,7,Loyal Explorers
18957,3,Vegetarians
18958,2,Traditional Shoppers
18960,0,Value Seekers
18961,2,Traditional Shoppers
18962,4,Promotion Hunters
18963,6,Large Families
18964,2,Traditional Shoppers
18965,0,Value Seekers
18966,2,Traditional Shoppers
18967,1,Wellness
18968,5,Tech Enthusiasts
18969,4,Promotion Hunters
18971,7,Loyal Explorers
18972,0,Value Seekers
18973,3,Vegetarians
18974,4,Promotion Hunters
18975,6,Large Families
18977,7,Loyal Explorers
18978,0,Value Seekers
18979,3,Vegetarians
18980,6,Large Families
18981,3,Vegetarians
18982,3,Vegetarians
18983,4,Promotion Hunters
18984,6,Large Families
18985,4,Promotion Hunters
18986,1,Wellness
18988,4,Promotion Hunters
18989,7,Loyal Explorers
18990,4,Promotion Hunters
18991,1,Wellness
18992,2,Traditional Shoppers
18993,0,Value Seekers
18994,3,Vegetarians
18995,0,Value Seekers
18996,2,Traditional Shoppers
18997,1,Wellness
18998,2,Traditional Shoppers
18999,4,Promotion Hunters
19000,2,Traditional Shoppers
19001,4,Promotion Hunters
19002,0,Value Seekers
19003,2,Traditional Shoppers
19004,0,Value Seekers
19005,3,Vegetarians
19006,1,Wellness
19007,2,Traditional Shoppers
19008,6,Large Families
19009,4,Promotion Hunters
19010,1,Wellness
19013,5,Tech Enthusiasts
19014,3,Vegetarians
19015,6,Large Families
19016,0,Value Seekers
19017,1,Wellness
19018,6,Large Families
19019,5,Tech Enthusiasts
19020,5,Tech Enthusiasts
19021,2,Traditional Shoppers
19022,5,Tech Enthusiasts
19025,7,Loyal Explorers
19029,6,Large Families
19030,7,Loyal Explorers
19031,3,Vegetarians
19032,6,Large Families
19033,7,Loyal Explorers
19034,4,Promotion Hunters
19035,7,Loyal Explorers
19036,2,Traditional Shoppers
19037,6,Large Families
19038,6,Large Families
19039,1,Wellness
19040,2,Traditional Shoppers
19041,2,Traditional Shoppers
19042,2,Traditional Shoppers
19043,6,Large Families
19045,4,Promotion Hunters
19046,1,Wellness
19047,1,Wellness
19048,4,Promotion Hunters
19049,2,Traditional Shoppers
19050,4,Promotion Hunters
19051,2,Traditional Shoppers
19052,2,Traditional Shoppers
19053,2,Traditional Shoppers
19054,6,Large Families
19055,7,Loyal Explorers
19056,0,Value Seekers
19057,4,Promotion Hunters
19058,0,Value Seekers
19060,3,Vegetarians
19061,7,Loyal Explorers
19062,7,Loyal Explorers
19063,7,Loyal Explorers
19064,6,Large Families
19065,5,Tech Enthusiasts
19066,3,Vegetarians
19068,3,Vegetarians
19069,1,Wellness
19070,7,Loyal Explorers
19071,5,Tech Enthusiasts
19072,1,Wellness
19073,1,Wellness
19074,0,Value Seekers
19076,4,Promotion Hunters
19077,3,Vegetarians
19078,5,Tech Enthusiasts
19080,4,Promotion Hunters
19084,2,Traditional Shoppers
19086,5,Tech Enthusiasts
19087,3,Vegetarians
19088,3,Vegetarians
19090,3,Vegetarians
19092,2,Traditional Shoppers
19093,2,Traditional Shoppers
19094,6,Large Families
19095,2,Traditional Shoppers
19096,7,Loyal Explorers
19097,2,Traditional Shoppers
19098,5,Tech Enthusiasts
19099,2,Traditional Shoppers
19100,4,Promotion Hunters
19101,3,Vegetarians
19102,2,Traditional Shoppers
19103,3,Vegetarians
19106,4,Promotion Hunters
19107,7,Loyal Explorers
19108,6,Large Families
19109,1,Wellness
19110,6,Large Families
19112,3,Vegetarians
19113,7,Loyal Explorers
19114,5,Tech Enthusiasts
19115,6,Large Families
19117,6,Large Families
19118,2,Traditional Shoppers
19119,6,Large Families
19120,5,Tech Enthusiasts
19121,5,Tech Enthusiasts
19122,1,Wellness
19123,5,Tech Enthusiasts
19125,6,Large Families
19126,2,Traditional Shoppers
19127,6,Large Families
19129,6,Large Families
19131,0,Value Seekers
19132,5,Tech Enthusiasts
19133,6,Large Families
19134,1,Wellness
19135,7,Loyal Explorers
19136,3,Vegetarians
19137,7,Loyal Explorers
19138,6,Large Families
19139,7,Loyal Explorers
19140,5,Tech Enthusiasts
19141,1,Wellness
19142,0,Value Seekers
19143,6,Large Families
19144,1,Wellness
19145,4,Promotion Hunters
19146,3,Vegetarians
19147,3,Vegetarians
19148,5,Tech Enthusiasts
19150,5,Tech Enthusiasts
19151,0,Value Seekers
19152,3,Vegetarians
19153,3,Vegetarians
19154,1,Wellness
19155,6,Large Families
19156,2,Traditional Shoppers
19158,7,Loyal Explorers
19159,2,Traditional Shoppers
19160,1,Wellness
19161,4,Promotion Hunters
19162,2,Traditional Shoppers
19164,0,Value Seekers
19167,5,Tech Enthusiasts
19168,3,Vegetarians
19169,2,Traditional Shoppers
19171,2,Traditional Shoppers
19173,2,Traditional Shoppers
19174,0,Value Seekers
19175,6,Large Families
19176,3,Vegetarians
19177,6,Large Families
19178,4,Promotion Hunters
19179,2,Traditional Shoppers
19182,1,Wellness
19183,5,Tech Enthusiasts
19185,0,Value Seekers
19186,5,Tech Enthusiasts
19187,6,Large Families
19188,4,Promotion Hunters
19189,2,Traditional Shoppers
19190,6,Large Families
19191,2,Traditional Shoppers
19192,7,Loyal Explorers
19194,3,Vegetarians
19195,6,Large Families
19197,2,Traditional Shoppers
19198,2,Traditional Shoppers
19199,2,Traditional Shoppers
19200,2,Traditional Shoppers
19201,2,Traditional Shoppers
19202,4,Promotion Hunters
19204,0,Value Seekers
19205,3,Vegetarians
19206,4,Promotion Hunters
19207,2,Traditional Shoppers
19208,4,Promotion Hunters
19209,3,Vegetarians
19210,2,Traditional Shoppers
19211,2,Traditional Shoppers
19212,2,Traditional Shoppers
19213,0,Value Seekers
19214,2,Traditional Shoppers
19215,0,Value Seekers
19218,6,Large Families
19219,1,Wellness
19220,0,Value Seekers
19221,0,Value Seekers
19223,7,Loyal Explorers
19224,5,Tech Enthusiasts
19225,1,Wellness
19226,6,Large Families
19227,6,Large Families
19228,1,Wellness
19230,2,Traditional Shoppers
19231,0,Value Seekers
19232,1,Wellness
19233,4,Promotion Hunters
19234,0,Value Seekers
19235,5,Tech Enthusiasts
19236,5,Tech Enthusiasts
19238,1,Wellness
19240,1,Wellness
19241,6,Large Families
19242,2,Traditional Shoppers
19243,6,Large Families
19244,0,Value Seekers
19245,0,Value Seekers
19246,5,Tech Enthusiasts
19247,3,Vegetarians
19248,4,Promotion Hunters
19249,6,Large Families
19250,7,Loyal Explorers
19251,6,Large Families
19252,5,Tech Enthusiasts
19253,4,Promotion Hunters
19255,5,Tech Enthusiasts
19256,1,Wellness
19257,5,Tech Enthusiasts
19258,3,Vegetarians
19259,6,Large Families
19261,3,Vegetarians
19262,2,Traditional Shoppers
19263,2,Traditional Shoppers
19264,2,Traditional Shoppers
19265,3,Vegetarians
19266,2,Traditional Shoppers
19268,7,Loyal Explorers
19269,3,Vegetarians
19270,2,Traditional Shoppers
19272,6,Large Families
19273,2,Traditional Shoppers
19275,3,Vegetarians
19276,2,Traditional Shoppers
19277,4,Promotion Hunters
19278,5,Tech Enthusiasts
19279,3,Vegetarians
19280,5,Tech Enthusiasts
19281,4,Promotion Hunters
19282,2,Traditional Shoppers
19283,3,Vegetarians
19284,5,Tech Enthusiasts
19285,1,Wellness
19287,7,Loyal Explorers
19288,4,Promotion Hunters
19289,1,Wellness
19290,0,Value Seekers
19292,7,Loyal Explorers
19293,5,Tech Enthusiasts
19295,7,Loyal Explorers
19296,1,Wellness
19297,6,Large Families
19298,3,Vegetarians
19299,2,Traditional Shoppers
19300,7,Loyal Explorers
19301,7,Loyal Explorers
19302,7,Loyal Explorers
19303,3,Vegetarians
19305,7,Loyal Explorers
19306,5,Tech Enthusiasts
19308,3,Vegetarians
19309,2,Traditional Shoppers
19310,6,Large Families
19311,3,Vegetarians
19312,6,Large Families
19313,7,Loyal Explorers
19314,2,Traditional Shoppers
19315,1,Wellness
19316,4,Promotion Hunters
19317,5,Tech Enthusiasts
19318,1,Wellness
19319,3,Vegetarians
19321,2,Traditional Shoppers
19322,6,Large Families
19323,5,Tech Enthusiasts
19324,3,Vegetarians
19325,1,Wellness
19327,4,Promotion Hunters
19328,4,Promotion Hunters
19329,6,Large Families
19330,2,Traditional Shoppers
19331,6,Large Families
19332,5,Tech Enthusiasts
19333,4,Promotion Hunters
19334,2,Traditional Shoppers
19335,3,Vegetarians
19336,1,Wellness
19337,7,Loyal Explorers
19339,6,Large Families
19342,1,Wellness
19343,7,Loyal Explorers
19344,2,Traditional Shoppers
19345,6,Large Families
19346,3,Vegetarians
19347,2,Traditional Shoppers
19349,6,Large Families
19350,3,Vegetarians
19351,0,Value Seekers
19352,0,Value Seekers
19353,5,Tech Enthusiasts
19354,6,Large Families
19355,7,Loyal Explorers
19356,2,Traditional Shoppers
19357,1,Wellness
19358,2,Traditional Shoppers
19359,2,Traditional Shoppers
19360,1,Wellness
19362,6,Large Families
19363,0,Value Seekers
19367,5,Tech Enthusiasts
19368,6,Large Families
19369,7,Loyal Explorers
19370,3,Vegetarians
19371,2,Traditional Shoppers
19372,6,Large Families
19374,3,Vegetarians
19375,0,Value Seekers
19377,6,Large Families
19378,4,Promotion Hunters
19379,2,Traditional Shoppers
19380,1,Wellness
19381,1,Wellness
19383,5,Tech Enthusiasts
19385,7,Loyal Explorers
19386,4,Promotion Hunters
19387,0,Value Seekers
19388,6,Large Families
19390,5,Tech Enthusiasts
19392,5,Tech Enthusiasts
19394,4,Promotion Hunters
19396,2,Traditional Shoppers
19397,4,Promotion Hunters
19398,2,Traditional Shoppers
19399,3,Vegetarians
19400,5,Tech Enthusiasts
19401,2,Traditional Shoppers
19402,7,Loyal Explorers
19403,2,Traditional Shoppers
19407,5,Tech Enthusiasts
19409,0,Value Seekers
19410,2,Traditional Shoppers
19411,2,Traditional Shoppers
19412,2,Traditional Shoppers
19414,1,Wellness
19415,6,Large Families
19416,5,Tech Enthusiasts
19417,7,Loyal Explorers
19419,7,Loyal Explorers
19420,2,Traditional Shoppers
19421,2,Traditional Shoppers
19422,7,Loyal Explorers
19423,6,Large Families
19424,4,Promotion Hunters
19425,3,Vegetarians
19426,2,Traditional Shoppers
19427,6,Large Families
19428,5,Tech Enthusiasts
19429,4,Promotion Hunters
19431,4,Promotion Hunters
19432,1,Wellness
19433,4,Promotion Hunters
19434,2,Traditional Shoppers
19435,7,Loyal Explorers
19436,3,Vegetarians
19438,0,Value Seekers
19439,3,Vegetarians
19441,0,Value Seekers
19442,5,Tech Enthusiasts
19444,2,Traditional Shoppers
19446,2,Traditional Shoppers
19448,2,Traditional Shoppers
19449,2,Traditional Shoppers
19450,1,Wellness
19452,2,Traditional Shoppers
19453,2,Traditional Shoppers
19454,3,Vegetarians
19455,1,Wellness
19457,4,Promotion Hunters
19458,3,Vegetarians
19459,7,Loyal Explorers
19461,1,Wellness
19462,3,Vegetarians
19463,2,Traditional Shoppers
19464,1,Wellness
19465,2,Traditional Shoppers
19466,1,Wellness
19467,3,Vegetarians
19468,1,Wellness
19469,3,Vegetarians
19470,5,Tech Enthusiasts
19471,0,Value Seekers
19472,6,Large Families
19473,2,Traditional Shoppers
19474,0,Value Seekers
19476,6,Large Families
19477,1,Wellness
19478,5,Tech Enthusiasts
19479,3,Vegetarians
19480,3,Vegetarians
19481,3,Vegetarians
19482,3,Vegetarians
19483,2,Traditional Shoppers
19484,1,Wellness
19485,6,Large Families
19486,2,Traditional Shoppers
19487,3,Vegetarians
19489,6,Large Families
19490,4,Promotion Hunters
19492,4,Promotion Hunters
19493,6,Large Families
19494,3,Vegetarians
19495,2,Traditional Shoppers
19496,1,Wellness
19497,3,Vegetarians
19498,2,Traditional Shoppers
19499,6,Large Families
19500,2,Traditional Shoppers
19501,2,Traditional Shoppers
19502,2,Traditional Shoppers
19503,5,Tech Enthusiasts
19504,3,Vegetarians
19505,1,Wellness
19506,2,Traditional Shoppers
19507,2,Traditional Shoppers
19508,0,Value Seekers
19509,1,Wellness
19510,2,Traditional Shoppers
19511,2,Traditional Shoppers
19513,5,Tech Enthusiasts
19514,6,Large Families
19515,7,Loyal Explorers
19516,6,Large Families
19517,5,Tech Enthusiasts
19518,1,Wellness
19519,2,Traditional Shoppers
19520,7,Loyal Explorers
19522,6,Large Families
19523,2,Traditional Shoppers
19524,3,Vegetarians
19525,6,Large Families
19526,0,Value Seekers
19527,2,Traditional Shoppers
19528,7,Loyal Explorers
19530,2,Traditional Shoppers
19531,3,Vegetarians
19532,6,Large Families
19533,4,Promotion Hunters
19534,1,Wellness
19535,3,Vegetarians
19536,0,Value Seekers
19537,0,Value Seekers
19538,4,Promotion Hunters
19539,2,Traditional Shoppers
19540,6,Large Families
19541,2,Traditional Shoppers
19542,2,Traditional Shoppers
19544,5,Tech Enthusiasts
19545,2,Traditional Shoppers
19546,1,Wellness
19547,1,Wellness
19548,7,Loyal Explorers
19549,1,Wellness
19550,6,Large Families
19551,6,Large Families
19552,2,Traditional Shoppers
19553,0,Value Seekers
19554,1,Wellness
19555,5,Tech Enthusiasts
19556,6,Large Families
19558,3,Vegetarians
19559,2,Traditional Shoppers
19560,1,Wellness
19561,3,Vegetarians
19562,3,Vegetarians
19563,2,Traditional Shoppers
19564,4,Promotion Hunters
19566,7,Loyal Explorers
19567,7,Loyal Explorers
19569,4,Promotion Hunters
19570,6,Large Families
19571,1,Wellness
19572,3,Vegetarians
19573,2,Traditional Shoppers
19574,1,Wellness
19575,2,Traditional Shoppers
19576,3,Vegetarians
19577,1,Wellness
19578,6,Large Families
19579,5,Tech Enthusiasts
19580,2,Traditional Shoppers
19581,6,Large Families
19582,0,Value Seekers
19583,2,Traditional Shoppers
19584,6,Large Families
19585,2,Traditional Shoppers
19586,4,Promotion Hunters
19587,0,Value Seekers
19588,6,Large Families
19590,2,Traditional Shoppers
19591,2,Traditional Shoppers
19592,5,Tech Enthusiasts
19593,2,Traditional Shoppers
19594,6,Large Families
19595,4,Promotion Hunters
19596,3,Vegetarians
19597,6,Large Families
19598,3,Vegetarians
19599,3,Vegetarians
19600,2,Traditional Shoppers
19601,4,Promotion Hunters
19602,1,Wellness
19603,3,Vegetarians
19604,6,Large Families
19605,2,Traditional Shoppers
19606,2,Traditional Shoppers
19607,2,Traditional Shoppers
19608,3,Vegetarians
19609,0,Value Seekers
19610,6,Large Families
19613,0,Value Seekers
19614,0,Value Seekers
19615,2,Traditional Shoppers
19616,6,Large Families
19618,6,Large Families
19619,7,Loyal Explorers
19621,0,Value Seekers
19622,3,Vegetarians
19624,2,Traditional Shoppers
19625,6,Large Families
19626,1,Wellness
19627,5,Tech Enthusiasts
19628,5,Tech Enthusiasts
19629,4,Promotion Hunters
19630,1,Wellness
19631,6,Large Families
19632,4,Promotion Hunters
19633,5,Tech Enthusiasts
19635,3,Vegetarians
19636,7,Loyal Explorers
19638,7,Loyal Explorers
19639,0,Value Seekers
19642,2,Traditional Shoppers
19643,7,Loyal Explorers
19644,4,Promotion Hunters
19645,1,Wellness
19646,0,Value Seekers
19647,4,Promotion Hunters
19648,1,Wellness
19649,5,Tech Enthusiasts
19650,1,Wellness
19651,3,Vegetarians
19653,0,Value Seekers
19655,0,Value Seekers
19656,4,Promotion Hunters
19657,1,Wellness
19658,2,Traditional Shoppers
19659,2,Traditional Shoppers
19660,6,Large Families
19662,3,Vegetarians
19663,2,Traditional Shoppers
19664,4,Promotion Hunters
19665,3,Vegetarians
19666,4,Promotion Hunters
19667,2,Traditional Shoppers
19668,6,Large Families
19669,1,Wellness
19670,7,Loyal Explorers
19671,2,Traditional Shoppers
19673,1,Wellness
19675,2,Traditional Shoppers
19676,2,Traditional Shoppers
19678,3,Vegetarians
19679,5,Tech Enthusiasts
19680,2,Traditional Shoppers
19681,6,Large Families
19682,1,Wellness
19683,3,Vegetarians
19684,6,Large Families
19685,6,Large Families
19686,4,Promotion Hunters
19687,6,Large Families
19688,2,Traditional Shoppers
19689,3,Vegetarians
19690,3,Vegetarians
19691,1,Wellness
19692,6,Large Families
19694,1,Wellness
19695,6,Large Families
19697,4,Promotion Hunters
19698,0,Value Seekers
19699,5,Tech Enthusiasts
19700,6,Large Families
19702,3,Vegetarians
19703,7,Loyal Explorers
19704,2,Traditional Shoppers
19705,2,Traditional Shoppers
19706,4,Promotion Hunters
19707,0,Value Seekers
19709,6,Large Families
19710,5,Tech Enthusiasts
19711,4,Promotion Hunters
19712,4,Promotion Hunters
19713,7,Loyal Explorers
19714,7,Loyal Explorers
19716,3,Vegetarians
19717,2,Traditional Shoppers
19719,2,Traditional Shoppers
19720,1,Wellness
19721,0,Value Seekers
19722,5,Tech Enthusiasts
19723,5,Tech Enthusiasts
19724,4,Promotion Hunters
19725,0,Value Seekers
19727,6,Large Families
19728,0,Value Seekers
19729,1,Wellness
19730,2,Traditional Shoppers
19731,0,Value Seekers
19732,2,Traditional Shoppers
19734,7,Loyal Explorers
19735,1,Wellness
19736,2,Traditional Shoppers
19737,4,Promotion Hunters
19738,4,Promotion Hunters
19740,6,Large Families
19741,2,Traditional Shoppers
19742,1,Wellness
19743,1,Wellness
19744,0,Value Seekers
19745,0,Value Seekers
19750,0,Value Seekers
19751,2,Traditional Shoppers
19752,4,Promotion Hunters
19754,5,Tech Enthusiasts
19755,6,Large Families
19756,4,Promotion Hunters
19757,4,Promotion Hunters
19758,2,Traditional Shoppers
19759,3,Vegetarians
19760,7,Loyal Explorers
19761,3,Vegetarians
19762,2,Traditional Shoppers
19764,4,Promotion Hunters
19765,5,Tech Enthusiasts
19766,5,Tech Enthusiasts
19769,3,Vegetarians
19770,7,Loyal Explorers
19772,1,Wellness
19773,5,Tech Enthusiasts
19774,7,Loyal Explorers
19775,3,Vegetarians
19776,6,Large Families
19778,7,Loyal Explorers
19779,2,Traditional Shoppers
19780,0,Value Seekers
19781,6,Large Families
19785,7,Loyal Explorers
19786,6,Large Families
19787,5,Tech Enthusiasts
19788,6,Large Families
19789,2,Traditional Shoppers
19790,0,Value Seekers
19792,2,Traditional Shoppers
19793,6,Large Families
19794,2,Traditional Shoppers
19795,2,Traditional Shoppers
19796,0,Value Seekers
19797,1,Wellness
19799,1,Wellness
19800,4,Promotion Hunters
19801,2,Traditional Shoppers
19802,1,Wellness
19803,4,Promotion Hunters
19804,4,Promotion Hunters
19805,4,Promotion Hunters
19806,1,Wellness
19808,0,Value Seekers
19809,6,Large Families
19811,4,Promotion Hunters
19813,2,Traditional Shoppers
19815,6,Large Families
19816,6,Large Families
19817,3,Vegetarians
19818,6,Large Families
19819,3,Vegetarians
19820,1,Wellness
19821,2,Traditional Shoppers
19822,6,Large Families
19823,2,Traditional Shoppers
19824,5,Tech Enthusiasts
19825,2,Traditional Shoppers
19826,3,Vegetarians
19827,2,Traditional Shoppers
19828,6,Large Families
19830,5,Tech Enthusiasts
19831,6,Large Families
19832,1,Wellness
19833,4,Promotion Hunters
19834,4,Promotion Hunters
19835,7,Loyal Explorers
19836,6,Large Families
19837,1,Wellness
19838,7,Loyal Explorers
19840,4,Promotion Hunters
19841,4,Promotion Hunters
19842,7,Loyal Explorers
19843,4,Promotion Hunters
19844,3,Vegetarians
19846,6,Large Families
19847,0,Value Seekers
19848,6,Large Families
19849,0,Value Seekers
19850,3,Vegetarians
19851,5,Tech Enthusiasts
19853,3,Vegetarians
19855,2,Traditional Shoppers
19857,0,Value Seekers
19858,0,Value Seekers
19860,1,Wellness
19861,7,Loyal Explorers
19863,5,Tech Enthusiasts
19864,2,Traditional Shoppers
19866,7,Loyal Explorers
19867,2,Traditional Shoppers
19868,5,Tech Enthusiasts
19869,5,Tech Enthusiasts
19870,6,Large Families
19871,4,Promotion Hunters
19872,4,Promotion Hunters
19873,2,Traditional Shoppers
19874,2,Traditional Shoppers
19875,3,Vegetarians
19876,3,Vegetarians
19877,5,Tech Enthusiasts
19878,5,Tech Enthusiasts
19879,2,Traditional Shoppers
19880,0,Value Seekers
19881,0,Value Seekers
19883,2,Traditional Shoppers
19884,7,Loyal Explorers
19885,7,Loyal Explorers
19886,2,Traditional Shoppers
19887,3,Vegetarians
19888,6,Large Families
19890,0,Value Seekers
19891,2,Traditional Shoppers
19892,3,Vegetarians
19893,0,Value Seekers
19894,5,Tech Enthusiasts
19895,2,Traditional Shoppers
19896,4,Promotion Hunters
19897,2,Traditional Shoppers
19898,4,Promotion Hunters
19899,0,Value Seekers
19900,2,Traditional Shoppers
19902,0,Value Seekers
19903,0,Value Seekers
19904,6,Large Families
19905,1,Wellness
19906,0,Value Seekers
19907,6,Large Families
19909,2,Traditional Shoppers
19910,5,Tech Enthusiasts
19912,3,Vegetarians
19913,4,Promotion Hunters
19914,7,Loyal Explorers
19915,5,Tech Enthusiasts
19916,1,Wellness
19917,1,Wellness
19918,7,Loyal Explorers
19919,0,Value Seekers
19920,0,Value Seekers
19921,2,Traditional Shoppers
19922,6,Large Families
19923,4,Promotion Hunters
19924,6,Large Families
19925,5,Tech Enthusiasts
19926,4,Promotion Hunters
19927,5,Tech Enthusiasts
19928,2,Traditional Shoppers
19929,4,Promotion Hunters
19930,7,Loyal Explorers
19931,0,Value Seekers
19932,3,Vegetarians
19934,6,Large Families
19935,7,Loyal Explorers
19936,1,Wellness
19937,5,Tech Enthusiasts
19939,7,Loyal Explorers
19940,6,Large Families
19941,6,Large Families
19944,5,Tech Enthusiasts
19946,2,Traditional Shoppers
19947,6,Large Families
19948,1,Wellness
19949,4,Promotion Hunters
19950,3,Vegetarians
19953,1,Wellness
19954,2,Traditional Shoppers
19955,7,Loyal Explorers
19956,7,Loyal Explorers
19957,7,Loyal Explorers
19958,0,Value Seekers
19959,0,Value Seekers
19960,4,Promotion Hunters
19961,4,Promotion Hunters
19962,6,Large Families
19963,3,Vegetarians
19965,3,Vegetarians
19966,6,Large Families
19967,2,Traditional Shoppers
19969,1,Wellness
19970,5,Tech Enthusiasts
19972,5,Tech Enthusiasts
19973,6,Large Families
19974,5,Tech Enthusiasts
19975,5,Tech Enthusiasts
19976,4,Promotion Hunters
19978,0,Value Seekers
19979,2,Traditional Shoppers
19980,3,Vegetarians
19982,1,Wellness
19983,7,Loyal Explorers
19984,3,Vegetarians
19985,3,Vegetarians
19986,7,Loyal Explorers
19987,6,Large Families
19989,3,Vegetarians
19990,2,Traditional Shoppers
19991,6,Large Families
19992,4,Promotion Hunters
19993,7,Loyal Explorers
19994,1,Wellness
19995,2,Traditional Shoppers
19996,3,Vegetarians
19997,4,Promotion Hunters
19998,2,Traditional Shoppers
19999,4,Promotion Hunters
20001,4,Promotion Hunters
20002,6,Large Families
20003,5,Tech Enthusiasts
20004,5,Tech Enthusiasts
20006,6,Large Families
20007,5,Tech Enthusiasts
20008,4,Promotion Hunters
20009,2,Traditional Shoppers
20010,0,Value Seekers
20012,0,Value Seekers
20013,1,Wellness
20014,3,Vegetarians
20015,6,Large Families
20016,6,Large Families
20017,1,Wellness
20018,2,Traditional Shoppers
20019,2,Traditional Shoppers
20020,3,Vegetarians
20021,3,Vegetarians
20022,1,Wellness
20023,6,Large Families
20025,1,Wellness
20027,2,Traditional Shoppers
20029,2,Traditional Shoppers
20030,5,Tech Enthusiasts
20031,2,Traditional Shoppers
20032,3,Vegetarians
20033,3,Vegetarians
20034,7,Loyal Explorers
20035,0,Value Seekers
20036,6,Large Families
20037,6,Large Families
20038,3,Vegetarians
20039,5,Tech Enthusiasts
20040,4,Promotion Hunters
20041,4,Promotion Hunters
20042,5,Tech Enthusiasts
20043,6,Large Families
20044,2,Traditional Shoppers
20045,2,Traditional Shoppers
20046,5,Tech Enthusiasts
20047,6,Large Families
20048,5,Tech Enthusiasts
20049,7,Loyal Explorers
20050,4,Promotion Hunters
20051,0,Value Seekers
20052,6,Large Families
20053,1,Wellness
20054,5,Tech Enthusiasts
20056,5,Tech Enthusiasts
20059,6,Large Families
20060,0,Value Seekers
20061,5,Tech Enthusiasts
20062,3,Vegetarians
20064,6,Large Families
20065,2,Traditional Shoppers
20066,6,Large Families
20068,6,Large Families
20070,3,Vegetarians
20072,2,Traditional Shoppers
20073,6,Large Families
20074,7,Loyal Explorers
20075,1,Wellness
20077,3,Vegetarians
20078,2,Traditional Shoppers
20079,6,Large Families
20080,5,Tech Enthusiasts
20081,1,Wellness
20082,0,Value Seekers
20083,1,Wellness
20084,2,Traditional Shoppers
20085,2,Traditional Shoppers
20086,1,Wellness
20087,0,Value Seekers
20088,2,Traditional Shoppers
20089,4,Promotion Hunters
20091,5,Tech Enthusiasts
20092,2,Traditional Shoppers
20093,6,Large Families
20095,1,Wellness
20096,4,Promotion Hunters
20097,7,Loyal Explorers
20098,3,Vegetarians
20099,4,Promotion Hunters
20101,1,Wellness
20102,0,Value Seekers
20103,4,Promotion Hunters
20104,2,Traditional Shoppers
20105,2,Traditional Shoppers
20106,3,Vegetarians
20107,2,Traditional Shoppers
20108,2,Traditional Shoppers
20109,4,Promotion Hunters
20110,2,Traditional Shoppers
20111,1,Wellness
20112,1,Wellness
20113,1,Wellness
20114,0,Value Seekers
20115,5,Tech Enthusiasts
20116,4,Promotion Hunters
20117,5,Tech Enthusiasts
20118,5,Tech Enthusiasts
20119,3,Vegetarians
20120,1,Wellness
20121,4,Promotion Hunters
20122,6,Large Families
20123,3,Vegetarians
20124,1,Wellness
20125,2,Traditional Shoppers
20126,2,Traditional Shoppers
20128,2,Traditional Shoppers
20129,2,Traditional Shoppers
20130,1,Wellness
20131,7,Loyal Explorers
20132,3,Vegetarians
20133,5,Tech Enthusiasts
20134,1,Wellness
20135,2,Traditional Shoppers
20137,2,Traditional Shoppers
20139,0,Value Seekers
20140,5,Tech Enthusiasts
20141,4,Promotion Hunters
20142,1,Wellness
20144,6,Large Families
20145,3,Vegetarians
20146,3,Vegetarians
20147,3,Vegetarians
20148,7,Loyal Explorers
20149,6,Large Families
20150,3,Vegetarians
20151,4,Promotion Hunters
20152,4,Promotion Hunters
20153,0,Value Seekers
20154,1,Wellness
20155,2,Traditional Shoppers
20156,5,Tech Enthusiasts
20157,0,Value Seekers
20160,3,Vegetarians
20161,1,Wellness
20162,0,Value Seekers
20164,6,Large Families
20165,3,Vegetarians
20166,1,Wellness
20167,5,Tech Enthusiasts
20168,5,Tech Enthusiasts
20169,6,Large Families
20170,4,Promotion Hunters
20171,1,Wellness
20172,6,Large Families
20173,1,Wellness
20174,7,Loyal Explorers
20175,2,Traditional Shoppers
20176,6,Large Families
20177,0,Value Seekers
20178,6,Large Families
20179,3,Vegetarians
20180,4,Promotion Hunters
20181,3,Vegetarians
20182,2,Traditional Shoppers
20183,2,Traditional Shoppers
20184,7,Loyal Explorers
20187,3,Vegetarians
20188,0,Value Seekers
20189,4,Promotion Hunters
20190,3,Vegetarians
20192,6,Large Families
20193,5,Tech Enthusiasts
20195,2,Traditional Shoppers
20198,0,Value Seekers
20199,4,Promotion Hunters
20200,0,Value Seekers
20201,2,Traditional Shoppers
20204,1,Wellness
20205,1,Wellness
20207,1,Wellness
20208,1,Wellness
20209,3,Vegetarians
20211,2,Traditional Shoppers
20212,6,Large Families
20213,6,Large Families
20214,3,Vegetarians
20215,4,Promotion Hunters
20216,1,Wellness
20217,0,Value Seekers
20221,2,Traditional Shoppers
20223,4,Promotion Hunters
20224,4,Promotion Hunters
20225,2,Traditional Shoppers
20226,2,Traditional Shoppers
20227,5,Tech Enthusiasts
20229,2,Traditional Shoppers
20230,0,Value Seekers
20231,2,Traditional Shoppers
20232,1,Wellness
20233,7,Loyal Explorers
20234,6,Large Families
20235,3,Vegetarians
20236,0,Value Seekers
20237,2,Traditional Shoppers
20238,0,Value Seekers
20239,7,Loyal Explorers
20240,3,Vegetarians
20241,7,Loyal Explorers
20243,3,Vegetarians
20245,6,Large Families
20246,4,Promotion Hunters
20247,1,Wellness
20248,0,Value Seekers
20250,3,Vegetarians
20252,0,Value Seekers
20254,7,Loyal Explorers
20255,2,Traditional Shoppers
20256,6,Large Families
20257,1,Wellness
20258,1,Wellness
20259,3,Vegetarians
20260,5,Tech Enthusiasts
20261,7,Loyal Explorers
20262,2,Traditional Shoppers
20263,2,Traditional Shoppers
20264,7,Loyal Explorers
20265,6,Large Families
20266,2,Traditional Shoppers
20268,0,Value Seekers
20269,6,Large Families
20271,7,Loyal Explorers
20272,6,Large Families
20273,7,Loyal Explorers
20274,0,Value Seekers
20275,7,Loyal Explorers
20276,6,Large Families
20277,2,Traditional Shoppers
20279,5,Tech Enthusiasts
20280,1,Wellness
20281,6,Large Families
20283,5,Tech Enthusiasts
20285,5,Tech Enthusiasts
20287,3,Vegetarians
20288,5,Tech Enthusiasts
20289,1,Wellness
20290,3,Vegetarians
20291,2,Traditional Shoppers
20292,2,Traditional Shoppers
20293,2,Traditional Shoppers
20294,2,Traditional Shoppers
20295,1,Wellness
20298,3,Vegetarians
20300,7,Loyal Explorers
20301,7,Loyal Explorers
20302,7,Loyal Explorers
20303,0,Value Seekers
20304,2,Traditional Shoppers
20306,2,Traditional Shoppers
20307,5,Tech Enthusiasts
20309,5,Tech Enthusiasts
20310,5,Tech Enthusiasts
20312,6,Large Families
20313,3,Vegetarians
20314,7,Loyal Explorers
20315,0,Value Seekers
20316,2,Traditional Shoppers
20317,4,Promotion Hunters
20318,7,Loyal Explorers
20319,3,Vegetarians
20320,6,Large Families
20321,0,Value Seekers
20322,3,Vegetarians
20323,0,Value Seekers
20324,4,Promotion Hunters
20325,7,Loyal Explorers
20326,4,Promotion Hunters
20327,7,Loyal Explorers
20328,3,Vegetarians
20329,1,Wellness
20331,3,Vegetarians
20332,5,Tech Enthusiasts
20333,0,Value Seekers
20334,4,Promotion Hunters
20335,3,Vegetarians
20337,5,Tech Enthusiasts
20338,1,Wellness
20339,5,Tech Enthusiasts
20340,5,Tech Enthusiasts
20341,4,Promotion Hunters
20342,5,Tech Enthusiasts
20343,6,Large Families
20344,6,Large Families
20345,2,Traditional Shoppers
20346,5,Tech Enthusiasts
20347,5,Tech Enthusiasts
20348,6,Large Families
20349,4,Promotion Hunters
20352,0,Value Seekers
20353,1,Wellness
20355,1,Wellness
20356,1,Wellness
20357,5,Tech Enthusiasts
20358,2,Traditional Shoppers
20359,6,Large Families
20360,0,Value Seekers
20361,2,Traditional Shoppers
20364,2,Traditional Shoppers
20365,0,Value Seekers
20366,0,Value Seekers
20367,4,Promotion Hunters
20369,2,Traditional Shoppers
20371,4,Promotion Hunters
20372,5,Tech Enthusiasts
20373,6,Large Families
20374,4,Promotion Hunters
20375,3,Vegetarians
20378,4,Promotion Hunters
20379,6,Large Families
20380,1,Wellness
20381,6,Large Families
20383,3,Vegetarians
20384,3,Vegetarians
20385,3,Vegetarians
20386,7,Loyal Explorers
20387,0,Value Seekers
20389,5,Tech Enthusiasts
20390,5,Tech Enthusiasts
20391,4,Promotion Hunters
20392,5,Tech Enthusiasts
20393,3,Vegetarians
20394,0,Value Seekers
20395,1,Wellness
20396,5,Tech Enthusiasts
20397,4,Promotion Hunters
20398,1,Wellness
20399,6,Large Families
20400,5,Tech Enthusiasts
20401,6,Large Families
20402,2,Traditional Shoppers
20404,2,Traditional Shoppers
20405,6,Large Families
20406,5,Tech Enthusiasts
20407,7,Loyal Explorers
20408,2,Traditional Shoppers
20410,6,Large Families
20411,5,Tech Enthusiasts
20413,1,Wellness
20414,6,Large Families
20415,0,Value Seekers
20417,0,Value Seekers
20419,2,Traditional Shoppers
20420,1,Wellness
20421,7,Loyal Explorers
20422,1,Wellness
20423,3,Vegetarians
20424,6,Large Families
20425,0,Value Seekers
20426,0,Value Seekers
20428,4,Promotion Hunters
20429,5,Tech Enthusiasts
20430,6,Large Families
20431,2,Traditional Shoppers
20433,2,Traditional Shoppers
20434,7,Loyal Explorers
20436,6,Large Families
20437,5,Tech Enthusiasts
20438,5,Tech Enthusiasts
20439,1,Wellness
20440,7,Loyal Explorers
20441,0,Value Seekers
20442,1,Wellness
20443,7,Loyal Explorers
20444,6,Large Families
20445,0,Value Seekers
20446,7,Loyal Explorers
20447,4,Promotion Hunters
20448,5,Tech Enthusiasts
20449,3,Vegetarians
20450,5,Tech Enthusiasts
20451,0,Value Seekers
20452,3,Vegetarians
20453,3,Vegetarians
20454,0,Value Seekers
20456,3,Vegetarians
20457,2,Traditional Shoppers
20458,2,Traditional Shoppers
20459,4,Promotion Hunters
20460,3,Vegetarians
20461,3,Vegetarians
20462,3,Vegetarians
20463,2,Traditional Shoppers
20465,2,Traditional Shoppers
20466,6,Large Families
20468,3,Vegetarians
20469,3,Vegetarians
20470,3,Vegetarians
20471,2,Traditional Shoppers
20472,4,Promotion Hunters
20473,6,Large Families
20474,7,Loyal Explorers
20475,5,Tech Enthusiasts
20476,0,Value Seekers
20477,7,Loyal Explorers
20478,7,Loyal Explorers
20479,6,Large Families
20482,0,Value Seekers
20483,1,Wellness
20486,2,Traditional Shoppers
20487,7,Loyal Explorers
20488,6,Large Families
20489,2,Traditional Shoppers
20490,4,Promotion Hunters
20492,0,Value Seekers
20493,5,Tech Enthusiasts
20494,5,Tech Enthusiasts
20495,5,Tech Enthusiasts
20496,5,Tech Enthusiasts
20497,6,Large Families
20498,1,Wellness
20501,7,Loyal Explorers
20502,2,Traditional Shoppers
20504,5,Tech Enthusiasts
20505,1,Wellness
20507,2,Traditional Shoppers
20509,5,Tech Enthusiasts
20510,1,Wellness
20511,5,Tech Enthusiasts
20512,0,Value Seekers
20513,5,Tech Enthusiasts
20514,5,Tech Enthusiasts
20516,0,Value Seekers
20517,3,Vegetarians
20518,6,Large Families
20519,1,Wellness
20520,3,Vegetarians
20521,6,Large Families
20522,0,Value Seekers
20524,7,Loyal Explorers
20525,6,Large Families
20526,0,Value Seekers
20527,0,Value Seekers
20528,4,Promotion Hunters
20529,4,Promotion Hunters
20530,7,Loyal Explorers
20533,3,Vegetarians
20534,3,Vegetarians
20535,2,Traditional Shoppers
20536,0,Value Seekers
20537,4,Promotion Hunters
20538,2,Traditional Shoppers
20539,5,Tech Enthusiasts
20540,5,Tech Enthusiasts
20541,2,Traditional Shoppers
20542,3,Vegetarians
20543,3,Vegetarians
20544,2,Traditional Shoppers
20545,2,Traditional Shoppers
20546,3,Vegetarians
20547,2,Traditional Shoppers
20549,6,Large Families
20551,2,Traditional Shoppers
20553,1,Wellness
20554,3,Vegetarians
20556,1,Wellness
20557,2,Traditional Shoppers
20558,5,Tech Enthusiasts
20559,3,Vegetarians
20560,3,Vegetarians
20561,5,Tech Enthusiasts
20562,0,Value Seekers
20563,2,Traditional Shoppers
20564,0,Value Seekers
20565,4,Promotion Hunters
20566,1,Wellness
20567,6,Large Families
20568,7,Loyal Explorers
20569,3,Vegetarians
20570,3,Vegetarians
20571,2,Traditional Shoppers
20572,4,Promotion Hunters
20574,4,Promotion Hunters
20575,1,Wellness
20576,6,Large Families
20577,2,Traditional Shoppers
20578,0,Value Seekers
20581,2,Traditional Shoppers
20583,2,Traditional Shoppers
20584,6,Large Families
20585,3,Vegetarians
20586,0,Value Seekers
20587,7,Loyal Explorers
20588,4,Promotion Hunters
20589,5,Tech Enthusiasts
20590,6,Large Families
20591,7,Loyal Explorers
20592,6,Large Families
20593,2,Traditional Shoppers
20594,6,Large Families
20595,7,Loyal Explorers
20597,5,Tech Enthusiasts
20598,6,Large Families
20599,2,Traditional Shoppers
20600,1,Wellness
20601,5,Tech Enthusiasts
20603,4,Promotion Hunters
20605,1,Wellness
20606,2,Traditional Shoppers
20607,2,Traditional Shoppers
20609,7,Loyal Explorers
20610,7,Loyal Explorers
20613,2,Traditional Shoppers
20614,3,Vegetarians
20615,5,Tech Enthusiasts
20616,2,Traditional Shoppers
20617,1,Wellness
20618,3,Vegetarians
20619,5,Tech Enthusiasts
20620,0,Value Seekers
20623,2,Traditional Shoppers
20624,6,Large Families
20625,5,Tech Enthusiasts
20626,2,Traditional Shoppers
20627,0,Value Seekers
20628,7,Loyal Explorers
20629,6,Large Families
20630,4,Promotion Hunters
20631,6,Large Families
20632,4,Promotion Hunters
20633,0,Value Seekers
20634,1,Wellness
20635,5,Tech Enthusiasts
20636,5,Tech Enthusiasts
20638,5,Tech Enthusiasts
20639,7,Loyal Explorers
20640,2,Traditional Shoppers
20641,0,Value Seekers
20642,2,Traditional Shoppers
20643,6,Large Families
20644,2,Traditional Shoppers
20645,2,Traditional Shoppers
20647,1,Wellness
20648,3,Vegetarians
20649,2,Traditional Shoppers
20650,0,Value Seekers
20653,7,Loyal Explorers
20655,7,Loyal Explorers
20657,7,Loyal Explorers
20659,2,Traditional Shoppers
20660,2,Traditional Shoppers
20661,1,Wellness
20662,0,Value Seekers
20663,5,Tech Enthusiasts
20664,5,Tech Enthusiasts
20665,5,Tech Enthusiasts
20666,2,Traditional Shoppers
20667,5,Tech Enthusiasts
20668,7,Loyal Explorers
20670,0,Value Seekers
20671,6,Large Families
20672,3,Vegetarians
20674,2,Traditional Shoppers
20675,6,Large Families
20676,2,Traditional Shoppers
20677,3,Vegetarians
20678,2,Traditional Shoppers
20679,2,Traditional Shoppers
20680,5,Tech Enthusiasts
20681,2,Traditional Shoppers
20682,5,Tech Enthusiasts
20683,3,Vegetarians
20684,6,Large Families
20686,2,Traditional Shoppers
20689,2,Traditional Shoppers
20690,4,Promotion Hunters
20691,0,Value Seekers
20692,6,Large Families
20693,7,Loyal Explorers
20694,0,Value Seekers
20695,6,Large Families
20696,5,Tech Enthusiasts
20697,5,Tech Enthusiasts
20698,0,Value Seekers
20699,7,Loyal Explorers
20700,3,Vegetarians
20701,2,Traditional Shoppers
20703,4,Promotion Hunters
20704,0,Value Seekers
20705,7,Loyal Explorers
20707,3,Vegetarians
20708,7,Loyal Explorers
20710,6,Large Families
20711,0,Value Seekers
20713,4,Promotion Hunters
20714,5,Tech Enthusiasts
20715,0,Value Seekers
20716,3,Vegetarians
20717,1,Wellness
20718,3,Vegetarians
20719,1,Wellness
20722,7,Loyal Explorers
20723,2,Traditional Shoppers
20724,5,Tech Enthusiasts
20725,5,Tech Enthusiasts
20728,6,Large Families
20729,6,Large Families
20730,3,Vegetarians
20731,6,Large Families
20732,7,Loyal Explorers
20733,1,Wellness
20734,1,Wellness
20735,3,Vegetarians
20736,7,Loyal Explorers
20737,2,Traditional Shoppers
20739,4,Promotion Hunters
20741,5,Tech Enthusiasts
20742,2,Traditional Shoppers
20743,2,Traditional Shoppers
20744,3,Vegetarians
20745,5,Tech Enthusiasts
20746,1,Wellness
20747,5,Tech Enthusiasts
20748,4,Promotion Hunters
20750,2,Traditional Shoppers
20751,6,Large Families
20752,3,Vegetarians
20753,1,Wellness
20754,1,Wellness
20755,3,Vegetarians
20756,2,Traditional Shoppers
20757,2,Traditional Shoppers
20759,6,Large Families
20760,3,Vegetarians
20761,6,Large Families
20762,2,Traditional Shoppers
20763,6,Large Families
20764,3,Vegetarians
20765,6,Large Families
20766,3,Vegetarians
20767,6,Large Families
20768,2,Traditional Shoppers
20769,5,Tech Enthusiasts
20770,5,Tech Enthusiasts
20772,2,Traditional Shoppers
20773,0,Value Seekers
20774,1,Wellness
20775,3,Vegetarians
20776,7,Loyal Explorers
20777,2,Traditional Shoppers
20778,1,Wellness
20779,1,Wellness
20780,0,Value Seekers
20781,3,Vegetarians
20782,3,Vegetarians
20783,6,Large Families
20784,6,Large Families
20786,5,Tech Enthusiasts
20787,5,Tech Enthusiasts
20788,1,Wellness
20789,5,Tech Enthusiasts
20790,1,Wellness
20791,7,Loyal Explorers
20792,2,Traditional Shoppers
20793,1,Wellness
20794,4,Promotion Hunters
20795,2,Traditional Shoppers
20796,2,Traditional Shoppers
20797,6,Large Families
20798,2,Traditional Shoppers
20799,2,Traditional Shoppers
20801,5,Tech Enthusiasts
20802,2,Traditional Shoppers
20803,2,Traditional Shoppers
20804,0,Value Seekers
20805,3,Vegetarians
20806,1,Wellness
20807,2,Traditional Shoppers
20808,2,Traditional Shoppers
20810,4,Promotion Hunters
20811,5,Tech Enthusiasts
20812,1,Wellness
20814,1,Wellness
20816,6,Large Families
20817,5,Tech Enthusiasts
20818,5,Tech Enthusiasts
20819,4,Promotion Hunters
20821,2,Traditional Shoppers
20822,1,Wellness
20823,0,Value Seekers
20824,2,Traditional Shoppers
20825,6,Large Families
20826,3,Vegetarians
20827,3,Vegetarians
20828,5,Tech Enthusiasts
20829,2,Traditional Shoppers
20830,2,Traditional Shoppers
20831,3,Vegetarians
20832,2,Traditional Shoppers
20833,2,Traditional Shoppers
20835,6,Large Families
20836,3,Vegetarians
20837,6,Large Families
20840,7,Loyal Explorers
20841,2,Traditional Shoppers
20843,2,Traditional Shoppers
20845,7,Loyal Explorers
20848,6,Large Families
20849,4,Promotion Hunters
20850,3,Vegetarians
20851,7,Loyal Explorers
20852,3,Vegetarians
20853,2,Traditional Shoppers
20854,0,Value Seekers
20855,0,Value Seekers
20856,2,Traditional Shoppers
20857,7,Loyal Explorers
20858,1,Wellness
20859,7,Loyal Explorers
20861,6,Large Families
20864,5,Tech Enthusiasts
20866,4,Promotion Hunters
20867,6,Large Families
20869,4,Promotion Hunters
20870,3,Vegetarians
20871,5,Tech Enthusiasts
20872,3,Vegetarians
20876,2,Traditional Shoppers
20877,2,Traditional Shoppers
20878,4,Promotion Hunters
20879,0,Value Seekers
20880,3,Vegetarians
20881,6,Large Families
20882,6,Large Families
20883,6,Large Families
20884,5,Tech Enthusiasts
20885,6,Large Families
20886,3,Vegetarians
20887,4,Promotion Hunters
20889,0,Value Seekers
20890,3,Vegetarians
20891,3,Vegetarians
20892,0,Value Seekers
20893,6,Large Families
20894,1,Wellness
20895,4,Promotion Hunters
20897,0,Value Seekers
20898,6,Large Families
20899,0,Value Seekers
20901,6,Large Families
20902,5,Tech Enthusiasts
20903,2,Traditional Shoppers
20904,2,Traditional Shoppers
20905,7,Loyal Explorers
20906,2,Traditional Shoppers
20907,1,Wellness
20909,0,Value Seekers
20910,3,Vegetarians
20911,4,Promotion Hunters
20912,1,Wellness
20913,2,Traditional Shoppers
20914,7,Loyal Explorers
20915,3,Vegetarians
20916,2,Traditional Shoppers
20918,3,Vegetarians
20919,3,Vegetarians
20920,1,Wellness
20923,1,Wellness
20925,6,Large Families
20926,0,Value Seekers
20927,7,Loyal Explorers
20928,6,Large Families
20929,3,Vegetarians
20930,6,Large Families
20931,4,Promotion Hunters
20932,4,Promotion Hunters
20933,4,Promotion Hunters
20934,0,Value Seekers
20935,1,Wellness
20936,7,Loyal Explorers
20938,1,Wellness
20939,2,Traditional Shoppers
20940,2,Traditional Shoppers
20942,6,Large Families
20943,2,Traditional Shoppers
20944,4,Promotion Hunters
20945,3,Vegetarians
20947,5,Tech Enthusiasts
20948,5,Tech Enthusiasts
20949,2,Traditional Shoppers
20952,5,Tech Enthusiasts
20953,5,Tech Enthusiasts
20954,2,Traditional Shoppers
20955,3,Vegetarians
20956,1,Wellness
20958,0,Value Seekers
20959,3,Vegetarians
20960,2,Traditional Shoppers
20961,0,Value Seekers
20962,7,Loyal Explorers
20963,3,Vegetarians
20965,1,Wellness
20966,2,Traditional Shoppers
20967,2,Traditional Shoppers
20968,0,Value Seekers
20969,1,Wellness
20970,6,Large Families
20972,1,Wellness
20974,0,Value Seekers
20975,3,Vegetarians
20976,3,Vegetarians
20977,3,Vegetarians
20978,1,Wellness
20979,2,Traditional Shoppers
20980,4,Promotion Hunters
20981,7,Loyal Explorers
20982,1,Wellness
20983,3,Vegetarians
20984,4,Promotion Hunters
20985,2,Traditional Shoppers
20986,6,Large Families
20987,2,Traditional Shoppers
20988,0,Value Seekers
20989,7,Loyal Explorers
20990,2,Traditional Shoppers
20991,2,Traditional Shoppers
20992,4,Promotion Hunters
20993,3,Vegetarians
20994,3,Vegetarians
20995,7,Loyal Explorers
20996,4,Promotion Hunters
20997,7,Loyal Explorers
20998,5,Tech Enthusiasts
20999,2,Traditional Shoppers
21000,2,Traditional Shoppers
21001,6,Large Families
21002,1,Wellness
21003,3,Vegetarians
21004,3,Vegetarians
21006,6,Large Families
21008,1,Wellness
21011,6,Large Families
21013,4,Promotion Hunters
21014,4,Promotion Hunters
21015,4,Promotion Hunters
21016,2,Traditional Shoppers
21018,3,Vegetarians
21020,4,Promotion Hunters
21022,3,Vegetarians
21023,3,Vegetarians
21024,2,Traditional Shoppers
21025,4,Promotion Hunters
21026,5,Tech Enthusiasts
21028,7,Loyal Explorers
21030,4,Promotion Hunters
21031,1,Wellness
21032,6,Large Families
21034,7,Loyal Explorers
21035,5,Tech Enthusiasts
21039,0,Value Seekers
21040,6,Large Families
21041,4,Promotion Hunters
21043,1,Wellness
21044,4,Promotion Hunters
21046,6,Large Families
21047,0,Value Seekers
21048,0,Value Seekers
21049,1,Wellness
21050,7,Loyal Explorers
21051,2,Traditional Shoppers
21052,6,Large Families
21053,0,Value Seekers
21054,3,Vegetarians
21055,2,Traditional Shoppers
21056,3,Vegetarians
21057,5,Tech Enthusiasts
21058,2,Traditional Shoppers
21059,4,Promotion Hunters
21060,4,Promotion Hunters
21061,7,Loyal Explorers
21062,7,Loyal Explorers
21063,4,Promotion Hunters
21065,7,Loyal Explorers
21066,6,Large Families
21067,7,Loyal Explorers
21068,6,Large Families
21069,5,Tech Enthusiasts
21070,2,Traditional Shoppers
21071,4,Promotion Hunters
21072,2,Traditional Shoppers
21073,4,Promotion Hunters
21074,0,Value Seekers
21076,6,Large Families
21077,7,Loyal Explorers
21078,5,Tech Enthusiasts
21079,7,Loyal Explorers
21080,3,Vegetarians
21081,6,Large Families
21082,2,Traditional Shoppers
21084,7,Loyal Explorers
21085,6,Large Families
21086,4,Promotion Hunters
21087,5,Tech Enthusiasts
21089,2,Traditional Shoppers
21090,2,Traditional Shoppers
21091,7,Loyal Explorers
21092,4,Promotion Hunters
21093,6,Large Families
21094,7,Loyal Explorers
21095,2,Traditional Shoppers
21096,0,Value Seekers
21097,0,Value Seekers
21098,6,Large Families
21100,1,Wellness
21102,2,Traditional Shoppers
21103,2,Traditional Shoppers
21105,2,Traditional Shoppers
21107,1,Wellness
21108,2,Traditional Shoppers
21110,5,Tech Enthusiasts
21111,3,Vegetarians
21112,0,Value Seekers
21113,6,Large Families
21114,5,Tech Enthusiasts
21115,0,Value Seekers
21116,6,Large Families
21117,3,Vegetarians
21118,6,Large Families
21119,6,Large Families
21122,1,Wellness
21123,6,Large Families
21124,3,Vegetarians
21125,3,Vegetarians
21126,2,Traditional Shoppers
21129,4,Promotion Hunters
21130,7,Loyal Explorers
21131,5,Tech Enthusiasts
21132,0,Value Seekers
21133,4,Promotion Hunters
21135,0,Value Seekers
21136,4,Promotion Hunters
21137,1,Wellness
21138,1,Wellness
21139,5,Tech Enthusiasts
21140,1,Wellness
21141,7,Loyal Explorers
21142,5,Tech Enthusiasts
21143,4,Promotion Hunters
21144,3,Vegetarians
21145,7,Loyal Explorers
21147,6,Large Families
21148,6,Large Families
21150,3,Vegetarians
21151,2,Traditional Shoppers
21152,4,Promotion Hunters
21153,6,Large Families
21154,6,Large Families
21155,3,Vegetarians
21156,0,Value Seekers
21157,2,Traditional Shoppers
21158,7,Loyal Explorers
21159,6,Large Families
21160,2,Traditional Shoppers
21161,7,Loyal Explorers
21162,4,Promotion Hunters
21163,5,Tech Enthusiasts
21164,0,Value Seekers
21165,7,Loyal Explorers
21166,0,Value Seekers
21167,2,Traditional Shoppers
21168,4,Promotion Hunters
21169,7,Loyal Explorers
21170,3,Vegetarians
21171,6,Large Families
21172,7,Loyal Explorers
21173,5,Tech Enthusiasts
21174,1,Wellness
21175,6,Large Families
21176,3,Vegetarians
21177,5,Tech Enthusiasts
21180,1,Wellness
21181,6,Large Families
21182,0,Value Seekers
21183,5,Tech Enthusiasts
21184,7,Loyal Explorers
21185,2,Traditional Shoppers
21186,6,Large Families
21187,0,Value Seekers
21188,7,Loyal Explorers
21190,6,Large Families
21191,1,Wellness
21192,7,Loyal Explorers
21193,4,Promotion Hunters
21194,6,Large Families
21195,2,Traditional Shoppers
21196,7,Loyal Explorers
21197,2,Traditional Shoppers
21198,1,Wellness
21199,6,Large Families
21200,1,Wellness
21201,5,Tech Enthusiasts
21203,2,Traditional Shoppers
21204,5,Tech Enthusiasts
21205,7,Loyal Explorers
21206,7,Loyal Explorers
21207,4,Promotion Hunters
21208,1,Wellness
21209,7,Loyal Explorers
21210,5,Tech Enthusiasts
21211,1,Wellness
21212,6,Large Families
21213,7,Loyal Explorers
21215,5,Tech Enthusiasts
21216,5,Tech Enthusiasts
21217,5,Tech Enthusiasts
21218,4,Promotion Hunters
21220,1,Wellness
21221,0,Value Seekers
21222,6,Large Families
21223,6,Large Families
21224,5,Tech Enthusiasts
21225,1,Wellness
21226,3,Vegetarians
21227,3,Vegetarians
21228,7,Loyal Explorers
21229,2,Traditional Shoppers
21230,3,Vegetarians
21231,3,Vegetarians
21232,2,Traditional Shoppers
21233,2,Traditional Shoppers
21237,6,Large Families
21238,0,Value Seekers
21239,2,Traditional Shoppers
21242,6,Large Families
21243,1,Wellness
21244,5,Tech Enthusiasts
21245,2,Traditional Shoppers
21246,7,Loyal Explorers
21247,6,Large Families
21248,4,Promotion Hunters
21250,5,Tech Enthusiasts
21251,1,Wellness
21254,1,Wellness
21255,5,Tech Enthusiasts
21256,5,Tech Enthusiasts
21257,2,Traditional Shoppers
21258,7,Loyal Explorers
21260,2,Traditional Shoppers
21261,5,Tech Enthusiasts
21262,7,Loyal Explorers
21263,7,Loyal Explorers
21267,2,Traditional Shoppers
21268,0,Value Seekers
21269,5,Tech Enthusiasts
21270,3,Vegetarians
21271,3,Vegetarians
21272,1,Wellness
21273,1,Wellness
21274,6,Large Families
21275,1,Wellness
21276,5,Tech Enthusiasts
21277,6,Large Families
21279,5,Tech Enthusiasts
21280,0,Value Seekers
21281,2,Traditional Shoppers
21282,7,Loyal Explorers
21284,3,Vegetarians
21285,6,Large Families
21286,1,Wellness
21288,2,Traditional Shoppers
21289,5,Tech Enthusiasts
21290,4,Promotion Hunters
21291,3,Vegetarians
21292,1,Wellness
21293,1,Wellness
21294,2,Traditional Shoppers
21295,7,Loyal Explorers
21296,2,Traditional Shoppers
21297,2,Traditional Shoppers
21298,7,Loyal Explorers
21299,2,Traditional Shoppers
21300,2,Traditional Shoppers
21301,1,Wellness
21302,3,Vegetarians
21303,1,Wellness
21304,1,Wellness
21305,6,Large Families
21306,3,Vegetarians
21307,3,Vegetarians
21308,6,Large Families
21309,5,Tech Enthusiasts
21310,6,Large Families
21311,6,Large Families
21312,0,Value Seekers
21313,0,Value Seekers
21314,6,Large Families
21315,5,Tech Enthusiasts
21316,1,Wellness
21317,2,Traditional Shoppers
21318,1,Wellness
21320,1,Wellness
21322,1,Wellness
21323,2,Traditional Shoppers
21324,0,Value Seekers
21326,3,Vegetarians
21328,3,Vegetarians
21329,6,Large Families
21331,3,Vegetarians
21332,7,Loyal Explorers
21333,6,Large Families
21334,7,Loyal Explorers
21335,2,Traditional Shoppers
21337,6,Large Families
21338,4,Promotion Hunters
21339,3,Vegetarians
21340,3,Vegetarians
21342,3,Vegetarians
21343,5,Tech Enthusiasts
21344,6,Large Families
21345,3,Vegetarians
21346,6,Large Families
21347,4,Promotion Hunters
21349,1,Wellness
21350,2,Traditional Shoppers
21351,2,Traditional Shoppers
21352,2,Traditional Shoppers
21355,3,Vegetarians
21356,0,Value Seekers
21357,6,Large Families
21358,5,Tech Enthusiasts
21359,4,Promotion Hunters
21360,1,Wellness
21363,1,Wellness
21364,0,Value Seekers
21366,3,Vegetarians
21368,4,Promotion Hunters
21369,4,Promotion Hunters
21370,3,Vegetarians
21371,7,Loyal Explorers
21372,5,Tech Enthusiasts
21373,1,Wellness
21374,1,Wellness
21375,1,Wellness
21376,1,Wellness
21379,0,Value Seekers
21380,2,Traditional Shoppers
21381,0,Value Seekers
21382,3,Vegetarians
21383,1,Wellness
21384,0,Value Seekers
21385,0,Value Seekers
21386,5,Tech Enthusiasts
21388,2,Traditional Shoppers
21389,6,Large Families
21390,0,Value Seekers
21391,3,Vegetarians
21393,4,Promotion Hunters
21394,4,Promotion Hunters
21396,3,Vegetarians
21397,4,Promotion Hunters
21398,1,Wellness
21399,3,Vegetarians
21401,0,Value Seekers
21402,6,Large Families
21403,5,Tech Enthusiasts
21404,1,Wellness
21405,1,Wellness
21406,1,Wellness
21407,2,Traditional Shoppers
21408,2,Traditional Shoppers
21409,6,Large Families
21410,7,Loyal Explorers
21412,5,Tech Enthusiasts
21413,3,Vegetarians
21415,6,Large Families
21416,2,Traditional Shoppers
21417,6,Large Families
21418,4,Promotion Hunters
21419,5,Tech Enthusiasts
21420,3,Vegetarians
21421,7,Loyal Explorers
21422,5,Tech Enthusiasts
21423,4,Promotion Hunters
21424,2,Traditional Shoppers
21426,3,Vegetarians
21427,4,Promotion Hunters
21428,6,Large Families
21430,4,Promotion Hunters
21431,6,Large Families
21432,3,Vegetarians
21433,3,Vegetarians
21434,2,Traditional Shoppers
21435,6,Large Families
21436,0,Value Seekers
21438,0,Value Seekers
21441,0,Value Seekers
21442,7,Loyal Explorers
21443,3,Vegetarians
21444,4,Promotion Hunters
21445,6,Large Families
21446,0,Value Seekers
21447,6,Large Families
21448,5,Tech Enthusiasts
21449,2,Traditional Shoppers
21450,2,Traditional Shoppers
21451,5,Tech Enthusiasts
21452,5,Tech Enthusiasts
21453,3,Vegetarians
21454,1,Wellness
21455,4,Promotion Hunters
21456,4,Promotion Hunters
21457,1,Wellness
21458,7,Loyal Explorers
21460,3,Vegetarians
21461,3,Vegetarians
21462,5,Tech Enthusiasts
21464,2,Traditional Shoppers
21465,5,Tech Enthusiasts
21466,1,Wellness
21467,5,Tech Enthusiasts
21468,7,Loyal Explorers
21469,2,Traditional Shoppers
21470,2,Traditional Shoppers
21472,5,Tech Enthusiasts
21473,3,Vegetarians
21474,3,Vegetarians
21475,0,Value Seekers
21476,3,Vegetarians
21477,2,Traditional Shoppers
21479,2,Traditional Shoppers
21480,5,Tech Enthusiasts
21483,2,Traditional Shoppers
21486,0,Value Seekers
21487,7,Loyal Explorers
21488,4,Promotion Hunters
21490,4,Promotion Hunters
21491,1,Wellness
21492,2,Traditional Shoppers
21493,2,Traditional Shoppers
21495,7,Loyal Explorers
21496,2,Traditional Shoppers
21497,5,Tech Enthusiasts
21498,0,Value Seekers
21499,5,Tech Enthusiasts
21500,2,Traditional Shoppers
21501,2,Traditional Shoppers
21503,7,Loyal Explorers
21504,6,Large Families
21506,1,Wellness
21507,1,Wellness
21508,2,Traditional Shoppers
21510,3,Vegetarians
21511,2,Traditional Shoppers
21512,6,Large Families
21515,6,Large Families
21516,4,Promotion Hunters
21517,2,Traditional Shoppers
21519,7,Loyal Explorers
21520,7,Loyal Explorers
21521,3,Vegetarians
21522,5,Tech Enthusiasts
21523,1,Wellness
21524,6,Large Families
21525,3,Vegetarians
21527,6,Large Families
21528,4,Promotion Hunters
21529,7,Loyal Explorers
21531,0,Value Seekers
21532,6,Large Families
21533,3,Vegetarians
21534,4,Promotion Hunters
21535,2,Traditional Shoppers
21536,0,Value Seekers
21537,4,Promotion Hunters
21538,1,Wellness
21539,1,Wellness
21540,7,Loyal Explorers
21542,4,Promotion Hunters
21544,7,Loyal Explorers
21545,2,Traditional Shoppers
21546,5,Tech Enthusiasts
21547,3,Vegetarians
21548,2,Traditional Shoppers
21549,5,Tech Enthusiasts
21550,2,Traditional Shoppers
21551,6,Large Families
21552,3,Vegetarians
21553,2,Traditional Shoppers
21554,0,Value Seekers
21555,0,Value Seekers
21556,3,Vegetarians
21558,6,Large Families
21559,0,Value Seekers
21560,1,Wellness
21561,6,Large Families
21562,2,Traditional Shoppers
21563,2,Traditional Shoppers
21564,4,Promotion Hunters
21565,2,Traditional Shoppers
21567,6,Large Families
21568,5,Tech Enthusiasts
21569,6,Large Families
21571,0,Value Seekers
21572,7,Loyal Explorers
21573,3,Vegetarians
21574,4,Promotion Hunters
21575,2,Traditional Shoppers
21576,2,Traditional Shoppers
21577,5,Tech Enthusiasts
21578,3,Vegetarians
21579,2,Traditional Shoppers
21580,1,Wellness
21581,2,Traditional Shoppers
21582,7,Loyal Explorers
21583,2,Traditional Shoppers
21584,2,Traditional Shoppers
21585,3,Vegetarians
21586,1,Wellness
21587,7,Loyal Explorers
21588,2,Traditional Shoppers
21589,6,Large Families
21590,1,Wellness
21592,1,Wellness
21593,4,Promotion Hunters
21594,1,Wellness
21595,2,Traditional Shoppers
21596,1,Wellness
21597,4,Promotion Hunters
21598,1,Wellness
21599,7,Loyal Explorers
21601,7,Loyal Explorers
21602,6,Large Families
21603,3,Vegetarians
21604,5,Tech Enthusiasts
21606,4,Promotion Hunters
21607,5,Tech Enthusiasts
21608,3,Vegetarians
21609,6,Large Families
21610,7,Loyal Explorers
21611,0,Value Seekers
21612,1,Wellness
21613,2,Traditional Shoppers
21615,6,Large Families
21616,7,Loyal Explorers
21617,3,Vegetarians
21619,3,Vegetarians
21620,6,Large Families
21622,6,Large Families
21624,2,Traditional Shoppers
21625,1,Wellness
21626,1,Wellness
21627,3,Vegetarians
21628,2,Traditional Shoppers
21629,2,Traditional Shoppers
21630,1,Wellness
21631,3,Vegetarians
21632,3,Vegetarians
21634,7,Loyal Explorers
21635,6,Large Families
21636,2,Traditional Shoppers
21637,2,Traditional Shoppers
21639,6,Large Families
21640,2,Traditional Shoppers
21642,6,Large Families
21643,0,Value Seekers
21644,3,Vegetarians
21645,0,Value Seekers
21646,6,Large Families
21647,5,Tech Enthusiasts
21648,2,Traditional Shoppers
21649,2,Traditional Shoppers
21650,3,Vegetarians
21651,5,Tech Enthusiasts
21652,5,Tech Enthusiasts
21653,3,Vegetarians
21654,0,Value Seekers
21660,1,Wellness
21661,5,Tech Enthusiasts
21662,4,Promotion Hunters
21663,0,Value Seekers
21664,5,Tech Enthusiasts
21666,7,Loyal Explorers
21667,6,Large Families
21668,3,Vegetarians
21669,3,Vegetarians
21670,1,Wellness
21672,4,Promotion Hunters
21673,7,Loyal Explorers
21674,6,Large Families
21675,6,Large Families
21676,0,Value Seekers
21677,0,Value Seekers
21678,5,Tech Enthusiasts
21679,0,Value Seekers
21680,7,Loyal Explorers
21681,4,Promotion Hunters
21683,2,Traditional Shoppers
21684,2,Traditional Shoppers
21685,1,Wellness
21686,0,Value Seekers
21687,5,Tech Enthusiasts
21688,3,Vegetarians
21689,0,Value Seekers
21690,1,Wellness
21691,3,Vegetarians
21692,2,Traditional Shoppers
21693,4,Promotion Hunters
21694,1,Wellness
21695,6,Large Families
21696,2,Traditional Shoppers
21697,6,Large Families
21698,6,Large Families
21700,2,Traditional Shoppers
21702,6,Large Families
21703,5,Tech Enthusiasts
21704,0,Value Seekers
21705,2,Traditional Shoppers
21706,5,Tech Enthusiasts
21707,2,Traditional Shoppers
21708,5,Tech Enthusiasts
21709,7,Loyal Explorers
21710,3,Vegetarians
21711,1,Wellness
21713,1,Wellness
21714,0,Value Seekers
21715,2,Traditional Shoppers
21716,2,Traditional Shoppers
21717,4,Promotion Hunters
21718,2,Traditional Shoppers
21719,2,Traditional Shoppers
21721,5,Tech Enthusiasts
21722,5,Tech Enthusiasts
21724,3,Vegetarians
21725,1,Wellness
21727,2,Traditional Shoppers
21728,1,Wellness
21729,0,Value Seekers
21732,6,Large Families
21733,2,Traditional Shoppers
21734,3,Vegetarians
21735,6,Large Families
21736,6,Large Families
21737,6,Large Families
21738,4,Promotion Hunters
21740,6,Large Families
21741,7,Loyal Explorers
21742,6,Large Families
21743,6,Large Families
21744,6,Large Families
21745,0,Value Seekers
21746,1,Wellness
21747,4,Promotion Hunters
21748,1,Wellness
21749,2,Traditional Shoppers
21750,2,Traditional Shoppers
21751,5,Tech Enthusiasts
21752,2,Traditional Shoppers
21753,6,Large Families
21755,4,Promotion Hunters
21756,5,Tech Enthusiasts
21757,1,Wellness
21758,3,Vegetarians
21759,0,Value Seekers
21760,3,Vegetarians
21761,5,Tech Enthusiasts
21762,2,Traditional Shoppers
21763,5,Tech Enthusiasts
21764,1,Wellness
21765,5,Tech Enthusiasts
21766,0,Value Seekers
21768,5,Tech Enthusiasts
21769,3,Vegetarians
21770,2,Traditional Shoppers
21771,2,Traditional Shoppers
21772,5,Tech Enthusiasts
21773,0,Value Seekers
21774,2,Traditional Shoppers
21775,1,Wellness
21776,7,Loyal Explorers
21777,6,Large Families
21778,2,Traditional Shoppers
21779,4,Promotion Hunters
21780,5,Tech Enthusiasts
21781,4,Promotion Hunters
21782,5,Tech Enthusiasts
21783,6,Large Families
21784,2,Traditional Shoppers
21786,2,Traditional Shoppers
21787,2,Traditional Shoppers
21788,2,Traditional Shoppers
21789,2,Traditional Shoppers
21790,4,Promotion Hunters
21791,0,Value Seekers
21792,1,Wellness
21793,0,Value Seekers
21794,7,Loyal Explorers
21795,1,Wellness
21797,6,Large Families
21798,2,Traditional Shoppers
21799,4,Promotion Hunters
21800,5,Tech Enthusiasts
21801,0,Value Seekers
21802,2,Traditional Shoppers
21804,6,Large Families
21806,3,Vegetarians
21807,5,Tech Enthusiasts
21808,6,Large Families
21809,7,Loyal Explorers
21810,3,Vegetarians
21811,6,Large Families
21812,3,Vegetarians
21813,2,Traditional Shoppers
21814,6,Large Families
21815,0,Value Seekers
21816,2,Traditional Shoppers
21817,4,Promotion Hunters
21818,7,Loyal Explorers
21819,0,Value Seekers
21821,3,Vegetarians
21822,5,Tech Enthusiasts
21823,2,Traditional Shoppers
21824,5,Tech Enthusiasts
21825,2,Traditional Shoppers
21826,1,Wellness
21828,4,Promotion Hunters
21829,2,Traditional Shoppers
21831,6,Large Families
21832,6,Large Families
21833,7,Loyal Explorers
21835,2,Traditional Shoppers
21836,2,Traditional Shoppers
21837,7,Loyal Explorers
21838,1,Wellness
21839,2,Traditional Shoppers
21840,3,Vegetarians
21841,6,Large Families
21842,2,Traditional Shoppers
21843,0,Value Seekers
21844,3,Vegetarians
21845,2,Traditional Shoppers
21849,6,Large Families
21850,5,Tech Enthusiasts
21851,6,Large Families
21852,2,Traditional Shoppers
21853,1,Wellness
21854,3,Vegetarians
21855,6,Large Families
21856,0,Value Seekers
21857,6,Large Families
21858,2,Traditional Shoppers
21860,0,Value Seekers
21861,0,Value Seekers
21862,3,Vegetarians
21863,0,Value Seekers
21864,4,Promotion Hunters
21867,4,Promotion Hunters
21868,2,Traditional Shoppers
21870,0,Value Seekers
21873,0,Value Seekers
21874,3,Vegetarians
21875,4,Promotion Hunters
21876,2,Traditional Shoppers
21877,1,Wellness
21878,5,Tech Enthusiasts
21880,5,Tech Enthusiasts
21881,0,Value Seekers
21883,3,Vegetarians
21884,6,Large Families
21885,3,Vegetarians
21886,3,Vegetarians
21887,5,Tech Enthusiasts
21889,0,Value Seekers
21890,4,Promotion Hunters
21891,4,Promotion Hunters
21892,2,Traditional Shoppers
21893,0,Value Seekers
21894,2,Traditional Shoppers
21895,6,Large Families
21896,2,Traditional Shoppers
21897,5,Tech Enthusiasts
21899,2,Traditional Shoppers
21900,5,Tech Enthusiasts
21901,2,Traditional Shoppers
21902,2,Traditional Shoppers
21903,3,Vegetarians
21904,7,Loyal Explorers
21905,0,Value Seekers
21907,6,Large Families
21908,4,Promotion Hunters
21909,5,Tech Enthusiasts
21910,6,Large Families
21911,7,Loyal Explorers
21912,0,Value Seekers
21914,4,Promotion Hunters
21915,0,Value Seekers
21916,2,Traditional Shoppers
21917,2,Traditional Shoppers
21918,4,Promotion Hunters
21920,0,Value Seekers
21921,1,Wellness
21923,3,Vegetarians
21924,3,Vegetarians
21926,6,Large Families
21927,3,Vegetarians
21929,7,Loyal Explorers
21930,2,Traditional Shoppers
21933,3,Vegetarians
21934,6,Large Families
21935,4,Promotion Hunters
21936,1,Wellness
21937,2,Traditional Shoppers
21938,2,Traditional Shoppers
21939,2,Traditional Shoppers
21940,0,Value Seekers
21941,3,Vegetarians
21942,7,Loyal Explorers
21943,2,Traditional Shoppers
21944,2,Traditional Shoppers
21945,2,Traditional Shoppers
21946,7,Loyal Explorers
21947,4,Promotion Hunters
21948,6,Large Families
21949,0,Value Seekers
21950,7,Loyal Explorers
21952,0,Value Seekers
21953,6,Large Families
21954,6,Large Families
21955,6,Large Families
21956,4,Promotion Hunters
21959,0,Value Seekers
21960,3,Vegetarians
21961,3,Vegetarians
21962,5,Tech Enthusiasts
21963,0,Value Seekers
21964,5,Tech Enthusiasts
21966,2,Traditional Shoppers
21967,5,Tech Enthusiasts
21968,1,Wellness
21970,6,Large Families
21971,0,Value Seekers
21972,1,Wellness
21973,2,Traditional Shoppers
21974,2,Traditional Shoppers
21975,0,Value Seekers
21976,0,Value Seekers
21977,7,Loyal Explorers
21982,7,Loyal Explorers
21983,7,Loyal Explorers
21984,4,Promotion Hunters
21986,3,Vegetarians
21987,7,Loyal Explorers
21988,1,Wellness
21990,2,Traditional Shoppers
21991,2,Traditional Shoppers
21993,7,Loyal Explorers
21994,6,Large Families
21995,5,Tech Enthusiasts
21996,6,Large Families
21997,0,Value Seekers
21998,3,Vegetarians
22000,7,Loyal Explorers
22001,3,Vegetarians
22002,1,Wellness
22003,2,Traditional Shoppers
22004,1,Wellness
22005,4,Promotion Hunters
22006,1,Wellness
22007,3,Vegetarians
22008,3,Vegetarians
22009,2,Traditional Shoppers
22010,1,Wellness
22011,5,Tech Enthusiasts
22012,4,Promotion Hunters
22013,5,Tech Enthusiasts
22014,2,Traditional Shoppers
22015,6,Large Families
22016,6,Large Families
22017,0,Value Seekers
22018,6,Large Families
22019,6,Large Families
22020,0,Value Seekers
22021,6,Large Families
22023,7,Loyal Explorers
22027,3,Vegetarians
22029,2,Traditional Shoppers
22031,1,Wellness
22032,3,Vegetarians
22034,6,Large Families
22035,6,Large Families
22036,6,Large Families
22037,2,Traditional Shoppers
22038,5,Tech Enthusiasts
22039,5,Tech Enthusiasts
22040,2,Traditional Shoppers
22041,2,Traditional Shoppers
22042,4,Promotion Hunters
22043,1,Wellness
22044,3,Vegetarians
22045,7,Loyal Explorers
22046,7,Loyal Explorers
22047,2,Traditional Shoppers
22048,1,Wellness
22049,0,Value Seekers
22051,1,Wellness
22052,5,Tech Enthusiasts
22053,6,Large Families
22054,2,Traditional Shoppers
22055,1,Wellness
22056,3,Vegetarians
22057,1,Wellness
22058,3,Vegetarians
22059,6,Large Families
22060,7,Loyal Explorers
22062,0,Value Seekers
22063,5,Tech Enthusiasts
22064,2,Traditional Shoppers
22065,3,Vegetarians
22066,6,Large Families
22067,4,Promotion Hunters
22070,1,Wellness
22071,0,Value Seekers
22072,3,Vegetarians
22073,1,Wellness
22074,5,Tech Enthusiasts
22075,2,Traditional Shoppers
22076,1,Wellness
22077,3,Vegetarians
22078,1,Wellness
22080,4,Promotion Hunters
22081,6,Large Families
22082,6,Large Families
22083,7,Loyal Explorers
22086,1,Wellness
22087,0,Value Seekers
22088,4,Promotion Hunters
22089,1,Wellness
22090,5,Tech Enthusiasts
22091,7,Loyal Explorers
22092,5,Tech Enthusiasts
22093,0,Value Seekers
22095,4,Promotion Hunters
22096,4,Promotion Hunters
22098,6,Large Families
22099,0,Value Seekers
22100,2,Traditional Shoppers
22101,0,Value Seekers
22102,1,Wellness
22106,2,Traditional Shoppers
22107,0,Value Seekers
22108,1,Wellness
22109,5,Tech Enthusiasts
22110,6,Large Families
22111,1,Wellness
22112,6,Large Families
22114,3,Vegetarians
22116,1,Wellness
22117,1,Wellness
22118,7,Loyal Explorers
22119,5,Tech Enthusiasts
22121,4,Promotion Hunters
22122,1,Wellness
22125,6,Large Families
22126,5,Tech Enthusiasts
22127,3,Vegetarians
22128,7,Loyal Explorers
22129,7,Loyal Explorers
22131,1,Wellness
22132,2,Traditional Shoppers
22133,5,Tech Enthusiasts
22134,6,Large Families
22135,3,Vegetarians
22136,2,Traditional Shoppers
22137,0,Value Seekers
22138,2,Traditional Shoppers
22140,4,Promotion Hunters
22141,2,Traditional Shoppers
22142,2,Traditional Shoppers
22143,0,Value Seekers
22144,1,Wellness
22145,0,Value Seekers
22149,4,Promotion Hunters
22150,2,Traditional Shoppers
22151,6,Large Families
22152,3,Vegetarians
22153,4,Promotion Hunters
22154,0,Value Seekers
22156,7,Loyal Explorers
22157,7,Loyal Explorers
22158,4,Promotion Hunters
22159,2,Traditional Shoppers
22160,6,Large Families
22161,1,Wellness
22162,7,Loyal Explorers
22163,7,Loyal Explorers
22164,7,Loyal Explorers
22165,0,Value Seekers
22166,6,Large Families
22168,3,Vegetarians
22171,6,Large Families
22172,1,Wellness
22173,0,Value Seekers
22176,6,Large Families
22177,6,Large Families
22179,6,Large Families
22180,0,Value Seekers
22181,6,Large Families
22182,6,Large Families
22183,5,Tech Enthusiasts
22184,4,Promotion Hunters
22185,2,Traditional Shoppers
22188,0,Value Seekers
22190,0,Value Seekers
22192,6,Large Families
22193,3,Vegetarians
22194,5,Tech Enthusiasts
22196,6,Large Families
22197,1,Wellness
22198,0,Value Seekers
22199,2,Traditional Shoppers
22200,4,Promotion Hunters
22202,1,Wellness
22203,6,Large Families
22204,6,Large Families
22205,7,Loyal Explorers
22206,3,Vegetarians
22207,0,Value Seekers
22208,4,Promotion Hunters
22209,7,Loyal Explorers
22210,4,Promotion Hunters
22211,1,Wellness
22212,6,Large Families
22213,4,Promotion Hunters
22215,3,Vegetarians
22216,0,Value Seekers
22217,1,Wellness
22218,3,Vegetarians
22219,7,Loyal Explorers
22220,2,Traditional Shoppers
22221,3,Vegetarians
22222,3,Vegetarians
22223,2,Traditional Shoppers
22224,3,Vegetarians
22225,3,Vegetarians
22227,1,Wellness
22228,2,Traditional Shoppers
22229,2,Traditional Shoppers
22230,2,Traditional Shoppers
22231,1,Wellness
22232,4,Promotion Hunters
22235,1,Wellness
22236,4,Promotion Hunters
22237,2,Traditional Shoppers
22238,6,Large Families
22240,0,Value Seekers
22241,7,Loyal Explorers
22242,4,Promotion Hunters
22243,7,Loyal Explorers
22244,6,Large Families
22245,0,Value Seekers
22248,4,Promotion Hunters
22249,7,Loyal Explorers
22250,1,Wellness
22251,5,Tech Enthusiasts
22254,6,Large Families
22255,7,Loyal Explorers
22257,7,Loyal Explorers
22258,4,Promotion Hunters
22259,1,Wellness
22260,1,Wellness
22261,0,Value Seekers
22263,6,Large Families
22264,2,Traditional Shoppers
22265,1,Wellness
22266,4,Promotion Hunters
22267,3,Vegetarians
22268,1,Wellness
22269,2,Traditional Shoppers
22270,2,Traditional Shoppers
22271,4,Promotion Hunters
22273,5,Tech Enthusiasts
22274,3,Vegetarians
22275,5,Tech Enthusiasts
22276,7,Loyal Explorers
22277,6,Large Families
22278,6,Large Families
22279,4,Promotion Hunters
22280,2,Traditional Shoppers
22281,6,Large Families
22282,6,Large Families
22284,5,Tech Enthusiasts
22285,7,Loyal Explorers
22288,4,Promotion Hunters
22289,1,Wellness
22290,7,Loyal Explorers
22291,3,Vegetarians
22293,4,Promotion Hunters
22294,0,Value Seekers
22296,2,Traditional Shoppers
22297,5,Tech Enthusiasts
22298,7,Loyal Explorers
22300,5,Tech Enthusiasts
22301,7,Loyal Explorers
22302,0,Value Seekers
22303,6,Large Families
22304,2,Traditional Shoppers
22305,6,Large Families
22307,6,Large Families
22308,7,Loyal Explorers
22309,2,Traditional Shoppers
22310,3,Vegetarians
22313,2,Traditional Shoppers
22314,2,Traditional Shoppers
22315,5,Tech Enthusiasts
22316,4,Promotion Hunters
22318,4,Promotion Hunters
22320,2,Traditional Shoppers
22322,6,Large Families
22323,5,Tech Enthusiasts
22324,1,Wellness
22326,2,Traditional Shoppers
22327,3,Vegetarians
22328,1,Wellness
22329,5,Tech Enthusiasts
22330,3,Vegetarians
22331,0,Value Seekers
22332,1,Wellness
22333,1,Wellness
22334,6,Large Families
22335,6,Large Families
22337,2,Traditional Shoppers
22338,0,Value Seekers
22339,0,Value Seekers
22340,5,Tech Enthusiasts
22341,6,Large Families
22342,3,Vegetarians
22343,5,Tech Enthusiasts
22344,0,Value Seekers
22345,6,Large Families
22348,0,Value Seekers
22350,4,Promotion Hunters
22351,0,Value Seekers
22352,5,Tech Enthusiasts
22353,7,Loyal Explorers
22354,6,Large Families
22355,7,Loyal Explorers
22356,3,Vegetarians
22357,3,Vegetarians
22358,2,Traditional Shoppers
22360,5,Tech Enthusiasts
22361,1,Wellness
22362,4,Promotion Hunters
22363,4,Promotion Hunters
22364,5,Tech Enthusiasts
22365,6,Large Families
22366,2,Traditional Shoppers
22367,1,Wellness
22368,7,Loyal Explorers
22369,1,Wellness
22371,7,Loyal Explorers
22372,0,Value Seekers
22373,1,Wellness
22374,0,Value Seekers
22376,5,Tech Enthusiasts
22377,3,Vegetarians
22378,4,Promotion Hunters
22379,2,Traditional Shoppers
22380,6,Large Families
22381,2,Traditional Shoppers
22382,5,Tech Enthusiasts
22383,3,Vegetarians
22384,0,Value Seekers
22386,7,Loyal Explorers
22387,5,Tech Enthusiasts
22388,3,Vegetarians
22389,6,Large Families
22390,0,Value Seekers
22391,2,Traditional Shoppers
22393,3,Vegetarians
22394,3,Vegetarians
22395,5,Tech Enthusiasts
22396,4,Promotion Hunters
22398,2,Traditional Shoppers
22399,2,Traditional Shoppers
22400,1,Wellness
22401,2,Traditional Shoppers
22402,2,Traditional Shoppers
22403,1,Wellness
22404,0,Value Seekers
22405,2,Traditional Shoppers
22406,2,Traditional Shoppers
22408,6,Large Families
22409,2,Traditional Shoppers
22410,6,Large Families
22411,6,Large Families
22413,2,Traditional Shoppers
22414,7,Loyal Explorers
22416,6,Large Families
22417,1,Wellness
22418,5,Tech Enthusiasts
22419,3,Vegetarians
22420,3,Vegetarians
22421,3,Vegetarians
22422,6,Large Families
22424,6,Large Families
22425,4,Promotion Hunters
22426,6,Large Families
22427,2,Traditional Shoppers
22428,0,Value Seekers
22429,1,Wellness
22432,1,Wellness
22434,1,Wellness
22435,5,Tech Enthusiasts
22436,1,Wellness
22438,1,Wellness
22439,0,Value Seekers
22440,6,Large Families
22441,7,Loyal Explorers
22442,2,Traditional Shoppers
22443,4,Promotion Hunters
22444,2,Traditional Shoppers
22445,6,Large Families
22446,5,Tech Enthusiasts
22447,5,Tech Enthusiasts
22448,1,Wellness
22449,2,Traditional Shoppers
22450,4,Promotion Hunters
22451,7,Loyal Explorers
22452,5,Tech Enthusiasts
22453,2,Traditional Shoppers
22454,7,Loyal Explorers
22455,2,Traditional Shoppers
22456,6,Large Families
22458,4,Promotion Hunters
22459,0,Value Seekers
22460,6,Large Families
22461,1,Wellness
22462,0,Value Seekers
22463,4,Promotion Hunters
22464,5,Tech Enthusiasts
22467,0,Value Seekers
22468,2,Traditional Shoppers
22472,6,Large Families
22473,6,Large Families
22474,5,Tech Enthusiasts
22475,2,Traditional Shoppers
22476,3,Vegetarians
22477,1,Wellness
22478,6,Large Families
22479,3,Vegetarians
22480,6,Large Families
22481,2,Traditional Shoppers
22483,2,Traditional Shoppers
22487,6,Large Families
22488,3,Vegetarians
22489,3,Vegetarians
22490,0,Value Seekers
22491,7,Loyal Explorers
22492,1,Wellness
22494,5,Tech Enthusiasts
22495,2,Traditional Shoppers
22496,5,Tech Enthusiasts
22498,1,Wellness
22499,0,Value Seekers
22500,3,Vegetarians
22501,2,Traditional Shoppers
22502,2,Traditional Shoppers
22503,1,Wellness
22504,3,Vegetarians
22505,4,Promotion Hunters
22506,2,Traditional Shoppers
22507,0,Value Seekers
22508,3,Vegetarians
22509,5,Tech Enthusiasts
22510,3,Vegetarians
22511,5,Tech Enthusiasts
22512,6,Large Families
22513,2,Traditional Shoppers
22514,6,Large Families
22515,7,Loyal Explorers
22516,3,Vegetarians
22517,3,Vegetarians
22520,4,Promotion Hunters
22524,6,Large Families
22525,1,Wellness
22526,1,Wellness
22527,6,Large Families
22528,0,Value Seekers
22529,5,Tech Enthusiasts
22530,4,Promotion Hunters
22531,3,Vegetarians
22532,6,Large Families
22534,4,Promotion Hunters
22536,3,Vegetarians
22537,2,Traditional Shoppers
22538,5,Tech Enthusiasts
22539,0,Value Seekers
22542,6,Large Families
22543,6,Large Families
22544,2,Traditional Shoppers
22547,4,Promotion Hunters
22548,3,Vegetarians
22549,0,Value Seekers
22550,6,Large Families
22551,0,Value Seekers
22553,4,Promotion Hunters
22554,6,Large Families
22555,3,Vegetarians
22556,2,Traditional Shoppers
22557,1,Wellness
22558,3,Vegetarians
22559,2,Traditional Shoppers
22560,2,Traditional Shoppers
22561,4,Promotion Hunters
22562,1,Wellness
22563,7,Loyal Explorers
22564,1,Wellness
22566,6,Large Families
22567,2,Traditional Shoppers
22569,4,Promotion Hunters
22570,6,Large Families
22571,6,Large Families
22572,0,Value Seekers
22573,2,Traditional Shoppers
22574,1,Wellness
22575,1,Wellness
22576,4,Promotion Hunters
22578,5,Tech Enthusiasts
22580,3,Vegetarians
22581,3,Vegetarians
22582,1,Wellness
22583,6,Large Families
22584,5,Tech Enthusiasts
22585,6,Large Families
22587,0,Value Seekers
22588,7,Loyal Explorers
22590,3,Vegetarians
22591,3,Vegetarians
22592,3,Vegetarians
22593,1,Wellness
22594,1,Wellness
22595,1,Wellness
22596,6,Large Families
22598,5,Tech Enthusiasts
22599,6,Large Families
22601,6,Large Families
22602,1,Wellness
22603,7,Loyal Explorers
22604,2,Traditional Shoppers
22605,6,Large Families
22606,4,Promotion Hunters
22607,2,Traditional Shoppers
22608,2,Traditional Shoppers
22609,0,Value Seekers
22610,1,Wellness
22611,2,Traditional Shoppers
22612,5,Tech Enthusiasts
22613,6,Large Families
22614,3,Vegetarians
22615,6,Large Families
22616,7,Loyal Explorers
22617,2,Traditional Shoppers
22618,2,Traditional Shoppers
22619,6,Large Families
22620,2,Traditional Shoppers
22621,1,Wellness
22622,0,Value Seekers
22623,3,Vegetarians
22624,1,Wellness
22625,6,Large Families
22626,0,Value Seekers
22627,6,Large Families
22628,4,Promotion Hunters
22630,4,Promotion Hunters
22631,4,Promotion Hunters
22633,5,Tech Enthusiasts
22634,6,Large Families
22635,2,Traditional Shoppers
22636,3,Vegetarians
22637,3,Vegetarians
22639,6,Large Families
22641,2,Traditional Shoppers
22642,3,Vegetarians
22644,0,Value Seekers
22645,6,Large Families
22647,2,Traditional Shoppers
22648,1,Wellness
22649,2,Traditional Shoppers
22650,5,Tech Enthusiasts
22651,3,Vegetarians
22652,0,Value Seekers
22653,0,Value Seekers
22654,3,Vegetarians
22656,4,Promotion Hunters
22657,6,Large Families
22658,5,Tech Enthusiasts
22660,7,Loyal Explorers
22661,0,Value Seekers
22663,6,Large Families
22664,2,Traditional Shoppers
22666,2,Traditional Shoppers
22668,0,Value Seekers
22669,1,Wellness
22670,6,Large Families
22671,3,Vegetarians
22672,3,Vegetarians
22673,6,Large Families
22674,4,Promotion Hunters
22675,2,Traditional Shoppers
22676,2,Traditional Shoppers
22677,4,Promotion Hunters
22678,7,Loyal Explorers
22679,2,Traditional Shoppers
22680,3,Vegetarians
22682,4,Promotion Hunters
22683,2,Traditional Shoppers
22684,7,Loyal Explorers
22685,2,Traditional Shoppers
22686,2,Traditional Shoppers
22687,2,Traditional Shoppers
22689,1,Wellness
22690,6,Large Families
22691,6,Large Families
22692,2,Traditional Shoppers
22694,1,Wellness
22696,3,Vegetarians
22697,4,Promotion Hunters
22701,7,Loyal Explorers
22702,4,Promotion Hunters
22703,2,Traditional Shoppers
22704,7,Loyal Explorers
22705,1,Wellness
22706,6,Large Families
22709,6,Large Families
22710,2,Traditional Shoppers
22711,4,Promotion Hunters
22712,3,Vegetarians
22714,6,Large Families
22715,3,Vegetarians
22716,0,Value Seekers
22717,6,Large Families
22718,1,Wellness
22719,2,Traditional Shoppers
22720,6,Large Families
22723,6,Large Families
22724,2,Traditional Shoppers
22725,6,Large Families
22726,6,Large Families
22728,1,Wellness
22729,6,Large Families
22730,2,Traditional Shoppers
22731,6,Large Families
22732,3,Vegetarians
22733,6,Large Families
22735,6,Large Families
22736,0,Value Seekers
22739,2,Traditional Shoppers
22740,5,Tech Enthusiasts
22741,2,Traditional Shoppers
22742,1,Wellness
22744,2,Traditional Shoppers
22745,6,Large Families
22746,0,Value Seekers
22748,7,Loyal Explorers
22750,2,Traditional Shoppers
22752,3,Vegetarians
22753,2,Traditional Shoppers
22754,0,Value Seekers
22755,1,Wellness
22756,4,Promotion Hunters
22757,6,Large Families
22758,5,Tech Enthusiasts
22759,5,Tech Enthusiasts
22760,6,Large Families
22761,3,Vegetarians
22763,7,Loyal Explorers
22765,4,Promotion Hunters
22766,6,Large Families
22767,2,Traditional Shoppers
22768,2,Traditional Shoppers
22770,4,Promotion Hunters
22772,5,Tech Enthusiasts
22773,6,Large Families
22774,2,Traditional Shoppers
22775,7,Loyal Explorers
22776,4,Promotion Hunters
22777,0,Value Seekers
22778,1,Wellness
22779,1,Wellness
22780,5,Tech Enthusiasts
22782,7,Loyal Explorers
22784,3,Vegetarians
22785,0,Value Seekers
22786,2,Traditional Shoppers
22787,1,Wellness
22788,6,Large Families
22790,7,Loyal Explorers
22791,2,Traditional Shoppers
22793,7,Loyal Explorers
22794,3,Vegetarians
22795,1,Wellness
22796,2,Traditional Shoppers
22797,6,Large Families
22799,3,Vegetarians
22800,5,Tech Enthusiasts
22801,4,Promotion Hunters
22802,5,Tech Enthusiasts
22803,6,Large Families
22804,7,Loyal Explorers
22805,1,Wellness
22806,3,Vegetarians
22807,2,Traditional Shoppers
22808,5,Tech Enthusiasts
22809,1,Wellness
22810,6,Large Families
22811,5,Tech Enthusiasts
22812,1,Wellness
22813,4,Promotion Hunters
22814,6,Large Families
22815,1,Wellness
22816,1,Wellness
22817,0,Value Seekers
22818,1,Wellness
22819,4,Promotion Hunters
22820,6,Large Families
22821,4,Promotion Hunters
22822,2,Traditional Shoppers
22823,3,Vegetarians
22824,6,Large Families
22825,7,Loyal Explorers
22826,1,Wellness
22827,2,Traditional Shoppers
22828,1,Wellness
22829,5,Tech Enthusiasts
22830,2,Traditional Shoppers
22831,2,Traditional Shoppers
22832,4,Promotion Hunters
22833,3,Vegetarians
22834,2,Traditional Shoppers
22835,5,Tech Enthusiasts
22836,3,Vegetarians
22837,2,Traditional Shoppers
22838,6,Large Families
22839,2,Traditional Shoppers
22840,4,Promotion Hunters
22841,2,Traditional Shoppers
22842,0,Value Seekers
22843,7,Loyal Explorers
22844,2,Traditional Shoppers
22845,0,Value Seekers
22846,0,Value Seekers
22847,3,Vegetarians
22848,5,Tech Enthusiasts
22850,7,Loyal Explorers
22851,5,Tech Enthusiasts
22852,4,Promotion Hunters
22853,3,Vegetarians
22854,5,Tech Enthusiasts
22855,3,Vegetarians
22856,2,Traditional Shoppers
22857,0,Value Seekers
22859,7,Loyal Explorers
22860,6,Large Families
22861,4,Promotion Hunters
22862,5,Tech Enthusiasts
22863,6,Large Families
22866,4,Promotion Hunters
22867,1,Wellness
22868,2,Traditional Shoppers
22869,4,Promotion Hunters
22870,4,Promotion Hunters
22871,1,Wellness
22872,0,Value Seekers
22873,3,Vegetarians
22874,6,Large Families
22875,0,Value Seekers
22877,3,Vegetarians
22878,2,Traditional Shoppers
22879,2,Traditional Shoppers
22880,1,Wellness
22881,2,Traditional Shoppers
22882,0,Value Seekers
22883,3,Vegetarians
22884,3,Vegetarians
22886,4,Promotion Hunters
22887,5,Tech Enthusiasts
22890,6,Large Families
22892,6,Large Families
22893,1,Wellness
22895,3,Vegetarians
22896,7,Loyal Explorers
22897,2,Traditional Shoppers
22898,6,Large Families
22899,4,Promotion Hunters
22900,7,Loyal Explorers
22901,2,Traditional Shoppers
22902,0,Value Seekers
22903,7,Loyal Explorers
22904,3,Vegetarians
22905,6,Large Families
22906,4,Promotion Hunters
22907,6,Large Families
22908,6,Large Families
22909,2,Traditional Shoppers
22910,6,Large Families
22913,2,Traditional Shoppers
22914,3,Vegetarians
22915,1,Wellness
22916,1,Wellness
22917,2,Traditional Shoppers
22918,1,Wellness
22919,0,Value Seekers
22920,5,Tech Enthusiasts
22921,6,Large Families
22922,7,Loyal Explorers
22923,0,Value Seekers
22924,0,Value Seekers
22925,4,Promotion Hunters
22926,1,Wellness
22927,6,Large Families
22929,7,Loyal Explorers
22930,5,Tech Enthusiasts
22931,2,Traditional Shoppers
22932,3,Vegetarians
22933,5,Tech Enthusiasts
22935,6,Large Families
22936,3,Vegetarians
22937,7,Loyal Explorers
22941,0,Value Seekers
22942,7,Loyal Explorers
22943,3,Vegetarians
22944,4,Promotion Hunters
22945,6,Large Families
22946,4,Promotion Hunters
22947,1,Wellness
22948,1,Wellness
22950,5,Tech Enthusiasts
22951,6,Large Families
22952,2,Traditional Shoppers
22953,4,Promotion Hunters
22955,0,Value Seekers
22956,6,Large Families
22957,4,Promotion Hunters
22958,4,Promotion Hunters
22959,3,Vegetarians
22960,0,Value Seekers
22961,1,Wellness
22962,1,Wellness
22963,3,Vegetarians
22964,2,Traditional Shoppers
22965,5,Tech Enthusiasts
22968,6,Large Families
22969,5,Tech Enthusiasts
22970,7,Loyal Explorers
22971,1,Wellness
22972,3,Vegetarians
22973,1,Wellness
22976,4,Promotion Hunters
22977,6,Large Families
22978,5,Tech Enthusiasts
22979,2,Traditional Shoppers
22980,2,Traditional Shoppers
22981,2,Traditional Shoppers
22982,1,Wellness
22983,2,Traditional Shoppers
22984,0,Value Seekers
22985,2,Traditional Shoppers
22986,6,Large Families
22987,1,Wellness
22990,7,Loyal Explorers
22992,6,Large Families
22993,2,Traditional Shoppers
22994,2,Traditional Shoppers
22995,6,Large Families
22996,7,Loyal Explorers
22997,5,Tech Enthusiasts
22998,1,Wellness
22999,2,Traditional Shoppers
23001,6,Large Families
23002,6,Large Families
23003,2,Traditional Shoppers
23004,5,Tech Enthusiasts
23005,3,Vegetarians
23008,2,Traditional Shoppers
23009,7,Loyal Explorers
23010,2,Traditional Shoppers
23011,1,Wellness
23012,6,Large Families
23013,3,Vegetarians
23014,6,Large Families
23015,6,Large Families
23016,0,Value Seekers
23018,5,Tech Enthusiasts
23019,1,Wellness
23020,2,Traditional Shoppers
23021,1,Wellness
23022,5,Tech Enthusiasts
23023,2,Traditional Shoppers
23024,1,Wellness
23026,7,Loyal Explorers
23027,2,Traditional Shoppers
23028,5,Tech Enthusiasts
23030,0,Value Seekers
23032,6,Large Families
23033,3,Vegetarians
23034,7,Loyal Explorers
23035,2,Traditional Shoppers
23037,3,Vegetarians
23040,2,Traditional Shoppers
23041,2,Traditional Shoppers
23042,5,Tech Enthusiasts
23043,6,Large Families
23044,4,Promotion Hunters
23045,4,Promotion Hunters
23046,7,Loyal Explorers
23048,7,Loyal Explorers
23049,1,Wellness
23050,2,Traditional Shoppers
23051,6,Large Families
23052,6,Large Families
23053,1,Wellness
23054,5,Tech Enthusiasts
23055,6,Large Families
23056,0,Value Seekers
23057,0,Value Seekers
23058,6,Large Families
23059,7,Loyal Explorers
23060,4,Promotion Hunters
23061,0,Value Seekers
23062,0,Value Seekers
23063,6,Large Families
23065,7,Loyal Explorers
23066,3,Vegetarians
23067,3,Vegetarians
23068,2,Traditional Shoppers
23069,4,Promotion Hunters
23070,3,Vegetarians
23071,3,Vegetarians
23072,1,Wellness
23073,4,Promotion Hunters
23074,5,Tech Enthusiasts
23075,6,Large Families
23077,0,Value Seekers
23078,2,Traditional Shoppers
23079,1,Wellness
23080,2,Traditional Shoppers
23082,2,Traditional Shoppers
23083,2,Traditional Shoppers
23084,2,Traditional Shoppers
23085,6,Large Families
23086,7,Loyal Explorers
23087,2,Traditional Shoppers
23088,5,Tech Enthusiasts
23089,1,Wellness
23090,5,Tech Enthusiasts
23091,6,Large Families
23092,1,Wellness
23093,6,Large Families
23094,7,Loyal Explorers
23095,0,Value Seekers
23097,5,Tech Enthusiasts
23098,0,Value Seekers
23099,1,Wellness
23100,2,Traditional Shoppers
23101,5,Tech Enthusiasts
23102,6,Large Families
23103,5,Tech Enthusiasts
23104,5,Tech Enthusiasts
23105,1,Wellness
23106,5,Tech Enthusiasts
23107,6,Large Families
23108,1,Wellness
23109,6,Large Families
23110,3,Vegetarians
23111,0,Value Seekers
23112,4,Promotion Hunters
23113,0,Value Seekers
23114,3,Vegetarians
23115,6,Large Families
23116,4,Promotion Hunters
23117,3,Vegetarians
23119,4,Promotion Hunters
23120,2,Traditional Shoppers
23122,3,Vegetarians
23123,6,Large Families
23124,3,Vegetarians
23125,1,Wellness
23126,4,Promotion Hunters
23127,0,Value Seekers
23128,3,Vegetarians
23129,7,Loyal Explorers
23130,6,Large Families
23132,6,Large Families
23133,1,Wellness
23134,7,Loyal Explorers
23135,3,Vegetarians
23136,0,Value Seekers
23137,0,Value Seekers
23138,0,Value Seekers
23139,1,Wellness
23140,4,Promotion Hunters
23141,4,Promotion Hunters
23143,6,Large Families
23144,4,Promotion Hunters
23145,4,Promotion Hunters
23146,5,Tech Enthusiasts
23147,5,Tech Enthusiasts
23148,6,Large Families
23149,2,Traditional Shoppers
23151,0,Value Seekers
23152,6,Large Families
23153,5,Tech Enthusiasts
23154,2,Traditional Shoppers
23155,4,Promotion Hunters
23156,3,Vegetarians
23157,0,Value Seekers
23159,0,Value Seekers
23160,0,Value Seekers
23161,0,Value Seekers
23162,6,Large Families
23163,5,Tech Enthusiasts
23164,2,Traditional Shoppers
23165,5,Tech Enthusiasts
23166,0,Value Seekers
23167,2,Traditional Shoppers
23168,2,Traditional Shoppers
23169,3,Vegetarians
23170,5,Tech Enthusiasts
23171,1,Wellness
23172,2,Traditional Shoppers
23173,6,Large Families
23174,3,Vegetarians
23175,2,Traditional Shoppers
23176,7,Loyal Explorers
23177,4,Promotion Hunters
23178,0,Value Seekers
23180,7,Loyal Explorers
23181,3,Vegetarians
23182,3,Vegetarians
23184,6,Large Families
23185,1,Wellness
23186,2,Traditional Shoppers
23189,4,Promotion Hunters
23190,6,Large Families
23191,7,Loyal Explorers
23192,2,Traditional Shoppers
23194,3,Vegetarians
23195,4,Promotion Hunters
23196,5,Tech Enthusiasts
23197,7,Loyal Explorers
23198,6,Large Families
23199,3,Vegetarians
23200,4,Promotion Hunters
23201,3,Vegetarians
23202,2,Traditional Shoppers
23203,1,Wellness
23205,6,Large Families
23206,0,Value Seekers
23207,7,Loyal Explorers
23208,7,Loyal Explorers
23209,4,Promotion Hunters
23210,6,Large Families
23211,4,Promotion Hunters
23212,6,Large Families
23213,3,Vegetarians
23214,2,Traditional Shoppers
23215,1,Wellness
23216,5,Tech Enthusiasts
23217,7,Loyal Explorers
23219,4,Promotion Hunters
23220,1,Wellness
23221,0,Value Seekers
23222,3,Vegetarians
23223,4,Promotion Hunters
23224,1,Wellness
23225,7,Loyal Explorers
23226,0,Value Seekers
23227,3,Vegetarians
23228,5,Tech Enthusiasts
23230,1,Wellness
23231,7,Loyal Explorers
23232,3,Vegetarians
23233,5,Tech Enthusiasts
23234,0,Value Seekers
23235,1,Wellness
23236,6,Large Families
23237,4,Promotion Hunters
23238,6,Large Families
23239,5,Tech Enthusiasts
23240,3,Vegetarians
23241,6,Large Families
23242,0,Value Seekers
23243,5,Tech Enthusiasts
23244,0,Value Seekers
23245,0,Value Seekers
23246,4,Promotion Hunters
23247,5,Tech Enthusiasts
23249,2,Traditional Shoppers
23250,7,Loyal Explorers
23252,6,Large Families
23253,3,Vegetarians
23254,0,Value Seekers
23255,4,Promotion Hunters
23256,1,Wellness
23257,0,Value Seekers
23258,3,Vegetarians
23259,3,Vegetarians
23260,6,Large Families
23261,6,Large Families
23262,1,Wellness
23264,2,Traditional Shoppers
23265,1,Wellness
23266,1,Wellness
23267,7,Loyal Explorers
23268,2,Traditional Shoppers
23269,0,Value Seekers
23270,5,Tech Enthusiasts
23271,2,Traditional Shoppers
23272,6,Large Families
23273,2,Traditional Shoppers
23274,2,Traditional Shoppers
23275,6,Large Families
23276,2,Traditional Shoppers
23277,0,Value Seekers
23278,5,Tech Enthusiasts
23279,7,Loyal Explorers
23280,1,Wellness
23281,5,Tech Enthusiasts
23283,0,Value Seekers
23284,2,Traditional Shoppers
23285,4,Promotion Hunters
23286,3,Vegetarians
23287,1,Wellness
23288,7,Loyal Explorers
23290,0,Value Seekers
23291,6,Large Families
23292,2,Traditional Shoppers
23293,6,Large Families
23294,7,Loyal Explorers
23295,6,Large Families
23296,0,Value Seekers
23297,6,Large Families
23298,2,Traditional Shoppers
23299,6,Large Families
23300,3,Vegetarians
23302,2,Traditional Shoppers
23303,1,Wellness
23304,4,Promotion Hunters
23305,3,Vegetarians
23306,0,Value Seekers
23307,2,Traditional Shoppers
23308,1,Wellness
23310,4,Promotion Hunters
23312,2,Traditional Shoppers
23313,6,Large Families
23314,6,Large Families
23315,2,Traditional Shoppers
23317,2,Traditional Shoppers
23319,3,Vegetarians
23320,6,Large Families
23321,2,Traditional Shoppers
23322,2,Traditional Shoppers
23323,2,Traditional Shoppers
23324,5,Tech Enthusiasts
23325,4,Promotion Hunters
23326,6,Large Families
23327,4,Promotion Hunters
23328,2,Traditional Shoppers
23330,0,Value Seekers
23331,5,Tech Enthusiasts
23334,3,Vegetarians
23335,6,Large Families
23336,5,Tech Enthusiasts
23337,2,Traditional Shoppers
23338,7,Loyal Explorers
23339,4,Promotion Hunters
23340,0,Value Seekers
23341,0,Value Seekers
23342,7,Loyal Explorers
23343,2,Traditional Shoppers
23344,7,Loyal Explorers
23345,6,Large Families
23346,1,Wellness
23347,6,Large Families
23348,1,Wellness
23349,6,Large Families
23350,3,Vegetarians
23351,3,Vegetarians
23352,2,Traditional Shoppers
23353,7,Loyal Explorers
23354,3,Vegetarians
23355,0,Value Seekers
23356,0,Value Seekers
23358,7,Loyal Explorers
23360,3,Vegetarians
23362,0,Value Seekers
23363,0,Value Seekers
23364,3,Vegetarians
23365,0,Value Seekers
23366,4,Promotion Hunters
23368,7,Loyal Explorers
23369,7,Loyal Explorers
23370,3,Vegetarians
23371,1,Wellness
23373,3,Vegetarians
23374,6,Large Families
23375,1,Wellness
23376,7,Loyal Explorers
23377,3,Vegetarians
23378,6,Large Families
23379,2,Traditional Shoppers
23380,3,Vegetarians
23381,2,Traditional Shoppers
23382,1,Wellness
23383,6,Large Families
23384,7,Loyal Explorers
23385,3,Vegetarians
23387,3,Vegetarians
23388,2,Traditional Shoppers
23389,4,Promotion Hunters
23390,7,Loyal Explorers
23391,3,Vegetarians
23392,6,Large Families
23393,2,Traditional Shoppers
23394,4,Promotion Hunters
23395,4,Promotion Hunters
23396,2,Traditional Shoppers
23397,3,Vegetarians
23398,3,Vegetarians
23399,3,Vegetarians
23400,1,Wellness
23401,6,Large Families
23402,3,Vegetarians
23404,4,Promotion Hunters
23405,0,Value Seekers
23406,6,Large Families
23407,0,Value Seekers
23408,6,Large Families
23409,3,Vegetarians
23410,3,Vegetarians
23411,2,Traditional Shoppers
23412,0,Value Seekers
23413,3,Vegetarians
23414,5,Tech Enthusiasts
23415,6,Large Families
23416,2,Traditional Shoppers
23417,2,Traditional Shoppers
23418,7,Loyal Explorers
23419,2,Traditional Shoppers
23422,2,Traditional Shoppers
23423,5,Tech Enthusiasts
23424,1,Wellness
23426,6,Large Families
23427,3,Vegetarians
23429,0,Value Seekers
23430,4,Promotion Hunters
23431,2,Traditional Shoppers
23432,0,Value Seekers
23433,2,Traditional Shoppers
23434,3,Vegetarians
23435,5,Tech Enthusiasts
23436,3,Vegetarians
23437,6,Large Families
23438,3,Vegetarians
23439,1,Wellness
23440,4,Promotion Hunters
23442,1,Wellness
23444,3,Vegetarians
23445,6,Large Families
23447,1,Wellness
23448,2,Traditional Shoppers
23449,6,Large Families
23450,1,Wellness
23451,5,Tech Enthusiasts
23452,1,Wellness
23453,1,Wellness
23454,6,Large Families
23455,7,Loyal Explorers
23457,3,Vegetarians
23458,3,Vegetarians
23459,3,Vegetarians
23460,1,Wellness
23461,7,Loyal Explorers
23462,5,Tech Enthusiasts
23464,4,Promotion Hunters
23465,2,Traditional Shoppers
23468,1,Wellness
23469,2,Traditional Shoppers
23471,4,Promotion Hunters
23472,6,Large Families
23473,1,Wellness
23475,5,Tech Enthusiasts
23476,1,Wellness
23477,0,Value Seekers
23478,0,Value Seekers
23479,6,Large Families
23480,5,Tech Enthusiasts
23481,0,Value Seekers
23482,2,Traditional Shoppers
23483,7,Loyal Explorers
23485,0,Value Seekers
23486,3,Vegetarians
23487,3,Vegetarians
23489,1,Wellness
23490,7,Loyal Explorers
23492,2,Traditional Shoppers
23493,3,Vegetarians
23494,4,Promotion Hunters
23495,3,Vegetarians
23496,1,Wellness
23497,6,Large Families
23498,2,Traditional Shoppers
23499,7,Loyal Explorers
23500,4,Promotion Hunters
23502,0,Value Seekers
23503,1,Wellness
23506,0,Value Seekers
23507,4,Promotion Hunters
23508,5,Tech Enthusiasts
23511,4,Promotion Hunters
23512,2,Traditional Shoppers
23514,0,Value Seekers
23515,0,Value Seekers
23516,0,Value Seekers
23519,1,Wellness
23520,4,Promotion Hunters
23522,2,Traditional Shoppers
23523,7,Loyal Explorers
23524,1,Wellness
23526,5,Tech Enthusiasts
23527,5,Tech Enthusiasts
23528,2,Traditional Shoppers
23529,2,Traditional Shoppers
23530,6,Large Families
23533,2,Traditional Shoppers
23535,2,Traditional Shoppers
23536,5,Tech Enthusiasts
23537,3,Vegetarians
23538,2,Traditional Shoppers
23539,0,Value Seekers
23542,5,Tech Enthusiasts
23543,4,Promotion Hunters
23545,5,Tech Enthusiasts
23546,2,Traditional Shoppers
23547,4,Promotion Hunters
23548,0,Value Seekers
23549,3,Vegetarians
23550,6,Large Families
23551,6,Large Families
23553,1,Wellness
23554,6,Large Families
23555,1,Wellness
23556,4,Promotion Hunters
23557,6,Large Families
23558,1,Wellness
23560,0,Value Seekers
23561,3,Vegetarians
23562,2,Traditional Shoppers
23563,2,Traditional Shoppers
23564,2,Traditional Shoppers
23566,5,Tech Enthusiasts
23567,2,Traditional Shoppers
23568,3,Vegetarians
23569,5,Tech Enthusiasts
23570,1,Wellness
23571,6,Large Families
23572,3,Vegetarians
23573,6,Large Families
23575,4,Promotion Hunters
23576,3,Vegetarians
23577,0,Value Seekers
23578,3,Vegetarians
23579,4,Promotion Hunters
23580,3,Vegetarians
23581,2,Traditional Shoppers
23582,2,Traditional Shoppers
23584,3,Vegetarians
23585,7,Loyal Explorers
23586,3,Vegetarians
23587,4,Promotion Hunters
23588,3,Vegetarians
23589,3,Vegetarians
23590,0,Value Seekers
23592,2,Traditional Shoppers
23593,2,Traditional Shoppers
23594,2,Traditional Shoppers
23595,0,Value Seekers
23596,4,Promotion Hunters
23597,4,Promotion Hunters
23599,1,Wellness
23600,3,Vegetarians
23602,0,Value Seekers
23603,5,Tech Enthusiasts
23604,3,Vegetarians
23605,4,Promotion Hunters
23606,3,Vegetarians
23608,4,Promotion Hunters
23609,0,Value Seekers
23610,2,Traditional Shoppers
23611,2,Traditional Shoppers
23612,2,Traditional Shoppers
23613,1,Wellness
23614,2,Traditional Shoppers
23615,5,Tech Enthusiasts
23616,2,Traditional Shoppers
23617,7,Loyal Explorers
23618,7,Loyal Explorers
23619,3,Vegetarians
23620,0,Value Seekers
23621,7,Loyal Explorers
23622,7,Loyal Explorers
23624,1,Wellness
23625,2,Traditional Shoppers
23626,1,Wellness
23627,5,Tech Enthusiasts
23628,4,Promotion Hunters
23629,0,Value Seekers
23630,6,Large Families
23631,0,Value Seekers
23632,7,Loyal Explorers
23634,6,Large Families
23635,5,Tech Enthusiasts
23636,5,Tech Enthusiasts
23637,0,Value Seekers
23638,2,Traditional Shoppers
23639,1,Wellness
23640,3,Vegetarians
23641,7,Loyal Explorers
23642,1,Wellness
23643,2,Traditional Shoppers
23644,4,Promotion Hunters
23645,1,Wellness
23647,2,Traditional Shoppers
23648,2,Traditional Shoppers
23649,2,Traditional Shoppers
23650,3,Vegetarians
23651,2,Traditional Shoppers
23652,5,Tech Enthusiasts
23653,3,Vegetarians
23655,3,Vegetarians
23657,0,Value Seekers
23658,3,Vegetarians
23659,2,Traditional Shoppers
23660,7,Loyal Explorers
23661,6,Large Families
23663,3,Vegetarians
23664,3,Vegetarians
23665,3,Vegetarians
23666,2,Traditional Shoppers
23667,4,Promotion Hunters
23668,2,Traditional Shoppers
23669,2,Traditional Shoppers
23670,6,Large Families
23672,6,Large Families
23673,6,Large Families
23674,1,Wellness
23677,6,Large Families
23678,1,Wellness
23679,2,Traditional Shoppers
23680,5,Tech Enthusiasts
23681,4,Promotion Hunters
23683,0,Value Seekers
23684,3,Vegetarians
23685,3,Vegetarians
23686,2,Traditional Shoppers
23688,2,Traditional Shoppers
23690,7,Loyal Explorers
23691,5,Tech Enthusiasts
23692,5,Tech Enthusiasts
23693,1,Wellness
23694,7,Loyal Explorers
23695,6,Large Families
23696,5,Tech Enthusiasts
23697,2,Traditional Shoppers
23698,6,Large Families
23699,1,Wellness
23700,2,Traditional Shoppers
23701,6,Large Families
23702,3,Vegetarians
23703,1,Wellness
23704,5,Tech Enthusiasts
23705,1,Wellness
23706,7,Loyal Explorers
23707,4,Promotion Hunters
23708,5,Tech Enthusiasts
23709,6,Large Families
23710,6,Large Families
23711,7,Loyal Explorers
23712,6,Large Families
23713,6,Large Families
23714,5,Tech Enthusiasts
23715,7,Loyal Explorers
23716,6,Large Families
23717,3,Vegetarians
23718,5,Tech Enthusiasts
23720,2,Traditional Shoppers
23721,6,Large Families
23722,2,Traditional Shoppers
23723,6,Large Families
23724,1,Wellness
23725,3,Vegetarians
23726,6,Large Families
23727,5,Tech Enthusiasts
23728,6,Large Families
23729,1,Wellness
23730,0,Value Seekers
23732,3,Vegetarians
23733,3,Vegetarians
23734,5,Tech Enthusiasts
23735,3,Vegetarians
23736,2,Traditional Shoppers
23737,4,Promotion Hunters
23739,7,Loyal Explorers
23742,2,Traditional Shoppers
23744,2,Traditional Shoppers
23746,5,Tech Enthusiasts
23747,2,Traditional Shoppers
23749,2,Traditional Shoppers
23750,7,Loyal Explorers
23751,2,Traditional Shoppers
23752,7,Loyal Explorers
23753,3,Vegetarians
23754,0,Value Seekers
23755,0,Value Seekers
23757,7,Loyal Explorers
23758,3,Vegetarians
23760,1,Wellness
23761,7,Loyal Explorers
23762,2,Traditional Shoppers
23763,2,Traditional Shoppers
23764,1,Wellness
23765,1,Wellness
23766,1,Wellness
23767,6,Large Families
23768,2,Traditional Shoppers
23769,6,Large Families
23770,2,Traditional Shoppers
23771,4,Promotion Hunters
23772,2,Traditional Shoppers
23773,7,Loyal Explorers
23774,6,Large Families
23775,7,Loyal Explorers
23776,6,Large Families
23777,6,Large Families
23778,6,Large Families
23779,3,Vegetarians
23780,2,Traditional Shoppers
23781,5,Tech Enthusiasts
23782,1,Wellness
23783,6,Large Families
23784,0,Value Seekers
23785,2,Traditional Shoppers
23786,2,Traditional Shoppers
23787,6,Large Families
23789,7,Loyal Explorers
23790,4,Promotion Hunters
23791,5,Tech Enthusiasts
23793,3,Vegetarians
23794,2,Traditional Shoppers
23795,2,Traditional Shoppers
23796,5,Tech Enthusiasts
23797,6,Large Families
23798,3,Vegetarians
23799,5,Tech Enthusiasts
23800,3,Vegetarians
23801,1,Wellness
23802,2,Traditional Shoppers
23803,5,Tech Enthusiasts
23804,6,Large Families
23805,6,Large Families
23806,2,Traditional Shoppers
23807,0,Value Seekers
23808,5,Tech Enthusiasts
23809,7,Loyal Explorers
23810,3,Vegetarians
23811,3,Vegetarians
23812,6,Large Families
23813,5,Tech Enthusiasts
23814,1,Wellness
23815,6,Large Families
23816,6,Large Families
23817,2,Traditional Shoppers
23818,0,Value Seekers
23819,2,Traditional Shoppers
23820,2,Traditional Shoppers
23821,3,Vegetarians
23822,6,Large Families
23823,3,Vegetarians
23824,2,Traditional Shoppers
23826,2,Traditional Shoppers
23828,3,Vegetarians
23830,3,Vegetarians
23831,4,Promotion Hunters
23832,4,Promotion Hunters
23833,3,Vegetarians
23835,1,Wellness
23836,1,Wellness
23837,0,Value Seekers
23838,0,Value Seekers
23839,4,Promotion Hunters
23840,6,Large Families
23842,5,Tech Enthusiasts
23843,6,Large Families
23844,6,Large Families
23845,2,Traditional Shoppers
23846,6,Large Families
23847,5,Tech Enthusiasts
23848,7,Loyal Explorers
23850,7,Loyal Explorers
23851,3,Vegetarians
23852,6,Large Families
23853,3,Vegetarians
23855,3,Vegetarians
23856,6,Large Families
23857,1,Wellness
23860,0,Value Seekers
23861,5,Tech Enthusiasts
23863,4,Promotion Hunters
23865,4,Promotion Hunters
23867,5,Tech Enthusiasts
23868,1,Wellness
23869,3,Vegetarians
23870,5,Tech Enthusiasts
23871,1,Wellness
23872,6,Large Families
23876,6,Large Families
23878,1,Wellness
23879,0,Value Seekers
23880,3,Vegetarians
23881,3,Vegetarians
23882,6,Large Families
23885,7,Loyal Explorers
23886,4,Promotion Hunters
23887,6,Large Families
23888,6,Large Families
23890,3,Vegetarians
23891,6,Large Families
23892,0,Value Seekers
23893,5,Tech Enthusiasts
23894,0,Value Seekers
23895,6,Large Families
23896,2,Traditional Shoppers
23897,0,Value Seekers
23898,6,Large Families
23899,7,Loyal Explorers
23900,0,Value Seekers
23901,0,Value Seekers
23902,1,Wellness
23903,1,Wellness
23904,6,Large Families
23905,2,Traditional Shoppers
23906,2,Traditional Shoppers
23907,2,Traditional Shoppers
23908,0,Value Seekers
23909,0,Value Seekers
23910,3,Vegetarians
23911,2,Traditional Shoppers
23912,5,Tech Enthusiasts
23913,4,Promotion Hunters
23914,4,Promotion Hunters
23915,7,Loyal Explorers
23917,0,Value Seekers
23918,5,Tech Enthusiasts
23919,6,Large Families
23921,3,Vegetarians
23923,5,Tech Enthusiasts
23924,4,Promotion Hunters
23925,6,Large Families
23926,1,Wellness
23928,3,Vegetarians
23929,5,Tech Enthusiasts
23930,2,Traditional Shoppers
23932,5,Tech Enthusiasts
23933,3,Vegetarians
23934,0,Value Seekers
23935,0,Value Seekers
23936,5,Tech Enthusiasts
23937,4,Promotion Hunters
23939,7,Loyal Explorers
23940,2,Traditional Shoppers
23941,0,Value Seekers
23942,0,Value Seekers
23943,0,Value Seekers
23945,5,Tech Enthusiasts
23946,4,Promotion Hunters
23947,2,Traditional Shoppers
23948,3,Vegetarians
23951,4,Promotion Hunters
23952,5,Tech Enthusiasts
23954,7,Loyal Explorers
23956,0,Value Seekers
23957,0,Value Seekers
23958,3,Vegetarians
23959,7,Loyal Explorers
23960,0,Value Seekers
23961,4,Promotion Hunters
23963,6,Large Families
23964,3,Vegetarians
23966,4,Promotion Hunters
23967,4,Promotion Hunters
23968,1,Wellness
23969,7,Loyal Explorers
23971,5,Tech Enthusiasts
23972,1,Wellness
23973,4,Promotion Hunters
23974,4,Promotion Hunters
23975,7,Loyal Explorers
23976,2,Traditional Shoppers
23977,0,Value Seekers
23978,2,Traditional Shoppers
23981,4,Promotion Hunters
23982,2,Traditional Shoppers
23983,0,Value Seekers
23984,0,Value Seekers
23985,3,Vegetarians
23986,0,Value Seekers
23987,0,Value Seekers
23988,0,Value Seekers
23989,2,Traditional Shoppers
23991,3,Vegetarians
23993,7,Loyal Explorers
23994,2,Traditional Shoppers
23996,1,Wellness
23998,2,Traditional Shoppers
23999,6,Large Families
24000,4,Promotion Hunters
24001,2,Traditional Shoppers
24002,3,Vegetarians
24003,0,Value Seekers
24004,2,Traditional Shoppers
24005,5,Tech Enthusiasts
24006,0,Value Seekers
24007,1,Wellness
24008,2,Traditional Shoppers
24009,7,Loyal Explorers
24011,0,Value Seekers
24013,0,Value Seekers
24014,7,Loyal Explorers
24015,1,Wellness
24017,0,Value Seekers
24020,3,Vegetarians
24021,2,Traditional Shoppers
24022,6,Large Families
24024,5,Tech Enthusiasts
24025,0,Value Seekers
24026,5,Tech Enthusiasts
24027,6,Large Families
24028,3,Vegetarians
24029,5,Tech Enthusiasts
24030,2,Traditional Shoppers
24031,2,Traditional Shoppers
24032,5,Tech Enthusiasts
24033,0,Value Seekers
24034,6,Large Families
24035,3,Vegetarians
24036,6,Large Families
24037,0,Value Seekers
24038,2,Traditional Shoppers
24040,3,Vegetarians
24041,4,Promotion Hunters
24042,6,Large Families
24043,4,Promotion Hunters
24044,6,Large Families
24045,0,Value Seekers
24046,6,Large Families
24048,3,Vegetarians
24049,4,Promotion Hunters
24050,0,Value Seekers
24051,7,Loyal Explorers
24052,4,Promotion Hunters
24053,2,Traditional Shoppers
24054,3,Vegetarians
24055,2,Traditional Shoppers
24056,1,Wellness
24057,2,Traditional Shoppers
24058,7,Loyal Explorers
24059,0,Value Seekers
24060,5,Tech Enthusiasts
24061,5,Tech Enthusiasts
24063,5,Tech Enthusiasts
24064,2,Traditional Shoppers
24065,0,Value Seekers
24066,5,Tech Enthusiasts
24067,4,Promotion Hunters
24068,1,Wellness
24069,6,Large Families
24070,0,Value Seekers
24071,3,Vegetarians
24072,5,Tech Enthusiasts
24073,2,Traditional Shoppers
24074,1,Wellness
24076,7,Loyal Explorers
24080,3,Vegetarians
24081,3,Vegetarians
24082,5,Tech Enthusiasts
24084,1,Wellness
24085,2,Traditional Shoppers
24086,5,Tech Enthusiasts
24087,0,Value Seekers
24088,1,Wellness
24089,1,Wellness
24090,5,Tech Enthusiasts
24092,6,Large Families
24093,5,Tech Enthusiasts
24094,4,Promotion Hunters
24095,3,Vegetarians
24096,2,Traditional Shoppers
24097,2,Traditional Shoppers
24098,2,Traditional Shoppers
24099,1,Wellness
24100,4,Promotion Hunters
24101,3,Vegetarians
24103,6,Large Families
24104,6,Large Families
24105,4,Promotion Hunters
24106,1,Wellness
24107,0,Value Seekers
24108,0,Value Seekers
24109,7,Loyal Explorers
24110,0,Value Seekers
24111,2,Traditional Shoppers
24112,5,Tech Enthusiasts
24113,2,Traditional Shoppers
24114,2,Traditional Shoppers
24115,7,Loyal Explorers
24117,3,Vegetarians
24119,5,Tech Enthusiasts
24120,6,Large Families
24121,2,Traditional Shoppers
24123,0,Value Seekers
24124,7,Loyal Explorers
24125,3,Vegetarians
24127,0,Value Seekers
24128,2,Traditional Shoppers
24129,4,Promotion Hunters
24130,2,Traditional Shoppers
24131,5,Tech Enthusiasts
24133,3,Vegetarians
24134,1,Wellness
24135,2,Traditional Shoppers
24136,4,Promotion Hunters
24137,7,Loyal Explorers
24138,4,Promotion Hunters
24139,1,Wellness
24140,2,Traditional Shoppers
24141,1,Wellness
24143,2,Traditional Shoppers
24144,0,Value Seekers
24146,3,Vegetarians
24148,7,Loyal Explorers
24149,7,Loyal Explorers
24150,2,Traditional Shoppers
24151,2,Traditional Shoppers
24153,1,Wellness
24154,6,Large Families
24157,0,Value Seekers
24158,4,Promotion Hunters
24159,7,Loyal Explorers
24160,2,Traditional Shoppers
24162,5,Tech Enthusiasts
24164,2,Traditional Shoppers
24165,7,Loyal Explorers
24166,4,Promotion Hunters
24167,2,Traditional Shoppers
24168,4,Promotion Hunters
24169,6,Large Families
24170,0,Value Seekers
24171,6,Large Families
24173,5,Tech Enthusiasts
24174,4,Promotion Hunters
24175,0,Value Seekers
24176,1,Wellness
24177,2,Traditional Shoppers
24178,0,Value Seekers
24179,5,Tech Enthusiasts
24180,2,Traditional Shoppers
24182,4,Promotion Hunters
24183,6,Large Families
24184,6,Large Families
24185,0,Value Seekers
24186,6,Large Families
24187,4,Promotion Hunters
24188,6,Large Families
24189,7,Loyal Explorers
24190,6,Large Families
24191,3,Vegetarians
24192,1,Wellness
24193,2,Traditional Shoppers
24194,1,Wellness
24195,7,Loyal Explorers
24196,2,Traditional Shoppers
24197,6,Large Families
24198,0,Value Seekers
24199,7,Loyal Explorers
24201,7,Loyal Explorers
24203,4,Promotion Hunters
24204,2,Traditional Shoppers
24205,0,Value Seekers
24206,3,Vegetarians
24209,4,Promotion Hunters
24210,0,Value Seekers
24211,3,Vegetarians
24212,7,Loyal Explorers
24213,2,Traditional Shoppers
24214,2,Traditional Shoppers
24216,5,Tech Enthusiasts
24217,1,Wellness
24218,0,Value Seekers
24219,2,Traditional Shoppers
24220,0,Value Seekers
24221,2,Traditional Shoppers
24222,3,Vegetarians
24223,3,Vegetarians
24224,6,Large Families
24225,4,Promotion Hunters
24226,2,Traditional Shoppers
24228,0,Value Seekers
24229,4,Promotion Hunters
24230,6,Large Families
24231,0,Value Seekers
24232,2,Traditional Shoppers
24233,7,Loyal Explorers
24234,3,Vegetarians
24235,6,Large Families
24236,1,Wellness
24237,7,Loyal Explorers
24238,1,Wellness
24239,7,Loyal Explorers
24240,3,Vegetarians
24241,7,Loyal Explorers
24242,2,Traditional Shoppers
24243,6,Large Families
24244,2,Traditional Shoppers
24245,1,Wellness
24246,1,Wellness
24247,7,Loyal Explorers
24250,1,Wellness
24252,0,Value Seekers
24253,2,Traditional Shoppers
24254,7,Loyal Explorers
24255,2,Traditional Shoppers
24256,6,Large Families
24257,0,Value Seekers
24258,6,Large Families
24259,2,Traditional Shoppers
24260,6,Large Families
24262,2,Traditional Shoppers
24264,6,Large Families
24265,2,Traditional Shoppers
24266,7,Loyal Explorers
24267,5,Tech Enthusiasts
24268,6,Large Families
24269,6,Large Families
24270,3,Vegetarians
24271,6,Large Families
24272,6,Large Families
24273,2,Traditional Shoppers
24274,3,Vegetarians
24275,2,Traditional Shoppers
24278,3,Vegetarians
24279,1,Wellness
24280,1,Wellness
24282,2,Traditional Shoppers
24283,1,Wellness
24285,2,Traditional Shoppers
24286,2,Traditional Shoppers
24287,2,Traditional Shoppers
24288,6,Large Families
24290,2,Traditional Shoppers
24291,6,Large Families
24292,5,Tech Enthusiasts
24294,6,Large Families
24295,2,Traditional Shoppers
24296,1,Wellness
24298,2,Traditional Shoppers
24299,7,Loyal Explorers
24300,7,Loyal Explorers
24301,0,Value Seekers
24302,5,Tech Enthusiasts
24303,6,Large Families
24304,3,Vegetarians
24305,1,Wellness
24307,5,Tech Enthusiasts
24308,4,Promotion Hunters
24309,6,Large Families
24310,0,Value Seekers
24312,5,Tech Enthusiasts
24313,5,Tech Enthusiasts
24314,4,Promotion Hunters
24316,4,Promotion Hunters
24317,1,Wellness
24318,2,Traditional Shoppers
24319,3,Vegetarians
24320,5,Tech Enthusiasts
24321,0,Value Seekers
24322,4,Promotion Hunters
24323,0,Value Seekers
24324,2,Traditional Shoppers
24325,4,Promotion Hunters
24327,3,Vegetarians
24328,4,Promotion Hunters
24329,0,Value Seekers
24330,4,Promotion Hunters
24331,4,Promotion Hunters
24332,3,Vegetarians
24333,2,Traditional Shoppers
24334,2,Traditional Shoppers
24335,3,Vegetarians
24336,0,Value Seekers
24337,1,Wellness
24338,3,Vegetarians
24339,0,Value Seekers
24341,6,Large Families
24342,2,Traditional Shoppers
24343,4,Promotion Hunters
24344,5,Tech Enthusiasts
24347,0,Value Seekers
24349,3,Vegetarians
24350,1,Wellness
24351,6,Large Families
24353,3,Vegetarians
24354,4,Promotion Hunters
24355,5,Tech Enthusiasts
24356,7,Loyal Explorers
24357,6,Large Families
24359,4,Promotion Hunters
24360,7,Loyal Explorers
24361,6,Large Families
24362,5,Tech Enthusiasts
24363,3,Vegetarians
24364,7,Loyal Explorers
24365,4,Promotion Hunters
24367,5,Tech Enthusiasts
24368,0,Value Seekers
24369,2,Traditional Shoppers
24371,7,Loyal Explorers
24372,6,Large Families
24374,6,Large Families
24375,4,Promotion Hunters
24376,2,Traditional Shoppers
24378,5,Tech Enthusiasts
24380,2,Traditional Shoppers
24381,1,Wellness
24383,4,Promotion Hunters
24384,2,Traditional Shoppers
24386,2,Traditional Shoppers
24387,2,Traditional Shoppers
24388,2,Traditional Shoppers
24389,1,Wellness
24390,6,Large Families
24392,0,Value Seekers
24393,2,Traditional Shoppers
24396,6,Large Families
24397,6,Large Families
24398,2,Traditional Shoppers
24399,2,Traditional Shoppers
24400,5,Tech Enthusiasts
24401,5,Tech Enthusiasts
24402,3,Vegetarians
24404,1,Wellness
24405,3,Vegetarians
24406,2,Traditional Shoppers
24409,4,Promotion Hunters
24411,7,Loyal Explorers
24412,4,Promotion Hunters
24413,3,Vegetarians
24414,0,Value Seekers
24415,6,Large Families
24416,2,Traditional Shoppers
24418,7,Loyal Explorers
24419,5,Tech Enthusiasts
24420,5,Tech Enthusiasts
24421,2,Traditional Shoppers
24423,5,Tech Enthusiasts
24424,6,Large Families
24425,1,Wellness
24426,6,Large Families
24427,6,Large Families
24428,3,Vegetarians
24430,2,Traditional Shoppers
24431,2,Traditional Shoppers
24432,0,Value Seekers
24434,1,Wellness
24435,6,Large Families
24436,5,Tech Enthusiasts
24438,3,Vegetarians
24439,4,Promotion Hunters
24440,6,Large Families
24441,7,Loyal Explorers
24443,2,Traditional Shoppers
24446,3,Vegetarians
24448,7,Loyal Explorers
24449,3,Vegetarians
24450,7,Loyal Explorers
24451,6,Large Families
24452,6,Large Families
24453,3,Vegetarians
24454,7,Loyal Explorers
24455,2,Traditional Shoppers
24456,5,Tech Enthusiasts
24457,3,Vegetarians
24459,1,Wellness
24460,1,Wellness
24461,6,Large Families
24462,2,Traditional Shoppers
24463,1,Wellness
24464,4,Promotion Hunters
24465,0,Value Seekers
24466,2,Traditional Shoppers
24469,6,Large Families
24471,6,Large Families
24473,3,Vegetarians
24475,2,Traditional Shoppers
24476,7,Loyal Explorers
24477,3,Vegetarians
24478,5,Tech Enthusiasts
24479,6,Large Families
24480,1,Wellness
24481,4,Promotion Hunters
24482,6,Large Families
24483,2,Traditional Shoppers
24484,2,Traditional Shoppers
24485,1,Wellness
24486,0,Value Seekers
24487,3,Vegetarians
24488,2,Traditional Shoppers
24489,4,Promotion Hunters
24490,2,Traditional Shoppers
24491,4,Promotion Hunters
24492,4,Promotion Hunters
24493,7,Loyal Explorers
24494,1,Wellness
24495,6,Large Families
24496,5,Tech Enthusiasts
24497,0,Value Seekers
24498,2,Traditional Shoppers
24499,6,Large Families
24500,7,Loyal Explorers
24501,7,Loyal Explorers
24502,4,Promotion Hunters
24503,6,Large Families
24504,3,Vegetarians
24505,4,Promotion Hunters
24506,6,Large Families
24507,7,Loyal Explorers
24508,5,Tech Enthusiasts
24509,6,Large Families
24510,7,Loyal Explorers
24512,5,Tech Enthusiasts
24513,1,Wellness
24515,3,Vegetarians
24516,6,Large Families
24517,2,Traditional Shoppers
24518,4,Promotion Hunters
24519,6,Large Families
24520,1,Wellness
24521,2,Traditional Shoppers
24522,2,Traditional Shoppers
24523,3,Vegetarians
24524,5,Tech Enthusiasts
24525,6,Large Families
24526,4,Promotion Hunters
24527,2,Traditional Shoppers
24528,1,Wellness
24529,2,Traditional Shoppers
24531,6,Large Families
24532,3,Vegetarians
24533,4,Promotion Hunters
24534,6,Large Families
24535,6,Large Families
24536,6,Large Families
24537,0,Value Seekers
24538,2,Traditional Shoppers
24539,2,Traditional Shoppers
24540,6,Large Families
24541,2,Traditional Shoppers
24542,7,Loyal Explorers
24543,3,Vegetarians
24545,5,Tech Enthusiasts
24546,2,Traditional Shoppers
24547,1,Wellness
24548,3,Vegetarians
24549,6,Large Families
24550,4,Promotion Hunters
24552,6,Large Families
24553,3,Vegetarians
24555,0,Value Seekers
24557,5,Tech Enthusiasts
24558,5,Tech Enthusiasts
24559,1,Wellness
24560,2,Traditional Shoppers
24561,6,Large Families
24562,5,Tech Enthusiasts
24563,6,Large Families
24564,2,Traditional Shoppers
24566,4,Promotion Hunters
24567,3,Vegetarians
24568,0,Value Seekers
24569,5,Tech Enthusiasts
24570,4,Promotion Hunters
24572,2,Traditional Shoppers
24573,3,Vegetarians
24574,6,Large Families
24575,3,Vegetarians
24576,7,Loyal Explorers
24577,3,Vegetarians
24578,2,Traditional Shoppers
24580,2,Traditional Shoppers
24581,7,Loyal Explorers
24582,6,Large Families
24583,6,Large Families
24584,6,Large Families
24585,3,Vegetarians
24587,5,Tech Enthusiasts
24588,6,Large Families
24590,4,Promotion Hunters
24591,6,Large Families
24592,2,Traditional Shoppers
24594,2,Traditional Shoppers
24595,5,Tech Enthusiasts
24596,5,Tech Enthusiasts
24597,2,Traditional Shoppers
24598,6,Large Families
24600,2,Traditional Shoppers
24603,7,Loyal Explorers
24605,1,Wellness
24606,5,Tech Enthusiasts
24607,2,Traditional Shoppers
24608,1,Wellness
24610,2,Traditional Shoppers
24611,3,Vegetarians
24613,5,Tech Enthusiasts
24614,4,Promotion Hunters
24615,0,Value Seekers
24616,5,Tech Enthusiasts
24618,1,Wellness
24619,7,Loyal Explorers
24620,2,Traditional Shoppers
24621,6,Large Families
24622,5,Tech Enthusiasts
24623,6,Large Families
24625,5,Tech Enthusiasts
24627,3,Vegetarians
24628,2,Traditional Shoppers
24629,7,Loyal Explorers
24632,7,Loyal Explorers
24633,0,Value Seekers
24634,3,Vegetarians
24635,2,Traditional Shoppers
24636,2,Traditional Shoppers
24637,4,Promotion Hunters
24640,6,Large Families
24641,2,Traditional Shoppers
24643,6,Large Families
24644,3,Vegetarians
24645,0,Value Seekers
24647,1,Wellness
24648,7,Loyal Explorers
24649,0,Value Seekers
24650,1,Wellness
24652,1,Wellness
24654,5,Tech Enthusiasts
24655,7,Loyal Explorers
24656,3,Vegetarians
24657,2,Traditional Shoppers
24658,6,Large Families
24659,6,Large Families
24660,1,Wellness
24661,2,Traditional Shoppers
24662,3,Vegetarians
24663,2,Traditional Shoppers
24664,3,Vegetarians
24665,4,Promotion Hunters
24666,3,Vegetarians
24667,0,Value Seekers
24668,6,Large Families
24669,4,Promotion Hunters
24670,2,Traditional Shoppers
24671,1,Wellness
24672,1,Wellness
24673,0,Value Seekers
24674,3,Vegetarians
24675,2,Traditional Shoppers
24677,4,Promotion Hunters
24678,2,Traditional Shoppers
24680,1,Wellness
24681,6,Large Families
24685,4,Promotion Hunters
24686,3,Vegetarians
24687,1,Wellness
24688,5,Tech Enthusiasts
24689,2,Traditional Shoppers
24690,3,Vegetarians
24691,1,Wellness
24692,6,Large Families
24693,4,Promotion Hunters
24694,2,Traditional Shoppers
24696,1,Wellness
24697,3,Vegetarians
24698,2,Traditional Shoppers
24700,5,Tech Enthusiasts
24701,2,Traditional Shoppers
24703,5,Tech Enthusiasts
24704,6,Large Families
24705,6,Large Families
24707,0,Value Seekers
24708,2,Traditional Shoppers
24709,7,Loyal Explorers
24710,2,Traditional Shoppers
24711,2,Traditional Shoppers
24712,2,Traditional Shoppers
24713,2,Traditional Shoppers
24714,0,Value Seekers
24715,4,Promotion Hunters
24717,2,Traditional Shoppers
24718,2,Traditional Shoppers
24719,5,Tech Enthusiasts
24720,1,Wellness
24721,3,Vegetarians
24722,2,Traditional Shoppers
24723,6,Large Families
24724,5,Tech Enthusiasts
24727,0,Value Seekers
24728,4,Promotion Hunters
24731,4,Promotion Hunters
24732,5,Tech Enthusiasts
24734,3,Vegetarians
24735,5,Tech Enthusiasts
24736,2,Traditional Shoppers
24737,2,Traditional Shoppers
24738,1,Wellness
24739,5,Tech Enthusiasts
24740,6,Large Families
24741,5,Tech Enthusiasts
24742,2,Traditional Shoppers
24743,0,Value Seekers
24745,6,Large Families
24746,2,Traditional Shoppers
24747,2,Traditional Shoppers
24748,1,Wellness
24749,3,Vegetarians
24750,1,Wellness
24751,6,Large Families
24752,2,Traditional Shoppers
24753,3,Vegetarians
24754,5,Tech Enthusiasts
24755,6,Large Families
24757,7,Loyal Explorers
24758,2,Traditional Shoppers
24759,1,Wellness
24762,0,Value Seekers
24765,0,Value Seekers
24766,3,Vegetarians
24767,1,Wellness
24768,6,Large Families
24769,5,Tech Enthusiasts
24770,2,Traditional Shoppers
24771,2,Traditional Shoppers
24772,5,Tech Enthusiasts
24773,4,Promotion Hunters
24774,2,Traditional Shoppers
24775,5,Tech Enthusiasts
24776,1,Wellness
24777,2,Traditional Shoppers
24778,3,Vegetarians
24779,2,Traditional Shoppers
24782,0,Value Seekers
24783,2,Traditional Shoppers
24784,6,Large Families
24785,3,Vegetarians
24786,6,Large Families
24787,2,Traditional Shoppers
24788,4,Promotion Hunters
24789,3,Vegetarians
24790,5,Tech Enthusiasts
24791,4,Promotion Hunters
24793,2,Traditional Shoppers
24794,3,Vegetarians
24796,5,Tech Enthusiasts
24797,2,Traditional Shoppers
24798,6,Large Families
24800,5,Tech Enthusiasts
24801,3,Vegetarians
24802,1,Wellness
24803,5,Tech Enthusiasts
24805,2,Traditional Shoppers
24807,5,Tech Enthusiasts
24808,3,Vegetarians
24809,2,Traditional Shoppers
24810,7,Loyal Explorers
24811,4,Promotion Hunters
24812,6,Large Families
24813,6,Large Families
24814,6,Large Families
24815,6,Large Families
24816,5,Tech Enthusiasts
24817,6,Large Families
24818,2,Traditional Shoppers
24819,1,Wellness
24820,2,Traditional Shoppers
24821,1,Wellness
24827,6,Large Families
24828,0,Value Seekers
24829,1,Wellness
24830,0,Value Seekers
24831,2,Traditional Shoppers
24833,2,Traditional Shoppers
24835,2,Traditional Shoppers
24836,2,Traditional Shoppers
24837,1,Wellness
24838,3,Vegetarians
24839,2,Traditional Shoppers
24840,5,Tech Enthusiasts
24841,6,Large Families
24842,2,Traditional Shoppers
24844,7,Loyal Explorers
24845,4,Promotion Hunters
24846,2,Traditional Shoppers
24847,6,Large Families
24848,2,Traditional Shoppers
24849,0,Value Seekers
24850,1,Wellness
24852,2,Traditional Shoppers
24853,6,Large Families
24854,6,Large Families
24855,2,Traditional Shoppers
24858,1,Wellness
24859,6,Large Families
24860,4,Promotion Hunters
24862,6,Large Families
24863,6,Large Families
24864,6,Large Families
24865,6,Large Families
24866,2,Traditional Shoppers
24867,2,Traditional Shoppers
24868,3,Vegetarians
24869,2,Traditional Shoppers
24870,6,Large Families
24871,0,Value Seekers
24872,2,Traditional Shoppers
24874,0,Value Seekers
24875,5,Tech Enthusiasts
24876,5,Tech Enthusiasts
24877,3,Vegetarians
24878,3,Vegetarians
24880,4,Promotion Hunters
24881,6,Large Families
24882,7,Loyal Explorers
24883,2,Traditional Shoppers
24885,3,Vegetarians
24886,4,Promotion Hunters
24887,6,Large Families
24888,1,Wellness
24889,2,Traditional Shoppers
24891,4,Promotion Hunters
24892,2,Traditional Shoppers
24893,3,Vegetarians
24894,2,Traditional Shoppers
24897,7,Loyal Explorers
24899,0,Value Seekers
24900,2,Traditional Shoppers
24901,6,Large Families
24904,1,Wellness
24905,1,Wellness
24906,1,Wellness
24907,5,Tech Enthusiasts
24908,2,Traditional Shoppers
24909,7,Loyal Explorers
24911,2,Traditional Shoppers
24912,6,Large Families
24913,6,Large Families
24914,2,Traditional Shoppers
24916,5,Tech Enthusiasts
24917,1,Wellness
24918,7,Loyal Explorers
24919,5,Tech Enthusiasts
24920,5,Tech Enthusiasts
24921,6,Large Families
24922,7,Loyal Explorers
24923,6,Large Families
24924,2,Traditional Shoppers
24925,5,Tech Enthusiasts
24926,5,Tech Enthusiasts
24927,1,Wellness
24928,5,Tech Enthusiasts
24929,4,Promotion Hunters
24930,5,Tech Enthusiasts
24931,3,Vegetarians
24932,0,Value Seekers
24933,6,Large Families
24934,7,Loyal Explorers
24935,1,Wellness
24936,0,Value Seekers
24937,0,Value Seekers
24938,5,Tech Enthusiasts
24939,6,Large Families
24941,2,Traditional Shoppers
24942,3,Vegetarians
24943,4,Promotion Hunters
24944,6,Large Families
24945,4,Promotion Hunters
24948,0,Value Seekers
24950,7,Loyal Explorers
24951,0,Value Seekers
24952,4,Promotion Hunters
24953,4,Promotion Hunters
24954,1,Wellness
24956,5,Tech Enthusiasts
24957,5,Tech Enthusiasts
24958,6,Large Families
24959,4,Promotion Hunters
24960,4,Promotion Hunters
24961,7,Loyal Explorers
24963,6,Large Families
24964,2,Traditional Shoppers
24965,3,Vegetarians
24967,1,Wellness
24969,0,Value Seekers
24970,2,Traditional Shoppers
24971,5,Tech Enthusiasts
24973,2,Traditional Shoppers
24974,4,Promotion Hunters
24975,5,Tech Enthusiasts
24976,3,Vegetarians
24978,3,Vegetarians
24979,1,Wellness
24980,6,Large Families
24981,0,Value Seekers
24982,2,Traditional Shoppers
24983,3,Vegetarians
24984,6,Large Families
24985,4,Promotion Hunters
24987,2,Traditional Shoppers
24989,3,Vegetarians
24990,2,Traditional Shoppers
24991,3,Vegetarians
24993,3,Vegetarians
24994,0,Value Seekers
24995,1,Wellness
24998,5,Tech Enthusiasts
25000,2,Traditional Shoppers
25001,5,Tech Enthusiasts
25003,3,Vegetarians
25006,2,Traditional Shoppers
25008,2,Traditional Shoppers
25009,4,Promotion Hunters
25010,2,Traditional Shoppers
25011,4,Promotion Hunters
25012,6,Large Families
25013,2,Traditional Shoppers
25014,4,Promotion Hunters
25015,1,Wellness
25016,1,Wellness
25017,1,Wellness
25018,2,Traditional Shoppers
25019,2,Traditional Shoppers
25020,1,Wellness
25021,3,Vegetarians
25022,7,Loyal Explorers
25023,1,Wellness
25024,5,Tech Enthusiasts
25025,3,Vegetarians
25027,6,Large Families
25028,4,Promotion Hunters
25029,7,Loyal Explorers
25031,1,Wellness
25032,6,Large Families
25035,2,Traditional Shoppers
25036,0,Value Seekers
25037,7,Loyal Explorers
25040,5,Tech Enthusiasts
25042,6,Large Families
25045,5,Tech Enthusiasts
25047,4,Promotion Hunters
25048,3,Vegetarians
25049,2,Traditional Shoppers
25050,2,Traditional Shoppers
25053,5,Tech Enthusiasts
25054,1,Wellness
25055,3,Vegetarians
25056,2,Traditional Shoppers
25057,7,Loyal Explorers
25058,2,Traditional Shoppers
25059,6,Large Families
25060,2,Traditional Shoppers
25065,6,Large Families
25066,5,Tech Enthusiasts
25067,2,Traditional Shoppers
25068,3,Vegetarians
25069,4,Promotion Hunters
25070,1,Wellness
25071,6,Large Families
25072,1,Wellness
25073,2,Traditional Shoppers
25075,2,Traditional Shoppers
25077,6,Large Families
25078,3,Vegetarians
25079,2,Traditional Shoppers
25080,5,Tech Enthusiasts
25081,4,Promotion Hunters
25082,2,Traditional Shoppers
25083,1,Wellness
25084,7,Loyal Explorers
25085,1,Wellness
25086,2,Traditional Shoppers
25087,5,Tech Enthusiasts
25088,2,Traditional Shoppers
25089,6,Large Families
25090,3,Vegetarians
25093,6,Large Families
25095,2,Traditional Shoppers
25096,7,Loyal Explorers
25097,5,Tech Enthusiasts
25098,2,Traditional Shoppers
25099,5,Tech Enthusiasts
25100,5,Tech Enthusiasts
25103,1,Wellness
25104,2,Traditional Shoppers
25105,4,Promotion Hunters
25106,7,Loyal Explorers
25107,6,Large Families
25108,2,Traditional Shoppers
25109,5,Tech Enthusiasts
25110,2,Traditional Shoppers
25111,2,Traditional Shoppers
25112,0,Value Seekers
25113,6,Large Families
25114,3,Vegetarians
25115,3,Vegetarians
25116,2,Traditional Shoppers
25117,3,Vegetarians
25118,7,Loyal Explorers
25119,3,Vegetarians
25120,6,Large Families
25121,7,Loyal Explorers
25122,2,Traditional Shoppers
25123,4,Promotion Hunters
25124,6,Large Families
25125,1,Wellness
25126,0,Value Seekers
25127,5,Tech Enthusiasts
25129,2,Traditional Shoppers
25130,2,Traditional Shoppers
25131,0,Value Seekers
25132,6,Large Families
25133,2,Traditional Shoppers
25134,0,Value Seekers
25135,5,Tech Enthusiasts
25136,6,Large Families
25137,6,Large Families
25138,2,Traditional Shoppers
25139,2,Traditional Shoppers
25140,3,Vegetarians
25141,6,Large Families
25143,6,Large Families
25144,0,Value Seekers
25146,2,Traditional Shoppers
25147,6,Large Families
25148,4,Promotion Hunters
25149,6,Large Families
25150,1,Wellness
25152,3,Vegetarians
25153,2,Traditional Shoppers
25154,5,Tech Enthusiasts
25155,5,Tech Enthusiasts
25156,7,Loyal Explorers
25157,2,Traditional Shoppers
25158,6,Large Families
25159,4,Promotion Hunters
25160,6,Large Families
25161,5,Tech Enthusiasts
25162,7,Loyal Explorers
25163,2,Traditional Shoppers
25164,7,Loyal Explorers
25165,7,Loyal Explorers
25166,6,Large Families
25168,0,Value Seekers
25169,4,Promotion Hunters
25170,3,Vegetarians
25171,3,Vegetarians
25172,4,Promotion Hunters
25173,1,Wellness
25174,6,Large Families
25175,2,Traditional Shoppers
25176,2,Traditional Shoppers
25177,0,Value Seekers
25178,1,Wellness
25179,2,Traditional Shoppers
25180,6,Large Families
25182,6,Large Families
25183,5,Tech Enthusiasts
25184,7,Loyal Explorers
25187,1,Wellness
25188,1,Wellness
25189,1,Wellness
25190,3,Vegetarians
25191,6,Large Families
25192,7,Loyal Explorers
25193,5,Tech Enthusiasts
25194,3,Vegetarians
25195,2,Traditional Shoppers
25196,7,Loyal Explorers
25197,7,Loyal Explorers
25198,7,Loyal Explorers
25199,4,Promotion Hunters
25200,1,Wellness
25201,2,Traditional Shoppers
25202,3,Vegetarians
25203,5,Tech Enthusiasts
25204,0,Value Seekers
25205,4,Promotion Hunters
25206,6,Large Families
25207,7,Loyal Explorers
25209,4,Promotion Hunters
25210,4,Promotion Hunters
25211,5,Tech Enthusiasts
25212,0,Value Seekers
25213,3,Vegetarians
25214,2,Traditional Shoppers
25216,1,Wellness
25217,2,Traditional Shoppers
25218,1,Wellness
25220,5,Tech Enthusiasts
25221,3,Vegetarians
25222,3,Vegetarians
25223,4,Promotion Hunters
25224,2,Traditional Shoppers
25225,2,Traditional Shoppers
25226,7,Loyal Explorers
25228,2,Traditional Shoppers
25229,3,Vegetarians
25231,7,Loyal Explorers
25232,4,Promotion Hunters
25233,3,Vegetarians
25234,2,Traditional Shoppers
25235,6,Large Families
25236,5,Tech Enthusiasts
25237,1,Wellness
25238,6,Large Families
25239,5,Tech Enthusiasts
25240,3,Vegetarians
25241,7,Loyal Explorers
25242,2,Traditional Shoppers
25243,6,Large Families
25244,4,Promotion Hunters
25245,3,Vegetarians
25247,6,Large Families
25248,7,Loyal Explorers
25249,5,Tech Enthusiasts
25251,6,Large Families
25254,2,Traditional Shoppers
25255,3,Vegetarians
25256,2,Traditional Shoppers
25257,6,Large Families
25258,2,Traditional Shoppers
25259,3,Vegetarians
25260,2,Traditional Shoppers
25261,3,Vegetarians
25262,6,Large Families
25264,0,Value Seekers
25265,2,Traditional Shoppers
25267,2,Traditional Shoppers
25268,3,Vegetarians
25269,2,Traditional Shoppers
25271,7,Loyal Explorers
25272,1,Wellness
25273,2,Traditional Shoppers
25274,3,Vegetarians
25275,3,Vegetarians
25276,4,Promotion Hunters
25277,5,Tech Enthusiasts
25278,0,Value Seekers
25279,5,Tech Enthusiasts
25280,6,Large Families
25281,6,Large Families
25282,0,Value Seekers
25283,6,Large Families
25284,7,Loyal Explorers
25285,1,Wellness
25286,0,Value Seekers
25287,7,Loyal Explorers
25288,2,Traditional Shoppers
25289,4,Promotion Hunters
25290,3,Vegetarians
25291,3,Vegetarians
25292,4,Promotion Hunters
25293,2,Traditional Shoppers
25294,7,Loyal Explorers
25295,0,Value Seekers
25296,4,Promotion Hunters
25297,0,Value Seekers
25298,5,Tech Enthusiasts
25300,4,Promotion Hunters
25301,3,Vegetarians
25302,4,Promotion Hunters
25304,3,Vegetarians
25306,1,Wellness
25307,6,Large Families
25308,1,Wellness
25309,4,Promotion Hunters
25310,2,Traditional Shoppers
25311,0,Value Seekers
25312,7,Loyal Explorers
25313,6,Large Families
25314,7,Loyal Explorers
25315,5,Tech Enthusiasts
25316,6,Large Families
25317,5,Tech Enthusiasts
25318,3,Vegetarians
25319,6,Large Families
25321,6,Large Families
25323,4,Promotion Hunters
25324,0,Value Seekers
25325,3,Vegetarians
25326,6,Large Families
25327,6,Large Families
25328,5,Tech Enthusiasts
25329,0,Value Seekers
25330,1,Wellness
25331,2,Traditional Shoppers
25332,4,Promotion Hunters
25333,6,Large Families
25334,2,Traditional Shoppers
25335,0,Value Seekers
25336,5,Tech Enthusiasts
25337,0,Value Seekers
25338,0,Value Seekers
25340,5,Tech Enthusiasts
25341,7,Loyal Explorers
25343,6,Large Families
25344,2,Traditional Shoppers
25345,1,Wellness
25346,5,Tech Enthusiasts
25347,3,Vegetarians
25348,0,Value Seekers
25349,3,Vegetarians
25350,2,Traditional Shoppers
25351,0,Value Seekers
25353,7,Loyal Explorers
25354,6,Large Families
25355,1,Wellness
25356,5,Tech Enthusiasts
25357,1,Wellness
25358,4,Promotion Hunters
25359,7,Loyal Explorers
25360,0,Value Seekers
25361,0,Value Seekers
25362,6,Large Families
25363,6,Large Families
25364,1,Wellness
25366,3,Vegetarians
25367,2,Traditional Shoppers
25368,5,Tech Enthusiasts
25370,5,Tech Enthusiasts
25373,6,Large Families
25374,1,Wellness
25375,7,Loyal Explorers
25376,3,Vegetarians
25377,7,Loyal Explorers
25379,5,Tech Enthusiasts
25380,6,Large Families
25381,5,Tech Enthusiasts
25382,4,Promotion Hunters
25383,0,Value Seekers
25384,0,Value Seekers
25385,5,Tech Enthusiasts
25386,7,Loyal Explorers
25387,3,Vegetarians
25390,3,Vegetarians
25391,2,Traditional Shoppers
25395,6,Large Families
25396,6,Large Families
25398,1,Wellness
25399,0,Value Seekers
25402,4,Promotion Hunters
25403,1,Wellness
25404,2,Traditional Shoppers
25405,7,Loyal Explorers
25408,2,Traditional Shoppers
25409,4,Promotion Hunters
25410,7,Loyal Explorers
25412,3,Vegetarians
25414,5,Tech Enthusiasts
25415,0,Value Seekers
25417,2,Traditional Shoppers
25418,2,Traditional Shoppers
25419,3,Vegetarians
25421,2,Traditional Shoppers
25422,0,Value Seekers
25424,0,Value Seekers
25425,3,Vegetarians
25426,7,Loyal Explorers
25427,1,Wellness
25428,0,Value Seekers
25429,7,Loyal Explorers
25430,2,Traditional Shoppers
25431,5,Tech Enthusiasts
25433,2,Traditional Shoppers
25434,7,Loyal Explorers
25436,6,Large Families
25437,6,Large Families
25438,6,Large Families
25439,3,Vegetarians
25440,4,Promotion Hunters
25441,6,Large Families
25442,2,Traditional Shoppers
25443,3,Vegetarians
25445,1,Wellness
25446,2,Traditional Shoppers
25447,7,Loyal Explorers
25448,0,Value Seekers
25449,7,Loyal Explorers
25450,3,Vegetarians
25451,4,Promotion Hunters
25452,6,Large Families
25453,4,Promotion Hunters
25454,7,Loyal Explorers
25455,1,Wellness
25456,2,Traditional Shoppers
25457,5,Tech Enthusiasts
25458,0,Value Seekers
25459,1,Wellness
25461,1,Wellness
25463,5,Tech Enthusiasts
25464,2,Traditional Shoppers
25465,6,Large Families
25466,2,Traditional Shoppers
25467,6,Large Families
25469,2,Traditional Shoppers
25470,0,Value Seekers
25471,0,Value Seekers
25472,0,Value Seekers
25473,7,Loyal Explorers
25474,3,Vegetarians
25475,5,Tech Enthusiasts
25476,4,Promotion Hunters
25477,5,Tech Enthusiasts
25478,2,Traditional Shoppers
25479,4,Promotion Hunters
25480,7,Loyal Explorers
25482,2,Traditional Shoppers
25485,1,Wellness
25486,3,Vegetarians
25488,6,Large Families
25489,0,Value Seekers
25490,2,Traditional Shoppers
25491,6,Large Families
25492,2,Traditional Shoppers
25493,7,Loyal Explorers
25494,7,Loyal Explorers
25495,2,Traditional Shoppers
25496,5,Tech Enthusiasts
25498,6,Large Families
25499,5,Tech Enthusiasts
25500,2,Traditional Shoppers
25502,4,Promotion Hunters
25503,5,Tech Enthusiasts
25504,0,Value Seekers
25505,2,Traditional Shoppers
25506,4,Promotion Hunters
25507,4,Promotion Hunters
25508,2,Traditional Shoppers
25509,1,Wellness
25511,0,Value Seekers
25512,2,Traditional Shoppers
25513,2,Traditional Shoppers
25514,7,Loyal Explorers
25515,7,Loyal Explorers
25516,5,Tech Enthusiasts
25517,1,Wellness
25518,2,Traditional Shoppers
25519,0,Value Seekers
25520,2,Traditional Shoppers
25521,7,Loyal Explorers
25522,4,Promotion Hunters
25523,3,Vegetarians
25524,1,Wellness
25525,7,Loyal Explorers
25527,1,Wellness
25528,2,Traditional Shoppers
25529,2,Traditional Shoppers
25530,1,Wellness
25533,2,Traditional Shoppers
25534,3,Vegetarians
25535,4,Promotion Hunters
25537,7,Loyal Explorers
25538,2,Traditional Shoppers
25539,3,Vegetarians
25540,0,Value Seekers
25541,2,Traditional Shoppers
25543,3,Vegetarians
25544,2,Traditional Shoppers
25545,0,Value Seekers
25546,5,Tech Enthusiasts
25547,0,Value Seekers
25548,3,Vegetarians
25549,3,Vegetarians
25550,2,Traditional Shoppers
25551,5,Tech Enthusiasts
25552,2,Traditional Shoppers
25553,2,Traditional Shoppers
25555,6,Large Families
25556,2,Traditional Shoppers
25557,5,Tech Enthusiasts
25558,6,Large Families
25559,2,Traditional Shoppers
25560,7,Loyal Explorers
25561,0,Value Seekers
25562,2,Traditional Shoppers
25563,6,Large Families
25564,1,Wellness
25565,3,Vegetarians
25566,6,Large Families
25567,7,Loyal Explorers
25568,6,Large Families
25570,2,Traditional Shoppers
25571,4,Promotion Hunters
25573,1,Wellness
25574,7,Loyal Explorers
25575,4,Promotion Hunters
25577,3,Vegetarians
25578,5,Tech Enthusiasts
25579,2,Traditional Shoppers
25580,5,Tech Enthusiasts
25582,0,Value Seekers
25585,2,Traditional Shoppers
25586,2,Traditional Shoppers
25587,6,Large Families
25588,5,Tech Enthusiasts
25589,6,Large Families
25590,1,Wellness
25591,6,Large Families
25592,5,Tech Enthusiasts
25593,2,Traditional Shoppers
25594,0,Value Seekers
25595,1,Wellness
25596,6,Large Families
25597,6,Large Families
25598,4,Promotion Hunters
25599,4,Promotion Hunters
25601,5,Tech Enthusiasts
25602,2,Traditional Shoppers
25603,5,Tech Enthusiasts
25604,6,Large Families
25605,0,Value Seekers
25606,4,Promotion Hunters
25607,1,Wellness
25608,3,Vegetarians
25610,6,Large Families
25611,7,Loyal Explorers
25613,2,Traditional Shoppers
25616,3,Vegetarians
25617,2,Traditional Shoppers
25619,1,Wellness
25620,6,Large Families
25622,2,Traditional Shoppers
25623,7,Loyal Explorers
25624,6,Large Families
25625,5,Tech Enthusiasts
25626,6,Large Families
25627,7,Loyal Explorers
25629,2,Traditional Shoppers
25630,3,Vegetarians
25631,2,Traditional Shoppers
25633,5,Tech Enthusiasts
25634,2,Traditional Shoppers
25635,5,Tech Enthusiasts
25636,7,Loyal Explorers
25637,0,Value Seekers
25639,6,Large Families
25640,0,Value Seekers
25641,0,Value Seekers
25642,0,Value Seekers
25643,7,Loyal Explorers
25644,1,Wellness
25645,2,Traditional Shoppers
25646,2,Traditional Shoppers
25647,7,Loyal Explorers
25648,3,Vegetarians
25649,5,Tech Enthusiasts
25650,6,Large Families
25651,0,Value Seekers
25652,7,Loyal Explorers
25653,5,Tech Enthusiasts
25654,5,Tech Enthusiasts
25655,7,Loyal Explorers
25656,0,Value Seekers
25657,1,Wellness
25658,5,Tech Enthusiasts
25659,0,Value Seekers
25660,2,Traditional Shoppers
25661,6,Large Families
25662,2,Traditional Shoppers
25663,0,Value Seekers
25664,7,Loyal Explorers
25665,7,Loyal Explorers
25666,4,Promotion Hunters
25668,6,Large Families
25669,1,Wellness
25670,0,Value Seekers
25671,5,Tech Enthusiasts
25672,1,Wellness
25673,4,Promotion Hunters
25674,5,Tech Enthusiasts
25675,1,Wellness
25676,1,Wellness
25677,6,Large Families
25678,6,Large Families
25679,4,Promotion Hunters
25680,6,Large Families
25682,3,Vegetarians
25683,1,Wellness
25684,0,Value Seekers
25685,2,Traditional Shoppers
25686,5,Tech Enthusiasts
25687,4,Promotion Hunters
25689,3,Vegetarians
25692,4,Promotion Hunters
25694,5,Tech Enthusiasts
25695,0,Value Seekers
25696,0,Value Seekers
25697,5,Tech Enthusiasts
25698,6,Large Families
25699,2,Traditional Shoppers
25700,3,Vegetarians
25701,2,Traditional Shoppers
25702,7,Loyal Explorers
25704,6,Large Families
25705,7,Loyal Explorers
25708,6,Large Families
25709,2,Traditional Shoppers
25710,1,Wellness
25711,2,Traditional Shoppers
25712,1,Wellness
25713,0,Value Seekers
25714,3,Vegetarians
25715,6,Large Families
25717,2,Traditional Shoppers
25718,7,Loyal Explorers
25719,0,Value Seekers
25720,6,Large Families
25721,2,Traditional Shoppers
25722,7,Loyal Explorers
25723,2,Traditional Shoppers
25724,1,Wellness
25725,2,Traditional Shoppers
25727,0,Value Seekers
25728,0,Value Seekers
25730,5,Tech Enthusiasts
25731,1,Wellness
25732,3,Vegetarians
25733,6,Large Families
25734,7,Loyal Explorers
25735,6,Large Families
25736,1,Wellness
25737,6,Large Families
25738,7,Loyal Explorers
25739,2,Traditional Shoppers
25741,2,Traditional Shoppers
25742,1,Wellness
25743,0,Value Seekers
25744,4,Promotion Hunters
25745,7,Loyal Explorers
25746,7,Loyal Explorers
25747,6,Large Families
25748,6,Large Families
25750,2,Traditional Shoppers
25751,6,Large Families
25752,6,Large Families
25754,2,Traditional Shoppers
25755,3,Vegetarians
25756,5,Tech Enthusiasts
25758,4,Promotion Hunters
25759,5,Tech Enthusiasts
25761,4,Promotion Hunters
25762,4,Promotion Hunters
25763,6,Large Families
25764,5,Tech Enthusiasts
25766,2,Traditional Shoppers
25767,7,Loyal Explorers
25768,5,Tech Enthusiasts
25769,3,Vegetarians
25771,0,Value Seekers
25772,4,Promotion Hunters
25773,6,Large Families
25774,2,Traditional Shoppers
25776,2,Traditional Shoppers
25777,3,Vegetarians
25778,1,Wellness
25780,3,Vegetarians
25781,6,Large Families
25783,3,Vegetarians
25784,2,Traditional Shoppers
25785,2,Traditional Shoppers
25786,0,Value Seekers
25790,5,Tech Enthusiasts
25791,5,Tech Enthusiasts
25792,2,Traditional Shoppers
25793,2,Traditional Shoppers
25794,5,Tech Enthusiasts
25795,1,Wellness
25796,2,Traditional Shoppers
25797,2,Traditional Shoppers
25798,7,Loyal Explorers
25799,6,Large Families
25800,2,Traditional Shoppers
25801,6,Large Families
25802,4,Promotion Hunters
25803,4,Promotion Hunters
25804,2,Traditional Shoppers
25805,1,Wellness
25806,6,Large Families
25807,3,Vegetarians
25808,4,Promotion Hunters
25810,6,Large Families
25811,5,Tech Enthusiasts
25813,7,Loyal Explorers
25814,3,Vegetarians
25815,5,Tech Enthusiasts
25816,4,Promotion Hunters
25817,3,Vegetarians
25818,6,Large Families
25819,4,Promotion Hunters
25820,7,Loyal Explorers
25821,2,Traditional Shoppers
25822,2,Traditional Shoppers
25824,5,Tech Enthusiasts
25826,4,Promotion Hunters
25827,4,Promotion Hunters
25828,4,Promotion Hunters
25829,3,Vegetarians
25830,5,Tech Enthusiasts
25831,5,Tech Enthusiasts
25832,2,Traditional Shoppers
25834,1,Wellness
25835,6,Large Families
25836,2,Traditional Shoppers
25837,4,Promotion Hunters
25838,0,Value Seekers
25839,2,Traditional Shoppers
25840,7,Loyal Explorers
25841,4,Promotion Hunters
25842,2,Traditional Shoppers
25843,2,Traditional Shoppers
25844,3,Vegetarians
25845,3,Vegetarians
25846,3,Vegetarians
25847,0,Value Seekers
25848,6,Large Families
25849,0,Value Seekers
25850,6,Large Families
25853,1,Wellness
25854,7,Loyal Explorers
25855,2,Traditional Shoppers
25857,0,Value Seekers
25858,5,Tech Enthusiasts
25859,1,Wellness
25860,0,Value Seekers
25861,6,Large Families
25862,3,Vegetarians
25863,0,Value Seekers
25864,7,Loyal Explorers
25865,7,Loyal Explorers
25867,5,Tech Enthusiasts
25869,0,Value Seekers
25871,2,Traditional Shoppers
25872,2,Traditional Shoppers
25874,6,Large Families
25875,2,Traditional Shoppers
25876,5,Tech Enthusiasts
25877,5,Tech Enthusiasts
25878,3,Vegetarians
25879,3,Vegetarians
25880,1,Wellness
25881,3,Vegetarians
25882,1,Wellness
25883,1,Wellness
25884,1,Wellness
25886,5,Tech Enthusiasts
25887,4,Promotion Hunters
25888,7,Loyal Explorers
25889,3,Vegetarians
25890,1,Wellness
25891,5,Tech Enthusiasts
25892,5,Tech Enthusiasts
25893,3,Vegetarians
25894,6,Large Families
25895,0,Value Seekers
25896,1,Wellness
25897,7,Loyal Explorers
25898,2,Traditional Shoppers
25900,3,Vegetarians
25902,2,Traditional Shoppers
25903,2,Traditional Shoppers
25904,4,Promotion Hunters
25905,4,Promotion Hunters
25907,2,Traditional Shoppers
25908,7,Loyal Explorers
25909,4,Promotion Hunters
25910,7,Loyal Explorers
25911,3,Vegetarians
25912,0,Value Seekers
25913,3,Vegetarians
25914,1,Wellness
25915,5,Tech Enthusiasts
25916,4,Promotion Hunters
25917,1,Wellness
25921,2,Traditional Shoppers
25922,5,Tech Enthusiasts
25924,7,Loyal Explorers
25925,2,Traditional Shoppers
25926,2,Traditional Shoppers
25927,1,Wellness
25928,6,Large Families
25930,6,Large Families
25931,7,Loyal Explorers
25932,3,Vegetarians
25933,3,Vegetarians
25934,7,Loyal Explorers
25935,5,Tech Enthusiasts
25936,3,Vegetarians
25937,2,Traditional Shoppers
25938,1,Wellness
25939,2,Traditional Shoppers
25940,5,Tech Enthusiasts
25941,2,Traditional Shoppers
25942,7,Loyal Explorers
25943,3,Vegetarians
25944,6,Large Families
25946,2,Traditional Shoppers
25947,2,Traditional Shoppers
25949,6,Large Families
25950,0,Value Seekers
25951,1,Wellness
25952,4,Promotion Hunters
25953,1,Wellness
25954,3,Vegetarians
25955,0,Value Seekers
25957,0,Value Seekers
25958,7,Loyal Explorers
25959,6,Large Families
25960,5,Tech Enthusiasts
25961,2,Traditional Shoppers
25962,3,Vegetarians
25963,2,Traditional Shoppers
25964,1,Wellness
25965,2,Traditional Shoppers
25967,3,Vegetarians
25968,0,Value Seekers
25969,4,Promotion Hunters
25970,6,Large Families
25971,3,Vegetarians
25972,4,Promotion Hunters
25973,2,Traditional Shoppers
25974,1,Wellness
25975,2,Traditional Shoppers
25976,7,Loyal Explorers
25977,2,Traditional Shoppers
25978,2,Traditional Shoppers
25979,0,Value Seekers
25980,3,Vegetarians
25981,5,Tech Enthusiasts
25983,4,Promotion Hunters
25984,5,Tech Enthusiasts
25985,6,Large Families
25987,0,Value Seekers
25988,2,Traditional Shoppers
25989,6,Large Families
25990,2,Traditional Shoppers
25991,1,Wellness
25993,5,Tech Enthusiasts
25994,1,Wellness
25996,2,Traditional Shoppers
25997,6,Large Families
25998,2,Traditional Shoppers
25999,2,Traditional Shoppers
26000,2,Traditional Shoppers
26001,0,Value Seekers
26002,2,Traditional Shoppers
26003,2,Traditional Shoppers
26004,2,Traditional Shoppers
26005,0,Value Seekers
26006,5,Tech Enthusiasts
26007,5,Tech Enthusiasts
26008,0,Value Seekers
26009,1,Wellness
26011,2,Traditional Shoppers
26012,6,Large Families
26013,2,Traditional Shoppers
26014,4,Promotion Hunters
26015,5,Tech Enthusiasts
26016,1,Wellness
26017,3,Vegetarians
26018,0,Value Seekers
26019,2,Traditional Shoppers
26020,3,Vegetarians
26023,0,Value Seekers
26024,1,Wellness
26026,1,Wellness
26027,0,Value Seekers
26028,5,Tech Enthusiasts
26029,2,Traditional Shoppers
26030,6,Large Families
26031,2,Traditional Shoppers
26032,2,Traditional Shoppers
26033,3,Vegetarians
26035,5,Tech Enthusiasts
26036,4,Promotion Hunters
26037,1,Wellness
26038,1,Wellness
26039,4,Promotion Hunters
26041,6,Large Families
26043,0,Value Seekers
26044,0,Value Seekers
26045,6,Large Families
26046,4,Promotion Hunters
26047,2,Traditional Shoppers
26048,2,Traditional Shoppers
26049,4,Promotion Hunters
26050,3,Vegetarians
26051,7,Loyal Explorers
26052,4,Promotion Hunters
26053,2,Traditional Shoppers
26054,3,Vegetarians
26055,4,Promotion Hunters
26057,6,Large Families
26058,6,Large Families
26059,1,Wellness
26060,5,Tech Enthusiasts
26061,6,Large Families
26062,2,Traditional Shoppers
26065,1,Wellness
26066,3,Vegetarians
26067,2,Traditional Shoppers
26068,5,Tech Enthusiasts
26069,3,Vegetarians
26070,4,Promotion Hunters
26071,2,Traditional Shoppers
26072,0,Value Seekers
26073,0,Value Seekers
26074,6,Large Families
26075,2,Traditional Shoppers
26076,0,Value Seekers
26077,2,Traditional Shoppers
26078,0,Value Seekers
26079,2,Traditional Shoppers
26080,0,Value Seekers
26081,6,Large Families
26082,3,Vegetarians
26083,1,Wellness
26084,2,Traditional Shoppers
26085,7,Loyal Explorers
26086,5,Tech Enthusiasts
26087,1,Wellness
26089,3,Vegetarians
26090,3,Vegetarians
26092,3,Vegetarians
26093,5,Tech Enthusiasts
26095,5,Tech Enthusiasts
26097,2,Traditional Shoppers
26098,0,Value Seekers
26099,5,Tech Enthusiasts
26100,6,Large Families
26101,4,Promotion Hunters
26102,0,Value Seekers
26103,5,Tech Enthusiasts
26104,4,Promotion Hunters
26105,0,Value Seekers
26106,1,Wellness
26107,6,Large Families
26108,3,Vegetarians
26109,5,Tech Enthusiasts
26110,0,Value Seekers
26111,3,Vegetarians
26112,5,Tech Enthusiasts
26113,3,Vegetarians
26115,5,Tech Enthusiasts
26116,3,Vegetarians
26118,2,Traditional Shoppers
26119,2,Traditional Shoppers
26120,5,Tech Enthusiasts
26121,2,Traditional Shoppers
26122,5,Tech Enthusiasts
26123,2,Traditional Shoppers
26124,6,Large Families
26125,4,Promotion Hunters
26126,5,Tech Enthusiasts
26127,6,Large Families
26129,5,Tech Enthusiasts
26130,6,Large Families
26131,3,Vegetarians
26132,3,Vegetarians
26133,2,Traditional Shoppers
26135,5,Tech Enthusiasts
26136,7,Loyal Explorers
26137,6,Large Families
26139,2,Traditional Shoppers
26140,2,Traditional Shoppers
26141,0,Value Seekers
26142,6,Large Families
26143,2,Traditional Shoppers
26144,6,Large Families
26145,2,Traditional Shoppers
26147,2,Traditional Shoppers
26148,2,Traditional Shoppers
26149,7,Loyal Explorers
26150,3,Vegetarians
26151,3,Vegetarians
26152,6,Large Families
26153,5,Tech Enthusiasts
26154,1,Wellness
26155,4,Promotion Hunters
26156,3,Vegetarians
26157,0,Value Seekers
26158,6,Large Families
26159,6,Large Families
26160,0,Value Seekers
26162,3,Vegetarians
26163,3,Vegetarians
26164,7,Loyal Explorers
26165,1,Wellness
26166,4,Promotion Hunters
26167,6,Large Families
26169,2,Traditional Shoppers
26170,3,Vegetarians
26171,0,Value Seekers
26172,0,Value Seekers
26173,3,Vegetarians
26174,4,Promotion Hunters
26175,0,Value Seekers
26176,7,Loyal Explorers
26177,0,Value Seekers
26178,6,Large Families
26179,4,Promotion Hunters
26180,6,Large Families
26181,1,Wellness
26182,3,Vegetarians
26183,1,Wellness
26185,6,Large Families
26187,0,Value Seekers
26188,5,Tech Enthusiasts
26189,7,Loyal Explorers
26190,1,Wellness
26191,1,Wellness
26192,3,Vegetarians
26193,2,Traditional Shoppers
26194,6,Large Families
26195,1,Wellness
26198,3,Vegetarians
26200,5,Tech Enthusiasts
26201,5,Tech Enthusiasts
26202,1,Wellness
26203,3,Vegetarians
26204,4,Promotion Hunters
26205,6,Large Families
26206,3,Vegetarians
26208,6,Large Families
26209,7,Loyal Explorers
26210,6,Large Families
26211,4,Promotion Hunters
26212,1,Wellness
26213,5,Tech Enthusiasts
26214,5,Tech Enthusiasts
26215,4,Promotion Hunters
26216,5,Tech Enthusiasts
26217,3,Vegetarians
26219,7,Loyal Explorers
26220,6,Large Families
26222,5,Tech Enthusiasts
26223,2,Traditional Shoppers
26224,2,Traditional Shoppers
26226,3,Vegetarians
26227,5,Tech Enthusiasts
26228,5,Tech Enthusiasts
26229,7,Loyal Explorers
26230,1,Wellness
26231,5,Tech Enthusiasts
26234,5,Tech Enthusiasts
26235,6,Large Families
26236,2,Traditional Shoppers
26237,6,Large Families
26239,0,Value Seekers
26240,6,Large Families
26242,6,Large Families
26243,5,Tech Enthusiasts
26244,7,Loyal Explorers
26245,1,Wellness
26246,5,Tech Enthusiasts
26247,3,Vegetarians
26248,7,Loyal Explorers
26249,7,Loyal Explorers
26250,2,Traditional Shoppers
26251,0,Value Seekers
26252,4,Promotion Hunters
26253,2,Traditional Shoppers
26254,1,Wellness
26255,3,Vegetarians
26256,5,Tech Enthusiasts
26257,1,Wellness
26258,1,Wellness
26259,7,Loyal Explorers
26260,7,Loyal Explorers
26262,4,Promotion Hunters
26264,2,Traditional Shoppers
26265,6,Large Families
26266,4,Promotion Hunters
26268,2,Traditional Shoppers
26269,0,Value Seekers
26272,5,Tech Enthusiasts
26273,1,Wellness
26274,3,Vegetarians
26275,7,Loyal Explorers
26276,6,Large Families
26277,6,Large Families
26280,5,Tech Enthusiasts
26281,5,Tech Enthusiasts
26282,6,Large Families
26283,2,Traditional Shoppers
26284,4,Promotion Hunters
26285,6,Large Families
26286,1,Wellness
26287,3,Vegetarians
26288,5,Tech Enthusiasts
26290,4,Promotion Hunters
26291,4,Promotion Hunters
26292,2,Traditional Shoppers
26293,2,Traditional Shoppers
26294,1,Wellness
26295,1,Wellness
26296,7,Loyal Explorers
26297,3,Vegetarians
26298,1,Wellness
26299,6,Large Families
26300,5,Tech Enthusiasts
26301,3,Vegetarians
26302,4,Promotion Hunters
26303,4,Promotion Hunters
26304,2,Traditional Shoppers
26305,7,Loyal Explorers
26306,0,Value Seekers
26307,7,Loyal Explorers
26308,1,Wellness
26309,5,Tech Enthusiasts
26310,1,Wellness
26311,2,Traditional Shoppers
26312,3,Vegetarians
26314,3,Vegetarians
26315,3,Vegetarians
26316,6,Large Families
26318,1,Wellness
26319,1,Wellness
26320,7,Loyal Explorers
26321,3,Vegetarians
26322,4,Promotion Hunters
26323,4,Promotion Hunters
26324,2,Traditional Shoppers
26326,5,Tech Enthusiasts
26327,5,Tech Enthusiasts
26328,4,Promotion Hunters
26329,7,Loyal Explorers
26330,1,Wellness
26331,3,Vegetarians
26332,6,Large Families
26333,6,Large Families
26334,7,Loyal Explorers
26335,1,Wellness
26336,2,Traditional Shoppers
26337,6,Large Families
26340,6,Large Families
26343,7,Loyal Explorers
26344,5,Tech Enthusiasts
26345,2,Traditional Shoppers
26346,5,Tech Enthusiasts
26347,3,Vegetarians
26348,5,Tech Enthusiasts
26350,6,Large Families
26351,6,Large Families
26352,1,Wellness
26353,6,Large Families
26354,6,Large Families
26355,3,Vegetarians
26356,6,Large Families
26357,6,Large Families
26359,5,Tech Enthusiasts
26360,0,Value Seekers
26362,0,Value Seekers
26363,5,Tech Enthusiasts
26365,3,Vegetarians
26366,2,Traditional Shoppers
26367,0,Value Seekers
26368,0,Value Seekers
26369,5,Tech Enthusiasts
26370,2,Traditional Shoppers
26371,6,Large Families
26372,4,Promotion Hunters
26373,6,Large Families
26375,6,Large Families
26376,4,Promotion Hunters
26377,4,Promotion Hunters
26378,4,Promotion Hunters
26379,1,Wellness
26380,3,Vegetarians
26381,6,Large Families
26382,0,Value Seekers
26383,4,Promotion Hunters
26384,2,Traditional Shoppers
26385,6,Large Families
26386,7,Loyal Explorers
26387,7,Loyal Explorers
26388,1,Wellness
26389,2,Traditional Shoppers
26390,0,Value Seekers
26392,7,Loyal Explorers
26393,3,Vegetarians
26396,2,Traditional Shoppers
26397,4,Promotion Hunters
26398,3,Vegetarians
26399,6,Large Families
26400,6,Large Families
26401,7,Loyal Explorers
26403,7,Loyal Explorers
26404,6,Large Families
26405,5,Tech Enthusiasts
26407,5,Tech Enthusiasts
26408,3,Vegetarians
26409,1,Wellness
26411,7,Loyal Explorers
26412,2,Traditional Shoppers
26413,5,Tech Enthusiasts
26414,2,Traditional Shoppers
26417,5,Tech Enthusiasts
26418,3,Vegetarians
26419,2,Traditional Shoppers
26420,5,Tech Enthusiasts
26421,2,Traditional Shoppers
26422,1,Wellness
26423,7,Loyal Explorers
26424,2,Traditional Shoppers
26425,2,Traditional Shoppers
26426,6,Large Families
26427,1,Wellness
26428,5,Tech Enthusiasts
26429,1,Wellness
26430,2,Traditional Shoppers
26431,6,Large Families
26433,3,Vegetarians
26434,6,Large Families
26435,7,Loyal Explorers
26436,1,Wellness
26437,3,Vegetarians
26438,5,Tech Enthusiasts
26439,3,Vegetarians
26440,6,Large Families
26441,4,Promotion Hunters
26442,3,Vegetarians
26443,4,Promotion Hunters
26444,2,Traditional Shoppers
26446,1,Wellness
26447,6,Large Families
26448,3,Vegetarians
26449,6,Large Families
26450,0,Value Seekers
26451,4,Promotion Hunters
26452,5,Tech Enthusiasts
26453,2,Traditional Shoppers
26454,0,Value Seekers
26455,1,Wellness
26456,2,Traditional Shoppers
26459,5,Tech Enthusiasts
26463,4,Promotion Hunters
26465,3,Vegetarians
26467,7,Loyal Explorers
26468,7,Loyal Explorers
26469,3,Vegetarians
26470,1,Wellness
26471,0,Value Seekers
26474,3,Vegetarians
26475,4,Promotion Hunters
26476,3,Vegetarians
26477,1,Wellness
26478,4,Promotion Hunters
26479,4,Promotion Hunters
26481,4,Promotion Hunters
26482,5,Tech Enthusiasts
26483,0,Value Seekers
26484,2,Traditional Shoppers
26485,5,Tech Enthusiasts
26488,7,Loyal Explorers
26489,3,Vegetarians
26490,2,Traditional Shoppers
26491,7,Loyal Explorers
26492,3,Vegetarians
26493,4,Promotion Hunters
26494,1,Wellness
26495,4,Promotion Hunters
26496,2,Traditional Shoppers
26497,1,Wellness
26498,4,Promotion Hunters
26500,7,Loyal Explorers
26501,7,Loyal Explorers
26502,6,Large Families
26504,6,Large Families
26505,0,Value Seekers
26506,2,Traditional Shoppers
26507,2,Traditional Shoppers
26508,6,Large Families
26509,6,Large Families
26510,2,Traditional Shoppers
26511,2,Traditional Shoppers
26512,2,Traditional Shoppers
26513,2,Traditional Shoppers
26514,3,Vegetarians
26515,4,Promotion Hunters
26516,1,Wellness
26517,7,Loyal Explorers
26519,2,Traditional Shoppers
26520,2,Traditional Shoppers
26521,0,Value Seekers
26523,6,Large Families
26524,5,Tech Enthusiasts
26525,3,Vegetarians
26526,2,Traditional Shoppers
26527,6,Large Families
26528,4,Promotion Hunters
26529,2,Traditional Shoppers
26530,7,Loyal Explorers
26532,2,Traditional Shoppers
26533,3,Vegetarians
26534,2,Traditional Shoppers
26535,0,Value Seekers
26536,2,Traditional Shoppers
26537,7,Loyal Explorers
26538,2,Traditional Shoppers
26539,7,Loyal Explorers
26540,6,Large Families
26541,2,Traditional Shoppers
26542,5,Tech Enthusiasts
26543,5,Tech Enthusiasts
26544,3,Vegetarians
26546,6,Large Families
26547,7,Loyal Explorers
26549,1,Wellness
26550,4,Promotion Hunters
26551,3,Vegetarians
26552,5,Tech Enthusiasts
26553,6,Large Families
26554,2,Traditional Shoppers
26555,4,Promotion Hunters
26556,6,Large Families
26557,1,Wellness
26558,6,Large Families
26559,3,Vegetarians
26560,6,Large Families
26561,6,Large Families
26562,0,Value Seekers
26563,7,Loyal Explorers
26564,0,Value Seekers
26565,1,Wellness
26566,0,Value Seekers
26567,5,Tech Enthusiasts
26569,7,Loyal Explorers
26570,6,Large Families
26571,3,Vegetarians
26572,1,Wellness
26573,3,Vegetarians
26576,6,Large Families
26577,5,Tech Enthusiasts
26578,2,Traditional Shoppers
26579,1,Wellness
26580,6,Large Families
26581,5,Tech Enthusiasts
26582,6,Large Families
26583,4,Promotion Hunters
26584,6,Large Families
26585,2,Traditional Shoppers
26586,4,Promotion Hunters
26588,1,Wellness
26589,1,Wellness
26590,7,Loyal Explorers
26591,0,Value Seekers
26592,1,Wellness
26593,6,Large Families
26594,2,Traditional Shoppers
26595,0,Value Seekers
26596,4,Promotion Hunters
26597,3,Vegetarians
26598,2,Traditional Shoppers
26599,2,Traditional Shoppers
26600,2,Traditional Shoppers
26602,1,Wellness
26603,5,Tech Enthusiasts
26604,4,Promotion Hunters
26605,7,Loyal Explorers
26606,6,Large Families
26608,6,Large Families
26609,5,Tech Enthusiasts
26610,1,Wellness
26612,2,Traditional Shoppers
26613,0,Value Seekers
26614,2,Traditional Shoppers
26615,2,Traditional Shoppers
26616,6,Large Families
26618,1,Wellness
26619,2,Traditional Shoppers
26620,2,Traditional Shoppers
26622,7,Loyal Explorers
26623,3,Vegetarians
26624,5,Tech Enthusiasts
26626,7,Loyal Explorers
26627,0,Value Seekers
26628,6,Large Families
26630,0,Value Seekers
26631,2,Traditional Shoppers
26632,6,Large Families
26633,7,Loyal Explorers
26634,6,Large Families
26637,6,Large Families
26638,0,Value Seekers
26639,5,Tech Enthusiasts
26640,2,Traditional Shoppers
26641,6,Large Families
26643,4,Promotion Hunters
26645,1,Wellness
26646,2,Traditional Shoppers
26647,4,Promotion Hunters
26648,0,Value Seekers
26649,0,Value Seekers
26650,2,Traditional Shoppers
26651,0,Value Seekers
26655,7,Loyal Explorers
26656,7,Loyal Explorers
26657,1,Wellness
26658,4,Promotion Hunters
26659,1,Wellness
26660,6,Large Families
26661,4,Promotion Hunters
26662,0,Value Seekers
26663,5,Tech Enthusiasts
26664,0,Value Seekers
26666,5,Tech Enthusiasts
26668,1,Wellness
26669,2,Traditional Shoppers
26670,7,Loyal Explorers
26672,2,Traditional Shoppers
26673,1,Wellness
26675,7,Loyal Explorers
26676,1,Wellness
26677,3,Vegetarians
26678,2,Traditional Shoppers
26679,2,Traditional Shoppers
26680,1,Wellness
26681,6,Large Families
26682,4,Promotion Hunters
26683,6,Large Families
26684,3,Vegetarians
26685,6,Large Families
26686,4,Promotion Hunters
26687,4,Promotion Hunters
26689,5,Tech Enthusiasts
26690,6,Large Families
26691,1,Wellness
26692,3,Vegetarians
26693,7,Loyal Explorers
26694,4,Promotion Hunters
26695,1,Wellness
26696,2,Traditional Shoppers
26697,3,Vegetarians
26698,5,Tech Enthusiasts
26699,7,Loyal Explorers
26700,2,Traditional Shoppers
26701,5,Tech Enthusiasts
26703,1,Wellness
26704,3,Vegetarians
26706,4,Promotion Hunters
26707,6,Large Families
26709,6,Large Families
26710,5,Tech Enthusiasts
26711,3,Vegetarians
26712,3,Vegetarians
26713,2,Traditional Shoppers
26714,2,Traditional Shoppers
26716,7,Loyal Explorers
26717,3,Vegetarians
26718,3,Vegetarians
26720,1,Wellness
26721,4,Promotion Hunters
26722,2,Traditional Shoppers
26723,1,Wellness
26724,6,Large Families
26725,1,Wellness
26726,2,Traditional Shoppers
26727,3,Vegetarians
26729,7,Loyal Explorers
26730,2,Traditional Shoppers
26731,6,Large Families
26732,5,Tech Enthusiasts
26733,2,Traditional Shoppers
26735,5,Tech Enthusiasts
26736,4,Promotion Hunters
26737,4,Promotion Hunters
26738,2,Traditional Shoppers
26739,0,Value Seekers
26740,3,Vegetarians
26741,2,Traditional Shoppers
26742,7,Loyal Explorers
26743,5,Tech Enthusiasts
26744,4,Promotion Hunters
26745,1,Wellness
26746,6,Large Families
26747,7,Loyal Explorers
26748,6,Large Families
26749,5,Tech Enthusiasts
26751,5,Tech Enthusiasts
26753,6,Large Families
26754,1,Wellness
26755,2,Traditional Shoppers
26756,6,Large Families
26760,5,Tech Enthusiasts
26761,5,Tech Enthusiasts
26762,5,Tech Enthusiasts
26763,6,Large Families
26764,3,Vegetarians
26765,2,Traditional Shoppers
26766,5,Tech Enthusiasts
26767,0,Value Seekers
26768,1,Wellness
26769,3,Vegetarians
26771,3,Vegetarians
26772,3,Vegetarians
26773,0,Value Seekers
26774,1,Wellness
26775,2,Traditional Shoppers
26776,2,Traditional Shoppers
26778,0,Value Seekers
26779,2,Traditional Shoppers
26780,2,Traditional Shoppers
26781,7,Loyal Explorers
26782,6,Large Families
26783,6,Large Families
26785,6,Large Families
26786,1,Wellness
26789,3,Vegetarians
26791,1,Wellness
26792,6,Large Families
26793,3,Vegetarians
26794,7,Loyal Explorers
26795,2,Traditional Shoppers
26796,6,Large Families
26798,7,Loyal Explorers
26799,5,Tech Enthusiasts
26800,4,Promotion Hunters
26803,6,Large Families
26804,4,Promotion Hunters
26806,7,Loyal Explorers
26808,6,Large Families
26809,3,Vegetarians
26810,6,Large Families
26811,7,Loyal Explorers
26812,0,Value Seekers
26813,7,Loyal Explorers
26815,7,Loyal Explorers
26816,1,Wellness
26817,2,Traditional Shoppers
26818,5,Tech Enthusiasts
26819,6,Large Families
26820,4,Promotion Hunters
26822,7,Loyal Explorers
26823,6,Large Families
26824,3,Vegetarians
26825,2,Traditional Shoppers
26826,1,Wellness
26827,7,Loyal Explorers
26828,6,Large Families
26829,1,Wellness
26830,4,Promotion Hunters
26832,2,Traditional Shoppers
26834,5,Tech Enthusiasts
26835,0,Value Seekers
26837,0,Value Seekers
26839,7,Loyal Explorers
26840,7,Loyal Explorers
26841,4,Promotion Hunters
26843,5,Tech Enthusiasts
26845,0,Value Seekers
26846,3,Vegetarians
26847,7,Loyal Explorers
26849,7,Loyal Explorers
26850,6,Large Families
26852,0,Value Seekers
26853,6,Large Families
26855,2,Traditional Shoppers
26857,2,Traditional Shoppers
26858,5,Tech Enthusiasts
26861,6,Large Families
26862,3,Vegetarians
26864,2,Traditional Shoppers
26866,5,Tech Enthusiasts
26867,5,Tech Enthusiasts
26868,5,Tech Enthusiasts
26869,2,Traditional Shoppers
26870,6,Large Families
26871,2,Traditional Shoppers
26872,5,Tech Enthusiasts
26874,1,Wellness
26875,3,Vegetarians
26876,7,Loyal Explorers
26878,0,Value Seekers
26879,1,Wellness
26880,4,Promotion Hunters
26881,5,Tech Enthusiasts
26882,7,Loyal Explorers
26883,3,Vegetarians
26884,7,Loyal Explorers
26885,1,Wellness
26886,2,Traditional Shoppers
26889,2,Traditional Shoppers
26890,4,Promotion Hunters
26891,4,Promotion Hunters
26893,4,Promotion Hunters
26894,2,Traditional Shoppers
26896,2,Traditional Shoppers
26897,6,Large Families
26898,2,Traditional Shoppers
26899,3,Vegetarians
26900,5,Tech Enthusiasts
26901,0,Value Seekers
26902,5,Tech Enthusiasts
26903,1,Wellness
26904,2,Traditional Shoppers
26906,2,Traditional Shoppers
26907,6,Large Families
26908,2,Traditional Shoppers
26909,5,Tech Enthusiasts
26910,0,Value Seekers
26911,6,Large Families
26913,7,Loyal Explorers
26914,2,Traditional Shoppers
26915,6,Large Families
26916,2,Traditional Shoppers
26918,0,Value Seekers
26919,2,Traditional Shoppers
26921,4,Promotion Hunters
26922,2,Traditional Shoppers
26923,3,Vegetarians
26924,7,Loyal Explorers
26926,5,Tech Enthusiasts
26928,3,Vegetarians
26930,3,Vegetarians
26931,6,Large Families
26932,7,Loyal Explorers
26933,5,Tech Enthusiasts
26934,0,Value Seekers
26935,6,Large Families
26936,2,Traditional Shoppers
26937,0,Value Seekers
26938,2,Traditional Shoppers
26939,2,Traditional Shoppers
26940,1,Wellness
26941,0,Value Seekers
26942,5,Tech Enthusiasts
26945,2,Traditional Shoppers
26946,0,Value Seekers
26948,6,Large Families
26949,1,Wellness
26950,5,Tech Enthusiasts
26952,3,Vegetarians
26953,4,Promotion Hunters
26954,4,Promotion Hunters
26955,6,Large Families
26956,2,Traditional Shoppers
26957,2,Traditional Shoppers
26958,2,Traditional Shoppers
26960,7,Loyal Explorers
26961,1,Wellness
26964,6,Large Families
26965,2,Traditional Shoppers
26968,2,Traditional Shoppers
26969,5,Tech Enthusiasts
26970,2,Traditional Shoppers
26972,1,Wellness
26973,7,Loyal Explorers
26974,1,Wellness
26976,5,Tech Enthusiasts
26977,2,Traditional Shoppers
26979,1,Wellness
26980,6,Large Families
26982,4,Promotion Hunters
26983,0,Value Seekers
26984,7,Loyal Explorers
26986,3,Vegetarians
26987,1,Wellness
26988,5,Tech Enthusiasts
26990,7,Loyal Explorers
26991,3,Vegetarians
26992,3,Vegetarians
26993,0,Value Seekers
26994,5,Tech Enthusiasts
26995,3,Vegetarians
26996,2,Traditional Shoppers
26997,4,Promotion Hunters
26998,4,Promotion Hunters
26999,7,Loyal Explorers
27000,5,Tech Enthusiasts
27001,2,Traditional Shoppers
27003,7,Loyal Explorers
27004,5,Tech Enthusiasts
27005,7,Loyal Explorers
27006,3,Vegetarians
27007,6,Large Families
27008,3,Vegetarians
27009,7,Loyal Explorers
27010,1,Wellness
27011,2,Traditional Shoppers
27012,0,Value Seekers
27013,7,Loyal Explorers
27014,1,Wellness
27015,3,Vegetarians
27016,3,Vegetarians
27017,2,Traditional Shoppers
27018,2,Traditional Shoppers
27019,3,Vegetarians
27020,7,Loyal Explorers
27021,4,Promotion Hunters
27022,7,Loyal Explorers
27023,2,Traditional Shoppers
27024,2,Traditional Shoppers
27026,0,Value Seekers
27027,5,Tech Enthusiasts
27028,4,Promotion Hunters
27029,1,Wellness
27030,1,Wellness
27031,5,Tech Enthusiasts
27032,6,Large Families
27033,6,Large Families
27034,3,Vegetarians
27035,2,Traditional Shoppers
27036,6,Large Families
27037,2,Traditional Shoppers
27038,4,Promotion Hunters
27039,6,Large Families
27040,6,Large Families
27041,2,Traditional Shoppers
27042,1,Wellness
27044,3,Vegetarians
27045,7,Loyal Explorers
27046,7,Loyal Explorers
27047,4,Promotion Hunters
27048,5,Tech Enthusiasts
27049,0,Value Seekers
27050,3,Vegetarians
27051,4,Promotion Hunters
27052,5,Tech Enthusiasts
27053,6,Large Families
27054,0,Value Seekers
27055,1,Wellness
27056,7,Loyal Explorers
27057,2,Traditional Shoppers
27058,2,Traditional Shoppers
27059,2,Traditional Shoppers
27060,3,Vegetarians
27062,6,Large Families
27063,7,Loyal Explorers
27064,0,Value Seekers
27065,1,Wellness
27066,2,Traditional Shoppers
27067,6,Large Families
27068,1,Wellness
27069,6,Large Families
27070,1,Wellness
27071,7,Loyal Explorers
27072,4,Promotion Hunters
27073,4,Promotion Hunters
27076,0,Value Seekers
27077,2,Traditional Shoppers
27078,3,Vegetarians
27079,2,Traditional Shoppers
27080,0,Value Seekers
27081,2,Traditional Shoppers
27082,3,Vegetarians
27083,0,Value Seekers
27084,4,Promotion Hunters
27086,2,Traditional Shoppers
27087,4,Promotion Hunters
27088,1,Wellness
27089,3,Vegetarians
27091,6,Large Families
27092,1,Wellness
27093,4,Promotion Hunters
27094,2,Traditional Shoppers
27095,5,Tech Enthusiasts
27096,6,Large Families
27097,0,Value Seekers
27098,2,Traditional Shoppers
27099,4,Promotion Hunters
27100,5,Tech Enthusiasts
27101,5,Tech Enthusiasts
27102,4,Promotion Hunters
27103,5,Tech Enthusiasts
27104,2,Traditional Shoppers
27106,6,Large Families
27107,2,Traditional Shoppers
27108,1,Wellness
27110,2,Traditional Shoppers
27111,7,Loyal Explorers
27112,6,Large Families
27113,3,Vegetarians
27114,1,Wellness
27115,1,Wellness
27116,4,Promotion Hunters
27117,0,Value Seekers
27119,7,Loyal Explorers
27120,2,Traditional Shoppers
27121,7,Loyal Explorers
27122,0,Value Seekers
27123,4,Promotion Hunters
27124,5,Tech Enthusiasts
27125,4,Promotion Hunters
27126,6,Large Families
27128,2,Traditional Shoppers
27129,7,Loyal Explorers
27130,2,Traditional Shoppers
27133,2,Traditional Shoppers
27134,4,Promotion Hunters
27135,3,Vegetarians
27136,1,Wellness
27137,1,Wellness
27138,4,Promotion Hunters
27140,5,Tech Enthusiasts
27141,5,Tech Enthusiasts
27142,3,Vegetarians
27143,1,Wellness
27144,2,Traditional Shoppers
27145,3,Vegetarians
27146,5,Tech Enthusiasts
27147,2,Traditional Shoppers
27148,6,Large Families
27149,7,Loyal Explorers
27150,5,Tech Enthusiasts
27151,3,Vegetarians
27152,1,Wellness
27153,2,Traditional Shoppers
27154,2,Traditional Shoppers
27155,1,Wellness
27157,4,Promotion Hunters
27158,5,Tech Enthusiasts
27159,2,Traditional Shoppers
27161,2,Traditional Shoppers
27163,5,Tech Enthusiasts
27164,5,Tech Enthusiasts
27165,0,Value Seekers
27167,5,Tech Enthusiasts
27169,7,Loyal Explorers
27170,3,Vegetarians
27171,4,Promotion Hunters
27172,6,Large Families
27173,6,Large Families
27174,6,Large Families
27175,2,Traditional Shoppers
27176,6,Large Families
27177,3,Vegetarians
27178,5,Tech Enthusiasts
27179,3,Vegetarians
27180,1,Wellness
27181,6,Large Families
27182,4,Promotion Hunters
27184,4,Promotion Hunters
27186,5,Tech Enthusiasts
27187,0,Value Seekers
27188,7,Loyal Explorers
27189,3,Vegetarians
27190,2,Traditional Shoppers
27191,5,Tech Enthusiasts
27192,0,Value Seekers
27193,2,Traditional Shoppers
27194,2,Traditional Shoppers
27195,1,Wellness
27196,1,Wellness
27199,6,Large Families
27200,6,Large Families
27202,2,Traditional Shoppers
27203,2,Traditional Shoppers
27206,7,Loyal Explorers
27207,6,Large Families
27209,0,Value Seekers
27210,7,Loyal Explorers
27211,5,Tech Enthusiasts
27212,6,Large Families
27213,0,Value Seekers
27214,5,Tech Enthusiasts
27215,1,Wellness
27216,4,Promotion Hunters
27217,4,Promotion Hunters
27218,4,Promotion Hunters
27219,2,Traditional Shoppers
27221,4,Promotion Hunters
27222,7,Loyal Explorers
27223,3,Vegetarians
27224,2,Traditional Shoppers
27226,3,Vegetarians
27228,6,Large Families
27230,6,Large Families
27231,7,Loyal Explorers
27232,1,Wellness
27234,7,Loyal Explorers
27236,3,Vegetarians
27237,2,Traditional Shoppers
27239,0,Value Seekers
27240,2,Traditional Shoppers
27241,7,Loyal Explorers
27243,3,Vegetarians
27247,6,Large Families
27248,0,Value Seekers
27249,7,Loyal Explorers
27251,0,Value Seekers
27252,4,Promotion Hunters
27253,1,Wellness
27254,6,Large Families
27255,1,Wellness
27257,4,Promotion Hunters
27258,1,Wellness
27259,3,Vegetarians
27260,0,Value Seekers
27261,4,Promotion Hunters
27262,0,Value Seekers
27263,5,Tech Enthusiasts
27264,6,Large Families
27265,7,Loyal Explorers
27266,6,Large Families
27267,7,Loyal Explorers
27268,1,Wellness
27269,7,Loyal Explorers
27270,0,Value Seekers
27271,0,Value Seekers
27272,2,Traditional Shoppers
27273,6,Large Families
27274,3,Vegetarians
27275,4,Promotion Hunters
27276,7,Loyal Explorers
27277,1,Wellness
27279,5,Tech Enthusiasts
27281,3,Vegetarians
27282,0,Value Seekers
27283,6,Large Families
27285,2,Traditional Shoppers
27287,5,Tech Enthusiasts
27289,2,Traditional Shoppers
27290,1,Wellness
27291,1,Wellness
27292,2,Traditional Shoppers
27293,0,Value Seekers
27294,2,Traditional Shoppers
27295,3,Vegetarians
27296,0,Value Seekers
27297,0,Value Seekers
27299,1,Wellness
27301,0,Value Seekers
27302,2,Traditional Shoppers
27303,1,Wellness
27305,2,Traditional Shoppers
27306,1,Wellness
27307,7,Loyal Explorers
27308,2,Traditional Shoppers
27309,3,Vegetarians
27310,2,Traditional Shoppers
27311,0,Value Seekers
27312,4,Promotion Hunters
27313,6,Large Families
27315,2,Traditional Shoppers
27316,2,Traditional Shoppers
27317,5,Tech Enthusiasts
27320,0,Value Seekers
27322,1,Wellness
27323,0,Value Seekers
27326,3,Vegetarians
27327,1,Wellness
27328,2,Traditional Shoppers
27329,0,Value Seekers
27330,7,Loyal Explorers
27331,5,Tech Enthusiasts
27332,2,Traditional Shoppers
27333,6,Large Families
27334,1,Wellness
27335,2,Traditional Shoppers
27336,7,Loyal Explorers
27337,3,Vegetarians
27338,6,Large Families
27339,0,Value Seekers
27340,1,Wellness
27341,0,Value Seekers
27342,3,Vegetarians
27343,7,Loyal Explorers
27344,2,Traditional Shoppers
27345,5,Tech Enthusiasts
27347,5,Tech Enthusiasts
27348,5,Tech Enthusiasts
27349,0,Value Seekers
27351,0,Value Seekers
27353,6,Large Families
27354,6,Large Families
27355,4,Promotion Hunters
27356,7,Loyal Explorers
27357,2,Traditional Shoppers
27358,5,Tech Enthusiasts
27359,0,Value Seekers
27363,6,Large Families
27364,6,Large Families
27365,3,Vegetarians
27366,0,Value Seekers
27367,6,Large Families
27369,3,Vegetarians
27370,2,Traditional Shoppers
27371,5,Tech Enthusiasts
27372,1,Wellness
27373,6,Large Families
27374,0,Value Seekers
27375,5,Tech Enthusiasts
27376,5,Tech Enthusiasts
27377,3,Vegetarians
27379,5,Tech Enthusiasts
27380,6,Large Families
27381,2,Traditional Shoppers
27382,7,Loyal Explorers
27383,1,Wellness
27384,1,Wellness
27385,0,Value Seekers
27386,2,Traditional Shoppers
27387,3,Vegetarians
27388,1,Wellness
27389,2,Traditional Shoppers
27390,6,Large Families
27391,1,Wellness
27392,1,Wellness
27394,7,Loyal Explorers
27395,7,Loyal Explorers
27396,7,Loyal Explorers
27397,2,Traditional Shoppers
27401,5,Tech Enthusiasts
27402,1,Wellness
27403,3,Vegetarians
27404,0,Value Seekers
27405,7,Loyal Explorers
27406,6,Large Families
27407,2,Traditional Shoppers
27408,3,Vegetarians
27410,5,Tech Enthusiasts
27411,2,Traditional Shoppers
27412,2,Traditional Shoppers
27413,2,Traditional Shoppers
27415,3,Vegetarians
27416,6,Large Families
27417,5,Tech Enthusiasts
27418,7,Loyal Explorers
27419,0,Value Seekers
27420,2,Traditional Shoppers
27421,2,Traditional Shoppers
27422,2,Traditional Shoppers
27424,5,Tech Enthusiasts
27425,6,Large Families
27426,1,Wellness
27427,2,Traditional Shoppers
27428,1,Wellness
27429,6,Large Families
27431,5,Tech Enthusiasts
27432,1,Wellness
27434,0,Value Seekers
27435,2,Traditional Shoppers
27436,1,Wellness
27438,7,Loyal Explorers
27439,2,Traditional Shoppers
27440,6,Large Families
27441,4,Promotion Hunters
27442,1,Wellness
27444,2,Traditional Shoppers
27445,6,Large Families
27446,5,Tech Enthusiasts
27448,2,Traditional Shoppers
27449,7,Loyal Explorers
27450,0,Value Seekers
27451,1,Wellness
27452,2,Traditional Shoppers
27453,5,Tech Enthusiasts
27454,1,Wellness
27455,5,Tech Enthusiasts
27456,6,Large Families
27458,4,Promotion Hunters
27459,2,Traditional Shoppers
27461,6,Large Families
27462,1,Wellness
27463,0,Value Seekers
27465,3,Vegetarians
27466,3,Vegetarians
27467,4,Promotion Hunters
27468,0,Value Seekers
27469,4,Promotion Hunters
27470,1,Wellness
27471,5,Tech Enthusiasts
27472,4,Promotion Hunters
27473,4,Promotion Hunters
27474,4,Promotion Hunters
27475,2,Traditional Shoppers
27476,6,Large Families
27477,5,Tech Enthusiasts
27478,0,Value Seekers
27479,4,Promotion Hunters
27481,4,Promotion Hunters
27482,6,Large Families
27483,6,Large Families
27484,7,Loyal Explorers
27485,6,Large Families
27486,6,Large Families
27487,1,Wellness
27488,0,Value Seekers
27489,1,Wellness
27490,2,Traditional Shoppers
27491,4,Promotion Hunters
27493,2,Traditional Shoppers
27494,0,Value Seekers
27495,7,Loyal Explorers
27496,2,Traditional Shoppers
27497,3,Vegetarians
27498,0,Value Seekers
27499,6,Large Families
27500,6,Large Families
27501,7,Loyal Explorers
27502,6,Large Families
27505,1,Wellness
27506,3,Vegetarians
27507,4,Promotion Hunters
27508,2,Traditional Shoppers
27513,5,Tech Enthusiasts
27514,0,Value Seekers
27515,3,Vegetarians
27516,3,Vegetarians
27517,4,Promotion Hunters
27518,6,Large Families
27519,3,Vegetarians
27520,1,Wellness
27521,3,Vegetarians
27522,7,Loyal Explorers
27523,1,Wellness
27525,7,Loyal Explorers
27526,6,Large Families
27527,6,Large Families
27528,6,Large Families
27529,5,Tech Enthusiasts
27530,5,Tech Enthusiasts
27531,2,Traditional Shoppers
27532,3,Vegetarians
27533,2,Traditional Shoppers
27535,0,Value Seekers
27536,2,Traditional Shoppers
27537,7,Loyal Explorers
27538,5,Tech Enthusiasts
27539,3,Vegetarians
27541,3,Vegetarians
27542,2,Traditional Shoppers
27543,6,Large Families
27544,0,Value Seekers
27545,6,Large Families
27546,1,Wellness
27548,4,Promotion Hunters
27549,6,Large Families
27550,6,Large Families
27551,0,Value Seekers
27552,4,Promotion Hunters
27553,1,Wellness
27554,2,Traditional Shoppers
27555,2,Traditional Shoppers
27557,2,Traditional Shoppers
27558,2,Traditional Shoppers
27559,7,Loyal Explorers
27560,7,Loyal Explorers
27561,5,Tech Enthusiasts
27562,1,Wellness
27563,6,Large Families
27564,1,Wellness
27565,2,Traditional Shoppers
27566,2,Traditional Shoppers
27567,3,Vegetarians
27568,6,Large Families
27569,2,Traditional Shoppers
27570,6,Large Families
27571,0,Value Seekers
27573,5,Tech Enthusiasts
27574,2,Traditional Shoppers
27575,3,Vegetarians
27576,0,Value Seekers
27577,3,Vegetarians
27578,2,Traditional Shoppers
27579,6,Large Families
27580,0,Value Seekers
27582,2,Traditional Shoppers
27584,2,Traditional Shoppers
27585,6,Large Families
27587,3,Vegetarians
27588,6,Large Families
27589,7,Loyal Explorers
27590,6,Large Families
27591,2,Traditional Shoppers
27592,7,Loyal Explorers
27593,2,Traditional Shoppers
27594,6,Large Families
27595,2,Traditional Shoppers
27596,6,Large Families
27598,5,Tech Enthusiasts
27599,2,Traditional Shoppers
27600,0,Value Seekers
27601,2,Traditional Shoppers
27602,3,Vegetarians
27603,0,Value Seekers
27604,1,Wellness
27605,1,Wellness
27606,0,Value Seekers
27607,3,Vegetarians
27608,3,Vegetarians
27609,4,Promotion Hunters
27610,7,Loyal Explorers
27613,0,Value Seekers
27614,6,Large Families
27616,2,Traditional Shoppers
27617,2,Traditional Shoppers
27618,5,Tech Enthusiasts
27619,3,Vegetarians
27620,2,Traditional Shoppers
27621,0,Value Seekers
27622,6,Large Families
27623,7,Loyal Explorers
27624,6,Large Families
27626,1,Wellness
27628,7,Loyal Explorers
27629,6,Large Families
27631,5,Tech Enthusiasts
27633,3,Vegetarians
27636,0,Value Seekers
27637,5,Tech Enthusiasts
27638,6,Large Families
27639,4,Promotion Hunters
27640,5,Tech Enthusiasts
27641,4,Promotion Hunters
27642,2,Traditional Shoppers
27643,2,Traditional Shoppers
27644,7,Loyal Explorers
27646,7,Loyal Explorers
27647,6,Large Families
27648,2,Traditional Shoppers
27649,0,Value Seekers
27650,3,Vegetarians
27651,1,Wellness
27652,5,Tech Enthusiasts
27654,2,Traditional Shoppers
27655,7,Loyal Explorers
27656,6,Large Families
27657,3,Vegetarians
27658,6,Large Families
27659,5,Tech Enthusiasts
27661,2,Traditional Shoppers
27662,2,Traditional Shoppers
27663,7,Loyal Explorers
27664,2,Traditional Shoppers
27666,1,Wellness
27667,2,Traditional Shoppers
27668,0,Value Seekers
27670,6,Large Families
27672,2,Traditional Shoppers
27674,1,Wellness
27675,4,Promotion Hunters
27676,6,Large Families
27678,2,Traditional Shoppers
27679,2,Traditional Shoppers
27680,2,Traditional Shoppers
27681,2,Traditional Shoppers
27682,4,Promotion Hunters
27684,7,Loyal Explorers
27685,6,Large Families
27686,1,Wellness
27687,3,Vegetarians
27688,2,Traditional Shoppers
27689,5,Tech Enthusiasts
27690,0,Value Seekers
27691,2,Traditional Shoppers
27692,5,Tech Enthusiasts
27693,2,Traditional Shoppers
27694,2,Traditional Shoppers
27695,6,Large Families
27697,7,Loyal Explorers
27698,0,Value Seekers
27699,2,Traditional Shoppers
27700,1,Wellness
27701,0,Value Seekers
27702,4,Promotion Hunters
27703,5,Tech Enthusiasts
27704,2,Traditional Shoppers
27706,6,Large Families
27707,2,Traditional Shoppers
27708,5,Tech Enthusiasts
27709,4,Promotion Hunters
27710,6,Large Families
27711,5,Tech Enthusiasts
27712,0,Value Seekers
27713,2,Traditional Shoppers
27714,7,Loyal Explorers
27715,4,Promotion Hunters
27716,2,Traditional Shoppers
27717,1,Wellness
27718,2,Traditional Shoppers
27719,6,Large Families
27720,2,Traditional Shoppers
27722,1,Wellness
27724,7,Loyal Explorers
27725,7,Loyal Explorers
27726,1,Wellness
27727,6,Large Families
27728,3,Vegetarians
27729,4,Promotion Hunters
27730,2,Traditional Shoppers
27731,5,Tech Enthusiasts
27732,2,Traditional Shoppers
27733,4,Promotion Hunters
27734,6,Large Families
27736,0,Value Seekers
27737,4,Promotion Hunters
27738,6,Large Families
27739,0,Value Seekers
27740,2,Traditional Shoppers
27741,6,Large Families
27742,5,Tech Enthusiasts
27743,3,Vegetarians
27744,2,Traditional Shoppers
27745,2,Traditional Shoppers
27746,2,Traditional Shoppers
27747,2,Traditional Shoppers
27748,1,Wellness
27749,2,Traditional Shoppers
27750,7,Loyal Explorers
27752,7,Loyal Explorers
27755,3,Vegetarians
27756,2,Traditional Shoppers
27757,3,Vegetarians
27758,2,Traditional Shoppers
27759,3,Vegetarians
27761,6,Large Families
27763,1,Wellness
27764,2,Traditional Shoppers
27765,0,Value Seekers
27766,7,Loyal Explorers
27767,6,Large Families
27769,1,Wellness
27771,5,Tech Enthusiasts
27772,2,Traditional Shoppers
27774,0,Value Seekers
27776,3,Vegetarians
27777,2,Traditional Shoppers
27779,6,Large Families
27780,6,Large Families
27781,4,Promotion Hunters
27782,6,Large Families
27783,1,Wellness
27784,2,Traditional Shoppers
27785,4,Promotion Hunters
27788,6,Large Families
27789,5,Tech Enthusiasts
27790,7,Loyal Explorers
27792,6,Large Families
27793,4,Promotion Hunters
27794,3,Vegetarians
27796,3,Vegetarians
27797,6,Large Families
27798,1,Wellness
27799,2,Traditional Shoppers
27800,7,Loyal Explorers
27801,5,Tech Enthusiasts
27802,6,Large Families
27803,1,Wellness
27804,6,Large Families
27805,3,Vegetarians
27807,5,Tech Enthusiasts
27808,6,Large Families
27809,2,Traditional Shoppers
27811,2,Traditional Shoppers
27814,3,Vegetarians
27815,7,Loyal Explorers
27816,4,Promotion Hunters
27817,6,Large Families
27818,1,Wellness
27819,0,Value Seekers
27821,5,Tech Enthusiasts
27822,2,Traditional Shoppers
27823,7,Loyal Explorers
27824,6,Large Families
27825,3,Vegetarians
27826,5,Tech Enthusiasts
27828,5,Tech Enthusiasts
27830,2,Traditional Shoppers
27831,6,Large Families
27832,2,Traditional Shoppers
27833,4,Promotion Hunters
27834,2,Traditional Shoppers
27835,7,Loyal Explorers
27837,5,Tech Enthusiasts
27839,3,Vegetarians
27840,3,Vegetarians
27841,2,Traditional Shoppers
27842,2,Traditional Shoppers
27844,0,Value Seekers
27846,7,Loyal Explorers
27848,4,Promotion Hunters
27849,4,Promotion Hunters
27850,3,Vegetarians
27851,2,Traditional Shoppers
27852,6,Large Families
27853,5,Tech Enthusiasts
27855,6,Large Families
27856,6,Large Families
27857,1,Wellness
27858,6,Large Families
27859,2,Traditional Shoppers
27860,4,Promotion Hunters
27861,5,Tech Enthusiasts
27863,5,Tech Enthusiasts
27864,1,Wellness
27867,0,Value Seekers
27868,0,Value Seekers
27869,7,Loyal Explorers
27871,1,Wellness
27872,1,Wellness
27873,2,Traditional Shoppers
27875,6,Large Families
27877,6,Large Families
27878,5,Tech Enthusiasts
27879,4,Promotion Hunters
27880,7,Loyal Explorers
27881,1,Wellness
27882,2,Traditional Shoppers
27883,2,Traditional Shoppers
27884,3,Vegetarians
27885,3,Vegetarians
27887,1,Wellness
27889,2,Traditional Shoppers
27890,5,Tech Enthusiasts
27891,5,Tech Enthusiasts
27892,3,Vegetarians
27893,3,Vegetarians
27894,1,Wellness
27895,0,Value Seekers
27898,7,Loyal Explorers
27899,6,Large Families
27900,3,Vegetarians
27901,6,Large Families
27904,0,Value Seekers
27905,0,Value Seekers
27906,0,Value Seekers
27907,4,Promotion Hunters
27908,0,Value Seekers
27910,1,Wellness
27911,6,Large Families
27912,0,Value Seekers
27913,1,Wellness
27914,3,Vegetarians
27916,5,Tech Enthusiasts
27917,5,Tech Enthusiasts
27918,3,Vegetarians
27919,5,Tech Enthusiasts
27921,4,Promotion Hunters
27922,6,Large Families
27923,0,Value Seekers
27924,2,Traditional Shoppers
27925,3,Vegetarians
27926,3,Vegetarians
27927,5,Tech Enthusiasts
27928,3,Vegetarians
27931,7,Loyal Explorers
27932,1,Wellness
27933,0,Value Seekers
27934,6,Large Families
27935,4,Promotion Hunters
27937,3,Vegetarians
27938,0,Value Seekers
27939,6,Large Families
27940,5,Tech Enthusiasts
27942,6,Large Families
27943,4,Promotion Hunters
27945,6,Large Families
27946,3,Vegetarians
27947,3,Vegetarians
27948,2,Traditional Shoppers
27949,5,Tech Enthusiasts
27950,5,Tech Enthusiasts
27951,7,Loyal Explorers
27952,0,Value Seekers
27953,6,Large Families
27954,1,Wellness
27955,4,Promotion Hunters
27956,3,Vegetarians
27959,6,Large Families
27961,3,Vegetarians
27965,6,Large Families
27966,2,Traditional Shoppers
27967,0,Value Seekers
27969,3,Vegetarians
27970,4,Promotion Hunters
27971,6,Large Families
27974,6,Large Families
27975,2,Traditional Shoppers
27976,7,Loyal Explorers
27977,3,Vegetarians
27979,2,Traditional Shoppers
27980,1,Wellness
27982,6,Large Families
27983,2,Traditional Shoppers
27984,0,Value Seekers
27985,2,Traditional Shoppers
27986,0,Value Seekers
27987,4,Promotion Hunters
27988,4,Promotion Hunters
27989,5,Tech Enthusiasts
27990,0,Value Seekers
27992,2,Traditional Shoppers
27993,2,Traditional Shoppers
27994,0,Value Seekers
27996,2,Traditional Shoppers
27997,5,Tech Enthusiasts
27998,2,Traditional Shoppers
28000,2,Traditional Shoppers
28001,6,Large Families
28002,4,Promotion Hunters
28005,4,Promotion Hunters
28006,1,Wellness
28007,6,Large Families
28008,4,Promotion Hunters
28009,5,Tech Enthusiasts
28010,7,Loyal Explorers
28011,6,Large Families
28012,3,Vegetarians
28013,6,Large Families
28014,7,Loyal Explorers
28018,1,Wellness
28020,1,Wellness
28021,4,Promotion Hunters
28022,4,Promotion Hunters
28023,2,Traditional Shoppers
28024,6,Large Families
28026,0,Value Seekers
28028,6,Large Families
28029,0,Value Seekers
28030,6,Large Families
28031,3,Vegetarians
28032,2,Traditional Shoppers
28033,2,Traditional Shoppers
28034,2,Traditional Shoppers
28036,1,Wellness
28037,0,Value Seekers
28038,7,Loyal Explorers
28039,6,Large Families
28040,6,Large Families
28041,0,Value Seekers
28042,2,Traditional Shoppers
28044,3,Vegetarians
28045,5,Tech Enthusiasts
28046,3,Vegetarians
28047,3,Vegetarians
28049,2,Traditional Shoppers
28050,2,Traditional Shoppers
28052,0,Value Seekers
28053,3,Vegetarians
28054,3,Vegetarians
28055,4,Promotion Hunters
28056,6,Large Families
28057,4,Promotion Hunters
28058,0,Value Seekers
28059,4,Promotion Hunters
28060,0,Value Seekers
28061,5,Tech Enthusiasts
28063,4,Promotion Hunters
28065,6,Large Families
28066,6,Large Families
28067,5,Tech Enthusiasts
28068,3,Vegetarians
28069,7,Loyal Explorers
28072,1,Wellness
28073,6,Large Families
28074,4,Promotion Hunters
28075,2,Traditional Shoppers
28076,5,Tech Enthusiasts
28078,6,Large Families
28079,0,Value Seekers
28080,2,Traditional Shoppers
28081,7,Loyal Explorers
28082,0,Value Seekers
28083,2,Traditional Shoppers
28085,4,Promotion Hunters
28087,4,Promotion Hunters
28089,2,Traditional Shoppers
28091,4,Promotion Hunters
28092,1,Wellness
28093,2,Traditional Shoppers
28094,2,Traditional Shoppers
28095,6,Large Families
28097,1,Wellness
28098,2,Traditional Shoppers
28100,6,Large Families
28101,2,Traditional Shoppers
28102,2,Traditional Shoppers
28103,2,Traditional Shoppers
28104,4,Promotion Hunters
28105,5,Tech Enthusiasts
28106,7,Loyal Explorers
28107,4,Promotion Hunters
28108,1,Wellness
28110,0,Value Seekers
28111,2,Traditional Shoppers
28112,7,Loyal Explorers
28113,3,Vegetarians
28114,0,Value Seekers
28116,2,Traditional Shoppers
28117,0,Value Seekers
28118,5,Tech Enthusiasts
28120,2,Traditional Shoppers
28121,6,Large Families
28122,2,Traditional Shoppers
28123,3,Vegetarians
28124,7,Loyal Explorers
28125,6,Large Families
28126,3,Vegetarians
28130,5,Tech Enthusiasts
28131,4,Promotion Hunters
28132,1,Wellness
28133,6,Large Families
28134,2,Traditional Shoppers
28135,1,Wellness
28137,1,Wellness
28138,6,Large Families
28140,2,Traditional Shoppers
28141,7,Loyal Explorers
28142,0,Value Seekers
28143,3,Vegetarians
28144,2,Traditional Shoppers
28146,5,Tech Enthusiasts
28147,5,Tech Enthusiasts
28148,2,Traditional Shoppers
28149,0,Value Seekers
28150,1,Wellness
28151,5,Tech Enthusiasts
28152,2,Traditional Shoppers
28153,6,Large Families
28154,5,Tech Enthusiasts
28155,1,Wellness
28157,1,Wellness
28158,0,Value Seekers
28161,4,Promotion Hunters
28162,0,Value Seekers
28164,4,Promotion Hunters
28165,3,Vegetarians
28166,6,Large Families
28167,2,Traditional Shoppers
28168,5,Tech Enthusiasts
28169,5,Tech Enthusiasts
28170,1,Wellness
28171,3,Vegetarians
28172,7,Loyal Explorers
28173,4,Promotion Hunters
28174,1,Wellness
28175,7,Loyal Explorers
28176,6,Large Families
28177,5,Tech Enthusiasts
28178,0,Value Seekers
28180,1,Wellness
28181,4,Promotion Hunters
28182,0,Value Seekers
28183,2,Traditional Shoppers
28184,3,Vegetarians
28185,0,Value Seekers
28186,5,Tech Enthusiasts
28187,7,Loyal Explorers
28191,0,Value Seekers
28192,3,Vegetarians
28193,2,Traditional Shoppers
28194,1,Wellness
28195,6,Large Families
28196,2,Traditional Shoppers
28198,3,Vegetarians
28199,7,Loyal Explorers
28200,6,Large Families
28201,7,Loyal Explorers
28202,5,Tech Enthusiasts
28203,0,Value Seekers
28204,2,Traditional Shoppers
28205,6,Large Families
28206,1,Wellness
28208,4,Promotion Hunters
28209,2,Traditional Shoppers
28210,0,Value Seekers
28211,0,Value Seekers
28212,0,Value Seekers
28213,6,Large Families
28214,6,Large Families
28215,3,Vegetarians
28216,1,Wellness
28217,4,Promotion Hunters
28218,4,Promotion Hunters
28219,7,Loyal Explorers
28220,1,Wellness
28221,3,Vegetarians
28223,0,Value Seekers
28224,6,Large Families
28225,3,Vegetarians
28226,1,Wellness
28227,0,Value Seekers
28228,1,Wellness
28229,4,Promotion Hunters
28230,6,Large Families
28231,5,Tech Enthusiasts
28232,1,Wellness
28233,1,Wellness
28234,6,Large Families
28235,1,Wellness
28236,6,Large Families
28238,2,Traditional Shoppers
28239,2,Traditional Shoppers
28240,4,Promotion Hunters
28241,6,Large Families
28242,7,Loyal Explorers
28243,4,Promotion Hunters
28244,2,Traditional Shoppers
28245,3,Vegetarians
28246,6,Large Families
28247,0,Value Seekers
28248,5,Tech Enthusiasts
28249,4,Promotion Hunters
28250,3,Vegetarians
28252,2,Traditional Shoppers
28253,4,Promotion Hunters
28254,6,Large Families
28255,1,Wellness
28256,7,Loyal Explorers
28257,5,Tech Enthusiasts
28258,6,Large Families
28259,3,Vegetarians
28260,5,Tech Enthusiasts
28261,4,Promotion Hunters
28262,4,Promotion Hunters
28263,4,Promotion Hunters
28264,2,Traditional Shoppers
28265,3,Vegetarians
28266,0,Value Seekers
28267,0,Value Seekers
28269,6,Large Families
28270,2,Traditional Shoppers
28271,5,Tech Enthusiasts
28272,2,Traditional Shoppers
28273,6,Large Families
28274,4,Promotion Hunters
28275,1,Wellness
28276,5,Tech Enthusiasts
28277,4,Promotion Hunters
28278,0,Value Seekers
28279,0,Value Seekers
28280,6,Large Families
28282,2,Traditional Shoppers
28283,7,Loyal Explorers
28284,6,Large Families
28285,2,Traditional Shoppers
28286,0,Value Seekers
28288,4,Promotion Hunters
28289,6,Large Families
28290,4,Promotion Hunters
28293,2,Traditional Shoppers
28294,0,Value Seekers
28295,1,Wellness
28296,2,Traditional Shoppers
28297,6,Large Families
28298,7,Loyal Explorers
28299,2,Traditional Shoppers
28300,3,Vegetarians
28301,3,Vegetarians
28302,0,Value Seekers
28303,1,Wellness
28304,5,Tech Enthusiasts
28305,3,Vegetarians
28306,7,Loyal Explorers
28307,5,Tech Enthusiasts
28308,2,Traditional Shoppers
28309,3,Vegetarians
28310,6,Large Families
28311,2,Traditional Shoppers
28312,2,Traditional Shoppers
28313,7,Loyal Explorers
28314,1,Wellness
28315,0,Value Seekers
28316,2,Traditional Shoppers
28317,7,Loyal Explorers
28318,1,Wellness
28321,2,Traditional Shoppers
28322,6,Large Families
28323,3,Vegetarians
28325,0,Value Seekers
28326,5,Tech Enthusiasts
28327,0,Value Seekers
28328,6,Large Families
28329,7,Loyal Explorers
28330,1,Wellness
28331,2,Traditional Shoppers
28332,6,Large Families
28334,6,Large Families
28335,5,Tech Enthusiasts
28337,6,Large Families
28339,7,Loyal Explorers
28341,1,Wellness
28342,4,Promotion Hunters
28343,6,Large Families
28344,6,Large Families
28345,2,Traditional Shoppers
28346,1,Wellness
28348,4,Promotion Hunters
28349,2,Traditional Shoppers
28350,2,Traditional Shoppers
28352,1,Wellness
28353,3,Vegetarians
28354,1,Wellness
28355,2,Traditional Shoppers
28358,2,Traditional Shoppers
28359,7,Loyal Explorers
28360,2,Traditional Shoppers
28362,6,Large Families
28363,0,Value Seekers
28364,3,Vegetarians
28365,7,Loyal Explorers
28366,6,Large Families
28367,1,Wellness
28369,1,Wellness
28370,0,Value Seekers
28371,0,Value Seekers
28372,0,Value Seekers
28374,0,Value Seekers
28375,7,Loyal Explorers
28376,0,Value Seekers
28377,2,Traditional Shoppers
28379,7,Loyal Explorers
28380,0,Value Seekers
28381,2,Traditional Shoppers
28382,1,Wellness
28383,1,Wellness
28384,3,Vegetarians
28385,1,Wellness
28387,2,Traditional Shoppers
28388,6,Large Families
28389,0,Value Seekers
28391,2,Traditional Shoppers
28395,7,Loyal Explorers
28397,4,Promotion Hunters
28398,2,Traditional Shoppers
28399,2,Traditional Shoppers
28400,0,Value Seekers
28402,4,Promotion Hunters
28403,3,Vegetarians
28404,6,Large Families
28405,6,Large Families
28406,1,Wellness
28407,1,Wellness
28409,0,Value Seekers
28410,6,Large Families
28411,5,Tech Enthusiasts
28412,7,Loyal Explorers
28413,7,Loyal Explorers
28414,2,Traditional Shoppers
28415,6,Large Families
28417,4,Promotion Hunters
28418,7,Loyal Explorers
28419,3,Vegetarians
28420,5,Tech Enthusiasts
28421,5,Tech Enthusiasts
28422,0,Value Seekers
28423,3,Vegetarians
28424,3,Vegetarians
28425,5,Tech Enthusiasts
28427,3,Vegetarians
28428,4,Promotion Hunters
28429,2,Traditional Shoppers
28430,7,Loyal Explorers
28431,0,Value Seekers
28433,3,Vegetarians
28434,1,Wellness
28435,7,Loyal Explorers
28436,3,Vegetarians
28437,2,Traditional Shoppers
28439,1,Wellness
28440,5,Tech Enthusiasts
28441,1,Wellness
28442,7,Loyal Explorers
28444,2,Traditional Shoppers
28445,2,Traditional Shoppers
28446,5,Tech Enthusiasts
28447,3,Vegetarians
28448,1,Wellness
28450,6,Large Families
28451,7,Loyal Explorers
28452,6,Large Families
28453,7,Loyal Explorers
28454,6,Large Families
28455,1,Wellness
28456,1,Wellness
28459,3,Vegetarians
28461,5,Tech Enthusiasts
28462,5,Tech Enthusiasts
28463,6,Large Families
28464,1,Wellness
28465,7,Loyal Explorers
28466,3,Vegetarians
28468,2,Traditional Shoppers
28469,2,Traditional Shoppers
28470,2,Traditional Shoppers
28471,0,Value Seekers
28472,0,Value Seekers
28473,2,Traditional Shoppers
28474,3,Vegetarians
28476,6,Large Families
28478,5,Tech Enthusiasts
28479,2,Traditional Shoppers
28481,1,Wellness
28482,2,Traditional Shoppers
28483,1,Wellness
28485,7,Loyal Explorers
28486,7,Loyal Explorers
28487,5,Tech Enthusiasts
28489,1,Wellness
28491,2,Traditional Shoppers
28492,3,Vegetarians
28493,3,Vegetarians
28495,6,Large Families
28496,7,Loyal Explorers
28497,2,Traditional Shoppers
28498,4,Promotion Hunters
28499,4,Promotion Hunters
28501,2,Traditional Shoppers
28502,0,Value Seekers
28504,5,Tech Enthusiasts
28505,6,Large Families
28506,6,Large Families
28507,0,Value Seekers
28508,7,Loyal Explorers
28509,3,Vegetarians
28510,2,Traditional Shoppers
28511,0,Value Seekers
28512,0,Value Seekers
28514,0,Value Seekers
28515,6,Large Families
28516,3,Vegetarians
28517,5,Tech Enthusiasts
28518,1,Wellness
28521,4,Promotion Hunters
28522,5,Tech Enthusiasts
28525,3,Vegetarians
28526,6,Large Families
28527,6,Large Families
28528,2,Traditional Shoppers
28529,3,Vegetarians
28530,0,Value Seekers
28531,3,Vegetarians
28532,4,Promotion Hunters
28533,6,Large Families
28535,5,Tech Enthusiasts
28536,2,Traditional Shoppers
28537,2,Traditional Shoppers
28539,6,Large Families
28540,0,Value Seekers
28541,2,Traditional Shoppers
28542,0,Value Seekers
28543,6,Large Families
28544,2,Traditional Shoppers
28545,3,Vegetarians
28547,6,Large Families
28548,2,Traditional Shoppers
28549,3,Vegetarians
28550,6,Large Families
28551,5,Tech Enthusiasts
28552,1,Wellness
28553,3,Vegetarians
28555,5,Tech Enthusiasts
28556,1,Wellness
28557,1,Wellness
28558,2,Traditional Shoppers
28559,7,Loyal Explorers
28560,6,Large Families
28561,7,Loyal Explorers
28562,3,Vegetarians
28563,3,Vegetarians
28564,2,Traditional Shoppers
28565,4,Promotion Hunters
28566,2,Traditional Shoppers
28567,5,Tech Enthusiasts
28569,6,Large Families
28570,5,Tech Enthusiasts
28572,0,Value Seekers
28573,2,Traditional Shoppers
28574,6,Large Families
28575,1,Wellness
28576,1,Wellness
28577,7,Loyal Explorers
28578,2,Traditional Shoppers
28579,7,Loyal Explorers
28582,5,Tech Enthusiasts
28583,7,Loyal Explorers
28584,5,Tech Enthusiasts
28585,4,Promotion Hunters
28586,6,Large Families
28587,2,Traditional Shoppers
28588,6,Large Families
28590,0,Value Seekers
28591,2,Traditional Shoppers
28592,2,Traditional Shoppers
28593,7,Loyal Explorers
28594,7,Loyal Explorers
28595,3,Vegetarians
28596,7,Loyal Explorers
28597,4,Promotion Hunters
28599,6,Large Families
28600,5,Tech Enthusiasts
28601,0,Value Seekers
28602,1,Wellness
28603,7,Loyal Explorers
28604,4,Promotion Hunters
28605,7,Loyal Explorers
28607,0,Value Seekers
28608,6,Large Families
28609,5,Tech Enthusiasts
28612,6,Large Families
28613,4,Promotion Hunters
28614,0,Value Seekers
28615,5,Tech Enthusiasts
28617,1,Wellness
28618,7,Loyal Explorers
28619,0,Value Seekers
28620,2,Traditional Shoppers
28621,0,Value Seekers
28622,5,Tech Enthusiasts
28623,4,Promotion Hunters
28624,4,Promotion Hunters
28625,2,Traditional Shoppers
28626,3,Vegetarians
28628,1,Wellness
28629,1,Wellness
28630,2,Traditional Shoppers
28631,5,Tech Enthusiasts
28632,2,Traditional Shoppers
28633,1,Wellness
28634,3,Vegetarians
28635,0,Value Seekers
28636,6,Large Families
28637,6,Large Families
28639,7,Loyal Explorers
28640,7,Loyal Explorers
28642,7,Loyal Explorers
28643,6,Large Families
28644,3,Vegetarians
28645,0,Value Seekers
28646,1,Wellness
28647,2,Traditional Shoppers
28648,4,Promotion Hunters
28649,6,Large Families
28650,6,Large Families
28652,0,Value Seekers
28653,5,Tech Enthusiasts
28655,2,Traditional Shoppers
28656,5,Tech Enthusiasts
28658,2,Traditional Shoppers
28659,5,Tech Enthusiasts
28660,2,Traditional Shoppers
28661,2,Traditional Shoppers
28662,0,Value Seekers
28663,2,Traditional Shoppers
28664,0,Value Seekers
28666,6,Large Families
28667,6,Large Families
28668,4,Promotion Hunters
28669,1,Wellness
28670,2,Traditional Shoppers
28671,7,Loyal Explorers
28672,4,Promotion Hunters
28673,7,Loyal Explorers
28674,7,Loyal Explorers
28675,7,Loyal Explorers
28676,2,Traditional Shoppers
28678,6,Large Families
28679,3,Vegetarians
28680,0,Value Seekers
28681,2,Traditional Shoppers
28682,7,Loyal Explorers
28684,7,Loyal Explorers
28685,6,Large Families
28686,5,Tech Enthusiasts
28688,2,Traditional Shoppers
28689,7,Loyal Explorers
28690,7,Loyal Explorers
28691,4,Promotion Hunters
28693,2,Traditional Shoppers
28694,1,Wellness
28695,3,Vegetarians
28696,5,Tech Enthusiasts
28697,1,Wellness
28698,2,Traditional Shoppers
28699,5,Tech Enthusiasts
28700,4,Promotion Hunters
28701,6,Large Families
28702,5,Tech Enthusiasts
28703,7,Loyal Explorers
28706,2,Traditional Shoppers
28707,4,Promotion Hunters
28708,0,Value Seekers
28709,0,Value Seekers
28710,2,Traditional Shoppers
28711,3,Vegetarians
28712,4,Promotion Hunters
28713,1,Wellness
28714,1,Wellness
28717,0,Value Seekers
28718,3,Vegetarians
28720,7,Loyal Explorers
28721,6,Large Families
28722,4,Promotion Hunters
28723,5,Tech Enthusiasts
28724,5,Tech Enthusiasts
28725,2,Traditional Shoppers
28727,2,Traditional Shoppers
28728,4,Promotion Hunters
28729,1,Wellness
28730,1,Wellness
28731,0,Value Seekers
28732,0,Value Seekers
28733,1,Wellness
28734,6,Large Families
28735,4,Promotion Hunters
28736,6,Large Families
28737,1,Wellness
28738,5,Tech Enthusiasts
28739,3,Vegetarians
28740,2,Traditional Shoppers
28742,1,Wellness
28743,6,Large Families
28744,1,Wellness
28746,0,Value Seekers
28747,1,Wellness
28748,6,Large Families
28749,3,Vegetarians
28750,3,Vegetarians
28751,6,Large Families
28752,0,Value Seekers
28753,5,Tech Enthusiasts
28754,1,Wellness
28755,1,Wellness
28757,3,Vegetarians
28758,1,Wellness
28759,6,Large Families
28760,0,Value Seekers
28761,1,Wellness
28762,2,Traditional Shoppers
28763,4,Promotion Hunters
28764,4,Promotion Hunters
28765,2,Traditional Shoppers
28766,5,Tech Enthusiasts
28767,5,Tech Enthusiasts
28768,6,Large Families
28769,2,Traditional Shoppers
28771,2,Traditional Shoppers
28772,0,Value Seekers
28773,2,Traditional Shoppers
28775,2,Traditional Shoppers
28776,7,Loyal Explorers
28777,3,Vegetarians
28778,7,Loyal Explorers
28779,2,Traditional Shoppers
28780,5,Tech Enthusiasts
28781,4,Promotion Hunters
28782,6,Large Families
28783,7,Loyal Explorers
28785,5,Tech Enthusiasts
28786,2,Traditional Shoppers
28787,7,Loyal Explorers
28788,1,Wellness
28789,5,Tech Enthusiasts
28790,2,Traditional Shoppers
28791,7,Loyal Explorers
28793,3,Vegetarians
28795,2,Traditional Shoppers
28796,2,Traditional Shoppers
28798,6,Large Families
28799,2,Traditional Shoppers
28802,5,Tech Enthusiasts
28804,3,Vegetarians
28806,3,Vegetarians
28807,2,Traditional Shoppers
28809,6,Large Families
28810,2,Traditional Shoppers
28811,2,Traditional Shoppers
28814,6,Large Families
28815,2,Traditional Shoppers
28816,2,Traditional Shoppers
28817,1,Wellness
28818,5,Tech Enthusiasts
28819,6,Large Families
28820,1,Wellness
28822,5,Tech Enthusiasts
28823,7,Loyal Explorers
28824,1,Wellness
28825,3,Vegetarians
28826,1,Wellness
28827,3,Vegetarians
28828,6,Large Families
28829,3,Vegetarians
28831,7,Loyal Explorers
28832,0,Value Seekers
28833,4,Promotion Hunters
28834,0,Value Seekers
28836,4,Promotion Hunters
28837,5,Tech Enthusiasts
28839,2,Traditional Shoppers
28840,6,Large Families
28841,2,Traditional Shoppers
28843,6,Large Families
28844,1,Wellness
28845,4,Promotion Hunters
28846,4,Promotion Hunters
28847,3,Vegetarians
28848,6,Large Families
28850,5,Tech Enthusiasts
28851,2,Traditional Shoppers
28853,3,Vegetarians
28854,2,Traditional Shoppers
28856,3,Vegetarians
28857,2,Traditional Shoppers
28859,4,Promotion Hunters
28860,0,Value Seekers
28863,6,Large Families
28864,6,Large Families
28866,1,Wellness
28867,5,Tech Enthusiasts
28869,0,Value Seekers
28871,6,Large Families
28872,0,Value Seekers
28873,0,Value Seekers
28874,7,Loyal Explorers
28875,2,Traditional Shoppers
28876,5,Tech Enthusiasts
28877,7,Loyal Explorers
28878,7,Loyal Explorers
28879,2,Traditional Shoppers
28880,2,Traditional Shoppers
28881,7,Loyal Explorers
28882,2,Traditional Shoppers
28883,6,Large Families
28884,4,Promotion Hunters
28885,2,Traditional Shoppers
28886,5,Tech Enthusiasts
28887,5,Tech Enthusiasts
28888,5,Tech Enthusiasts
28889,3,Vegetarians
28890,1,Wellness
28891,6,Large Families
28893,1,Wellness
28894,0,Value Seekers
28895,6,Large Families
28897,3,Vegetarians
28899,6,Large Families
28900,3,Vegetarians
28901,7,Loyal Explorers
28903,6,Large Families
28904,5,Tech Enthusiasts
28906,7,Loyal Explorers
28908,4,Promotion Hunters
28909,0,Value Seekers
28910,1,Wellness
28911,2,Traditional Shoppers
28913,2,Traditional Shoppers
28915,0,Value Seekers
28916,4,Promotion Hunters
28917,2,Traditional Shoppers
28918,2,Traditional Shoppers
28919,2,Traditional Shoppers
28921,3,Vegetarians
28922,4,Promotion Hunters
28923,1,Wellness
28924,4,Promotion Hunters
28926,5,Tech Enthusiasts
28927,2,Traditional Shoppers
28928,5,Tech Enthusiasts
28929,1,Wellness
28931,1,Wellness
28932,4,Promotion Hunters
28933,2,Traditional Shoppers
28934,6,Large Families
28935,7,Loyal Explorers
28936,2,Traditional Shoppers
28938,3,Vegetarians
28939,6,Large Families
28941,5,Tech Enthusiasts
28942,0,Value Seekers
28943,5,Tech Enthusiasts
28944,2,Traditional Shoppers
28947,6,Large Families
28948,0,Value Seekers
28949,6,Large Families
28950,1,Wellness
28953,4,Promotion Hunters
28954,7,Loyal Explorers
28955,5,Tech Enthusiasts
28956,2,Traditional Shoppers
28958,1,Wellness
28959,3,Vegetarians
28960,6,Large Families
28962,1,Wellness
28963,0,Value Seekers
28965,4,Promotion Hunters
28966,2,Traditional Shoppers
28967,5,Tech Enthusiasts
28968,2,Traditional Shoppers
28969,3,Vegetarians
28970,1,Wellness
28971,3,Vegetarians
28973,1,Wellness
28974,4,Promotion Hunters
28976,7,Loyal Explorers
28977,7,Loyal Explorers
28978,3,Vegetarians
28979,3,Vegetarians
28980,1,Wellness
28981,2,Traditional Shoppers
28982,3,Vegetarians
28984,1,Wellness
28985,4,Promotion Hunters
28986,3,Vegetarians
28987,4,Promotion Hunters
28989,3,Vegetarians
28993,2,Traditional Shoppers
28995,2,Traditional Shoppers
28996,1,Wellness
28997,2,Traditional Shoppers
28998,2,Traditional Shoppers
28999,7,Loyal Explorers
29000,0,Value Seekers
29001,4,Promotion Hunters
29002,3,Vegetarians
29003,0,Value Seekers
29004,0,Value Seekers
29005,6,Large Families
29006,6,Large Families
29007,3,Vegetarians
29009,2,Traditional Shoppers
29010,0,Value Seekers
29011,0,Value Seekers
29012,7,Loyal Explorers
29013,4,Promotion Hunters
29014,0,Value Seekers
29016,6,Large Families
29018,2,Traditional Shoppers
29019,6,Large Families
29020,2,Traditional Shoppers
29021,0,Value Seekers
29022,4,Promotion Hunters
29023,1,Wellness
29024,6,Large Families
29025,4,Promotion Hunters
29026,0,Value Seekers
29027,7,Loyal Explorers
29030,7,Loyal Explorers
29032,0,Value Seekers
29033,7,Loyal Explorers
29034,0,Value Seekers
29035,6,Large Families
29036,5,Tech Enthusiasts
29037,0,Value Seekers
29038,1,Wellness
29039,7,Loyal Explorers
29040,2,Traditional Shoppers
29041,0,Value Seekers
29042,3,Vegetarians
29043,5,Tech Enthusiasts
29044,2,Traditional Shoppers
29046,0,Value Seekers
29047,6,Large Families
29048,5,Tech Enthusiasts
29050,4,Promotion Hunters
29051,5,Tech Enthusiasts
29053,2,Traditional Shoppers
29054,2,Traditional Shoppers
29055,2,Traditional Shoppers
29057,7,Loyal Explorers
29058,7,Loyal Explorers
29059,1,Wellness
29060,1,Wellness
29061,5,Tech Enthusiasts
29062,6,Large Families
29063,1,Wellness
29064,2,Traditional Shoppers
29065,6,Large Families
29066,4,Promotion Hunters
29068,2,Traditional Shoppers
29069,3,Vegetarians
29070,0,Value Seekers
29071,7,Loyal Explorers
29072,3,Vegetarians
29073,3,Vegetarians
29074,6,Large Families
29075,4,Promotion Hunters
29076,6,Large Families
29077,2,Traditional Shoppers
29078,6,Large Families
29079,6,Large Families
29080,0,Value Seekers
29081,7,Loyal Explorers
29082,3,Vegetarians
29083,2,Traditional Shoppers
29084,3,Vegetarians
29085,5,Tech Enthusiasts
29086,2,Traditional Shoppers
29087,7,Loyal Explorers
29089,2,Traditional Shoppers
29090,7,Loyal Explorers
29092,2,Traditional Shoppers
29094,2,Traditional Shoppers
29095,3,Vegetarians
29096,7,Loyal Explorers
29097,2,Traditional Shoppers
29099,7,Loyal Explorers
29100,0,Value Seekers
29102,0,Value Seekers
29103,2,Traditional Shoppers
29104,2,Traditional Shoppers
29105,1,Wellness
29107,5,Tech Enthusiasts
29111,6,Large Families
29112,2,Traditional Shoppers
29113,4,Promotion Hunters
29114,3,Vegetarians
29116,0,Value Seekers
29117,3,Vegetarians
29118,1,Wellness
29119,2,Traditional Shoppers
29120,2,Traditional Shoppers
29121,1,Wellness
29122,2,Traditional Shoppers
29123,6,Large Families
29125,0,Value Seekers
29126,0,Value Seekers
29127,7,Loyal Explorers
29128,4,Promotion Hunters
29129,1,Wellness
29130,4,Promotion Hunters
29131,2,Traditional Shoppers
29132,0,Value Seekers
29133,0,Value Seekers
29134,1,Wellness
29135,5,Tech Enthusiasts
29136,2,Traditional Shoppers
29137,6,Large Families
29138,6,Large Families
29139,2,Traditional Shoppers
29141,5,Tech Enthusiasts
29142,6,Large Families
29143,0,Value Seekers
29144,3,Vegetarians
29145,0,Value Seekers
29147,7,Loyal Explorers
29148,7,Loyal Explorers
29149,3,Vegetarians
29150,4,Promotion Hunters
29151,1,Wellness
29152,2,Traditional Shoppers
29153,2,Traditional Shoppers
29154,1,Wellness
29157,6,Large Families
29159,5,Tech Enthusiasts
29160,1,Wellness
29161,0,Value Seekers
29162,0,Value Seekers
29164,6,Large Families
29165,0,Value Seekers
29166,4,Promotion Hunters
29167,4,Promotion Hunters
29168,1,Wellness
29170,3,Vegetarians
29171,1,Wellness
29173,2,Traditional Shoppers
29174,5,Tech Enthusiasts
29175,1,Wellness
29176,3,Vegetarians
29177,2,Traditional Shoppers
29178,6,Large Families
29179,1,Wellness
29180,6,Large Families
29181,6,Large Families
29184,6,Large Families
29185,4,Promotion Hunters
29186,1,Wellness
29187,2,Traditional Shoppers
29189,0,Value Seekers
29190,2,Traditional Shoppers
29191,2,Traditional Shoppers
29193,1,Wellness
29194,3,Vegetarians
29195,5,Tech Enthusiasts
29196,3,Vegetarians
29197,1,Wellness
29198,3,Vegetarians
29200,4,Promotion Hunters
29201,1,Wellness
29203,5,Tech Enthusiasts
29204,1,Wellness
29206,3,Vegetarians
29207,2,Traditional Shoppers
29208,6,Large Families
29209,4,Promotion Hunters
29210,4,Promotion Hunters
29211,2,Traditional Shoppers
29212,2,Traditional Shoppers
29213,3,Vegetarians
29214,6,Large Families
29215,5,Tech Enthusiasts
29216,3,Vegetarians
29219,3,Vegetarians
29220,2,Traditional Shoppers
29221,6,Large Families
29223,0,Value Seekers
29224,4,Promotion Hunters
29225,6,Large Families
29226,6,Large Families
29228,3,Vegetarians
29230,0,Value Seekers
29231,0,Value Seekers
29232,2,Traditional Shoppers
29234,3,Vegetarians
29236,3,Vegetarians
29238,2,Traditional Shoppers
29239,3,Vegetarians
29240,3,Vegetarians
29241,5,Tech Enthusiasts
29242,1,Wellness
29243,6,Large Families
29244,1,Wellness
29245,6,Large Families
29246,5,Tech Enthusiasts
29247,0,Value Seekers
29248,0,Value Seekers
29249,2,Traditional Shoppers
29250,1,Wellness
29251,7,Loyal Explorers
29252,1,Wellness
29253,6,Large Families
29254,7,Loyal Explorers
29255,5,Tech Enthusiasts
29257,4,Promotion Hunters
29258,2,Traditional Shoppers
29261,5,Tech Enthusiasts
29262,2,Traditional Shoppers
29263,6,Large Families
29264,0,Value Seekers
29265,4,Promotion Hunters
29266,5,Tech Enthusiasts
29267,7,Loyal Explorers
29268,7,Loyal Explorers
29269,7,Loyal Explorers
29270,5,Tech Enthusiasts
29271,4,Promotion Hunters
29272,6,Large Families
29273,6,Large Families
29274,6,Large Families
29275,2,Traditional Shoppers
29276,6,Large Families
29277,1,Wellness
29278,1,Wellness
29279,6,Large Families
29281,5,Tech Enthusiasts
29282,2,Traditional Shoppers
29283,6,Large Families
29284,6,Large Families
29285,3,Vegetarians
29286,6,Large Families
29287,5,Tech Enthusiasts
29289,6,Large Families
29290,5,Tech Enthusiasts
29291,2,Traditional Shoppers
29292,2,Traditional Shoppers
29294,7,Loyal Explorers
29296,0,Value Seekers
29297,1,Wellness
29298,3,Vegetarians
29299,1,Wellness
29300,5,Tech Enthusiasts
29301,1,Wellness
29302,0,Value Seekers
29303,6,Large Families
29304,1,Wellness
29305,2,Traditional Shoppers
29307,2,Traditional Shoppers
29308,1,Wellness
29310,3,Vegetarians
29311,2,Traditional Shoppers
29312,3,Vegetarians
29313,0,Value Seekers
29314,4,Promotion Hunters
29315,3,Vegetarians
29316,6,Large Families
29317,3,Vegetarians
29318,2,Traditional Shoppers
29319,0,Value Seekers
29320,3,Vegetarians
29321,7,Loyal Explorers
29323,7,Loyal Explorers
29324,3,Vegetarians
29325,4,Promotion Hunters
29326,0,Value Seekers
29327,3,Vegetarians
29328,5,Tech Enthusiasts
29329,2,Traditional Shoppers
29330,2,Traditional Shoppers
29331,5,Tech Enthusiasts
29332,4,Promotion Hunters
29333,3,Vegetarians
29335,2,Traditional Shoppers
29338,2,Traditional Shoppers
29339,4,Promotion Hunters
29340,4,Promotion Hunters
29341,6,Large Families
29342,0,Value Seekers
29343,0,Value Seekers
29344,2,Traditional Shoppers
29345,3,Vegetarians
29346,1,Wellness
29347,6,Large Families
29348,5,Tech Enthusiasts
29349,3,Vegetarians
29350,4,Promotion Hunters
29351,6,Large Families
29352,3,Vegetarians
29353,6,Large Families
29354,3,Vegetarians
29355,3,Vegetarians
29356,2,Traditional Shoppers
29359,2,Traditional Shoppers
29360,3,Vegetarians
29362,0,Value Seekers
29363,2,Traditional Shoppers
29364,6,Large Families
29365,6,Large Families
29366,7,Loyal Explorers
29367,0,Value Seekers
29368,3,Vegetarians
29369,5,Tech Enthusiasts
29370,7,Loyal Explorers
29371,3,Vegetarians
29372,6,Large Families
29373,0,Value Seekers
29374,3,Vegetarians
29375,0,Value Seekers
29376,0,Value Seekers
29377,5,Tech Enthusiasts
29378,5,Tech Enthusiasts
29379,0,Value Seekers
29380,1,Wellness
29381,5,Tech Enthusiasts
29382,1,Wellness
29383,0,Value Seekers
29384,2,Traditional Shoppers
29385,0,Value Seekers
29386,2,Traditional Shoppers
29387,1,Wellness
29388,5,Tech Enthusiasts
29389,4,Promotion Hunters
29390,0,Value Seekers
29391,1,Wellness
29393,4,Promotion Hunters
29394,3,Vegetarians
29395,2,Traditional Shoppers
29396,2,Traditional Shoppers
29397,4,Promotion Hunters
29398,6,Large Families
29399,5,Tech Enthusiasts
29400,3,Vegetarians
29401,2,Traditional Shoppers
29402,0,Value Seekers
29403,0,Value Seekers
29404,5,Tech Enthusiasts
29405,4,Promotion Hunters
29406,6,Large Families
29407,2,Traditional Shoppers
29409,1,Wellness
29410,1,Wellness
29411,3,Vegetarians
29412,2,Traditional Shoppers
29413,3,Vegetarians
29415,1,Wellness
29416,1,Wellness
29418,3,Vegetarians
29419,3,Vegetarians
29420,6,Large Families
29421,2,Traditional Shoppers
29422,2,Traditional Shoppers
29423,2,Traditional Shoppers
29425,5,Tech Enthusiasts
29427,1,Wellness
29428,6,Large Families
29429,3,Vegetarians
29430,0,Value Seekers
29431,7,Loyal Explorers
29432,2,Traditional Shoppers
29434,4,Promotion Hunters
29435,5,Tech Enthusiasts
29436,7,Loyal Explorers
29437,4,Promotion Hunters
29438,4,Promotion Hunters
29441,2,Traditional Shoppers
29442,7,Loyal Explorers
29443,2,Traditional Shoppers
29444,2,Traditional Shoppers
29445,6,Large Families
29446,1,Wellness
29448,7,Loyal Explorers
29449,5,Tech Enthusiasts
29450,1,Wellness
29451,0,Value Seekers
29452,0,Value Seekers
29453,5,Tech Enthusiasts
29454,2,Traditional Shoppers
29455,3,Vegetarians
29456,2,Traditional Shoppers
29457,2,Traditional Shoppers
29459,3,Vegetarians
29461,6,Large Families
29462,3,Vegetarians
29463,4,Promotion Hunters
29464,6,Large Families
29465,7,Loyal Explorers
29466,4,Promotion Hunters
29467,3,Vegetarians
29468,7,Loyal Explorers
29469,7,Loyal Explorers
29471,3,Vegetarians
29472,0,Value Seekers
29473,0,Value Seekers
29474,5,Tech Enthusiasts
29476,2,Traditional Shoppers
29477,1,Wellness
29478,2,Traditional Shoppers
29479,4,Promotion Hunters
29480,0,Value Seekers
29481,6,Large Families
29482,3,Vegetarians
29483,2,Traditional Shoppers
29485,0,Value Seekers
29486,2,Traditional Shoppers
29487,7,Loyal Explorers
29488,0,Value Seekers
29489,6,Large Families
29491,1,Wellness
29492,6,Large Families
29493,3,Vegetarians
29494,7,Loyal Explorers
29495,4,Promotion Hunters
29496,6,Large Families
29497,6,Large Families
29498,2,Traditional Shoppers
29502,4,Promotion Hunters
29503,6,Large Families
29504,6,Large Families
29505,5,Tech Enthusiasts
29506,5,Tech Enthusiasts
29507,2,Traditional Shoppers
29508,1,Wellness
29510,7,Loyal Explorers
29511,1,Wellness
29512,4,Promotion Hunters
29513,0,Value Seekers
29514,4,Promotion Hunters
29515,2,Traditional Shoppers
29516,3,Vegetarians
29517,0,Value Seekers
29520,0,Value Seekers
29521,4,Promotion Hunters
29522,6,Large Families
29523,0,Value Seekers
29524,2,Traditional Shoppers
29525,2,Traditional Shoppers
29526,4,Promotion Hunters
29527,6,Large Families
29529,4,Promotion Hunters
29532,5,Tech Enthusiasts
29533,1,Wellness
29534,7,Loyal Explorers
29535,2,Traditional Shoppers
29536,1,Wellness
29539,1,Wellness
29540,7,Loyal Explorers
29541,5,Tech Enthusiasts
29542,1,Wellness
29543,3,Vegetarians
29544,2,Traditional Shoppers
29545,7,Loyal Explorers
29546,1,Wellness
29547,5,Tech Enthusiasts
29548,6,Large Families
29550,7,Loyal Explorers
29551,0,Value Seekers
29552,3,Vegetarians
29553,4,Promotion Hunters
29554,6,Large Families
29555,2,Traditional Shoppers
29557,0,Value Seekers
29560,3,Vegetarians
29561,2,Traditional Shoppers
29562,2,Traditional Shoppers
29564,7,Loyal Explorers
29565,3,Vegetarians
29566,2,Traditional Shoppers
29567,0,Value Seekers
29568,7,Loyal Explorers
29570,4,Promotion Hunters
29571,3,Vegetarians
29572,6,Large Families
29573,5,Tech Enthusiasts
29574,6,Large Families
29576,2,Traditional Shoppers
29577,5,Tech Enthusiasts
29578,6,Large Families
29579,2,Traditional Shoppers
29580,1,Wellness
29582,2,Traditional Shoppers
29584,5,Tech Enthusiasts
29585,2,Traditional Shoppers
29586,1,Wellness
29587,2,Traditional Shoppers
29588,4,Promotion Hunters
29589,4,Promotion Hunters
29590,2,Traditional Shoppers
29591,7,Loyal Explorers
29592,6,Large Families
29593,5,Tech Enthusiasts
29594,2,Traditional Shoppers
29595,7,Loyal Explorers
29596,2,Traditional Shoppers
29597,0,Value Seekers
29598,5,Tech Enthusiasts
29599,5,Tech Enthusiasts
29601,0,Value Seekers
29602,1,Wellness
29603,6,Large Families
29605,5,Tech Enthusiasts
29606,3,Vegetarians
29607,6,Large Families
29608,3,Vegetarians
29609,4,Promotion Hunters
29610,1,Wellness
29611,4,Promotion Hunters
29612,3,Vegetarians
29613,2,Traditional Shoppers
29614,1,Wellness
29615,7,Loyal Explorers
29617,4,Promotion Hunters
29618,3,Vegetarians
29619,6,Large Families
29620,5,Tech Enthusiasts
29621,3,Vegetarians
29622,2,Traditional Shoppers
29623,5,Tech Enthusiasts
29624,2,Traditional Shoppers
29626,6,Large Families
29627,3,Vegetarians
29629,6,Large Families
29630,4,Promotion Hunters
29631,0,Value Seekers
29632,3,Vegetarians
29633,7,Loyal Explorers
29635,1,Wellness
29637,3,Vegetarians
29639,6,Large Families
29640,0,Value Seekers
29641,0,Value Seekers
29642,2,Traditional Shoppers
29643,4,Promotion Hunters
29644,2,Traditional Shoppers
29646,1,Wellness
29648,1,Wellness
29649,2,Traditional Shoppers
29652,7,Loyal Explorers
29653,7,Loyal Explorers
29655,0,Value Seekers
29656,4,Promotion Hunters
29657,1,Wellness
29658,1,Wellness
29660,4,Promotion Hunters
29661,5,Tech Enthusiasts
29662,1,Wellness
29663,0,Value Seekers
29664,2,Traditional Shoppers
29665,3,Vegetarians
29666,3,Vegetarians
29667,5,Tech Enthusiasts
29668,5,Tech Enthusiasts
29672,3,Vegetarians
29673,2,Traditional Shoppers
29674,7,Loyal Explorers
29675,2,Traditional Shoppers
29676,6,Large Families
29677,1,Wellness
29678,7,Loyal Explorers
29680,5,Tech Enthusiasts
29681,1,Wellness
29683,6,Large Families
29684,4,Promotion Hunters
29686,2,Traditional Shoppers
29687,2,Traditional Shoppers
29688,0,Value Seekers
29689,3,Vegetarians
29690,3,Vegetarians
29691,1,Wellness
29693,0,Value Seekers
29694,6,Large Families
29695,2,Traditional Shoppers
29696,6,Large Families
29698,2,Traditional Shoppers
29699,2,Traditional Shoppers
29700,6,Large Families
29701,2,Traditional Shoppers
29702,5,Tech Enthusiasts
29703,6,Large Families
29704,6,Large Families
29706,0,Value Seekers
29707,4,Promotion Hunters
29709,5,Tech Enthusiasts
29710,1,Wellness
29711,5,Tech Enthusiasts
29712,5,Tech Enthusiasts
29713,3,Vegetarians
29715,2,Traditional Shoppers
29716,0,Value Seekers
29717,6,Large Families
29719,2,Traditional Shoppers
29720,3,Vegetarians
29723,3,Vegetarians
29724,7,Loyal Explorers
29725,1,Wellness
29726,6,Large Families
29728,0,Value Seekers
29729,6,Large Families
29730,4,Promotion Hunters
29731,4,Promotion Hunters
29732,6,Large Families
29733,2,Traditional Shoppers
29734,0,Value Seekers
29735,5,Tech Enthusiasts
29737,5,Tech Enthusiasts
29738,5,Tech Enthusiasts
29740,2,Traditional Shoppers
29741,4,Promotion Hunters
29742,2,Traditional Shoppers
29744,5,Tech Enthusiasts
29746,6,Large Families
29747,4,Promotion Hunters
29748,3,Vegetarians
29749,3,Vegetarians
29751,6,Large Families
29752,4,Promotion Hunters
29753,1,Wellness
29754,3,Vegetarians
29755,6,Large Families
29756,6,Large Families
29757,3,Vegetarians
29760,3,Vegetarians
29761,1,Wellness
29762,6,Large Families
29763,0,Value Seekers
29764,1,Wellness
29766,6,Large Families
29767,7,Loyal Explorers
29768,1,Wellness
29770,1,Wellness
29771,0,Value Seekers
29772,3,Vegetarians
29773,4,Promotion Hunters
29774,0,Value Seekers
29775,0,Value Seekers
29776,2,Traditional Shoppers
29777,5,Tech Enthusiasts
29779,0,Value Seekers
29780,7,Loyal Explorers
29782,3,Vegetarians
29783,0,Value Seekers
29784,1,Wellness
29785,1,Wellness
29786,4,Promotion Hunters
29787,6,Large Families
29789,7,Loyal Explorers
29790,5,Tech Enthusiasts
29791,6,Large Families
29792,0,Value Seekers
29794,2,Traditional Shoppers
29795,6,Large Families
29796,4,Promotion Hunters
29797,2,Traditional Shoppers
29799,5,Tech Enthusiasts
29801,3,Vegetarians
29802,5,Tech Enthusiasts
29805,4,Promotion Hunters
29806,3,Vegetarians
29807,6,Large Families
29808,3,Vegetarians
29809,2,Traditional Shoppers
29810,4,Promotion Hunters
29811,0,Value Seekers
29812,0,Value Seekers
29814,1,Wellness
29817,2,Traditional Shoppers
29818,2,Traditional Shoppers
29819,6,Large Families
29820,2,Traditional Shoppers
29822,4,Promotion Hunters
29823,2,Traditional Shoppers
29824,7,Loyal Explorers
29825,1,Wellness
29826,3,Vegetarians
29827,3,Vegetarians
29828,5,Tech Enthusiasts
29829,6,Large Families
29830,7,Loyal Explorers
29831,7,Loyal Explorers
29833,6,Large Families
29834,1,Wellness
29835,1,Wellness
29836,1,Wellness
29837,5,Tech Enthusiasts
29838,6,Large Families
29839,2,Traditional Shoppers
29840,2,Traditional Shoppers
29841,2,Traditional Shoppers
29842,1,Wellness
29843,1,Wellness
29845,4,Promotion Hunters
29847,2,Traditional Shoppers
29848,6,Large Families
29849,4,Promotion Hunters
29850,1,Wellness
29851,3,Vegetarians
29852,4,Promotion Hunters
29854,2,Traditional Shoppers
29855,6,Large Families
29856,4,Promotion Hunters
29857,5,Tech Enthusiasts
29858,2,Traditional Shoppers
29859,3,Vegetarians
29860,5,Tech Enthusiasts
29865,2,Traditional Shoppers
29866,0,Value Seekers
29869,0,Value Seekers
29872,4,Promotion Hunters
29874,2,Traditional Shoppers
29875,1,Wellness
29876,7,Loyal Explorers
29877,6,Large Families
29878,0,Value Seekers
29879,6,Large Families
29880,6,Large Families
29881,1,Wellness
29882,2,Traditional Shoppers
29884,2,Traditional Shoppers
29886,0,Value Seekers
29887,6,Large Families
29889,0,Value Seekers
29890,6,Large Families
29891,5,Tech Enthusiasts
29892,4,Promotion Hunters
29893,0,Value Seekers
29894,5,Tech Enthusiasts
29895,5,Tech Enthusiasts
29896,6,Large Families
29897,2,Traditional Shoppers
29899,4,Promotion Hunters
29900,3,Vegetarians
29901,6,Large Families
29903,6,Large Families
29904,2,Traditional Shoppers
29905,6,Large Families
29908,5,Tech Enthusiasts
29909,6,Large Families
29910,1,Wellness
29911,3,Vegetarians
29912,1,Wellness
29913,2,Traditional Shoppers
29914,0,Value Seekers
29915,0,Value Seekers
29916,5,Tech Enthusiasts
29917,2,Traditional Shoppers
29918,7,Loyal Explorers
29919,1,Wellness
29920,2,Traditional Shoppers
29921,6,Large Families
29922,2,Traditional Shoppers
29923,6,Large Families
29924,2,Traditional Shoppers
29925,0,Value Seekers
29928,7,Loyal Explorers
29929,0,Value Seekers
29930,4,Promotion Hunters
29932,0,Value Seekers
29933,4,Promotion Hunters
29935,3,Vegetarians
29936,6,Large Families
29937,6,Large Families
29938,2,Traditional Shoppers
29940,0,Value Seekers
29942,1,Wellness
29943,2,Traditional Shoppers
29944,4,Promotion Hunters
29945,2,Traditional Shoppers
29946,7,Loyal Explorers
29947,2,Traditional Shoppers
29948,6,Large Families
29949,6,Large Families
29950,7,Loyal Explorers
29951,1,Wellness
29952,1,Wellness
29955,1,Wellness
29956,6,Large Families
29957,4,Promotion Hunters
29958,5,Tech Enthusiasts
29959,5,Tech Enthusiasts
29960,6,Large Families
29961,2,Traditional Shoppers
29962,5,Tech Enthusiasts
29963,6,Large Families
29964,3,Vegetarians
29965,6,Large Families
29967,0,Value Seekers
29969,2,Traditional Shoppers
29970,2,Traditional Shoppers
29971,0,Value Seekers
29972,6,Large Families
29974,5,Tech Enthusiasts
29975,7,Loyal Explorers
29977,6,Large Families
29978,1,Wellness
29979,2,Traditional Shoppers
29981,5,Tech Enthusiasts
29983,3,Vegetarians
29984,0,Value Seekers
29985,2,Traditional Shoppers
29986,3,Vegetarians
29987,6,Large Families
29988,4,Promotion Hunters
29990,5,Tech Enthusiasts
29991,0,Value Seekers
29992,6,Large Families
29994,1,Wellness
29995,7,Loyal Explorers
29996,4,Promotion Hunters
29997,2,Traditional Shoppers
29999,7,Loyal Explorers
30001,2,Traditional Shoppers
30004,3,Vegetarians
30005,3,Vegetarians
30006,0,Value Seekers
30007,7,Loyal Explorers
30008,1,Wellness
30009,4,Promotion Hunters
30010,2,Traditional Shoppers
30011,4,Promotion Hunters
30012,1,Wellness
30014,5,Tech Enthusiasts
30015,7,Loyal Explorers
30016,6,Large Families
30017,2,Traditional Shoppers
30018,6,Large Families
30020,7,Loyal Explorers
30021,3,Vegetarians
30022,1,Wellness
30023,4,Promotion Hunters
30024,0,Value Seekers
30025,2,Traditional Shoppers
30027,3,Vegetarians
30028,0,Value Seekers
30029,4,Promotion Hunters
30031,1,Wellness
30032,6,Large Families
30033,0,Value Seekers
30034,2,Traditional Shoppers
30035,1,Wellness
30036,7,Loyal Explorers
30037,1,Wellness
30038,0,Value Seekers
30039,2,Traditional Shoppers
30040,0,Value Seekers
30041,1,Wellness
30042,4,Promotion Hunters
30043,5,Tech Enthusiasts
30044,5,Tech Enthusiasts
30045,2,Traditional Shoppers
30047,2,Traditional Shoppers
30048,1,Wellness
30050,5,Tech Enthusiasts
30053,3,Vegetarians
30054,3,Vegetarians
30055,7,Loyal Explorers
30056,1,Wellness
30057,5,Tech Enthusiasts
30058,4,Promotion Hunters
30059,5,Tech Enthusiasts
30060,2,Traditional Shoppers
30062,5,Tech Enthusiasts
30063,0,Value Seekers
30064,2,Traditional Shoppers
30065,6,Large Families
30066,4,Promotion Hunters
30067,0,Value Seekers
30068,2,Traditional Shoppers
30071,6,Large Families
30072,7,Loyal Explorers
30073,2,Traditional Shoppers
30074,2,Traditional Shoppers
30075,2,Traditional Shoppers
30076,7,Loyal Explorers
30077,3,Vegetarians
30079,4,Promotion Hunters
30080,4,Promotion Hunters
30081,6,Large Families
30082,2,Traditional Shoppers
30083,6,Large Families
30084,3,Vegetarians
30085,6,Large Families
30086,7,Loyal Explorers
30087,6,Large Families
30088,4,Promotion Hunters
30089,2,Traditional Shoppers
30090,7,Loyal Explorers
30092,0,Value Seekers
30093,2,Traditional Shoppers
30095,6,Large Families
30096,1,Wellness
30097,3,Vegetarians
30098,3,Vegetarians
30099,1,Wellness
30101,6,Large Families
30102,5,Tech Enthusiasts
30103,0,Value Seekers
30104,1,Wellness
30107,2,Traditional Shoppers
30108,0,Value Seekers
30110,6,Large Families
30112,7,Loyal Explorers
30113,2,Traditional Shoppers
30114,2,Traditional Shoppers
30115,3,Vegetarians
30116,0,Value Seekers
30117,0,Value Seekers
30118,2,Traditional Shoppers
30119,2,Traditional Shoppers
30120,2,Traditional Shoppers
30122,3,Vegetarians
30123,2,Traditional Shoppers
30124,6,Large Families
30125,1,Wellness
30126,5,Tech Enthusiasts
30127,6,Large Families
30128,3,Vegetarians
30129,6,Large Families
30130,0,Value Seekers
30131,3,Vegetarians
30133,3,Vegetarians
30135,0,Value Seekers
30136,1,Wellness
30137,0,Value Seekers
30138,3,Vegetarians
30139,6,Large Families
30141,1,Wellness
30142,7,Loyal Explorers
30143,3,Vegetarians
30145,7,Loyal Explorers
30146,5,Tech Enthusiasts
30147,3,Vegetarians
30148,0,Value Seekers
30149,2,Traditional Shoppers
30150,6,Large Families
30151,3,Vegetarians
30152,2,Traditional Shoppers
30153,4,Promotion Hunters
30154,0,Value Seekers
30155,3,Vegetarians
30156,0,Value Seekers
30157,2,Traditional Shoppers
30158,1,Wellness
30159,6,Large Families
30161,0,Value Seekers
30164,6,Large Families
30165,1,Wellness
30167,6,Large Families
30168,2,Traditional Shoppers
30169,3,Vegetarians
30170,1,Wellness
30171,6,Large Families
30172,6,Large Families
30173,3,Vegetarians
30174,5,Tech Enthusiasts
30175,6,Large Families
30176,1,Wellness
30177,2,Traditional Shoppers
30178,1,Wellness
30179,1,Wellness
30180,2,Traditional Shoppers
30181,0,Value Seekers
30183,5,Tech Enthusiasts
30184,6,Large Families
30185,6,Large Families
30186,1,Wellness
30187,3,Vegetarians
30188,7,Loyal Explorers
30189,5,Tech Enthusiasts
30190,0,Value Seekers
30191,6,Large Families
30192,4,Promotion Hunters
30193,6,Large Families
30194,2,Traditional Shoppers
30195,1,Wellness
30196,3,Vegetarians
30197,6,Large Families
30198,4,Promotion Hunters
30199,2,Traditional Shoppers
30203,0,Value Seekers
30204,1,Wellness
30205,0,Value Seekers
30206,3,Vegetarians
30207,2,Traditional Shoppers
30208,6,Large Families
30209,1,Wellness
30210,0,Value Seekers
30211,5,Tech Enthusiasts
30213,2,Traditional Shoppers
30214,7,Loyal Explorers
30215,7,Loyal Explorers
30216,0,Value Seekers
30217,1,Wellness
30220,5,Tech Enthusiasts
30221,0,Value Seekers
30222,2,Traditional Shoppers
30223,1,Wellness
30224,5,Tech Enthusiasts
30225,5,Tech Enthusiasts
30226,5,Tech Enthusiasts
30227,0,Value Seekers
30228,2,Traditional Shoppers
30229,1,Wellness
30230,5,Tech Enthusiasts
30231,3,Vegetarians
30232,2,Traditional Shoppers
30233,3,Vegetarians
30234,6,Large Families
30235,2,Traditional Shoppers
30236,3,Vegetarians
30237,2,Traditional Shoppers
30239,6,Large Families
30240,1,Wellness
30241,2,Traditional Shoppers
30242,7,Loyal Explorers
30243,6,Large Families
30244,7,Loyal Explorers
30245,2,Traditional Shoppers
30246,5,Tech Enthusiasts
30247,1,Wellness
30249,5,Tech Enthusiasts
30250,7,Loyal Explorers
30251,7,Loyal Explorers
30252,6,Large Families
30254,6,Large Families
30256,0,Value Seekers
30259,2,Traditional Shoppers
30260,7,Loyal Explorers
30261,3,Vegetarians
30262,3,Vegetarians
30263,2,Traditional Shoppers
30264,1,Wellness
30266,6,Large Families
30267,2,Traditional Shoppers
30268,5,Tech Enthusiasts
30269,3,Vegetarians
30270,7,Loyal Explorers
30272,7,Loyal Explorers
30273,4,Promotion Hunters
30275,3,Vegetarians
30276,4,Promotion Hunters
30277,4,Promotion Hunters
30278,6,Large Families
30279,0,Value Seekers
30280,1,Wellness
30281,0,Value Seekers
30282,6,Large Families
30283,4,Promotion Hunters
30284,7,Loyal Explorers
30285,5,Tech Enthusiasts
30286,1,Wellness
30287,7,Loyal Explorers
30288,6,Large Families
30289,2,Traditional Shoppers
30290,5,Tech Enthusiasts
30291,2,Traditional Shoppers
30293,6,Large Families
30294,5,Tech Enthusiasts
30296,3,Vegetarians
30297,1,Wellness
30298,3,Vegetarians
30300,1,Wellness
30301,1,Wellness
30302,4,Promotion Hunters
30304,6,Large Families
30305,5,Tech Enthusiasts
30306,5,Tech Enthusiasts
30307,1,Wellness
30308,5,Tech Enthusiasts
30310,3,Vegetarians
30311,6,Large Families
30312,7,Loyal Explorers
30313,4,Promotion Hunters
30315,6,Large Families
30317,2,Traditional Shoppers
30319,3,Vegetarians
30320,3,Vegetarians
30321,0,Value Seekers
30322,3,Vegetarians
30323,6,Large Families
30324,3,Vegetarians
30325,2,Traditional Shoppers
30326,4,Promotion Hunters
30327,5,Tech Enthusiasts
30328,2,Traditional Shoppers
30329,2,Traditional Shoppers
30330,3,Vegetarians
30331,0,Value Seekers
30332,6,Large Families
30334,7,Loyal Explorers
30335,2,Traditional Shoppers
30336,2,Traditional Shoppers
30337,0,Value Seekers
30338,3,Vegetarians
30339,2,Traditional Shoppers
30340,2,Traditional Shoppers
30341,5,Tech Enthusiasts
30342,3,Vegetarians
30343,7,Loyal Explorers
30344,7,Loyal Explorers
30346,2,Traditional Shoppers
30347,0,Value Seekers
30348,5,Tech Enthusiasts
30349,3,Vegetarians
30350,3,Vegetarians
30351,3,Vegetarians
30354,6,Large Families
30355,4,Promotion Hunters
30356,4,Promotion Hunters
30357,7,Loyal Explorers
30358,5,Tech Enthusiasts
30359,7,Loyal Explorers
30360,1,Wellness
30361,1,Wellness
30362,2,Traditional Shoppers
30363,7,Loyal Explorers
30365,1,Wellness
30366,0,Value Seekers
30368,3,Vegetarians
30369,6,Large Families
30370,4,Promotion Hunters
30371,3,Vegetarians
30372,6,Large Families
30373,0,Value Seekers
30374,0,Value Seekers
30375,5,Tech Enthusiasts
30376,5,Tech Enthusiasts
30377,1,Wellness
30378,1,Wellness
30379,2,Traditional Shoppers
30382,2,Traditional Shoppers
30384,7,Loyal Explorers
30385,4,Promotion Hunters
30387,3,Vegetarians
30388,6,Large Families
30389,0,Value Seekers
30391,3,Vegetarians
30392,2,Traditional Shoppers
30393,6,Large Families
30394,0,Value Seekers
30395,7,Loyal Explorers
30396,3,Vegetarians
30397,5,Tech Enthusiasts
30399,2,Traditional Shoppers
30400,2,Traditional Shoppers
30401,6,Large Families
30403,5,Tech Enthusiasts
30404,6,Large Families
30405,2,Traditional Shoppers
30406,4,Promotion Hunters
30408,4,Promotion Hunters
30409,7,Loyal Explorers
30410,2,Traditional Shoppers
30412,4,Promotion Hunters
30413,1,Wellness
30414,6,Large Families
30415,0,Value Seekers
30416,0,Value Seekers
30417,6,Large Families
30418,5,Tech Enthusiasts
30419,1,Wellness
30421,5,Tech Enthusiasts
30422,3,Vegetarians
30423,6,Large Families
30424,5,Tech Enthusiasts
30425,0,Value Seekers
30426,1,Wellness
30427,7,Loyal Explorers
30428,1,Wellness
30429,3,Vegetarians
30430,6,Large Families
30431,2,Traditional Shoppers
30432,6,Large Families
30434,3,Vegetarians
30435,5,Tech Enthusiasts
30436,0,Value Seekers
30437,7,Loyal Explorers
30439,0,Value Seekers
30440,2,Traditional Shoppers
30442,3,Vegetarians
30443,2,Traditional Shoppers
30444,6,Large Families
30446,3,Vegetarians
30447,2,Traditional Shoppers
30448,1,Wellness
30449,2,Traditional Shoppers
30450,7,Loyal Explorers
30451,1,Wellness
30452,4,Promotion Hunters
30453,0,Value Seekers
30454,6,Large Families
30455,4,Promotion Hunters
30456,5,Tech Enthusiasts
30458,3,Vegetarians
30459,3,Vegetarians
30462,5,Tech Enthusiasts
30463,7,Loyal Explorers
30464,2,Traditional Shoppers
30465,2,Traditional Shoppers
30467,6,Large Families
30469,3,Vegetarians
30470,1,Wellness
30472,5,Tech Enthusiasts
30474,0,Value Seekers
30475,6,Large Families
30476,2,Traditional Shoppers
30477,2,Traditional Shoppers
30478,5,Tech Enthusiasts
30480,4,Promotion Hunters
30481,5,Tech Enthusiasts
30482,2,Traditional Shoppers
30483,4,Promotion Hunters
30484,6,Large Families
30486,7,Loyal Explorers
30488,4,Promotion Hunters
30489,2,Traditional Shoppers
30490,5,Tech Enthusiasts
30491,3,Vegetarians
30492,5,Tech Enthusiasts
30493,6,Large Families
30494,6,Large Families
30495,2,Traditional Shoppers
30496,7,Loyal Explorers
30497,1,Wellness
30498,4,Promotion Hunters
30499,0,Value Seekers
30500,7,Loyal Explorers
30501,2,Traditional Shoppers
30503,2,Traditional Shoppers
30504,5,Tech Enthusiasts
30505,5,Tech Enthusiasts
30506,2,Traditional Shoppers
30507,4,Promotion Hunters
30508,4,Promotion Hunters
30509,5,Tech Enthusiasts
30511,6,Large Families
30512,7,Loyal Explorers
30513,0,Value Seekers
30514,2,Traditional Shoppers
30515,6,Large Families
30516,6,Large Families
30517,3,Vegetarians
30518,0,Value Seekers
30519,2,Traditional Shoppers
30522,6,Large Families
30523,5,Tech Enthusiasts
30524,7,Loyal Explorers
30525,1,Wellness
30527,1,Wellness
30528,3,Vegetarians
30529,6,Large Families
30530,2,Traditional Shoppers
30531,0,Value Seekers
30532,4,Promotion Hunters
30533,4,Promotion Hunters
30534,1,Wellness
30535,2,Traditional Shoppers
30536,4,Promotion Hunters
30537,2,Traditional Shoppers
30538,2,Traditional Shoppers
30539,5,Tech Enthusiasts
30540,1,Wellness
30541,2,Traditional Shoppers
30542,1,Wellness
30544,1,Wellness
30545,7,Loyal Explorers
30546,5,Tech Enthusiasts
30547,7,Loyal Explorers
30548,0,Value Seekers
30552,4,Promotion Hunters
30553,2,Traditional Shoppers
30554,0,Value Seekers
30555,5,Tech Enthusiasts
30556,7,Loyal Explorers
30557,1,Wellness
30558,5,Tech Enthusiasts
30560,6,Large Families
30561,0,Value Seekers
30562,0,Value Seekers
30565,1,Wellness
30567,7,Loyal Explorers
30569,6,Large Families
30570,3,Vegetarians
30572,4,Promotion Hunters
30573,3,Vegetarians
30574,4,Promotion Hunters
30577,2,Traditional Shoppers
30578,1,Wellness
30579,7,Loyal Explorers
30580,3,Vegetarians
30581,6,Large Families
30582,2,Traditional Shoppers
30583,4,Promotion Hunters
30584,2,Traditional Shoppers
30585,6,Large Families
30586,2,Traditional Shoppers
30587,2,Traditional Shoppers
30588,0,Value Seekers
30589,0,Value Seekers
30590,2,Traditional Shoppers
30592,1,Wellness
30593,3,Vegetarians
30594,0,Value Seekers
30596,2,Traditional Shoppers
30597,3,Vegetarians
30599,2,Traditional Shoppers
30600,0,Value Seekers
30601,5,Tech Enthusiasts
30602,1,Wellness
30603,1,Wellness
30604,7,Loyal Explorers
30605,1,Wellness
30606,4,Promotion Hunters
30607,2,Traditional Shoppers
30608,2,Traditional Shoppers
30609,2,Traditional Shoppers
30610,2,Traditional Shoppers
30611,2,Traditional Shoppers
30612,7,Loyal Explorers
30613,2,Traditional Shoppers
30614,5,Tech Enthusiasts
30615,2,Traditional Shoppers
30617,6,Large Families
30618,7,Loyal Explorers
30619,1,Wellness
30620,5,Tech Enthusiasts
30621,4,Promotion Hunters
30623,2,Traditional Shoppers
30624,3,Vegetarians
30625,1,Wellness
30626,1,Wellness
30627,2,Traditional Shoppers
30628,2,Traditional Shoppers
30629,1,Wellness
30630,5,Tech Enthusiasts
30633,6,Large Families
30634,5,Tech Enthusiasts
30635,5,Tech Enthusiasts
30637,2,Traditional Shoppers
30638,2,Traditional Shoppers
30639,7,Loyal Explorers
30640,7,Loyal Explorers
30641,1,Wellness
30642,2,Traditional Shoppers
30643,1,Wellness
30644,6,Large Families
30645,0,Value Seekers
30646,0,Value Seekers
30647,5,Tech Enthusiasts
30648,6,Large Families
30651,1,Wellness
30652,7,Loyal Explorers
30653,2,Traditional Shoppers
30654,5,Tech Enthusiasts
30655,1,Wellness
30656,2,Traditional Shoppers
30658,6,Large Families
30660,5,Tech Enthusiasts
30661,1,Wellness
30662,7,Loyal Explorers
30663,6,Large Families
30664,1,Wellness
30665,5,Tech Enthusiasts
30666,3,Vegetarians
30667,5,Tech Enthusiasts
30669,2,Traditional Shoppers
30670,1,Wellness
30671,5,Tech Enthusiasts
30672,6,Large Families
30673,2,Traditional Shoppers
30674,3,Vegetarians
30675,7,Loyal Explorers
30676,5,Tech Enthusiasts
30677,4,Promotion Hunters
30678,1,Wellness
30679,3,Vegetarians
30680,2,Traditional Shoppers
30681,3,Vegetarians
30682,2,Traditional Shoppers
30685,7,Loyal Explorers
30687,5,Tech Enthusiasts
30688,7,Loyal Explorers
30689,5,Tech Enthusiasts
30690,3,Vegetarians
30692,6,Large Families
30693,4,Promotion Hunters
30694,5,Tech Enthusiasts
30695,0,Value Seekers
30696,3,Vegetarians
30697,6,Large Families
30698,0,Value Seekers
30699,6,Large Families
30700,6,Large Families
30701,0,Value Seekers
30702,1,Wellness
30703,0,Value Seekers
30705,3,Vegetarians
30706,7,Loyal Explorers
30707,7,Loyal Explorers
30708,6,Large Families
30709,2,Traditional Shoppers
30710,2,Traditional Shoppers
30711,4,Promotion Hunters
30712,3,Vegetarians
30713,7,Loyal Explorers
30714,4,Promotion Hunters
30715,7,Loyal Explorers
30716,3,Vegetarians
30717,2,Traditional Shoppers
30718,6,Large Families
30719,2,Traditional Shoppers
30720,3,Vegetarians
30722,2,Traditional Shoppers
30723,5,Tech Enthusiasts
30724,3,Vegetarians
30725,2,Traditional Shoppers
30726,1,Wellness
30727,4,Promotion Hunters
30728,3,Vegetarians
30730,6,Large Families
30731,6,Large Families
30732,1,Wellness
30733,3,Vegetarians
30734,1,Wellness
30736,6,Large Families
30737,2,Traditional Shoppers
30739,3,Vegetarians
30740,6,Large Families
30741,0,Value Seekers
30742,3,Vegetarians
30743,3,Vegetarians
30744,3,Vegetarians
30745,3,Vegetarians
30747,3,Vegetarians
30748,7,Loyal Explorers
30749,2,Traditional Shoppers
30751,4,Promotion Hunters
30753,6,Large Families
30754,5,Tech Enthusiasts
30755,7,Loyal Explorers
30756,2,Traditional Shoppers
30757,0,Value Seekers
30758,5,Tech Enthusiasts
30760,3,Vegetarians
30762,2,Traditional Shoppers
30763,3,Vegetarians
30764,4,Promotion Hunters
30767,3,Vegetarians
30770,1,Wellness
30771,4,Promotion Hunters
30772,0,Value Seekers
30773,7,Loyal Explorers
30774,2,Traditional Shoppers
30775,3,Vegetarians
30776,5,Tech Enthusiasts
30777,3,Vegetarians
30778,1,Wellness
30780,6,Large Families
30781,6,Large Families
30782,5,Tech Enthusiasts
30783,1,Wellness
30784,4,Promotion Hunters
30786,3,Vegetarians
30787,6,Large Families
30789,1,Wellness
30790,2,Traditional Shoppers
30791,7,Loyal Explorers
30792,6,Large Families
30793,1,Wellness
30794,6,Large Families
30795,2,Traditional Shoppers
30796,5,Tech Enthusiasts
30797,1,Wellness
30798,0,Value Seekers
30799,2,Traditional Shoppers
30800,5,Tech Enthusiasts
30801,6,Large Families
30802,3,Vegetarians
30803,3,Vegetarians
30804,2,Traditional Shoppers
30805,3,Vegetarians
30809,2,Traditional Shoppers
30810,6,Large Families
30813,0,Value Seekers
30814,2,Traditional Shoppers
30815,5,Tech Enthusiasts
30816,1,Wellness
30817,3,Vegetarians
30818,1,Wellness
30820,1,Wellness
30821,7,Loyal Explorers
30822,2,Traditional Shoppers
30823,2,Traditional Shoppers
30825,2,Traditional Shoppers
30827,3,Vegetarians
30829,4,Promotion Hunters
30830,4,Promotion Hunters
30831,2,Traditional Shoppers
30832,1,Wellness
30833,2,Traditional Shoppers
30834,4,Promotion Hunters
30835,0,Value Seekers
30836,0,Value Seekers
30837,4,Promotion Hunters
30838,6,Large Families
30839,1,Wellness
30840,6,Large Families
30841,5,Tech Enthusiasts
30842,7,Loyal Explorers
30843,5,Tech Enthusiasts
30844,1,Wellness
30845,2,Traditional Shoppers
30846,7,Loyal Explorers
30847,7,Loyal Explorers
30848,6,Large Families
30849,5,Tech Enthusiasts
30850,5,Tech Enthusiasts
30852,2,Traditional Shoppers
30853,4,Promotion Hunters
30854,3,Vegetarians
30855,4,Promotion Hunters
30856,2,Traditional Shoppers
30858,5,Tech Enthusiasts
30859,2,Traditional Shoppers
30860,6,Large Families
30861,2,Traditional Shoppers
30862,1,Wellness
30864,7,Loyal Explorers
30865,6,Large Families
30869,1,Wellness
30870,3,Vegetarians
30872,1,Wellness
30873,7,Loyal Explorers
30874,5,Tech Enthusiasts
30875,7,Loyal Explorers
30877,0,Value Seekers
30878,2,Traditional Shoppers
30880,1,Wellness
30881,2,Traditional Shoppers
30882,6,Large Families
30884,6,Large Families
30885,0,Value Seekers
30886,5,Tech Enthusiasts
30887,1,Wellness
30888,7,Loyal Explorers
30889,4,Promotion Hunters
30890,2,Traditional Shoppers
30891,6,Large Families
30892,2,Traditional Shoppers
30893,6,Large Families
30895,7,Loyal Explorers
30896,4,Promotion Hunters
30897,3,Vegetarians
30898,6,Large Families
30899,3,Vegetarians
30900,2,Traditional Shoppers
30901,7,Loyal Explorers
30904,6,Large Families
30905,7,Loyal Explorers
30906,7,Loyal Explorers
30907,4,Promotion Hunters
30908,1,Wellness
30909,3,Vegetarians
30910,2,Traditional Shoppers
30911,5,Tech Enthusiasts
30912,3,Vegetarians
30913,3,Vegetarians
30914,0,Value Seekers
30915,3,Vegetarians
30916,1,Wellness
30917,7,Loyal Explorers
30918,4,Promotion Hunters
30919,3,Vegetarians
30920,7,Loyal Explorers
30921,6,Large Families
30922,2,Traditional Shoppers
30925,5,Tech Enthusiasts
30926,2,Traditional Shoppers
30927,7,Loyal Explorers
30928,7,Loyal Explorers
30929,5,Tech Enthusiasts
30930,3,Vegetarians
30931,7,Loyal Explorers
30932,6,Large Families
30933,6,Large Families
30935,0,Value Seekers
30937,3,Vegetarians
30939,6,Large Families
30940,2,Traditional Shoppers
30941,3,Vegetarians
30942,7,Loyal Explorers
30943,6,Large Families
30944,6,Large Families
30945,2,Traditional Shoppers
30947,1,Wellness
30949,6,Large Families
30950,3,Vegetarians
30951,2,Traditional Shoppers
30952,6,Large Families
30953,5,Tech Enthusiasts
30954,5,Tech Enthusiasts
30955,3,Vegetarians
30956,6,Large Families
30957,7,Loyal Explorers
30960,2,Traditional Shoppers
30961,6,Large Families
30962,4,Promotion Hunters
30963,5,Tech Enthusiasts
30964,5,Tech Enthusiasts
30966,6,Large Families
30967,5,Tech Enthusiasts
30968,6,Large Families
30969,4,Promotion Hunters
30971,5,Tech Enthusiasts
30972,5,Tech Enthusiasts
30973,1,Wellness
30974,3,Vegetarians
30975,0,Value Seekers
30977,0,Value Seekers
30979,7,Loyal Explorers
30980,1,Wellness
30981,6,Large Families
30982,6,Large Families
30983,3,Vegetarians
30984,3,Vegetarians
30985,7,Loyal Explorers
30986,5,Tech Enthusiasts
30987,5,Tech Enthusiasts
30988,6,Large Families
30989,2,Traditional Shoppers
30990,0,Value Seekers
30991,1,Wellness
30992,5,Tech Enthusiasts
30993,3,Vegetarians
30994,6,Large Families
30996,2,Traditional Shoppers
30997,5,Tech Enthusiasts
31000,3,Vegetarians
31001,4,Promotion Hunters
31002,6,Large Families
31003,6,Large Families
31004,4,Promotion Hunters
31006,1,Wellness
31007,4,Promotion Hunters
31008,3,Vegetarians
31009,6,Large Families
31010,3,Vegetarians
31012,0,Value Seekers
31014,7,Loyal Explorers
31015,5,Tech Enthusiasts
31016,2,Traditional Shoppers
31017,3,Vegetarians
31018,3,Vegetarians
31019,6,Large Families
31020,2,Traditional Shoppers
31021,4,Promotion Hunters
31022,2,Traditional Shoppers
31023,7,Loyal Explorers
31026,5,Tech Enthusiasts
31027,3,Vegetarians
31028,7,Loyal Explorers
31029,7,Loyal Explorers
31030,5,Tech Enthusiasts
31031,2,Traditional Shoppers
31032,3,Vegetarians
31033,3,Vegetarians
31034,2,Traditional Shoppers
31035,2,Traditional Shoppers
31036,3,Vegetarians
31037,3,Vegetarians
31038,0,Value Seekers
31039,1,Wellness
31040,3,Vegetarians
31042,3,Vegetarians
31044,6,Large Families
31047,6,Large Families
31048,6,Large Families
31049,2,Traditional Shoppers
31054,5,Tech Enthusiasts
31056,0,Value Seekers
31057,2,Traditional Shoppers
31058,7,Loyal Explorers
31059,2,Traditional Shoppers
31060,6,Large Families
31061,1,Wellness
31062,3,Vegetarians
31063,6,Large Families
31064,1,Wellness
31065,2,Traditional Shoppers
31066,6,Large Families
31067,2,Traditional Shoppers
31068,6,Large Families
31069,2,Traditional Shoppers
31070,2,Traditional Shoppers
31071,2,Traditional Shoppers
31072,2,Traditional Shoppers
31073,2,Traditional Shoppers
31074,5,Tech Enthusiasts
31075,1,Wellness
31077,6,Large Families
31078,6,Large Families
31079,7,Loyal Explorers
31080,5,Tech Enthusiasts
31081,2,Traditional Shoppers
31082,6,Large Families
31083,2,Traditional Shoppers
31084,3,Vegetarians
31085,1,Wellness
31086,6,Large Families
31087,0,Value Seekers
31088,6,Large Families
31089,2,Traditional Shoppers
31090,7,Loyal Explorers
31091,2,Traditional Shoppers
31092,6,Large Families
31093,2,Traditional Shoppers
31096,1,Wellness
31097,7,Loyal Explorers
31098,0,Value Seekers
31099,4,Promotion Hunters
31100,1,Wellness
31101,2,Traditional Shoppers
31102,1,Wellness
31103,7,Loyal Explorers
31104,1,Wellness
31105,2,Traditional Shoppers
31107,2,Traditional Shoppers
31108,2,Traditional Shoppers
31109,1,Wellness
31110,6,Large Families
31111,2,Traditional Shoppers
31112,6,Large Families
31113,2,Traditional Shoppers
31114,6,Large Families
31115,1,Wellness
31116,1,Wellness
31117,2,Traditional Shoppers
31118,6,Large Families
31119,3,Vegetarians
31121,2,Traditional Shoppers
31122,3,Vegetarians
31123,3,Vegetarians
31125,2,Traditional Shoppers
31126,2,Traditional Shoppers
31127,4,Promotion Hunters
31128,7,Loyal Explorers
31129,5,Tech Enthusiasts
31131,5,Tech Enthusiasts
31132,6,Large Families
31133,5,Tech Enthusiasts
31136,4,Promotion Hunters
31137,4,Promotion Hunters
31138,2,Traditional Shoppers
31139,4,Promotion Hunters
31140,1,Wellness
31141,2,Traditional Shoppers
31142,0,Value Seekers
31144,2,Traditional Shoppers
31145,2,Traditional Shoppers
31146,1,Wellness
31147,1,Wellness
31148,2,Traditional Shoppers
31150,3,Vegetarians
31151,1,Wellness
31152,2,Traditional Shoppers
31153,6,Large Families
31154,1,Wellness
31155,2,Traditional Shoppers
31157,6,Large Families
31158,1,Wellness
31159,2,Traditional Shoppers
31160,1,Wellness
31161,0,Value Seekers
31162,1,Wellness
31163,2,Traditional Shoppers
31164,6,Large Families
31165,7,Loyal Explorers
31166,0,Value Seekers
31167,2,Traditional Shoppers
31168,3,Vegetarians
31169,3,Vegetarians
31170,6,Large Families
31172,3,Vegetarians
31173,1,Wellness
31174,7,Loyal Explorers
31175,5,Tech Enthusiasts
31176,0,Value Seekers
31177,4,Promotion Hunters
31178,6,Large Families
31179,3,Vegetarians
31180,0,Value Seekers
31181,1,Wellness
31183,4,Promotion Hunters
31184,0,Value Seekers
31185,1,Wellness
31186,7,Loyal Explorers
31188,6,Large Families
31189,2,Traditional Shoppers
31190,7,Loyal Explorers
31191,0,Value Seekers
31193,5,Tech Enthusiasts
31195,6,Large Families
31196,5,Tech Enthusiasts
31197,3,Vegetarians
31198,5,Tech Enthusiasts
31199,2,Traditional Shoppers
31200,6,Large Families
31201,7,Loyal Explorers
31202,1,Wellness
31203,5,Tech Enthusiasts
31204,5,Tech Enthusiasts
31205,4,Promotion Hunters
31206,6,Large Families
31207,3,Vegetarians
31208,3,Vegetarians
31209,6,Large Families
31210,4,Promotion Hunters
31211,5,Tech Enthusiasts
31212,6,Large Families
31213,1,Wellness
31214,5,Tech Enthusiasts
31215,7,Loyal Explorers
31216,4,Promotion Hunters
31217,3,Vegetarians
31218,2,Traditional Shoppers
31219,6,Large Families
31220,1,Wellness
31222,4,Promotion Hunters
31223,3,Vegetarians
31224,6,Large Families
31225,4,Promotion Hunters
31226,2,Traditional Shoppers
31227,7,Loyal Explorers
31228,7,Loyal Explorers
31229,3,Vegetarians
31230,1,Wellness
31231,0,Value Seekers
31233,2,Traditional Shoppers
31235,3,Vegetarians
31237,3,Vegetarians
31239,6,Large Families
31240,6,Large Families
31241,6,Large Families
31242,5,Tech Enthusiasts
31243,0,Value Seekers
31244,2,Traditional Shoppers
31245,2,Traditional Shoppers
31246,2,Traditional Shoppers
31247,1,Wellness
31248,7,Loyal Explorers
31249,3,Vegetarians
31251,0,Value Seekers
31253,1,Wellness
31254,6,Large Families
31255,3,Vegetarians
31256,1,Wellness
31257,7,Loyal Explorers
31258,3,Vegetarians
31260,3,Vegetarians
31261,7,Loyal Explorers
31262,4,Promotion Hunters
31264,6,Large Families
31265,6,Large Families
31266,7,Loyal Explorers
31267,4,Promotion Hunters
31268,3,Vegetarians
31269,1,Wellness
31270,4,Promotion Hunters
31271,2,Traditional Shoppers
31272,2,Traditional Shoppers
31273,4,Promotion Hunters
31274,1,Wellness
31275,6,Large Families
31276,4,Promotion Hunters
31277,1,Wellness
31278,4,Promotion Hunters
31279,0,Value Seekers
31280,5,Tech Enthusiasts
31281,2,Traditional Shoppers
31283,6,Large Families
31284,7,Loyal Explorers
31285,7,Loyal Explorers
31286,0,Value Seekers
31287,5,Tech Enthusiasts
31288,3,Vegetarians
31290,1,Wellness
31291,2,Traditional Shoppers
31292,7,Loyal Explorers
31294,5,Tech Enthusiasts
31295,2,Traditional Shoppers
31296,4,Promotion Hunters
31297,5,Tech Enthusiasts
31298,5,Tech Enthusiasts
31299,3,Vegetarians
31300,1,Wellness
31301,1,Wellness
31303,4,Promotion Hunters
31304,6,Large Families
31305,6,Large Families
31307,6,Large Families
31309,2,Traditional Shoppers
31310,2,Traditional Shoppers
31312,6,Large Families
31313,6,Large Families
31314,3,Vegetarians
31317,2,Traditional Shoppers
31318,2,Traditional Shoppers
31320,3,Vegetarians
31321,5,Tech Enthusiasts
31322,3,Vegetarians
31323,5,Tech Enthusiasts
31324,1,Wellness
31325,6,Large Families
31326,3,Vegetarians
31327,1,Wellness
31328,0,Value Seekers
31329,2,Traditional Shoppers
31330,2,Traditional Shoppers
31332,3,Vegetarians
31333,0,Value Seekers
31334,2,Traditional Shoppers
31335,0,Value Seekers
31336,6,Large Families
31339,1,Wellness
31341,5,Tech Enthusiasts
31342,4,Promotion Hunters
31344,5,Tech Enthusiasts
31345,4,Promotion Hunters
31346,3,Vegetarians
31347,7,Loyal Explorers
31348,1,Wellness
31349,6,Large Families
31350,2,Traditional Shoppers
31352,6,Large Families
31353,0,Value Seekers
31355,6,Large Families
31356,0,Value Seekers
31357,2,Traditional Shoppers
31359,5,Tech Enthusiasts
31360,6,Large Families
31362,4,Promotion Hunters
31363,2,Traditional Shoppers
31364,6,Large Families
31365,2,Traditional Shoppers
31367,6,Large Families
31368,4,Promotion Hunters
31369,2,Traditional Shoppers
31371,5,Tech Enthusiasts
31372,6,Large Families
31374,0,Value Seekers
31375,7,Loyal Explorers
31377,6,Large Families
31378,2,Traditional Shoppers
31379,4,Promotion Hunters
31380,3,Vegetarians
31381,3,Vegetarians
31383,2,Traditional Shoppers
31384,2,Traditional Shoppers
31385,4,Promotion Hunters
31387,6,Large Families
31388,7,Loyal Explorers
31390,5,Tech Enthusiasts
31391,0,Value Seekers
31393,0,Value Seekers
31394,1,Wellness
31395,7,Loyal Explorers
31396,5,Tech Enthusiasts
31397,6,Large Families
31398,1,Wellness
31399,6,Large Families
31400,6,Large Families
31401,7,Loyal Explorers
31402,0,Value Seekers
31403,3,Vegetarians
31404,2,Traditional Shoppers
31405,6,Large Families
31406,1,Wellness
31407,2,Traditional Shoppers
31408,2,Traditional Shoppers
31409,5,Tech Enthusiasts
31410,2,Traditional Shoppers
31411,2,Traditional Shoppers
31412,6,Large Families
31413,3,Vegetarians
31415,2,Traditional Shoppers
31416,6,Large Families
31417,2,Traditional Shoppers
31418,6,Large Families
31419,3,Vegetarians
31420,7,Loyal Explorers
31421,7,Loyal Explorers
31422,5,Tech Enthusiasts
31423,2,Traditional Shoppers
31424,1,Wellness
31425,0,Value Seekers
31426,2,Traditional Shoppers
31429,3,Vegetarians
31431,2,Traditional Shoppers
31432,6,Large Families
31433,2,Traditional Shoppers
31435,6,Large Families
31436,2,Traditional Shoppers
31438,7,Loyal Explorers
31439,2,Traditional Shoppers
31441,5,Tech Enthusiasts
31442,4,Promotion Hunters
31443,7,Loyal Explorers
31444,5,Tech Enthusiasts
31445,1,Wellness
31446,6,Large Families
31448,3,Vegetarians
31449,5,Tech Enthusiasts
31450,2,Traditional Shoppers
31451,3,Vegetarians
31452,7,Loyal Explorers
31453,5,Tech Enthusiasts
31454,5,Tech Enthusiasts
31455,5,Tech Enthusiasts
31457,4,Promotion Hunters
31458,0,Value Seekers
31459,7,Loyal Explorers
31460,5,Tech Enthusiasts
31461,6,Large Families
31463,4,Promotion Hunters
31464,1,Wellness
31465,2,Traditional Shoppers
31466,4,Promotion Hunters
31467,2,Traditional Shoppers
31468,6,Large Families
31469,0,Value Seekers
31470,3,Vegetarians
31471,3,Vegetarians
31472,0,Value Seekers
31473,2,Traditional Shoppers
31474,5,Tech Enthusiasts
31475,1,Wellness
31476,6,Large Families
31478,2,Traditional Shoppers
31479,3,Vegetarians
31480,6,Large Families
31481,2,Traditional Shoppers
31482,4,Promotion Hunters
31483,3,Vegetarians
31485,3,Vegetarians
31486,4,Promotion Hunters
31487,0,Value Seekers
31488,4,Promotion Hunters
31489,0,Value Seekers
31490,4,Promotion Hunters
31491,5,Tech Enthusiasts
31492,7,Loyal Explorers
31493,0,Value Seekers
31494,5,Tech Enthusiasts
31495,5,Tech Enthusiasts
31496,6,Large Families
31497,4,Promotion Hunters
31498,0,Value Seekers
31499,2,Traditional Shoppers
31502,0,Value Seekers
31503,7,Loyal Explorers
31504,4,Promotion Hunters
31506,4,Promotion Hunters
31507,2,Traditional Shoppers
31508,7,Loyal Explorers
31509,2,Traditional Shoppers
31510,4,Promotion Hunters
31511,6,Large Families
31512,6,Large Families
31513,2,Traditional Shoppers
31515,6,Large Families
31516,1,Wellness
31517,3,Vegetarians
31519,2,Traditional Shoppers
31520,4,Promotion Hunters
31521,7,Loyal Explorers
31522,2,Traditional Shoppers
31523,5,Tech Enthusiasts
31524,3,Vegetarians
31525,1,Wellness
31526,4,Promotion Hunters
31527,7,Loyal Explorers
31528,2,Traditional Shoppers
31530,0,Value Seekers
31531,7,Loyal Explorers
31532,6,Large Families
31533,1,Wellness
31535,6,Large Families
31536,7,Loyal Explorers
31537,5,Tech Enthusiasts
31538,3,Vegetarians
31539,4,Promotion Hunters
31540,4,Promotion Hunters
31541,0,Value Seekers
31542,6,Large Families
31543,6,Large Families
31544,7,Loyal Explorers
31545,3,Vegetarians
31547,3,Vegetarians
31548,1,Wellness
31549,6,Large Families
31552,4,Promotion Hunters
31553,4,Promotion Hunters
31554,4,Promotion Hunters
31555,1,Wellness
31556,1,Wellness
31557,5,Tech Enthusiasts
31558,0,Value Seekers
31559,2,Traditional Shoppers
31560,4,Promotion Hunters
31561,6,Large Families
31562,2,Traditional Shoppers
31563,3,Vegetarians
31564,0,Value Seekers
31565,2,Traditional Shoppers
31566,3,Vegetarians
31567,3,Vegetarians
31568,4,Promotion Hunters
31569,1,Wellness
31570,4,Promotion Hunters
31571,0,Value Seekers
31572,6,Large Families
31573,2,Traditional Shoppers
31574,2,Traditional Shoppers
31576,5,Tech Enthusiasts
31577,3,Vegetarians
31579,0,Value Seekers
31580,4,Promotion Hunters
31581,6,Large Families
31582,2,Traditional Shoppers
31584,6,Large Families
31587,5,Tech Enthusiasts
31588,7,Loyal Explorers
31589,0,Value Seekers
31590,2,Traditional Shoppers
31592,6,Large Families
31593,6,Large Families
31594,1,Wellness
31595,2,Traditional Shoppers
31596,3,Vegetarians
31597,5,Tech Enthusiasts
31598,3,Vegetarians
31600,1,Wellness
31601,4,Promotion Hunters
31603,1,Wellness
31605,6,Large Families
31606,2,Traditional Shoppers
31607,2,Traditional Shoppers
31608,5,Tech Enthusiasts
31610,6,Large Families
31611,5,Tech Enthusiasts
31612,4,Promotion Hunters
31613,2,Traditional Shoppers
31614,2,Traditional Shoppers
31615,0,Value Seekers
31616,7,Loyal Explorers
31617,0,Value Seekers
31618,2,Traditional Shoppers
31619,4,Promotion Hunters
31620,1,Wellness
31621,5,Tech Enthusiasts
31622,2,Traditional Shoppers
31623,0,Value Seekers
31624,4,Promotion Hunters
31625,6,Large Families
31626,4,Promotion Hunters
31627,7,Loyal Explorers
31628,5,Tech Enthusiasts
31629,7,Loyal Explorers
31630,3,Vegetarians
31631,2,Traditional Shoppers
31632,3,Vegetarians
31634,4,Promotion Hunters
31635,3,Vegetarians
31637,6,Large Families
31638,3,Vegetarians
31639,0,Value Seekers
31641,3,Vegetarians
31642,2,Traditional Shoppers
31643,6,Large Families
31644,4,Promotion Hunters
31645,1,Wellness
31646,0,Value Seekers
31647,4,Promotion Hunters
31648,0,Value Seekers
31649,3,Vegetarians
31650,5,Tech Enthusiasts
31651,3,Vegetarians
31652,4,Promotion Hunters
31653,2,Traditional Shoppers
31654,2,Traditional Shoppers
31656,3,Vegetarians
31657,7,Loyal Explorers
31658,2,Traditional Shoppers
31659,0,Value Seekers
31660,4,Promotion Hunters
31661,0,Value Seekers
31662,1,Wellness
31663,1,Wellness
31664,2,Traditional Shoppers
31665,1,Wellness
31666,1,Wellness
31667,2,Traditional Shoppers
31668,2,Traditional Shoppers
31670,5,Tech Enthusiasts
31671,5,Tech Enthusiasts
31672,7,Loyal Explorers
31673,7,Loyal Explorers
31674,0,Value Seekers
31675,3,Vegetarians
31676,0,Value Seekers
31677,2,Traditional Shoppers
31678,2,Traditional Shoppers
31679,6,Large Families
31680,6,Large Families
31681,3,Vegetarians
31682,4,Promotion Hunters
31683,6,Large Families
31684,4,Promotion Hunters
31685,7,Loyal Explorers
31686,6,Large Families
31687,4,Promotion Hunters
31688,2,Traditional Shoppers
31690,2,Traditional Shoppers
31691,0,Value Seekers
31692,2,Traditional Shoppers
31693,5,Tech Enthusiasts
31694,6,Large Families
31695,2,Traditional Shoppers
31696,6,Large Families
31697,3,Vegetarians
31699,2,Traditional Shoppers
31700,1,Wellness
31701,4,Promotion Hunters
31702,6,Large Families
31703,6,Large Families
31704,7,Loyal Explorers
31705,3,Vegetarians
31706,4,Promotion Hunters
31707,5,Tech Enthusiasts
31708,0,Value Seekers
31709,2,Traditional Shoppers
31710,1,Wellness
31712,7,Loyal Explorers
31713,6,Large Families
31714,2,Traditional Shoppers
31715,0,Value Seekers
31716,2,Traditional Shoppers
31717,2,Traditional Shoppers
31718,3,Vegetarians
31719,5,Tech Enthusiasts
31720,0,Value Seekers
31721,0,Value Seekers
31722,7,Loyal Explorers
31723,7,Loyal Explorers
31724,2,Traditional Shoppers
31726,1,Wellness
31727,1,Wellness
31729,1,Wellness
31730,2,Traditional Shoppers
31731,3,Vegetarians
31732,2,Traditional Shoppers
31733,2,Traditional Shoppers
31734,5,Tech Enthusiasts
31736,1,Wellness
31737,1,Wellness
31738,5,Tech Enthusiasts
31739,7,Loyal Explorers
31741,3,Vegetarians
31742,1,Wellness
31743,6,Large Families
31744,6,Large Families
31746,0,Value Seekers
31747,2,Traditional Shoppers
31748,2,Traditional Shoppers
31750,2,Traditional Shoppers
31751,7,Loyal Explorers
31752,1,Wellness
31754,4,Promotion Hunters
31755,2,Traditional Shoppers
31756,7,Loyal Explorers
31757,3,Vegetarians
31758,7,Loyal Explorers
31759,4,Promotion Hunters
31760,1,Wellness
31761,4,Promotion Hunters
31762,0,Value Seekers
31763,5,Tech Enthusiasts
31765,7,Loyal Explorers
31766,4,Promotion Hunters
31767,4,Promotion Hunters
31768,6,Large Families
31769,5,Tech Enthusiasts
31770,0,Value Seekers
31771,6,Large Families
31772,0,Value Seekers
31773,2,Traditional Shoppers
31774,5,Tech Enthusiasts
31775,1,Wellness
31776,0,Value Seekers
31778,3,Vegetarians
31779,2,Traditional Shoppers
31780,5,Tech Enthusiasts
31781,1,Wellness
31782,3,Vegetarians
31783,2,Traditional Shoppers
31784,7,Loyal Explorers
31785,5,Tech Enthusiasts
31786,5,Tech Enthusiasts
31787,7,Loyal Explorers
31788,6,Large Families
31789,5,Tech Enthusiasts
31790,7,Loyal Explorers
31793,6,Large Families
31794,2,Traditional Shoppers
31797,3,Vegetarians
31800,5,Tech Enthusiasts
31801,0,Value Seekers
31802,7,Loyal Explorers
31803,2,Traditional Shoppers
31804,7,Loyal Explorers
31807,2,Traditional Shoppers
31808,2,Traditional Shoppers
31809,6,Large Families
31810,0,Value Seekers
31811,6,Large Families
31812,2,Traditional Shoppers
31813,6,Large Families
31814,4,Promotion Hunters
31815,3,Vegetarians
31817,1,Wellness
31818,3,Vegetarians
31819,3,Vegetarians
31821,6,Large Families
31822,5,Tech Enthusiasts
31823,1,Wellness
31824,2,Traditional Shoppers
31826,6,Large Families
31827,1,Wellness
31828,4,Promotion Hunters
31829,1,Wellness
31830,5,Tech Enthusiasts
31831,4,Promotion Hunters
31832,2,Traditional Shoppers
31833,4,Promotion Hunters
31834,0,Value Seekers
31835,2,Traditional Shoppers
31836,4,Promotion Hunters
31838,2,Traditional Shoppers
31839,6,Large Families
31840,3,Vegetarians
31841,3,Vegetarians
31842,1,Wellness
31843,2,Traditional Shoppers
31844,4,Promotion Hunters
31845,3,Vegetarians
31846,6,Large Families
31847,4,Promotion Hunters
31848,2,Traditional Shoppers
31849,4,Promotion Hunters
31850,2,Traditional Shoppers
31851,7,Loyal Explorers
31854,4,Promotion Hunters
31855,7,Loyal Explorers
31856,1,Wellness
31859,3,Vegetarians
31860,1,Wellness
31861,4,Promotion Hunters
31862,5,Tech Enthusiasts
31863,6,Large Families
31864,2,Traditional Shoppers
31865,4,Promotion Hunters
31866,4,Promotion Hunters
31867,1,Wellness
31868,0,Value Seekers
31870,4,Promotion Hunters
31872,7,Loyal Explorers
31873,3,Vegetarians
31874,5,Tech Enthusiasts
31875,1,Wellness
31876,5,Tech Enthusiasts
31877,7,Loyal Explorers
31878,1,Wellness
31879,2,Traditional Shoppers
31880,4,Promotion Hunters
31881,6,Large Families
31882,2,Traditional Shoppers
31883,1,Wellness
31884,2,Traditional Shoppers
31886,6,Large Families
31887,0,Value Seekers
31888,0,Value Seekers
31889,6,Large Families
31890,7,Loyal Explorers
31892,0,Value Seekers
31893,6,Large Families
31894,5,Tech Enthusiasts
31896,5,Tech Enthusiasts
31897,5,Tech Enthusiasts
31898,0,Value Seekers
31899,1,Wellness
31900,2,Traditional Shoppers
31901,4,Promotion Hunters
31902,2,Traditional Shoppers
31903,1,Wellness
31904,6,Large Families
31905,3,Vegetarians
31907,3,Vegetarians
31908,7,Loyal Explorers
31909,4,Promotion Hunters
31910,1,Wellness
31912,1,Wellness
31913,6,Large Families
31915,4,Promotion Hunters
31916,5,Tech Enthusiasts
31917,4,Promotion Hunters
31918,1,Wellness
31919,7,Loyal Explorers
31920,1,Wellness
31921,2,Traditional Shoppers
31923,0,Value Seekers
31924,2,Traditional Shoppers
31925,0,Value Seekers
31928,1,Wellness
31929,3,Vegetarians
31930,1,Wellness
31933,2,Traditional Shoppers
31934,3,Vegetarians
31936,3,Vegetarians
31937,0,Value Seekers
31938,5,Tech Enthusiasts
31939,0,Value Seekers
31940,0,Value Seekers
31941,1,Wellness
31942,2,Traditional Shoppers
31943,5,Tech Enthusiasts
31944,0,Value Seekers
31945,6,Large Families
31946,5,Tech Enthusiasts
31947,7,Loyal Explorers
31948,1,Wellness
31949,3,Vegetarians
31951,5,Tech Enthusiasts
31952,7,Loyal Explorers
31953,2,Traditional Shoppers
31954,3,Vegetarians
31956,5,Tech Enthusiasts
31957,5,Tech Enthusiasts
31958,2,Traditional Shoppers
31959,4,Promotion Hunters
31960,6,Large Families
31961,5,Tech Enthusiasts
31962,1,Wellness
31963,6,Large Families
31964,1,Wellness
31965,2,Traditional Shoppers
31966,2,Traditional Shoppers
31969,0,Value Seekers
31970,7,Loyal Explorers
31971,1,Wellness
31972,2,Traditional Shoppers
31974,5,Tech Enthusiasts
31975,5,Tech Enthusiasts
31979,7,Loyal Explorers
31980,5,Tech Enthusiasts
31981,5,Tech Enthusiasts
31985,1,Wellness
31986,2,Traditional Shoppers
31988,7,Loyal Explorers
31990,1,Wellness
31991,3,Vegetarians
31992,6,Large Families
31993,4,Promotion Hunters
31994,3,Vegetarians
31995,2,Traditional Shoppers
31996,4,Promotion Hunters
31997,4,Promotion Hunters
31999,1,Wellness
32001,6,Large Families
32002,1,Wellness
32004,0,Value Seekers
32005,7,Loyal Explorers
32007,5,Tech Enthusiasts
32009,2,Traditional Shoppers
32011,3,Vegetarians
32012,4,Promotion Hunters
32013,6,Large Families
32014,6,Large Families
32017,2,Traditional Shoppers
32018,2,Traditional Shoppers
32021,4,Promotion Hunters
32022,7,Loyal Explorers
32023,0,Value Seekers
32025,7,Loyal Explorers
32026,1,Wellness
32027,7,Loyal Explorers
32030,1,Wellness
32031,4,Promotion Hunters
32032,2,Traditional Shoppers
32033,3,Vegetarians
32034,2,Traditional Shoppers
32035,5,Tech Enthusiasts
32036,4,Promotion Hunters
32037,0,Value Seekers
32038,5,Tech Enthusiasts
32039,4,Promotion Hunters
32040,2,Traditional Shoppers
32041,4,Promotion Hunters
32042,6,Large Families
32043,4,Promotion Hunters
32044,4,Promotion Hunters
32045,5,Tech Enthusiasts
32047,2,Traditional Shoppers
32049,5,Tech Enthusiasts
32051,6,Large Families
32052,0,Value Seekers
32053,2,Traditional Shoppers
32054,6,Large Families
32056,5,Tech Enthusiasts
32058,7,Loyal Explorers
32060,2,Traditional Shoppers
32062,2,Traditional Shoppers
32063,5,Tech Enthusiasts
32064,4,Promotion Hunters
32065,6,Large Families
32066,5,Tech Enthusiasts
32067,1,Wellness
32069,1,Wellness
32071,4,Promotion Hunters
32072,3,Vegetarians
32073,5,Tech Enthusiasts
32075,0,Value Seekers
32077,1,Wellness
32078,7,Loyal Explorers
32079,3,Vegetarians
32080,5,Tech Enthusiasts
32081,3,Vegetarians
32082,2,Traditional Shoppers
32083,2,Traditional Shoppers
32085,1,Wellness
32086,7,Loyal Explorers
32088,2,Traditional Shoppers
32089,6,Large Families
32090,5,Tech Enthusiasts
32091,2,Traditional Shoppers
32092,6,Large Families
32093,0,Value Seekers
32094,3,Vegetarians
32095,3,Vegetarians
32096,1,Wellness
32097,2,Traditional Shoppers
32098,1,Wellness
32099,4,Promotion Hunters
32100,3,Vegetarians
32101,1,Wellness
32102,5,Tech Enthusiasts
32103,3,Vegetarians
32104,5,Tech Enthusiasts
32106,5,Tech Enthusiasts
32107,3,Vegetarians
32108,7,Loyal Explorers
32110,5,Tech Enthusiasts
32111,7,Loyal Explorers
32112,5,Tech Enthusiasts
32113,1,Wellness
32114,6,Large Families
32115,5,Tech Enthusiasts
32116,5,Tech Enthusiasts
32117,1,Wellness
32118,5,Tech Enthusiasts
32119,2,Traditional Shoppers
32121,6,Large Families
32124,1,Wellness
32125,3,Vegetarians
32126,1,Wellness
32128,2,Traditional Shoppers
32129,5,Tech Enthusiasts
32130,4,Promotion Hunters
32131,2,Traditional Shoppers
32132,5,Tech Enthusiasts
32133,5,Tech Enthusiasts
32136,5,Tech Enthusiasts
32137,6,Large Families
32138,7,Loyal Explorers
32139,6,Large Families
32140,2,Traditional Shoppers
32141,1,Wellness
32142,5,Tech Enthusiasts
32144,2,Traditional Shoppers
32145,6,Large Families
32146,6,Large Families
32147,6,Large Families
32148,7,Loyal Explorers
32149,6,Large Families
32150,6,Large Families
32151,7,Loyal Explorers
32152,2,Traditional Shoppers
32153,6,Large Families
32154,2,Traditional Shoppers
32155,2,Traditional Shoppers
32157,5,Tech Enthusiasts
32160,2,Traditional Shoppers
32161,1,Wellness
32162,0,Value Seekers
32163,3,Vegetarians
32164,3,Vegetarians
32165,3,Vegetarians
32166,4,Promotion Hunters
32168,5,Tech Enthusiasts
32169,6,Large Families
32170,4,Promotion Hunters
32171,0,Value Seekers
32172,6,Large Families
32173,2,Traditional Shoppers
32174,6,Large Families
32175,3,Vegetarians
32176,2,Traditional Shoppers
32177,4,Promotion Hunters
32178,3,Vegetarians
32179,2,Traditional Shoppers
32180,6,Large Families
32181,6,Large Families
32182,7,Loyal Explorers
32183,2,Traditional Shoppers
32185,7,Loyal Explorers
32187,1,Wellness
32188,3,Vegetarians
32189,3,Vegetarians
32190,3,Vegetarians
32192,4,Promotion Hunters
32193,3,Vegetarians
32194,7,Loyal Explorers
32195,6,Large Families
32196,2,Traditional Shoppers
32199,2,Traditional Shoppers
32200,7,Loyal Explorers
32201,6,Large Families
32202,1,Wellness
32203,7,Loyal Explorers
32204,7,Loyal Explorers
32205,2,Traditional Shoppers
32206,3,Vegetarians
32207,1,Wellness
32208,5,Tech Enthusiasts
32209,4,Promotion Hunters
32210,4,Promotion Hunters
32211,2,Traditional Shoppers
32212,0,Value Seekers
32213,3,Vegetarians
32214,4,Promotion Hunters
32215,6,Large Families
32216,6,Large Families
32217,1,Wellness
32218,6,Large Families
32219,2,Traditional Shoppers
32221,4,Promotion Hunters
32222,5,Tech Enthusiasts
32223,3,Vegetarians
32224,1,Wellness
32226,4,Promotion Hunters
32229,1,Wellness
32230,0,Value Seekers
32231,3,Vegetarians
32232,5,Tech Enthusiasts
32233,4,Promotion Hunters
32234,2,Traditional Shoppers
32235,2,Traditional Shoppers
32237,2,Traditional Shoppers
32238,0,Value Seekers
32239,5,Tech Enthusiasts
32240,5,Tech Enthusiasts
32241,2,Traditional Shoppers
32243,2,Traditional Shoppers
32244,1,Wellness
32245,0,Value Seekers
32246,2,Traditional Shoppers
32247,6,Large Families
32248,5,Tech Enthusiasts
32250,1,Wellness
32251,5,Tech Enthusiasts
32252,1,Wellness
32255,3,Vegetarians
32256,7,Loyal Explorers
32257,2,Traditional Shoppers
32258,2,Traditional Shoppers
32259,7,Loyal Explorers
32260,6,Large Families
32261,0,Value Seekers
32262,2,Traditional Shoppers
32263,7,Loyal Explorers
32264,0,Value Seekers
32265,5,Tech Enthusiasts
32266,2,Traditional Shoppers
32267,3,Vegetarians
32268,2,Traditional Shoppers
32269,3,Vegetarians
32270,3,Vegetarians
32271,7,Loyal Explorers
32272,5,Tech Enthusiasts
32273,6,Large Families
32274,3,Vegetarians
32275,0,Value Seekers
32276,5,Tech Enthusiasts
32277,2,Traditional Shoppers
32278,0,Value Seekers
32279,2,Traditional Shoppers
32280,0,Value Seekers
32281,3,Vegetarians
32282,0,Value Seekers
32283,7,Loyal Explorers
32284,5,Tech Enthusiasts
32285,6,Large Families
32286,6,Large Families
32287,2,Traditional Shoppers
32288,1,Wellness
32289,6,Large Families
32291,1,Wellness
32292,2,Traditional Shoppers
32293,0,Value Seekers
32294,6,Large Families
32295,2,Traditional Shoppers
32297,4,Promotion Hunters
32298,2,Traditional Shoppers
32299,6,Large Families
32300,5,Tech Enthusiasts
32301,3,Vegetarians
32302,4,Promotion Hunters
32303,2,Traditional Shoppers
32306,3,Vegetarians
32308,6,Large Families
32309,2,Traditional Shoppers
32310,4,Promotion Hunters
32311,6,Large Families
32312,5,Tech Enthusiasts
32316,1,Wellness
32317,5,Tech Enthusiasts
32318,4,Promotion Hunters
32320,0,Value Seekers
32321,6,Large Families
32322,2,Traditional Shoppers
32323,4,Promotion Hunters
32324,3,Vegetarians
32325,0,Value Seekers
32326,2,Traditional Shoppers
32327,5,Tech Enthusiasts
32328,2,Traditional Shoppers
32329,1,Wellness
32332,3,Vegetarians
32333,5,Tech Enthusiasts
32334,2,Traditional Shoppers
32335,6,Large Families
32337,7,Loyal Explorers
32338,0,Value Seekers
32339,7,Loyal Explorers
32341,4,Promotion Hunters
32342,4,Promotion Hunters
32343,5,Tech Enthusiasts
32344,6,Large Families
32345,7,Loyal Explorers
32346,2,Traditional Shoppers
32348,1,Wellness
32349,1,Wellness
32350,0,Value Seekers
32351,1,Wellness
32352,2,Traditional Shoppers
32353,2,Traditional Shoppers
32354,6,Large Families
32355,6,Large Families
32356,4,Promotion Hunters
32357,5,Tech Enthusiasts
32358,5,Tech Enthusiasts
32359,7,Loyal Explorers
32360,5,Tech Enthusiasts
32361,5,Tech Enthusiasts
32362,1,Wellness
32363,2,Traditional Shoppers
32365,4,Promotion Hunters
32366,0,Value Seekers
32367,3,Vegetarians
32369,1,Wellness
32370,1,Wellness
32371,4,Promotion Hunters
32372,1,Wellness
32374,2,Traditional Shoppers
32375,1,Wellness
32376,0,Value Seekers
32377,2,Traditional Shoppers
32378,4,Promotion Hunters
32379,2,Traditional Shoppers
32380,0,Value Seekers
32381,2,Traditional Shoppers
32382,1,Wellness
32383,0,Value Seekers
32384,7,Loyal Explorers
32387,6,Large Families
32388,3,Vegetarians
32390,2,Traditional Shoppers
32391,7,Loyal Explorers
32392,4,Promotion Hunters
32393,2,Traditional Shoppers
32394,3,Vegetarians
32396,6,Large Families
32398,1,Wellness
32399,2,Traditional Shoppers
32400,1,Wellness
32401,2,Traditional Shoppers
32402,1,Wellness
32405,5,Tech Enthusiasts
32407,4,Promotion Hunters
32408,6,Large Families
32409,5,Tech Enthusiasts
32411,2,Traditional Shoppers
32412,7,Loyal Explorers
32415,6,Large Families
32416,1,Wellness
32417,3,Vegetarians
32419,6,Large Families
32420,7,Loyal Explorers
32421,2,Traditional Shoppers
32422,2,Traditional Shoppers
32423,2,Traditional Shoppers
32424,4,Promotion Hunters
32425,5,Tech Enthusiasts
32426,6,Large Families
32427,7,Loyal Explorers
32428,5,Tech Enthusiasts
32429,2,Traditional Shoppers
32430,6,Large Families
32431,3,Vegetarians
32432,0,Value Seekers
32433,4,Promotion Hunters
32434,0,Value Seekers
32435,0,Value Seekers
32436,6,Large Families
32437,1,Wellness
32438,0,Value Seekers
32439,3,Vegetarians
32440,6,Large Families
32442,0,Value Seekers
32443,2,Traditional Shoppers
32446,7,Loyal Explorers
32447,0,Value Seekers
32448,3,Vegetarians
32451,2,Traditional Shoppers
32452,2,Traditional Shoppers
32453,6,Large Families
32455,2,Traditional Shoppers
32456,5,Tech Enthusiasts
32458,7,Loyal Explorers
32460,1,Wellness
32462,0,Value Seekers
32463,7,Loyal Explorers
32464,6,Large Families
32465,7,Loyal Explorers
32466,3,Vegetarians
32467,2,Traditional Shoppers
32468,2,Traditional Shoppers
32469,2,Traditional Shoppers
32470,4,Promotion Hunters
32471,6,Large Families
32472,0,Value Seekers
32473,1,Wellness
32474,7,Loyal Explorers
32475,1,Wellness
32476,5,Tech Enthusiasts
32479,0,Value Seekers
32480,5,Tech Enthusiasts
32481,5,Tech Enthusiasts
32482,3,Vegetarians
32483,4,Promotion Hunters
32484,2,Traditional Shoppers
32485,6,Large Families
32486,7,Loyal Explorers
32487,0,Value Seekers
32488,6,Large Families
32489,2,Traditional Shoppers
32490,2,Traditional Shoppers
32491,0,Value Seekers
32492,1,Wellness
32493,6,Large Families
32494,5,Tech Enthusiasts
32495,1,Wellness
32497,3,Vegetarians
32498,2,Traditional Shoppers
32499,6,Large Families
32500,6,Large Families
32501,6,Large Families
32502,2,Traditional Shoppers
32503,1,Wellness
32504,0,Value Seekers
32506,6,Large Families
32507,2,Traditional Shoppers
32508,3,Vegetarians
32511,7,Loyal Explorers
32512,2,Traditional Shoppers
32514,0,Value Seekers
32515,3,Vegetarians
32516,2,Traditional Shoppers
32517,5,Tech Enthusiasts
32518,3,Vegetarians
32521,0,Value Seekers
32522,2,Traditional Shoppers
32524,6,Large Families
32525,2,Traditional Shoppers
32526,3,Vegetarians
32527,3,Vegetarians
32529,4,Promotion Hunters
32530,2,Traditional Shoppers
32531,3,Vegetarians
32532,3,Vegetarians
32533,0,Value Seekers
32534,0,Value Seekers
32535,3,Vegetarians
32536,1,Wellness
32537,1,Wellness
32538,2,Traditional Shoppers
32539,4,Promotion Hunters
32540,2,Traditional Shoppers
32542,1,Wellness
32543,3,Vegetarians
32544,6,Large Families
32545,0,Value Seekers
32546,7,Loyal Explorers
32548,2,Traditional Shoppers
32549,2,Traditional Shoppers
32550,2,Traditional Shoppers
32551,4,Promotion Hunters
32552,5,Tech Enthusiasts
32553,0,Value Seekers
32555,0,Value Seekers
32556,7,Loyal Explorers
32558,6,Large Families
32559,0,Value Seekers
32560,0,Value Seekers
32561,3,Vegetarians
32562,7,Loyal Explorers
32563,3,Vegetarians
32565,3,Vegetarians
32566,3,Vegetarians
32567,0,Value Seekers
32568,5,Tech Enthusiasts
32569,1,Wellness
32570,0,Value Seekers
32571,3,Vegetarians
32572,7,Loyal Explorers
32573,5,Tech Enthusiasts
32574,2,Traditional Shoppers
32575,6,Large Families
32576,0,Value Seekers
32577,7,Loyal Explorers
32578,2,Traditional Shoppers
32579,1,Wellness
32580,3,Vegetarians
32581,2,Traditional Shoppers
32582,1,Wellness
32583,5,Tech Enthusiasts
32584,6,Large Families
32586,4,Promotion Hunters
32587,2,Traditional Shoppers
32588,2,Traditional Shoppers
32589,6,Large Families
32590,3,Vegetarians
32591,6,Large Families
32592,6,Large Families
32594,1,Wellness
32595,2,Traditional Shoppers
32597,2,Traditional Shoppers
32598,3,Vegetarians
32599,2,Traditional Shoppers
32600,2,Traditional Shoppers
32601,7,Loyal Explorers
32602,6,Large Families
32603,2,Traditional Shoppers
32604,7,Loyal Explorers
32606,3,Vegetarians
32607,2,Traditional Shoppers
32609,2,Traditional Shoppers
32610,2,Traditional Shoppers
32611,5,Tech Enthusiasts
32612,2,Traditional Shoppers
32613,6,Large Families
32614,6,Large Families
32615,4,Promotion Hunters
32616,6,Large Families
32617,2,Traditional Shoppers
32618,2,Traditional Shoppers
32619,6,Large Families
32621,7,Loyal Explorers
32622,3,Vegetarians
32623,6,Large Families
32624,1,Wellness
32625,1,Wellness
32626,2,Traditional Shoppers
32628,2,Traditional Shoppers
32629,0,Value Seekers
32630,7,Loyal Explorers
32631,4,Promotion Hunters
32632,7,Loyal Explorers
32633,5,Tech Enthusiasts
32634,7,Loyal Explorers
32635,2,Traditional Shoppers
32636,3,Vegetarians
32637,3,Vegetarians
32638,6,Large Families
32639,4,Promotion Hunters
32641,6,Large Families
32642,1,Wellness
32643,4,Promotion Hunters
32644,7,Loyal Explorers
32645,2,Traditional Shoppers
32646,7,Loyal Explorers
32647,6,Large Families
32650,6,Large Families
32651,2,Traditional Shoppers
32652,6,Large Families
32653,1,Wellness
32656,2,Traditional Shoppers
32657,6,Large Families
32658,2,Traditional Shoppers
32661,3,Vegetarians
32662,2,Traditional Shoppers
32663,6,Large Families
32665,7,Loyal Explorers
32667,7,Loyal Explorers
32668,0,Value Seekers
32669,1,Wellness
32671,1,Wellness
32672,7,Loyal Explorers
32674,5,Tech Enthusiasts
32675,3,Vegetarians
32676,2,Traditional Shoppers
32677,0,Value Seekers
32679,2,Traditional Shoppers
32680,5,Tech Enthusiasts
32682,2,Traditional Shoppers
32683,7,Loyal Explorers
32684,2,Traditional Shoppers
32685,6,Large Families
32686,4,Promotion Hunters
32687,5,Tech Enthusiasts
32688,4,Promotion Hunters
32692,4,Promotion Hunters
32693,6,Large Families
32694,5,Tech Enthusiasts
32695,2,Traditional Shoppers
32696,5,Tech Enthusiasts
32697,7,Loyal Explorers
32698,6,Large Families
32699,6,Large Families
32700,2,Traditional Shoppers
32702,2,Traditional Shoppers
32703,5,Tech Enthusiasts
32704,1,Wellness
32705,3,Vegetarians
32706,6,Large Families
32707,3,Vegetarians
32708,2,Traditional Shoppers
32709,0,Value Seekers
32710,3,Vegetarians
32711,4,Promotion Hunters
32712,3,Vegetarians
32713,6,Large Families
32714,5,Tech Enthusiasts
32716,1,Wellness
32717,2,Traditional Shoppers
32718,5,Tech Enthusiasts
32720,2,Traditional Shoppers
32721,5,Tech Enthusiasts
32722,5,Tech Enthusiasts
32723,0,Value Seekers
32724,0,Value Seekers
32726,3,Vegetarians
32727,1,Wellness
32728,3,Vegetarians
32729,5,Tech Enthusiasts
32730,0,Value Seekers
32731,3,Vegetarians
32732,0,Value Seekers
32733,4,Promotion Hunters
32734,5,Tech Enthusiasts
32735,1,Wellness
32736,7,Loyal Explorers
32737,5,Tech Enthusiasts
32738,2,Traditional Shoppers
32739,1,Wellness
32740,6,Large Families
32741,6,Large Families
32742,0,Value Seekers
32743,2,Traditional Shoppers
32744,2,Traditional Shoppers
32745,3,Vegetarians
32746,6,Large Families
32748,6,Large Families
32749,2,Traditional Shoppers
32750,4,Promotion Hunters
32751,3,Vegetarians
32752,1,Wellness
32754,1,Wellness
32755,6,Large Families
32758,2,Traditional Shoppers
32760,5,Tech Enthusiasts
32761,5,Tech Enthusiasts
32763,7,Loyal Explorers
32764,0,Value Seekers
32765,7,Loyal Explorers
32766,3,Vegetarians
32768,4,Promotion Hunters
32769,2,Traditional Shoppers
32770,2,Traditional Shoppers
32771,6,Large Families
32772,3,Vegetarians
32773,4,Promotion Hunters
32775,4,Promotion Hunters
32776,3,Vegetarians
32777,3,Vegetarians
32779,6,Large Families
32780,7,Loyal Explorers
32783,5,Tech Enthusiasts
32784,5,Tech Enthusiasts
32785,5,Tech Enthusiasts
32786,6,Large Families
32787,4,Promotion Hunters
32788,3,Vegetarians
32789,5,Tech Enthusiasts
32790,2,Traditional Shoppers
32791,1,Wellness
32794,5,Tech Enthusiasts
32795,1,Wellness
32796,4,Promotion Hunters
32797,0,Value Seekers
32799,1,Wellness
32800,6,Large Families
32802,3,Vegetarians
32804,2,Traditional Shoppers
32805,5,Tech Enthusiasts
32806,4,Promotion Hunters
32807,5,Tech Enthusiasts
32810,2,Traditional Shoppers
32811,4,Promotion Hunters
32812,7,Loyal Explorers
32814,2,Traditional Shoppers
32815,5,Tech Enthusiasts
32816,5,Tech Enthusiasts
32817,4,Promotion Hunters
32818,3,Vegetarians
32819,7,Loyal Explorers
32820,2,Traditional Shoppers
32821,7,Loyal Explorers
32822,2,Traditional Shoppers
32823,2,Traditional Shoppers
32825,3,Vegetarians
32826,3,Vegetarians
32828,6,Large Families
32829,2,Traditional Shoppers
32830,2,Traditional Shoppers
32831,1,Wellness
32832,6,Large Families
32833,6,Large Families
32834,6,Large Families
32835,2,Traditional Shoppers
32836,6,Large Families
32837,6,Large Families
32838,1,Wellness
32839,4,Promotion Hunters
32840,3,Vegetarians
32841,3,Vegetarians
32842,3,Vegetarians
32843,5,Tech Enthusiasts
32844,2,Traditional Shoppers
32845,2,Traditional Shoppers
32846,1,Wellness
32847,3,Vegetarians
32848,3,Vegetarians
32849,0,Value Seekers
32850,6,Large Families
32851,4,Promotion Hunters
32852,1,Wellness
32853,7,Loyal Explorers
32854,0,Value Seekers
32855,7,Loyal Explorers
32856,3,Vegetarians
32858,0,Value Seekers
32859,6,Large Families
32860,3,Vegetarians
32861,1,Wellness
32862,1,Wellness
32863,6,Large Families
32865,2,Traditional Shoppers
32867,6,Large Families
32868,2,Traditional Shoppers
32869,7,Loyal Explorers
32870,2,Traditional Shoppers
32871,5,Tech Enthusiasts
32872,7,Loyal Explorers
32873,4,Promotion Hunters
32874,4,Promotion Hunters
32875,5,Tech Enthusiasts
32876,1,Wellness
32877,2,Traditional Shoppers
32878,2,Traditional Shoppers
32879,4,Promotion Hunters
32881,0,Value Seekers
32882,6,Large Families
32883,5,Tech Enthusiasts
32884,5,Tech Enthusiasts
32885,5,Tech Enthusiasts
32886,3,Vegetarians
32887,5,Tech Enthusiasts
32889,3,Vegetarians
32890,0,Value Seekers
32891,1,Wellness
32892,2,Traditional Shoppers
32893,7,Loyal Explorers
32894,1,Wellness
32895,4,Promotion Hunters
32896,4,Promotion Hunters
32897,1,Wellness
32898,6,Large Families
32899,1,Wellness
32900,7,Loyal Explorers
32901,2,Traditional Shoppers
32902,2,Traditional Shoppers
32904,7,Loyal Explorers
32905,2,Traditional Shoppers
32906,6,Large Families
32908,4,Promotion Hunters
32909,6,Large Families
32910,7,Loyal Explorers
32911,0,Value Seekers
32912,2,Traditional Shoppers
32913,3,Vegetarians
32914,7,Loyal Explorers
32915,5,Tech Enthusiasts
32916,4,Promotion Hunters
32917,2,Traditional Shoppers
32919,6,Large Families
32921,1,Wellness
32922,2,Traditional Shoppers
32923,1,Wellness
32924,0,Value Seekers
32925,5,Tech Enthusiasts
32926,7,Loyal Explorers
32927,7,Loyal Explorers
32928,5,Tech Enthusiasts
32931,2,Traditional Shoppers
32932,1,Wellness
32933,2,Traditional Shoppers
32935,2,Traditional Shoppers
32940,6,Large Families
32941,4,Promotion Hunters
32942,3,Vegetarians
32943,6,Large Families
32944,0,Value Seekers
32945,0,Value Seekers
32946,3,Vegetarians
32948,0,Value Seekers
32949,1,Wellness
32950,1,Wellness
32951,6,Large Families
32952,6,Large Families
32953,6,Large Families
32954,7,Loyal Explorers
32955,2,Traditional Shoppers
32956,1,Wellness
32957,2,Traditional Shoppers
32958,0,Value Seekers
32959,7,Loyal Explorers
32962,2,Traditional Shoppers
32963,4,Promotion Hunters
32964,4,Promotion Hunters
32965,4,Promotion Hunters
32966,0,Value Seekers
32967,1,Wellness
32968,2,Traditional Shoppers
32970,5,Tech Enthusiasts
32972,1,Wellness
32973,2,Traditional Shoppers
32974,5,Tech Enthusiasts
32975,5,Tech Enthusiasts
32976,2,Traditional Shoppers
32978,6,Large Families
32979,4,Promotion Hunters
32981,1,Wellness
32982,2,Traditional Shoppers
32983,0,Value Seekers
32984,2,Traditional Shoppers
32985,2,Traditional Shoppers
32986,0,Value Seekers
32989,3,Vegetarians
32990,2,Traditional Shoppers
32991,5,Tech Enthusiasts
32992,2,Traditional Shoppers
32993,3,Vegetarians
32994,3,Vegetarians
32996,6,Large Families
32999,3,Vegetarians
33000,3,Vegetarians
33001,2,Traditional Shoppers
33002,0,Value Seekers
33003,5,Tech Enthusiasts
33006,2,Traditional Shoppers
33008,3,Vegetarians
33009,3,Vegetarians
33010,0,Value Seekers
33011,5,Tech Enthusiasts
33012,2,Traditional Shoppers
33013,0,Value Seekers
33015,6,Large Families
33016,6,Large Families
33017,5,Tech Enthusiasts
33018,6,Large Families
33020,7,Loyal Explorers
33022,2,Traditional Shoppers
33023,6,Large Families
33025,7,Loyal Explorers
33028,2,Traditional Shoppers
33029,6,Large Families
33030,4,Promotion Hunters
33033,2,Traditional Shoppers
33035,3,Vegetarians
33036,5,Tech Enthusiasts
33037,1,Wellness
33038,1,Wellness
33039,2,Traditional Shoppers
33041,2,Traditional Shoppers
33043,4,Promotion Hunters
33044,7,Loyal Explorers
33045,2,Traditional Shoppers
33046,3,Vegetarians
33047,2,Traditional Shoppers
33048,2,Traditional Shoppers
33049,4,Promotion Hunters
33050,4,Promotion Hunters
33052,7,Loyal Explorers
33054,6,Large Families
33055,3,Vegetarians
33056,2,Traditional Shoppers
33057,3,Vegetarians
33058,5,Tech Enthusiasts
33059,0,Value Seekers
33060,3,Vegetarians
33061,7,Loyal Explorers
33062,6,Large Families
33063,3,Vegetarians
33064,1,Wellness
33065,4,Promotion Hunters
33067,7,Loyal Explorers
33068,5,Tech Enthusiasts
33069,3,Vegetarians
33071,6,Large Families
33073,0,Value Seekers
33074,6,Large Families
33075,2,Traditional Shoppers
33076,6,Large Families
33080,5,Tech Enthusiasts
33081,2,Traditional Shoppers
33082,6,Large Families
33085,1,Wellness
33086,0,Value Seekers
33087,0,Value Seekers
33088,3,Vegetarians
33089,0,Value Seekers
33090,4,Promotion Hunters
33092,0,Value Seekers
33095,6,Large Families
33097,4,Promotion Hunters
33098,4,Promotion Hunters
33099,6,Large Families
33100,0,Value Seekers
33101,3,Vegetarians
33102,4,Promotion Hunters
33103,1,Wellness
33104,0,Value Seekers
33105,3,Vegetarians
33106,4,Promotion Hunters
33108,0,Value Seekers
33109,2,Traditional Shoppers
33110,6,Large Families
33111,3,Vegetarians
33112,0,Value Seekers
33113,6,Large Families
33115,0,Value Seekers
33116,2,Traditional Shoppers
33117,1,Wellness
33119,1,Wellness
33122,7,Loyal Explorers
33123,1,Wellness
33124,7,Loyal Explorers
33125,6,Large Families
33127,1,Wellness
33128,7,Loyal Explorers
33129,5,Tech Enthusiasts
33131,4,Promotion Hunters
33132,0,Value Seekers
33133,2,Traditional Shoppers
33134,6,Large Families
33136,5,Tech Enthusiasts
33137,0,Value Seekers
33139,7,Loyal Explorers
33140,5,Tech Enthusiasts
33141,2,Traditional Shoppers
33142,2,Traditional Shoppers
33143,4,Promotion Hunters
33144,7,Loyal Explorers
33145,0,Value Seekers
33146,2,Traditional Shoppers
33148,2,Traditional Shoppers
33149,4,Promotion Hunters
33150,0,Value Seekers
33152,2,Traditional Shoppers
33153,0,Value Seekers
33154,2,Traditional Shoppers
33155,0,Value Seekers
33156,6,Large Families
33158,0,Value Seekers
33159,0,Value Seekers
33160,7,Loyal Explorers
33162,6,Large Families
33163,6,Large Families
33164,5,Tech Enthusiasts
33165,1,Wellness
33167,2,Traditional Shoppers
33168,3,Vegetarians
33169,4,Promotion Hunters
33170,7,Loyal Explorers
33171,3,Vegetarians
33172,5,Tech Enthusiasts
33174,2,Traditional Shoppers
33175,0,Value Seekers
33176,0,Value Seekers
33177,4,Promotion Hunters
33179,7,Loyal Explorers
33181,0,Value Seekers
33182,3,Vegetarians
33184,6,Large Families
33185,5,Tech Enthusiasts
33186,3,Vegetarians
33187,6,Large Families
33188,0,Value Seekers
33189,2,Traditional Shoppers
33192,6,Large Families
33195,7,Loyal Explorers
33196,4,Promotion Hunters
33198,7,Loyal Explorers
33199,5,Tech Enthusiasts
33200,0,Value Seekers
33201,5,Tech Enthusiasts
33203,3,Vegetarians
33204,3,Vegetarians
33205,0,Value Seekers
33206,5,Tech Enthusiasts
33207,2,Traditional Shoppers
33209,6,Large Families
33210,7,Loyal Explorers
33211,3,Vegetarians
33212,6,Large Families
33213,2,Traditional Shoppers
33214,2,Traditional Shoppers
33215,4,Promotion Hunters
33216,1,Wellness
33217,5,Tech Enthusiasts
33218,7,Loyal Explorers
33219,1,Wellness
33220,4,Promotion Hunters
33221,4,Promotion Hunters
33222,7,Loyal Explorers
33223,2,Traditional Shoppers
33224,5,Tech Enthusiasts
33225,2,Traditional Shoppers
33226,2,Traditional Shoppers
33227,0,Value Seekers
33228,2,Traditional Shoppers
33229,4,Promotion Hunters
33230,2,Traditional Shoppers
33231,2,Traditional Shoppers
33232,3,Vegetarians
33233,5,Tech Enthusiasts
33234,6,Large Families
33235,1,Wellness
33238,3,Vegetarians
33239,1,Wellness
33240,4,Promotion Hunters
33241,3,Vegetarians
33242,1,Wellness
33243,5,Tech Enthusiasts
33245,2,Traditional Shoppers
33246,3,Vegetarians
33247,1,Wellness
33248,6,Large Families
33249,5,Tech Enthusiasts
33251,2,Traditional Shoppers
33252,7,Loyal Explorers
33253,4,Promotion Hunters
33254,0,Value Seekers
33255,3,Vegetarians
33256,1,Wellness
33257,6,Large Families
33258,1,Wellness
33260,2,Traditional Shoppers
33261,1,Wellness
33263,5,Tech Enthusiasts
33264,4,Promotion Hunters
33265,6,Large Families
33266,1,Wellness
33267,1,Wellness
33270,6,Large Families
33271,0,Value Seekers
33272,6,Large Families
33273,6,Large Families
33274,0,Value Seekers
33275,1,Wellness
33276,2,Traditional Shoppers
33277,2,Traditional Shoppers
33279,2,Traditional Shoppers
33280,3,Vegetarians
33281,6,Large Families
33282,1,Wellness
33283,3,Vegetarians
33284,2,Traditional Shoppers
33285,6,Large Families
33286,6,Large Families
33287,0,Value Seekers
33288,6,Large Families
33289,6,Large Families
33291,6,Large Families
33292,6,Large Families
33294,4,Promotion Hunters
33296,0,Value Seekers
33297,2,Traditional Shoppers
33301,7,Loyal Explorers
33302,6,Large Families
33303,7,Loyal Explorers
33304,2,Traditional Shoppers
33305,5,Tech Enthusiasts
33306,2,Traditional Shoppers
33308,4,Promotion Hunters
33309,6,Large Families
33311,5,Tech Enthusiasts
33312,0,Value Seekers
33313,2,Traditional Shoppers
33314,2,Traditional Shoppers
33315,0,Value Seekers
33316,3,Vegetarians
33317,2,Traditional Shoppers
33318,7,Loyal Explorers
33319,4,Promotion Hunters
33320,2,Traditional Shoppers
33321,6,Large Families
33323,3,Vegetarians
33324,6,Large Families
33325,6,Large Families
33327,1,Wellness
33329,7,Loyal Explorers
33330,2,Traditional Shoppers
33331,5,Tech Enthusiasts
33332,2,Traditional Shoppers
33333,6,Large Families
33334,6,Large Families
33335,5,Tech Enthusiasts
33336,1,Wellness
33338,5,Tech Enthusiasts
33339,2,Traditional Shoppers
33340,3,Vegetarians
33342,1,Wellness
33343,3,Vegetarians
33344,1,Wellness
33345,1,Wellness
33346,2,Traditional Shoppers
33348,7,Loyal Explorers
33349,3,Vegetarians
33350,3,Vegetarians
33352,6,Large Families
33353,2,Traditional Shoppers
33355,3,Vegetarians
33357,5,Tech Enthusiasts
33358,7,Loyal Explorers
33359,2,Traditional Shoppers
33360,7,Loyal Explorers
33361,2,Traditional Shoppers
33362,3,Vegetarians
33363,6,Large Families
33364,2,Traditional Shoppers
33365,5,Tech Enthusiasts
33366,0,Value Seekers
33367,3,Vegetarians
33369,5,Tech Enthusiasts
33370,1,Wellness
33371,6,Large Families
33372,7,Loyal Explorers
33373,7,Loyal Explorers
33375,4,Promotion Hunters
33376,1,Wellness
33377,2,Traditional Shoppers
33378,2,Traditional Shoppers
33379,4,Promotion Hunters
33380,2,Traditional Shoppers
33382,3,Vegetarians
33383,4,Promotion Hunters
33384,2,Traditional Shoppers
33386,5,Tech Enthusiasts
33387,6,Large Families
33388,7,Loyal Explorers
33391,1,Wellness
33393,2,Traditional Shoppers
33394,7,Loyal Explorers
33397,2,Traditional Shoppers
33398,3,Vegetarians
33400,6,Large Families
33401,7,Loyal Explorers
33403,6,Large Families
33404,2,Traditional Shoppers
33406,2,Traditional Shoppers
33407,6,Large Families
33408,3,Vegetarians
33410,5,Tech Enthusiasts
33411,5,Tech Enthusiasts
33412,1,Wellness
33413,2,Traditional Shoppers
33414,3,Vegetarians
33415,5,Tech Enthusiasts
33416,5,Tech Enthusiasts
33417,6,Large Families
33418,4,Promotion Hunters
33419,1,Wellness
33420,3,Vegetarians
33421,2,Traditional Shoppers
33422,7,Loyal Explorers
33423,6,Large Families
33424,4,Promotion Hunters
33425,5,Tech Enthusiasts
33426,3,Vegetarians
33427,2,Traditional Shoppers
33428,3,Vegetarians
33429,6,Large Families
33430,4,Promotion Hunters
33431,6,Large Families
33432,6,Large Families
33433,5,Tech Enthusiasts
33435,6,Large Families
33436,5,Tech Enthusiasts
33437,2,Traditional Shoppers
33438,3,Vegetarians
33439,6,Large Families
33440,4,Promotion Hunters
33441,2,Traditional Shoppers
33443,4,Promotion Hunters
33445,5,Tech Enthusiasts
33446,2,Traditional Shoppers
33447,0,Value Seekers
33448,2,Traditional Shoppers
33449,6,Large Families
33451,2,Traditional Shoppers
33452,6,Large Families
33453,1,Wellness
33454,3,Vegetarians
33455,6,Large Families
33456,3,Vegetarians
33457,3,Vegetarians
33458,4,Promotion Hunters
33459,3,Vegetarians
33460,2,Traditional Shoppers
33461,7,Loyal Explorers
33463,4,Promotion Hunters
33464,2,Traditional Shoppers
33465,3,Vegetarians
33466,6,Large Families
33467,2,Traditional Shoppers
33468,0,Value Seekers
33469,6,Large Families
33470,1,Wellness
33471,2,Traditional Shoppers
33472,2,Traditional Shoppers
33474,2,Traditional Shoppers
33475,2,Traditional Shoppers
33476,1,Wellness
33477,4,Promotion Hunters
33478,2,Traditional Shoppers
33479,1,Wellness
33480,0,Value Seekers
33481,2,Traditional Shoppers
33483,4,Promotion Hunters
33484,5,Tech Enthusiasts
33486,4,Promotion Hunters
33487,4,Promotion Hunters
33489,7,Loyal Explorers
33490,0,Value Seekers
33494,0,Value Seekers
33495,7,Loyal Explorers
33496,5,Tech Enthusiasts
33497,3,Vegetarians
33498,4,Promotion Hunters
33499,3,Vegetarians
33502,3,Vegetarians
33503,2,Traditional Shoppers
33505,1,Wellness
33506,2,Traditional Shoppers
33507,2,Traditional Shoppers
33510,1,Wellness
33511,5,Tech Enthusiasts
33512,6,Large Families
33513,2,Traditional Shoppers
33514,1,Wellness
33515,1,Wellness
33516,4,Promotion Hunters
33517,6,Large Families
33519,1,Wellness
33520,0,Value Seekers
33521,6,Large Families
33522,2,Traditional Shoppers
33523,0,Value Seekers
33524,4,Promotion Hunters
33525,7,Loyal Explorers
33526,0,Value Seekers
33527,1,Wellness
33528,2,Traditional Shoppers
33529,3,Vegetarians
33530,3,Vegetarians
33531,6,Large Families
33532,2,Traditional Shoppers
33533,3,Vegetarians
33535,7,Loyal Explorers
33536,0,Value Seekers
33538,5,Tech Enthusiasts
33539,4,Promotion Hunters
33540,3,Vegetarians
33541,2,Traditional Shoppers
33542,7,Loyal Explorers
33543,7,Loyal Explorers
33544,0,Value Seekers
33546,0,Value Seekers
33547,4,Promotion Hunters
33548,6,Large Families
33549,0,Value Seekers
33550,5,Tech Enthusiasts
33551,0,Value Seekers
33552,0,Value Seekers
33554,1,Wellness
33555,4,Promotion Hunters
33556,3,Vegetarians
33559,5,Tech Enthusiasts
33560,1,Wellness
33561,1,Wellness
33562,1,Wellness
33563,7,Loyal Explorers
33564,5,Tech Enthusiasts
33565,6,Large Families
33566,7,Loyal Explorers
33567,3,Vegetarians
33570,0,Value Seekers
33571,6,Large Families
33572,0,Value Seekers
33573,4,Promotion Hunters
33574,6,Large Families
33575,1,Wellness
33577,2,Traditional Shoppers
33578,2,Traditional Shoppers
33579,2,Traditional Shoppers
33580,3,Vegetarians
33581,6,Large Families
33582,2,Traditional Shoppers
33583,4,Promotion Hunters
33584,3,Vegetarians
33585,0,Value Seekers
33586,5,Tech Enthusiasts
33587,7,Loyal Explorers
33588,6,Large Families
33589,6,Large Families
33590,2,Traditional Shoppers
33591,6,Large Families
33592,3,Vegetarians
33593,2,Traditional Shoppers
33594,0,Value Seekers
33595,5,Tech Enthusiasts
33596,2,Traditional Shoppers
33597,0,Value Seekers
33598,0,Value Seekers
33599,3,Vegetarians
33600,0,Value Seekers
33601,4,Promotion Hunters
33602,5,Tech Enthusiasts
33603,2,Traditional Shoppers
33604,6,Large Families
33605,3,Vegetarians
33606,2,Traditional Shoppers
33607,6,Large Families
33608,5,Tech Enthusiasts
33609,0,Value Seekers
33610,5,Tech Enthusiasts
33611,0,Value Seekers
33612,2,Traditional Shoppers
33613,2,Traditional Shoppers
33614,7,Loyal Explorers
33615,5,Tech Enthusiasts
33616,5,Tech Enthusiasts
33618,7,Loyal Explorers
33619,0,Value Seekers
33620,2,Traditional Shoppers
33624,2,Traditional Shoppers
33626,0,Value Seekers
33627,2,Traditional Shoppers
33628,5,Tech Enthusiasts
33629,1,Wellness
33630,6,Large Families
33631,5,Tech Enthusiasts
33632,0,Value Seekers
33633,7,Loyal Explorers
33635,6,Large Families
33636,2,Traditional Shoppers
33637,6,Large Families
33638,1,Wellness
33639,2,Traditional Shoppers
33640,2,Traditional Shoppers
33641,0,Value Seekers
33642,2,Traditional Shoppers
33643,4,Promotion Hunters
33644,1,Wellness
33645,6,Large Families
33646,0,Value Seekers
33647,4,Promotion Hunters
33648,4,Promotion Hunters
33649,2,Traditional Shoppers
33650,6,Large Families
33651,2,Traditional Shoppers
33652,6,Large Families
33654,7,Loyal Explorers
33655,5,Tech Enthusiasts
33656,2,Traditional Shoppers
33657,3,Vegetarians
33658,4,Promotion Hunters
33659,1,Wellness
33660,4,Promotion Hunters
33661,4,Promotion Hunters
33662,0,Value Seekers
33663,3,Vegetarians
33664,5,Tech Enthusiasts
33665,1,Wellness
33666,2,Traditional Shoppers
33667,1,Wellness
33668,6,Large Families
33669,7,Loyal Explorers
33671,2,Traditional Shoppers
33672,2,Traditional Shoppers
33673,0,Value Seekers
33674,2,Traditional Shoppers
33676,2,Traditional Shoppers
33677,2,Traditional Shoppers
33678,6,Large Families
33679,6,Large Families
33680,0,Value Seekers
33681,7,Loyal Explorers
33683,3,Vegetarians
33684,3,Vegetarians
33685,3,Vegetarians
33686,1,Wellness
33688,4,Promotion Hunters
33689,2,Traditional Shoppers
33690,5,Tech Enthusiasts
33691,2,Traditional Shoppers
33692,5,Tech Enthusiasts
33693,7,Loyal Explorers
33694,3,Vegetarians
33695,4,Promotion Hunters
33696,5,Tech Enthusiasts
33697,5,Tech Enthusiasts
33698,7,Loyal Explorers
33699,2,Traditional Shoppers
33700,6,Large Families
33701,3,Vegetarians
33702,0,Value Seekers
33703,2,Traditional Shoppers
33704,1,Wellness
33705,4,Promotion Hunters
33706,6,Large Families
33707,7,Loyal Explorers
33709,3,Vegetarians
33710,1,Wellness
33711,2,Traditional Shoppers
33713,0,Value Seekers
33714,6,Large Families
33715,2,Traditional Shoppers
33716,6,Large Families
33717,0,Value Seekers
33718,7,Loyal Explorers
33719,6,Large Families
33720,2,Traditional Shoppers
33721,2,Traditional Shoppers
33722,2,Traditional Shoppers
33723,5,Tech Enthusiasts
33724,6,Large Families
33725,2,Traditional Shoppers
33726,1,Wellness
33727,3,Vegetarians
33729,4,Promotion Hunters
33730,6,Large Families
33731,2,Traditional Shoppers
33732,5,Tech Enthusiasts
33733,5,Tech Enthusiasts
33734,2,Traditional Shoppers
33735,2,Traditional Shoppers
33736,2,Traditional Shoppers
33737,1,Wellness
33739,2,Traditional Shoppers
33740,5,Tech Enthusiasts
33744,2,Traditional Shoppers
33745,2,Traditional Shoppers
33746,0,Value Seekers
33747,6,Large Families
33749,2,Traditional Shoppers
33750,2,Traditional Shoppers
33751,2,Traditional Shoppers
33752,5,Tech Enthusiasts
33753,6,Large Families
33754,3,Vegetarians
33756,2,Traditional Shoppers
33757,3,Vegetarians
33758,4,Promotion Hunters
33759,4,Promotion Hunters
33760,7,Loyal Explorers
33761,0,Value Seekers
33762,5,Tech Enthusiasts
33763,1,Wellness
33764,6,Large Families
33765,4,Promotion Hunters
33766,1,Wellness
33767,4,Promotion Hunters
33768,3,Vegetarians
33769,1,Wellness
33770,4,Promotion Hunters
33772,6,Large Families
33773,0,Value Seekers
33774,4,Promotion Hunters
33775,0,Value Seekers
33776,2,Traditional Shoppers
33777,4,Promotion Hunters
33778,4,Promotion Hunters
33779,2,Traditional Shoppers
33780,6,Large Families
33781,3,Vegetarians
33782,6,Large Families
33783,6,Large Families
33785,3,Vegetarians
33786,7,Loyal Explorers
33787,7,Loyal Explorers
33788,2,Traditional Shoppers
33790,6,Large Families
33791,5,Tech Enthusiasts
33792,4,Promotion Hunters
33793,6,Large Families
33794,5,Tech Enthusiasts
33795,1,Wellness
33796,5,Tech Enthusiasts
33797,1,Wellness
33798,6,Large Families
33800,4,Promotion Hunters
33802,2,Traditional Shoppers
33804,2,Traditional Shoppers
33805,7,Loyal Explorers
33807,3,Vegetarians
33808,0,Value Seekers
33809,6,Large Families
33810,1,Wellness
33811,7,Loyal Explorers
33812,1,Wellness
33813,2,Traditional Shoppers
33814,2,Traditional Shoppers
33815,0,Value Seekers
33816,2,Traditional Shoppers
33817,7,Loyal Explorers
33818,1,Wellness
33819,3,Vegetarians
33820,6,Large Families
33821,6,Large Families
33822,4,Promotion Hunters
33823,3,Vegetarians
33826,6,Large Families
33827,2,Traditional Shoppers
33828,3,Vegetarians
33829,1,Wellness
33830,0,Value Seekers
33831,3,Vegetarians
33832,3,Vegetarians
33833,7,Loyal Explorers
33834,2,Traditional Shoppers
33835,1,Wellness
33836,4,Promotion Hunters
33837,7,Loyal Explorers
33838,2,Traditional Shoppers
33839,2,Traditional Shoppers
33840,3,Vegetarians
33841,5,Tech Enthusiasts
33843,6,Large Families
33844,0,Value Seekers
33845,4,Promotion Hunters
33847,2,Traditional Shoppers
33848,3,Vegetarians
33849,4,Promotion Hunters
33850,3,Vegetarians
33852,0,Value Seekers
33853,1,Wellness
33854,6,Large Families
33855,6,Large Families
33856,0,Value Seekers
33858,4,Promotion Hunters
33859,6,Large Families
33860,3,Vegetarians
33861,1,Wellness
33862,2,Traditional Shoppers
33863,3,Vegetarians
33865,6,Large Families
33866,2,Traditional Shoppers
33867,2,Traditional Shoppers
33868,3,Vegetarians
33869,2,Traditional Shoppers
33870,2,Traditional Shoppers
33871,2,Traditional Shoppers
33872,3,Vegetarians
33873,1,Wellness
33874,2,Traditional Shoppers
33875,3,Vegetarians
33876,6,Large Families
33877,4,Promotion Hunters
33879,1,Wellness
33880,3,Vegetarians
33881,4,Promotion Hunters
33882,4,Promotion Hunters
33883,3,Vegetarians
33884,7,Loyal Explorers
33886,5,Tech Enthusiasts
33887,2,Traditional Shoppers
33888,3,Vegetarians
33889,6,Large Families
33890,4,Promotion Hunters
33891,1,Wellness
33892,1,Wellness
33893,6,Large Families
33894,2,Traditional Shoppers
33896,6,Large Families
33897,7,Loyal Explorers
33899,0,Value Seekers
33900,0,Value Seekers
33901,6,Large Families
33903,1,Wellness
33905,7,Loyal Explorers
33907,6,Large Families
33908,2,Traditional Shoppers
33910,1,Wellness
33911,6,Large Families
33912,4,Promotion Hunters
33913,2,Traditional Shoppers
33915,7,Loyal Explorers
33916,5,Tech Enthusiasts
33918,2,Traditional Shoppers
33921,2,Traditional Shoppers
33922,3,Vegetarians
33923,0,Value Seekers
33924,3,Vegetarians
33926,1,Wellness
33927,0,Value Seekers
33928,2,Traditional Shoppers
33930,2,Traditional Shoppers
33931,2,Traditional Shoppers
33932,1,Wellness
33933,6,Large Families
33935,5,Tech Enthusiasts
33936,3,Vegetarians
33937,0,Value Seekers
33938,1,Wellness
33939,3,Vegetarians
33940,6,Large Families
33941,5,Tech Enthusiasts
33942,1,Wellness
33943,3,Vegetarians
33944,3,Vegetarians
33945,5,Tech Enthusiasts
33947,1,Wellness
33948,2,Traditional Shoppers
33951,6,Large Families
33952,3,Vegetarians
33953,5,Tech Enthusiasts
33954,7,Loyal Explorers
33957,2,Traditional Shoppers
33958,6,Large Families
33959,3,Vegetarians
33960,0,Value Seekers
33962,4,Promotion Hunters
33964,7,Loyal Explorers
33965,4,Promotion Hunters
33966,5,Tech Enthusiasts
33967,7,Loyal Explorers
33968,3,Vegetarians
33969,1,Wellness
33970,3,Vegetarians
33971,7,Loyal Explorers
33972,4,Promotion Hunters
33974,2,Traditional Shoppers
33975,4,Promotion Hunters
33976,1,Wellness
33977,4,Promotion Hunters
33978,2,Traditional Shoppers
33979,2,Traditional Shoppers
33980,2,Traditional Shoppers
33981,6,Large Families
33985,2,Traditional Shoppers
33986,2,Traditional Shoppers
33987,7,Loyal Explorers
33988,2,Traditional Shoppers
33989,3,Vegetarians
33990,2,Traditional Shoppers
33992,2,Traditional Shoppers
33993,2,Traditional Shoppers
33994,2,Traditional Shoppers
33997,6,Large Families
33998,1,Wellness
33999,3,Vegetarians
34000,5,Tech Enthusiasts
34002,1,Wellness
34003,2,Traditional Shoppers
34004,2,Traditional Shoppers
34005,7,Loyal Explorers
34006,3,Vegetarians
34008,2,Traditional Shoppers
34009,6,Large Families
34012,3,Vegetarians
34013,6,Large Families
34014,2,Traditional Shoppers
34015,1,Wellness
34016,1,Wellness
34017,4,Promotion Hunters
34018,2,Traditional Shoppers
34019,7,Loyal Explorers
34020,0,Value Seekers
34022,2,Traditional Shoppers
34023,6,Large Families
34025,2,Traditional Shoppers
34027,2,Traditional Shoppers
34028,3,Vegetarians
34029,3,Vegetarians
34030,2,Traditional Shoppers
34031,1,Wellness
34033,1,Wellness
34035,2,Traditional Shoppers
34037,1,Wellness
34038,3,Vegetarians
34039,5,Tech Enthusiasts
34040,1,Wellness
34041,4,Promotion Hunters
34042,2,Traditional Shoppers
34043,3,Vegetarians
34044,6,Large Families
34045,1,Wellness
34046,6,Large Families
34047,7,Loyal Explorers
34050,0,Value Seekers
34052,1,Wellness
34054,7,Loyal Explorers
34056,7,Loyal Explorers
34057,2,Traditional Shoppers
34059,5,Tech Enthusiasts
34060,7,Loyal Explorers
34061,4,Promotion Hunters
34063,7,Loyal Explorers
34064,2,Traditional Shoppers
34065,4,Promotion Hunters
34066,4,Promotion Hunters
34067,6,Large Families
34068,5,Tech Enthusiasts
34069,0,Value Seekers
34071,7,Loyal Explorers
34072,0,Value Seekers
34073,1,Wellness
34074,6,Large Families
34075,0,Value Seekers
34076,7,Loyal Explorers
34077,2,Traditional Shoppers
34078,4,Promotion Hunters
34079,4,Promotion Hunters
34080,6,Large Families
34082,6,Large Families
34083,7,Loyal Explorers
34084,5,Tech Enthusiasts
34085,6,Large Families
34086,6,Large Families
34087,4,Promotion Hunters
34089,0,Value Seekers
34091,2,Traditional Shoppers
34092,4,Promotion Hunters
34093,1,Wellness
34094,3,Vegetarians
34096,5,Tech Enthusiasts
34098,7,Loyal Explorers
34099,0,Value Seekers
34100,6,Large Families
34101,2,Traditional Shoppers
34103,3,Vegetarians
34107,6,Large Families
34108,1,Wellness
34109,5,Tech Enthusiasts
34112,2,Traditional Shoppers
34113,2,Traditional Shoppers
34115,2,Traditional Shoppers
34116,6,Large Families
34119,2,Traditional Shoppers
34120,6,Large Families
34122,3,Vegetarians
34124,3,Vegetarians
34125,2,Traditional Shoppers
34126,1,Wellness
34128,6,Large Families
34129,7,Loyal Explorers
34130,6,Large Families
34131,4,Promotion Hunters
34132,7,Loyal Explorers
34133,1,Wellness
34134,6,Large Families
34135,3,Vegetarians
34136,6,Large Families
34137,5,Tech Enthusiasts
34138,2,Traditional Shoppers
34141,5,Tech Enthusiasts
34142,3,Vegetarians
34145,2,Traditional Shoppers
34146,6,Large Families
34147,4,Promotion Hunters
34148,5,Tech Enthusiasts
34150,5,Tech Enthusiasts
34151,2,Traditional Shoppers
34152,7,Loyal Explorers
34153,3,Vegetarians
34154,3,Vegetarians
34155,2,Traditional Shoppers
34156,6,Large Families
34158,6,Large Families
34159,0,Value Seekers
34160,5,Tech Enthusiasts
34162,4,Promotion Hunters
34163,2,Traditional Shoppers
34164,2,Traditional Shoppers
34165,1,Wellness
34166,4,Promotion Hunters
34167,0,Value Seekers
34169,5,Tech Enthusiasts
34170,3,Vegetarians
34171,3,Vegetarians
34172,1,Wellness
34174,2,Traditional Shoppers
34176,0,Value Seekers
34177,4,Promotion Hunters
34178,5,Tech Enthusiasts
34179,2,Traditional Shoppers
34180,1,Wellness
34182,2,Traditional Shoppers
34183,2,Traditional Shoppers
34184,2,Traditional Shoppers
34185,6,Large Families
34186,2,Traditional Shoppers
34187,3,Vegetarians
34188,1,Wellness
34189,2,Traditional Shoppers
34190,2,Traditional Shoppers
34192,2,Traditional Shoppers
34195,0,Value Seekers
34196,2,Traditional Shoppers
34197,2,Traditional Shoppers
34199,0,Value Seekers
34201,0,Value Seekers
34202,3,Vegetarians
34203,6,Large Families
34204,3,Vegetarians
34205,0,Value Seekers
34206,2,Traditional Shoppers
34208,4,Promotion Hunters
34209,2,Traditional Shoppers
34210,1,Wellness
34211,5,Tech Enthusiasts
34212,2,Traditional Shoppers
34213,2,Traditional Shoppers
34214,4,Promotion Hunters
34215,1,Wellness
34216,2,Traditional Shoppers
34217,4,Promotion Hunters
34218,4,Promotion Hunters
34219,3,Vegetarians
34220,7,Loyal Explorers
34221,4,Promotion Hunters
34222,1,Wellness
34223,3,Vegetarians
34224,2,Traditional Shoppers
34225,2,Traditional Shoppers
34226,5,Tech Enthusiasts
34227,2,Traditional Shoppers
34228,0,Value Seekers
34230,5,Tech Enthusiasts
34231,0,Value Seekers
34233,7,Loyal Explorers
34234,1,Wellness
34235,6,Large Families
34236,7,Loyal Explorers
34237,5,Tech Enthusiasts
34238,2,Traditional Shoppers
34239,6,Large Families
34240,2,Traditional Shoppers
34241,3,Vegetarians
34243,0,Value Seekers
34246,5,Tech Enthusiasts
34247,2,Traditional Shoppers
34248,7,Loyal Explorers
34249,2,Traditional Shoppers
34250,4,Promotion Hunters
34251,2,Traditional Shoppers
34252,1,Wellness
34253,5,Tech Enthusiasts
34254,1,Wellness
34256,7,Loyal Explorers
34257,5,Tech Enthusiasts
34258,0,Value Seekers
34259,7,Loyal Explorers
34260,4,Promotion Hunters
34262,6,Large Families
34265,3,Vegetarians
34266,2,Traditional Shoppers
34267,7,Loyal Explorers
34268,5,Tech Enthusiasts
34269,5,Tech Enthusiasts
34270,5,Tech Enthusiasts
34271,5,Tech Enthusiasts
34272,7,Loyal Explorers
34273,0,Value Seekers
34274,3,Vegetarians
34277,6,Large Families
34278,7,Loyal Explorers
34279,3,Vegetarians
34280,3,Vegetarians
34281,1,Wellness
34283,3,Vegetarians
34286,5,Tech Enthusiasts
34287,2,Traditional Shoppers
34290,6,Large Families
34291,2,Traditional Shoppers
34293,6,Large Families
34295,3,Vegetarians
34296,2,Traditional Shoppers
34297,3,Vegetarians
34298,2,Traditional Shoppers
34300,7,Loyal Explorers
34301,2,Traditional Shoppers
34303,4,Promotion Hunters
34304,1,Wellness
34305,2,Traditional Shoppers
34306,2,Traditional Shoppers
34308,2,Traditional Shoppers
34309,7,Loyal Explorers
34310,7,Loyal Explorers
34312,5,Tech Enthusiasts
34313,2,Traditional Shoppers
34314,0,Value Seekers
34315,4,Promotion Hunters
34317,1,Wellness
34318,5,Tech Enthusiasts
34319,1,Wellness
34320,0,Value Seekers
34322,3,Vegetarians
34323,6,Large Families
34324,0,Value Seekers
34325,2,Traditional Shoppers
34326,7,Loyal Explorers
34327,1,Wellness
34328,1,Wellness
34329,7,Loyal Explorers
34330,7,Loyal Explorers
34331,0,Value Seekers
34332,2,Traditional Shoppers
34334,2,Traditional Shoppers
34335,1,Wellness
34336,0,Value Seekers
34337,6,Large Families
34338,0,Value Seekers
34339,7,Loyal Explorers
34341,0,Value Seekers
34342,2,Traditional Shoppers
34343,4,Promotion Hunters
34344,4,Promotion Hunters
34345,6,Large Families
34346,6,Large Families
34347,3,Vegetarians
34348,5,Tech Enthusiasts
34349,0,Value Seekers
34350,2,Traditional Shoppers
34351,3,Vegetarians
34352,6,Large Families
34353,5,Tech Enthusiasts
34354,6,Large Families
34356,6,Large Families
34357,3,Vegetarians
34358,5,Tech Enthusiasts
34359,1,Wellness
34360,7,Loyal Explorers
34361,5,Tech Enthusiasts
34363,0,Value Seekers
34364,3,Vegetarians
34365,5,Tech Enthusiasts
34366,5,Tech Enthusiasts
34367,2,Traditional Shoppers
34368,1,Wellness
34369,2,Traditional Shoppers
34370,1,Wellness
34371,3,Vegetarians
34372,7,Loyal Explorers
34374,0,Value Seekers
34375,6,Large Families
34376,6,Large Families
34377,4,Promotion Hunters
34378,2,Traditional Shoppers
34379,3,Vegetarians
34381,1,Wellness
34383,0,Value Seekers
34384,3,Vegetarians
34385,2,Traditional Shoppers
34386,7,Loyal Explorers
34389,2,Traditional Shoppers
34391,4,Promotion Hunters
34392,6,Large Families
34393,4,Promotion Hunters
34394,2,Traditional Shoppers
34395,1,Wellness
34396,1,Wellness
34397,2,Traditional Shoppers
34398,6,Large Families
34399,6,Large Families
34400,2,Traditional Shoppers
34401,5,Tech Enthusiasts
34405,1,Wellness
34406,2,Traditional Shoppers
34408,7,Loyal Explorers
34409,7,Loyal Explorers
34410,7,Loyal Explorers
34411,2,Traditional Shoppers
34413,5,Tech Enthusiasts
34414,0,Value Seekers
34415,3,Vegetarians
34416,6,Large Families
34419,2,Traditional Shoppers
34420,3,Vegetarians
34422,2,Traditional Shoppers
34423,2,Traditional Shoppers
34425,1,Wellness
34426,3,Vegetarians
34427,6,Large Families
34428,3,Vegetarians
34429,0,Value Seekers
34431,2,Traditional Shoppers
34432,2,Traditional Shoppers
34433,2,Traditional Shoppers
34434,1,Wellness
34435,5,Tech Enthusiasts
34436,0,Value Seekers
34437,3,Vegetarians
34438,6,Large Families
34439,0,Value Seekers
34441,1,Wellness
34442,2,Traditional Shoppers
34443,4,Promotion Hunters
34444,3,Vegetarians
34445,3,Vegetarians
34446,0,Value Seekers
34447,0,Value Seekers
34448,6,Large Families
34450,2,Traditional Shoppers
34451,7,Loyal Explorers
34452,6,Large Families
34453,0,Value Seekers
34454,5,Tech Enthusiasts
34455,2,Traditional Shoppers
34456,3,Vegetarians
34457,3,Vegetarians
34458,4,Promotion Hunters
34459,0,Value Seekers
34461,4,Promotion Hunters
34462,2,Traditional Shoppers
34463,5,Tech Enthusiasts
34464,6,Large Families
34465,7,Loyal Explorers
34466,0,Value Seekers
34467,6,Large Families
34469,5,Tech Enthusiasts
34470,6,Large Families
34471,0,Value Seekers
34472,2,Traditional Shoppers
34473,6,Large Families
34474,4,Promotion Hunters
34475,7,Loyal Explorers
34477,0,Value Seekers
34479,3,Vegetarians
34480,2,Traditional Shoppers
34481,4,Promotion Hunters
34482,6,Large Families
34483,2,Traditional Shoppers
34485,4,Promotion Hunters
34486,3,Vegetarians
34487,0,Value Seekers
34488,5,Tech Enthusiasts
34490,6,Large Families
34492,4,Promotion Hunters
34493,4,Promotion Hunters
34494,7,Loyal Explorers
34495,7,Loyal Explorers
34496,6,Large Families
34497,6,Large Families
34498,7,Loyal Explorers
34499,0,Value Seekers
34500,4,Promotion Hunters
34501,3,Vegetarians
34502,6,Large Families
34503,2,Traditional Shoppers
34504,6,Large Families
34505,0,Value Seekers
34506,6,Large Families
34508,6,Large Families
34509,1,Wellness
34511,3,Vegetarians
34513,5,Tech Enthusiasts
34514,5,Tech Enthusiasts
34515,1,Wellness
34516,2,Traditional Shoppers
34517,6,Large Families
34518,4,Promotion Hunters
34519,5,Tech Enthusiasts
34520,0,Value Seekers
34521,0,Value Seekers
34522,2,Traditional Shoppers
34524,5,Tech Enthusiasts
34525,2,Traditional Shoppers
34526,0,Value Seekers
34527,4,Promotion Hunters
34528,6,Large Families
34529,6,Large Families
34531,6,Large Families
34532,0,Value Seekers
34534,1,Wellness
34535,1,Wellness
34537,3,Vegetarians
34539,7,Loyal Explorers
34540,4,Promotion Hunters
34541,6,Large Families
34542,3,Vegetarians
34543,6,Large Families
34544,2,Traditional Shoppers
34546,3,Vegetarians
34547,6,Large Families
34549,3,Vegetarians
34550,3,Vegetarians
34551,1,Wellness
34552,2,Traditional Shoppers
34554,2,Traditional Shoppers
34556,2,Traditional Shoppers
34557,5,Tech Enthusiasts
34558,3,Vegetarians
34560,2,Traditional Shoppers
34561,1,Wellness
34562,6,Large Families
34563,1,Wellness
34564,1,Wellness
34565,6,Large Families
34566,5,Tech Enthusiasts
34567,4,Promotion Hunters
34568,0,Value Seekers
34569,3,Vegetarians
34570,0,Value Seekers
34571,6,Large Families
34573,7,Loyal Explorers
34575,1,Wellness
34576,2,Traditional Shoppers
34578,7,Loyal Explorers
34579,3,Vegetarians
34580,2,Traditional Shoppers
34581,5,Tech Enthusiasts
34582,2,Traditional Shoppers
34583,5,Tech Enthusiasts
34584,6,Large Families
34585,6,Large Families
34586,5,Tech Enthusiasts
34587,1,Wellness
34588,0,Value Seekers
34589,4,Promotion Hunters
34590,5,Tech Enthusiasts
34592,2,Traditional Shoppers
34594,5,Tech Enthusiasts
34595,7,Loyal Explorers
34597,2,Traditional Shoppers
34598,6,Large Families
34600,2,Traditional Shoppers
34601,1,Wellness
34602,3,Vegetarians
34603,1,Wellness
34604,5,Tech Enthusiasts
34605,2,Traditional Shoppers
34606,5,Tech Enthusiasts
34607,2,Traditional Shoppers
34608,1,Wellness
34609,6,Large Families
34610,3,Vegetarians
34612,0,Value Seekers
34613,7,Loyal Explorers
34614,7,Loyal Explorers
34615,2,Traditional Shoppers
34616,1,Wellness
34617,6,Large Families
34618,6,Large Families
34619,0,Value Seekers
34620,2,Traditional Shoppers
34621,6,Large Families
34622,0,Value Seekers
34624,2,Traditional Shoppers
34625,7,Loyal Explorers
34626,4,Promotion Hunters
34627,1,Wellness
34628,1,Wellness
34629,7,Loyal Explorers
34630,4,Promotion Hunters
34631,4,Promotion Hunters
34632,6,Large Families
34634,1,Wellness
34635,1,Wellness
34636,0,Value Seekers
34638,7,Loyal Explorers
34639,6,Large Families
34640,2,Traditional Shoppers
34641,6,Large Families
34642,2,Traditional Shoppers
34643,4,Promotion Hunters
34644,4,Promotion Hunters
34645,3,Vegetarians
34646,2,Traditional Shoppers
34647,7,Loyal Explorers
34649,6,Large Families
34650,7,Loyal Explorers
34652,1,Wellness
34653,3,Vegetarians
34654,3,Vegetarians
34655,3,Vegetarians
34656,1,Wellness
34657,2,Traditional Shoppers
34659,3,Vegetarians
34661,3,Vegetarians
34662,0,Value Seekers
34666,4,Promotion Hunters
34667,6,Large Families
34668,0,Value Seekers
34669,2,Traditional Shoppers
34670,3,Vegetarians
34671,4,Promotion Hunters
34672,6,Large Families
34674,1,Wellness
34676,3,Vegetarians
34677,7,Loyal Explorers
34679,7,Loyal Explorers
34680,1,Wellness
34682,1,Wellness
34683,5,Tech Enthusiasts
34684,2,Traditional Shoppers
34685,4,Promotion Hunters
34686,2,Traditional Shoppers
34687,6,Large Families
34688,3,Vegetarians
34689,7,Loyal Explorers
34690,5,Tech Enthusiasts
34691,3,Vegetarians
34692,2,Traditional Shoppers
34693,2,Traditional Shoppers
34694,6,Large Families
34696,5,Tech Enthusiasts
34697,2,Traditional Shoppers
34698,2,Traditional Shoppers
34699,5,Tech Enthusiasts
34700,3,Vegetarians
34701,4,Promotion Hunters
34702,2,Traditional Shoppers
34703,2,Traditional Shoppers
34704,2,Traditional Shoppers
34705,3,Vegetarians
34706,4,Promotion Hunters
34707,1,Wellness
34708,7,Loyal Explorers
34709,2,Traditional Shoppers
34711,4,Promotion Hunters
34712,6,Large Families
34713,1,Wellness
34714,3,Vegetarians
34715,1,Wellness
34716,2,Traditional Shoppers
34718,4,Promotion Hunters
34719,5,Tech Enthusiasts
34720,0,Value Seekers
34721,2,Traditional Shoppers
34722,3,Vegetarians
34723,5,Tech Enthusiasts
34724,7,Loyal Explorers
34725,3,Vegetarians
34728,4,Promotion Hunters
34730,4,Promotion Hunters
34731,6,Large Families
34733,5,Tech Enthusiasts
34734,5,Tech Enthusiasts
34735,7,Loyal Explorers
34736,6,Large Families
34737,3,Vegetarians
34738,3,Vegetarians
34739,5,Tech Enthusiasts
34740,1,Wellness
34741,4,Promotion Hunters
34743,6,Large Families
34744,2,Traditional Shoppers
34745,2,Traditional Shoppers
34747,6,Large Families
34748,2,Traditional Shoppers
34749,2,Traditional Shoppers
34750,7,Loyal Explorers
34751,3,Vegetarians
34753,5,Tech Enthusiasts
34754,3,Vegetarians
34755,3,Vegetarians
34756,3,Vegetarians
34757,6,Large Families
34758,5,Tech Enthusiasts
34759,2,Traditional Shoppers
34761,5,Tech Enthusiasts
34762,0,Value Seekers
34763,2,Traditional Shoppers
34764,6,Large Families
34765,3,Vegetarians
34766,5,Tech Enthusiasts
34767,4,Promotion Hunters
34768,5,Tech Enthusiasts
34770,3,Vegetarians
34772,4,Promotion Hunters
34773,2,Traditional Shoppers
34774,2,Traditional Shoppers
34776,2,Traditional Shoppers
34777,5,Tech Enthusiasts
34778,5,Tech Enthusiasts
34779,6,Large Families
34780,6,Large Families
34781,2,Traditional Shoppers
34782,7,Loyal Explorers
34783,6,Large Families
34784,3,Vegetarians
34785,7,Loyal Explorers
34787,2,Traditional Shoppers
34788,6,Large Families
34789,1,Wellness
34790,0,Value Seekers
34791,3,Vegetarians
34793,3,Vegetarians
34794,1,Wellness
34795,0,Value Seekers
34796,7,Loyal Explorers
34797,4,Promotion Hunters
34798,7,Loyal Explorers
34799,2,Traditional Shoppers
34800,2,Traditional Shoppers
34801,6,Large Families
34802,1,Wellness
34803,7,Loyal Explorers
34804,7,Loyal Explorers
34805,2,Traditional Shoppers
34806,5,Tech Enthusiasts
34807,5,Tech Enthusiasts
34808,6,Large Families
34809,3,Vegetarians
34810,6,Large Families
34811,0,Value Seekers
34812,5,Tech Enthusiasts
34814,5,Tech Enthusiasts
34815,5,Tech Enthusiasts
34816,0,Value Seekers
34817,5,Tech Enthusiasts
34818,4,Promotion Hunters
34819,7,Loyal Explorers
34820,7,Loyal Explorers
34821,4,Promotion Hunters
34822,3,Vegetarians
34823,1,Wellness
34824,6,Large Families
34825,3,Vegetarians
34826,0,Value Seekers
34827,5,Tech Enthusiasts
34830,1,Wellness
34831,2,Traditional Shoppers
34833,2,Traditional Shoppers
34834,6,Large Families
34835,5,Tech Enthusiasts
34836,4,Promotion Hunters
34837,3,Vegetarians
34838,4,Promotion Hunters
34839,2,Traditional Shoppers
34840,6,Large Families
34841,2,Traditional Shoppers
34843,3,Vegetarians
34844,3,Vegetarians
34845,5,Tech Enthusiasts
34846,2,Traditional Shoppers
34847,5,Tech Enthusiasts
34848,0,Value Seekers
34849,2,Traditional Shoppers
34850,0,Value Seekers
34851,4,Promotion Hunters
34852,4,Promotion Hunters
34853,3,Vegetarians
34854,2,Traditional Shoppers
34855,2,Traditional Shoppers
34857,3,Vegetarians
34858,4,Promotion Hunters
34859,2,Traditional Shoppers
34860,5,Tech Enthusiasts
34861,6,Large Families
34862,3,Vegetarians
34863,0,Value Seekers
34864,1,Wellness
34866,6,Large Families
34867,7,Loyal Explorers
34869,6,Large Families
34870,1,Wellness
34871,0,Value Seekers
34872,2,Traditional Shoppers
34873,1,Wellness
34874,6,Large Families
34875,5,Tech Enthusiasts
34876,6,Large Families
34877,3,Vegetarians
34878,5,Tech Enthusiasts
34879,2,Traditional Shoppers
34880,0,Value Seekers
34881,4,Promotion Hunters
34882,2,Traditional Shoppers
34883,2,Traditional Shoppers
34884,6,Large Families
34885,1,Wellness
34886,2,Traditional Shoppers
34887,2,Traditional Shoppers
34888,6,Large Families
34889,4,Promotion Hunters
34890,6,Large Families
34891,4,Promotion Hunters
34892,6,Large Families
34893,2,Traditional Shoppers
34894,0,Value Seekers
34895,3,Vegetarians
34897,4,Promotion Hunters
34898,7,Loyal Explorers
34899,5,Tech Enthusiasts
34900,3,Vegetarians
34902,7,Loyal Explorers
34903,2,Traditional Shoppers
34904,5,Tech Enthusiasts
34905,2,Traditional Shoppers
34906,7,Loyal Explorers
34908,6,Large Families
34909,6,Large Families
34910,2,Traditional Shoppers
34912,6,Large Families
34913,1,Wellness
34914,2,Traditional Shoppers
34915,4,Promotion Hunters
34916,2,Traditional Shoppers
34917,3,Vegetarians
34918,5,Tech Enthusiasts
34919,7,Loyal Explorers
34920,3,Vegetarians
34921,6,Large Families
34923,3,Vegetarians
34924,2,Traditional Shoppers
34925,2,Traditional Shoppers
34926,2,Traditional Shoppers
34927,2,Traditional Shoppers
34928,3,Vegetarians
34929,6,Large Families
34930,0,Value Seekers
34931,5,Tech Enthusiasts
34932,4,Promotion Hunters
34933,6,Large Families
34935,5,Tech Enthusiasts
34936,1,Wellness
34937,2,Traditional Shoppers
34939,4,Promotion Hunters
34941,5,Tech Enthusiasts
34942,7,Loyal Explorers
34943,2,Traditional Shoppers
34944,2,Traditional Shoppers
34945,1,Wellness
34946,5,Tech Enthusiasts
34947,6,Large Families
34949,6,Large Families
34950,0,Value Seekers
34951,0,Value Seekers
34952,6,Large Families
34953,7,Loyal Explorers
34954,0,Value Seekers
34955,6,Large Families
34956,0,Value Seekers
34957,7,Loyal Explorers
34958,4,Promotion Hunters
34959,6,Large Families
34960,0,Value Seekers
34961,1,Wellness
34962,6,Large Families
34963,5,Tech Enthusiasts
34964,3,Vegetarians
34965,4,Promotion Hunters
34966,3,Vegetarians
34967,7,Loyal Explorers
34968,1,Wellness
34969,7,Loyal Explorers
34970,1,Wellness
34971,5,Tech Enthusiasts
34972,2,Traditional Shoppers
34973,4,Promotion Hunters
34974,4,Promotion Hunters
34975,4,Promotion Hunters
34977,6,Large Families
34978,5,Tech Enthusiasts
34979,3,Vegetarians
34980,2,Traditional Shoppers
34981,2,Traditional Shoppers
34982,3,Vegetarians
34983,2,Traditional Shoppers
34985,1,Wellness
34986,0,Value Seekers
34987,2,Traditional Shoppers
34988,2,Traditional Shoppers
34989,7,Loyal Explorers
34990,2,Traditional Shoppers
34991,2,Traditional Shoppers
34992,2,Traditional Shoppers
34993,3,Vegetarians
34994,6,Large Families
34995,7,Loyal Explorers
34996,1,Wellness
34998,0,Value Seekers
34999,4,Promotion Hunters
35000,6,Large Families
35001,3,Vegetarians
35002,5,Tech Enthusiasts
35003,2,Traditional Shoppers
35004,5,Tech Enthusiasts
35005,4,Promotion Hunters
35006,3,Vegetarians
35007,4,Promotion Hunters
35008,5,Tech Enthusiasts
35009,6,Large Families
35010,3,Vegetarians
35011,2,Traditional Shoppers
35012,2,Traditional Shoppers
35013,0,Value Seekers
35014,5,Tech Enthusiasts
35015,6,Large Families
35016,6,Large Families
35017,1,Wellness
35018,6,Large Families
35019,0,Value Seekers
35020,3,Vegetarians
35021,5,Tech Enthusiasts
35022,1,Wellness
35023,2,Traditional Shoppers
35024,2,Traditional Shoppers
35025,1,Wellness
35026,6,Large Families
35027,1,Wellness
35028,3,Vegetarians
35029,0,Value Seekers
35030,2,Traditional Shoppers
35033,3,Vegetarians
35034,3,Vegetarians
35035,7,Loyal Explorers
35037,2,Traditional Shoppers
35038,7,Loyal Explorers
35039,4,Promotion Hunters
35040,0,Value Seekers
35041,3,Vegetarians
35042,1,Wellness
35043,7,Loyal Explorers
35044,5,Tech Enthusiasts
35045,2,Traditional Shoppers
35046,2,Traditional Shoppers
35047,0,Value Seekers
35048,0,Value Seekers
35049,6,Large Families
35050,2,Traditional Shoppers
35051,4,Promotion Hunters
35053,0,Value Seekers
35055,3,Vegetarians
35057,0,Value Seekers
35059,4,Promotion Hunters
35060,0,Value Seekers
35061,6,Large Families
35062,3,Vegetarians
35063,6,Large Families
35064,2,Traditional Shoppers
35065,0,Value Seekers
35066,4,Promotion Hunters
35067,3,Vegetarians
35068,7,Loyal Explorers
35069,4,Promotion Hunters
35070,7,Loyal Explorers
35072,2,Traditional Shoppers
35073,1,Wellness
35074,1,Wellness
35075,7,Loyal Explorers
35076,7,Loyal Explorers
35077,1,Wellness
35078,2,Traditional Shoppers
35079,4,Promotion Hunters
35081,1,Wellness
35082,3,Vegetarians
35083,3,Vegetarians
35084,0,Value Seekers
35086,1,Wellness
35087,3,Vegetarians
35088,3,Vegetarians
35089,2,Traditional Shoppers
35090,2,Traditional Shoppers
35091,0,Value Seekers
35092,5,Tech Enthusiasts
35093,3,Vegetarians
35094,5,Tech Enthusiasts
35095,0,Value Seekers
35096,6,Large Families
35097,1,Wellness
35098,7,Loyal Explorers
35099,6,Large Families
35100,3,Vegetarians
35101,2,Traditional Shoppers
35103,2,Traditional Shoppers
35105,2,Traditional Shoppers
35106,5,Tech Enthusiasts
35107,2,Traditional Shoppers
35108,7,Loyal Explorers
35109,0,Value Seekers
35111,4,Promotion Hunters
35112,7,Loyal Explorers
35113,5,Tech Enthusiasts
35114,5,Tech Enthusiasts
35115,4,Promotion Hunters
35116,1,Wellness
35117,1,Wellness
35118,3,Vegetarians
35119,5,Tech Enthusiasts
35121,1,Wellness
35122,0,Value Seekers
35123,2,Traditional Shoppers
35124,2,Traditional Shoppers
35126,3,Vegetarians
35127,3,Vegetarians
35128,5,Tech Enthusiasts
35129,6,Large Families
35131,2,Traditional Shoppers
35132,4,Promotion Hunters
35133,5,Tech Enthusiasts
35134,4,Promotion Hunters
35135,2,Traditional Shoppers
35137,3,Vegetarians
35138,3,Vegetarians
35140,1,Wellness
35141,6,Large Families
35142,3,Vegetarians
35143,2,Traditional Shoppers
35144,2,Traditional Shoppers
35145,7,Loyal Explorers
35146,5,Tech Enthusiasts
35147,2,Traditional Shoppers
35148,6,Large Families
35150,7,Loyal Explorers
35151,1,Wellness
35152,6,Large Families
35153,0,Value Seekers
35154,2,Traditional Shoppers
35155,7,Loyal Explorers
35156,1,Wellness
35157,4,Promotion Hunters
35158,2,Traditional Shoppers
35159,2,Traditional Shoppers
35162,5,Tech Enthusiasts
35163,6,Large Families
35164,3,Vegetarians
35165,2,Traditional Shoppers
35167,0,Value Seekers
35168,5,Tech Enthusiasts
35170,2,Traditional Shoppers
35172,0,Value Seekers
35173,6,Large Families
35174,0,Value Seekers
35175,2,Traditional Shoppers
35177,5,Tech Enthusiasts
35178,7,Loyal Explorers
35180,7,Loyal Explorers
35181,2,Traditional Shoppers
35182,7,Loyal Explorers
35183,5,Tech Enthusiasts
35184,2,Traditional Shoppers
35186,6,Large Families
35189,6,Large Families
35191,3,Vegetarians
35192,2,Traditional Shoppers
35193,0,Value Seekers
35194,4,Promotion Hunters
35195,0,Value Seekers
35196,6,Large Families
35197,7,Loyal Explorers
35198,3,Vegetarians
35199,3,Vegetarians
35200,6,Large Families
35202,6,Large Families
35204,5,Tech Enthusiasts
35205,0,Value Seekers
35206,3,Vegetarians
35208,6,Large Families
35209,6,Large Families
35210,3,Vegetarians
35211,6,Large Families
35212,5,Tech Enthusiasts
35213,2,Traditional Shoppers
35214,3,Vegetarians
35216,7,Loyal Explorers
35217,5,Tech Enthusiasts
35219,0,Value Seekers
35220,7,Loyal Explorers
35222,1,Wellness
35223,2,Traditional Shoppers
35224,1,Wellness
35226,5,Tech Enthusiasts
35227,7,Loyal Explorers
35228,3,Vegetarians
35229,3,Vegetarians
35230,4,Promotion Hunters
35231,7,Loyal Explorers
35232,0,Value Seekers
35234,6,Large Families
35235,7,Loyal Explorers
35236,4,Promotion Hunters
35237,4,Promotion Hunters
35239,5,Tech Enthusiasts
35240,6,Large Families
35241,7,Loyal Explorers
35242,0,Value Seekers
35243,4,Promotion Hunters
35244,0,Value Seekers
35245,0,Value Seekers
35246,7,Loyal Explorers
35247,4,Promotion Hunters
35248,6,Large Families
35249,0,Value Seekers
35250,3,Vegetarians
35251,4,Promotion Hunters
35252,5,Tech Enthusiasts
35253,1,Wellness
35254,7,Loyal Explorers
35255,6,Large Families
35256,6,Large Families
35257,7,Loyal Explorers
35260,4,Promotion Hunters
35262,4,Promotion Hunters
35263,4,Promotion Hunters
35264,1,Wellness
35265,1,Wellness
35266,3,Vegetarians
35268,1,Wellness
35270,6,Large Families
35271,5,Tech Enthusiasts
35272,7,Loyal Explorers
35275,6,Large Families
35276,7,Loyal Explorers
35279,0,Value Seekers
35281,3,Vegetarians
35282,7,Loyal Explorers
35283,3,Vegetarians
35285,7,Loyal Explorers
35287,4,Promotion Hunters
35288,2,Traditional Shoppers
35289,5,Tech Enthusiasts
35290,5,Tech Enthusiasts
35291,2,Traditional Shoppers
35292,4,Promotion Hunters
35293,7,Loyal Explorers
35294,6,Large Families
35295,2,Traditional Shoppers
35296,2,Traditional Shoppers
35297,5,Tech Enthusiasts
35298,7,Loyal Explorers
35299,7,Loyal Explorers
35300,1,Wellness
35302,4,Promotion Hunters
35303,2,Traditional Shoppers
35304,4,Promotion Hunters
35306,2,Traditional Shoppers
35307,0,Value Seekers
35308,0,Value Seekers
35309,2,Traditional Shoppers
35310,6,Large Families
35311,7,Loyal Explorers
35312,3,Vegetarians
35313,2,Traditional Shoppers
35314,5,Tech Enthusiasts
35315,0,Value Seekers
35316,2,Traditional Shoppers
35317,0,Value Seekers
35318,1,Wellness
35319,7,Loyal Explorers
35321,1,Wellness
35323,4,Promotion Hunters
35324,0,Value Seekers
35325,2,Traditional Shoppers
35326,1,Wellness
35327,2,Traditional Shoppers
35328,0,Value Seekers
35329,0,Value Seekers
35330,6,Large Families
35331,1,Wellness
35333,3,Vegetarians
35334,3,Vegetarians
35335,3,Vegetarians
35336,7,Loyal Explorers
35337,6,Large Families
35338,2,Traditional Shoppers
35339,1,Wellness
35340,6,Large Families
35341,6,Large Families
35342,1,Wellness
35343,3,Vegetarians
35344,1,Wellness
35346,0,Value Seekers
35347,3,Vegetarians
35350,2,Traditional Shoppers
35351,2,Traditional Shoppers
35353,1,Wellness
35354,0,Value Seekers
35356,1,Wellness
35358,7,Loyal Explorers
35361,1,Wellness
35363,2,Traditional Shoppers
35364,2,Traditional Shoppers
35365,4,Promotion Hunters
35367,5,Tech Enthusiasts
35368,2,Traditional Shoppers
35369,7,Loyal Explorers
35370,4,Promotion Hunters
35371,3,Vegetarians
35372,5,Tech Enthusiasts
35373,4,Promotion Hunters
35374,5,Tech Enthusiasts
35375,6,Large Families
35376,1,Wellness
35377,5,Tech Enthusiasts
35378,2,Traditional Shoppers
35379,3,Vegetarians
35380,5,Tech Enthusiasts
35381,2,Traditional Shoppers
35383,0,Value Seekers
35384,1,Wellness
35385,1,Wellness
35386,1,Wellness
35387,7,Loyal Explorers
35389,1,Wellness
35390,5,Tech Enthusiasts
35391,2,Traditional Shoppers
35393,6,Large Families
35395,2,Traditional Shoppers
35396,3,Vegetarians
35397,2,Traditional Shoppers
35399,2,Traditional Shoppers
35400,6,Large Families
35401,0,Value Seekers
35402,0,Value Seekers
35404,4,Promotion Hunters
35405,3,Vegetarians
35406,5,Tech Enthusiasts
35407,2,Traditional Shoppers
35409,1,Wellness
35410,3,Vegetarians
35412,5,Tech Enthusiasts
35413,6,Large Families
35414,3,Vegetarians
35415,6,Large Families
35416,2,Traditional Shoppers
35417,1,Wellness
35418,7,Loyal Explorers
35419,6,Large Families
35420,1,Wellness
35421,0,Value Seekers
35423,4,Promotion Hunters
35424,0,Value Seekers
35425,2,Traditional Shoppers
35426,1,Wellness
35427,2,Traditional Shoppers
35428,7,Loyal Explorers
35429,4,Promotion Hunters
35430,2,Traditional Shoppers
35431,7,Loyal Explorers
35432,2,Traditional Shoppers
35433,3,Vegetarians
35434,7,Loyal Explorers
35436,0,Value Seekers
35437,3,Vegetarians
35438,2,Traditional Shoppers
35439,3,Vegetarians
35440,6,Large Families
35441,2,Traditional Shoppers
35442,6,Large Families
35444,2,Traditional Shoppers
35445,5,Tech Enthusiasts
35446,1,Wellness
35447,1,Wellness
35448,2,Traditional Shoppers
35450,4,Promotion Hunters
35451,5,Tech Enthusiasts
35452,0,Value Seekers
35453,7,Loyal Explorers
35454,5,Tech Enthusiasts
35455,1,Wellness
35456,2,Traditional Shoppers
35457,3,Vegetarians
35458,2,Traditional Shoppers
35459,2,Traditional Shoppers
35460,3,Vegetarians
35461,6,Large Families
35462,6,Large Families
35463,4,Promotion Hunters
35464,5,Tech Enthusiasts
35465,5,Tech Enthusiasts
35466,7,Loyal Explorers
35467,5,Tech Enthusiasts
35468,5,Tech Enthusiasts
35469,4,Promotion Hunters
35470,0,Value Seekers
35471,0,Value Seekers
35473,6,Large Families
35475,1,Wellness
35477,1,Wellness
35478,7,Loyal Explorers
35479,2,Traditional Shoppers
35480,1,Wellness
35481,2,Traditional Shoppers
35483,2,Traditional Shoppers
35484,3,Vegetarians
35485,2,Traditional Shoppers
35486,0,Value Seekers
35487,6,Large Families
35488,4,Promotion Hunters
35489,3,Vegetarians
35490,4,Promotion Hunters
35491,3,Vegetarians
35492,0,Value Seekers
35493,6,Large Families
35495,1,Wellness
35497,2,Traditional Shoppers
35499,1,Wellness
35500,1,Wellness
35501,3,Vegetarians
35502,6,Large Families
35503,6,Large Families
35505,5,Tech Enthusiasts
35506,6,Large Families
35508,2,Traditional Shoppers
35509,5,Tech Enthusiasts
35510,5,Tech Enthusiasts
35511,0,Value Seekers
35512,4,Promotion Hunters
35513,2,Traditional Shoppers
35515,5,Tech Enthusiasts
35516,4,Promotion Hunters
35517,4,Promotion Hunters
35519,5,Tech Enthusiasts
35520,3,Vegetarians
35521,2,Traditional Shoppers
35523,4,Promotion Hunters
35525,2,Traditional Shoppers
35526,3,Vegetarians
35527,6,Large Families
35528,3,Vegetarians
35529,2,Traditional Shoppers
35530,2,Traditional Shoppers
35531,1,Wellness
35532,2,Traditional Shoppers
35533,4,Promotion Hunters
35535,6,Large Families
35536,2,Traditional Shoppers
35537,3,Vegetarians
35538,5,Tech Enthusiasts
35539,3,Vegetarians
35540,5,Tech Enthusiasts
35541,3,Vegetarians
35542,4,Promotion Hunters
35543,4,Promotion Hunters
35544,6,Large Families
35545,1,Wellness
35548,2,Traditional Shoppers
35549,2,Traditional Shoppers
35551,0,Value Seekers
35552,0,Value Seekers
35553,2,Traditional Shoppers
35554,4,Promotion Hunters
35556,6,Large Families
35557,5,Tech Enthusiasts
35558,4,Promotion Hunters
35559,6,Large Families
35560,1,Wellness
35561,0,Value Seekers
35562,2,Traditional Shoppers
35563,0,Value Seekers
35564,2,Traditional Shoppers
35566,6,Large Families
35567,2,Traditional Shoppers
35568,6,Large Families
35569,2,Traditional Shoppers
35570,4,Promotion Hunters
35571,2,Traditional Shoppers
35572,5,Tech Enthusiasts
35574,3,Vegetarians
35575,1,Wellness
35576,2,Traditional Shoppers
35579,2,Traditional Shoppers
35580,1,Wellness
35581,6,Large Families
35582,0,Value Seekers
35583,7,Loyal Explorers
35584,3,Vegetarians
35586,1,Wellness
35589,4,Promotion Hunters
35590,6,Large Families
35591,2,Traditional Shoppers
35592,3,Vegetarians
35593,2,Traditional Shoppers
35594,6,Large Families
35595,6,Large Families
35596,2,Traditional Shoppers
35599,6,Large Families
35600,6,Large Families
35602,1,Wellness
35603,2,Traditional Shoppers
35604,0,Value Seekers
35605,5,Tech Enthusiasts
35606,6,Large Families
35607,2,Traditional Shoppers
35608,6,Large Families
35609,2,Traditional Shoppers
35610,6,Large Families
35611,5,Tech Enthusiasts
35612,7,Loyal Explorers
35614,7,Loyal Explorers
35617,0,Value Seekers
35618,1,Wellness
35619,5,Tech Enthusiasts
35620,2,Traditional Shoppers
35621,2,Traditional Shoppers
35623,2,Traditional Shoppers
35624,7,Loyal Explorers
35625,7,Loyal Explorers
35626,2,Traditional Shoppers
35627,1,Wellness
35629,4,Promotion Hunters
35632,7,Loyal Explorers
35633,5,Tech Enthusiasts
35634,3,Vegetarians
35635,2,Traditional Shoppers
35636,2,Traditional Shoppers
35637,4,Promotion Hunters
35638,3,Vegetarians
35639,7,Loyal Explorers
35640,6,Large Families
35641,7,Loyal Explorers
35642,6,Large Families
35644,2,Traditional Shoppers
35645,6,Large Families
35647,3,Vegetarians
35648,6,Large Families
35649,1,Wellness
35650,2,Traditional Shoppers
35654,7,Loyal Explorers
35656,5,Tech Enthusiasts
35657,2,Traditional Shoppers
35658,4,Promotion Hunters
35659,6,Large Families
35661,3,Vegetarians
35662,2,Traditional Shoppers
35663,5,Tech Enthusiasts
35666,0,Value Seekers
35667,0,Value Seekers
35668,7,Loyal Explorers
35669,6,Large Families
35670,5,Tech Enthusiasts
35671,3,Vegetarians
35672,0,Value Seekers
35673,7,Loyal Explorers
35674,0,Value Seekers
35675,6,Large Families
35676,3,Vegetarians
35678,5,Tech Enthusiasts
35679,1,Wellness
35680,2,Traditional Shoppers
35682,2,Traditional Shoppers
35684,2,Traditional Shoppers
35685,1,Wellness
35686,5,Tech Enthusiasts
35688,6,Large Families
35689,2,Traditional Shoppers
35690,4,Promotion Hunters
35691,7,Loyal Explorers
35692,4,Promotion Hunters
35693,3,Vegetarians
35694,1,Wellness
35696,6,Large Families
35697,6,Large Families
35698,5,Tech Enthusiasts
35699,1,Wellness
35700,4,Promotion Hunters
35701,3,Vegetarians
35702,6,Large Families
35703,6,Large Families
35704,5,Tech Enthusiasts
35705,2,Traditional Shoppers
35707,7,Loyal Explorers
35709,0,Value Seekers
35710,4,Promotion Hunters
35711,3,Vegetarians
35712,0,Value Seekers
35713,5,Tech Enthusiasts
35714,3,Vegetarians
35715,6,Large Families
35718,3,Vegetarians
35721,0,Value Seekers
35722,7,Loyal Explorers
35723,4,Promotion Hunters
35724,6,Large Families
35725,1,Wellness
35726,1,Wellness
35727,4,Promotion Hunters
35728,1,Wellness
35729,7,Loyal Explorers
35730,2,Traditional Shoppers
35731,2,Traditional Shoppers
35732,7,Loyal Explorers
35734,6,Large Families
35735,5,Tech Enthusiasts
35736,1,Wellness
35737,6,Large Families
35738,0,Value Seekers
35740,3,Vegetarians
35741,7,Loyal Explorers
35742,7,Loyal Explorers
35743,1,Wellness
35745,2,Traditional Shoppers
35747,3,Vegetarians
35748,4,Promotion Hunters
35749,2,Traditional Shoppers
35750,5,Tech Enthusiasts
35751,7,Loyal Explorers
35752,6,Large Families
35753,2,Traditional Shoppers
35754,6,Large Families
35755,2,Traditional Shoppers
35756,4,Promotion Hunters
35757,7,Loyal Explorers
35758,6,Large Families
35760,5,Tech Enthusiasts
35761,6,Large Families
35762,1,Wellness
35764,6,Large Families
35765,5,Tech Enthusiasts
35766,2,Traditional Shoppers
35767,2,Traditional Shoppers
35768,3,Vegetarians
35769,2,Traditional Shoppers
35770,7,Loyal Explorers
35772,6,Large Families
35773,6,Large Families
35774,2,Traditional Shoppers
35775,4,Promotion Hunters
35776,5,Tech Enthusiasts
35777,2,Traditional Shoppers
35778,1,Wellness
35779,2,Traditional Shoppers
35780,7,Loyal Explorers
35781,6,Large Families
35782,2,Traditional Shoppers
35786,3,Vegetarians
35789,6,Large Families
35790,1,Wellness
35791,2,Traditional Shoppers
35793,5,Tech Enthusiasts
35794,2,Traditional Shoppers
35795,1,Wellness
35796,7,Loyal Explorers
35797,4,Promotion Hunters
35798,2,Traditional Shoppers
35799,5,Tech Enthusiasts
35800,7,Loyal Explorers
35801,5,Tech Enthusiasts
35802,2,Traditional Shoppers
35803,7,Loyal Explorers
35804,4,Promotion Hunters
35805,2,Traditional Shoppers
35806,4,Promotion Hunters
35807,1,Wellness
35808,2,Traditional Shoppers
35809,7,Loyal Explorers
35810,2,Traditional Shoppers
35813,1,Wellness
35814,2,Traditional Shoppers
35815,3,Vegetarians
35816,0,Value Seekers
35817,0,Value Seekers
35818,7,Loyal Explorers
35819,6,Large Families
35820,5,Tech Enthusiasts
35821,2,Traditional Shoppers
35822,3,Vegetarians
35823,4,Promotion Hunters
35824,6,Large Families
35826,3,Vegetarians
35827,5,Tech Enthusiasts
35828,4,Promotion Hunters
35829,3,Vegetarians
35831,2,Traditional Shoppers
35832,0,Value Seekers
35833,6,Large Families
35835,5,Tech Enthusiasts
35837,4,Promotion Hunters
35838,0,Value Seekers
35839,6,Large Families
35840,4,Promotion Hunters
35841,2,Traditional Shoppers
35842,3,Vegetarians
35843,3,Vegetarians
35844,5,Tech Enthusiasts
35845,3,Vegetarians
35846,1,Wellness
35848,4,Promotion Hunters
35850,6,Large Families
35851,6,Large Families
35853,2,Traditional Shoppers
35854,6,Large Families
35855,1,Wellness
35857,0,Value Seekers
35858,4,Promotion Hunters
35859,5,Tech Enthusiasts
35860,3,Vegetarians
35861,2,Traditional Shoppers
35862,6,Large Families
35863,0,Value Seekers
35864,4,Promotion Hunters
35865,2,Traditional Shoppers
35866,2,Traditional Shoppers
35867,5,Tech Enthusiasts
35868,3,Vegetarians
35869,7,Loyal Explorers
35870,6,Large Families
35871,0,Value Seekers
35872,0,Value Seekers
35873,1,Wellness
35874,0,Value Seekers
35875,5,Tech Enthusiasts
35876,0,Value Seekers
35877,7,Loyal Explorers
35880,6,Large Families
35881,4,Promotion Hunters
35882,3,Vegetarians
35883,4,Promotion Hunters
35884,4,Promotion Hunters
35885,1,Wellness
35886,5,Tech Enthusiasts
35887,4,Promotion Hunters
35888,6,Large Families
35889,4,Promotion Hunters
35891,1,Wellness
35893,2,Traditional Shoppers
35894,6,Large Families
35895,3,Vegetarians
35897,6,Large Families
35898,0,Value Seekers
35899,2,Traditional Shoppers
35900,1,Wellness
35901,1,Wellness
35902,7,Loyal Explorers
35903,3,Vegetarians
35904,3,Vegetarians
35907,1,Wellness
35908,2,Traditional Shoppers
35909,0,Value Seekers
35911,4,Promotion Hunters
35912,4,Promotion Hunters
35914,5,Tech Enthusiasts
35915,1,Wellness
35916,3,Vegetarians
35917,2,Traditional Shoppers
35918,1,Wellness
35919,5,Tech Enthusiasts
35920,2,Traditional Shoppers
35921,1,Wellness
35922,4,Promotion Hunters
35923,5,Tech Enthusiasts
35924,3,Vegetarians
35925,3,Vegetarians
35927,5,Tech Enthusiasts
35928,3,Vegetarians
35929,0,Value Seekers
35930,3,Vegetarians
35931,3,Vegetarians
35932,7,Loyal Explorers
35933,0,Value Seekers
35934,0,Value Seekers
35935,4,Promotion Hunters
35936,0,Value Seekers
35937,3,Vegetarians
35938,6,Large Families
35939,2,Traditional Shoppers
35940,6,Large Families
35944,2,Traditional Shoppers
35946,6,Large Families
35950,3,Vegetarians
35951,1,Wellness
35952,6,Large Families
35954,1,Wellness
35955,6,Large Families
35956,3,Vegetarians
35958,5,Tech Enthusiasts
35959,1,Wellness
35960,3,Vegetarians
35961,4,Promotion Hunters
35962,3,Vegetarians
35963,0,Value Seekers
35964,3,Vegetarians
35965,3,Vegetarians
35966,6,Large Families
35967,2,Traditional Shoppers
35968,3,Vegetarians
35969,1,Wellness
35972,4,Promotion Hunters
35973,7,Loyal Explorers
35975,4,Promotion Hunters
35976,1,Wellness
35977,3,Vegetarians
35978,2,Traditional Shoppers
35979,7,Loyal Explorers
35980,7,Loyal Explorers
35981,7,Loyal Explorers
35983,1,Wellness
35984,0,Value Seekers
35987,0,Value Seekers
35988,6,Large Families
35989,3,Vegetarians
35990,6,Large Families
35991,0,Value Seekers
35992,3,Vegetarians
35993,2,Traditional Shoppers
35994,7,Loyal Explorers
35996,2,Traditional Shoppers
35997,3,Vegetarians
35999,2,Traditional Shoppers
36000,7,Loyal Explorers
36001,2,Traditional Shoppers
36002,5,Tech Enthusiasts
36004,4,Promotion Hunters
36005,6,Large Families
36006,1,Wellness
36008,7,Loyal Explorers
36009,3,Vegetarians
36010,0,Value Seekers
36011,1,Wellness
36013,5,Tech Enthusiasts
36014,3,Vegetarians
36015,6,Large Families
36016,5,Tech Enthusiasts
36017,0,Value Seekers
36018,5,Tech Enthusiasts
36019,4,Promotion Hunters
36020,6,Large Families
36021,4,Promotion Hunters
36022,6,Large Families
36023,0,Value Seekers
36024,7,Loyal Explorers
36025,0,Value Seekers
36026,2,Traditional Shoppers
36028,2,Traditional Shoppers
36030,6,Large Families
36031,4,Promotion Hunters
36032,6,Large Families
36034,5,Tech Enthusiasts
36035,2,Traditional Shoppers
36036,2,Traditional Shoppers
36038,4,Promotion Hunters
36039,7,Loyal Explorers
36040,3,Vegetarians
36041,7,Loyal Explorers
36042,3,Vegetarians
36043,1,Wellness
36044,7,Loyal Explorers
36046,2,Traditional Shoppers
36047,3,Vegetarians
36048,6,Large Families
36049,2,Traditional Shoppers
36050,2,Traditional Shoppers
36051,3,Vegetarians
36052,1,Wellness
36053,6,Large Families
36054,6,Large Families
36055,6,Large Families
36056,2,Traditional Shoppers
36057,5,Tech Enthusiasts
36058,2,Traditional Shoppers
36060,2,Traditional Shoppers
36061,2,Traditional Shoppers
36062,5,Tech Enthusiasts
36064,4,Promotion Hunters
36065,0,Value Seekers
36066,6,Large Families
36067,5,Tech Enthusiasts
36068,6,Large Families
36069,6,Large Families
36070,6,Large Families
36071,0,Value Seekers
36072,2,Traditional Shoppers
36073,2,Traditional Shoppers
36074,5,Tech Enthusiasts
36076,1,Wellness
36077,2,Traditional Shoppers
36079,2,Traditional Shoppers
36080,4,Promotion Hunters
36081,5,Tech Enthusiasts
36083,5,Tech Enthusiasts
36084,3,Vegetarians
36085,1,Wellness
36086,3,Vegetarians
36088,2,Traditional Shoppers
36090,2,Traditional Shoppers
36091,1,Wellness
36092,0,Value Seekers
36093,5,Tech Enthusiasts
36094,7,Loyal Explorers
36096,3,Vegetarians
36097,7,Loyal Explorers
36098,6,Large Families
36099,0,Value Seekers
36100,1,Wellness
36101,0,Value Seekers
36102,2,Traditional Shoppers
36103,3,Vegetarians
36104,0,Value Seekers
36105,4,Promotion Hunters
36106,3,Vegetarians
36108,2,Traditional Shoppers
36110,1,Wellness
36111,6,Large Families
36113,5,Tech Enthusiasts
36114,0,Value Seekers
36115,3,Vegetarians
36116,3,Vegetarians
36117,7,Loyal Explorers
36118,2,Traditional Shoppers
36119,1,Wellness
36120,1,Wellness
36122,5,Tech Enthusiasts
36123,1,Wellness
36125,6,Large Families
36126,2,Traditional Shoppers
36127,6,Large Families
36129,1,Wellness
36130,5,Tech Enthusiasts
36131,4,Promotion Hunters
36132,6,Large Families
36134,2,Traditional Shoppers
36135,2,Traditional Shoppers
36136,2,Traditional Shoppers
36137,6,Large Families
36139,5,Tech Enthusiasts
36140,2,Traditional Shoppers
36141,6,Large Families
36143,6,Large Families
36145,2,Traditional Shoppers
36147,6,Large Families
36148,4,Promotion Hunters
36149,3,Vegetarians
36150,6,Large Families
36151,6,Large Families
36152,3,Vegetarians
36153,7,Loyal Explorers
36155,4,Promotion Hunters
36156,3,Vegetarians
36157,7,Loyal Explorers
36158,7,Loyal Explorers
36159,6,Large Families
36160,6,Large Families
36161,6,Large Families
36162,7,Loyal Explorers
36163,5,Tech Enthusiasts
36164,5,Tech Enthusiasts
36165,0,Value Seekers
36166,2,Traditional Shoppers
36168,6,Large Families
36169,2,Traditional Shoppers
36171,4,Promotion Hunters
36173,1,Wellness
36174,3,Vegetarians
36175,3,Vegetarians
36176,3,Vegetarians
36178,3,Vegetarians
36180,2,Traditional Shoppers
36182,1,Wellness
36183,0,Value Seekers
36184,3,Vegetarians
36185,3,Vegetarians
36186,2,Traditional Shoppers
36190,5,Tech Enthusiasts
36192,2,Traditional Shoppers
36193,2,Traditional Shoppers
36194,1,Wellness
36195,3,Vegetarians
36196,3,Vegetarians
36197,0,Value Seekers
36199,7,Loyal Explorers
36200,2,Traditional Shoppers
36201,7,Loyal Explorers
36202,7,Loyal Explorers
36204,0,Value Seekers
36205,5,Tech Enthusiasts
36206,2,Traditional Shoppers
36207,3,Vegetarians
36208,3,Vegetarians
36210,1,Wellness
36211,0,Value Seekers
36212,3,Vegetarians
36213,2,Traditional Shoppers
36214,6,Large Families
36215,3,Vegetarians
36216,2,Traditional Shoppers
36217,2,Traditional Shoppers
36218,1,Wellness
36219,2,Traditional Shoppers
36221,2,Traditional Shoppers
36222,3,Vegetarians
36224,7,Loyal Explorers
36225,6,Large Families
36226,5,Tech Enthusiasts
36227,3,Vegetarians
36229,1,Wellness
36231,2,Traditional Shoppers
36232,4,Promotion Hunters
36233,0,Value Seekers
36234,1,Wellness
36235,0,Value Seekers
36236,3,Vegetarians
36237,2,Traditional Shoppers
36238,1,Wellness
36239,3,Vegetarians
36241,6,Large Families
36242,2,Traditional Shoppers
36243,3,Vegetarians
36244,3,Vegetarians
36245,5,Tech Enthusiasts
36246,2,Traditional Shoppers
36247,5,Tech Enthusiasts
36249,7,Loyal Explorers
36250,2,Traditional Shoppers
36252,4,Promotion Hunters
36253,2,Traditional Shoppers
36254,7,Loyal Explorers
36255,1,Wellness
36257,0,Value Seekers
36258,3,Vegetarians
36259,3,Vegetarians
36261,6,Large Families
36263,6,Large Families
36265,2,Traditional Shoppers
36266,7,Loyal Explorers
36267,2,Traditional Shoppers
36270,5,Tech Enthusiasts
36271,2,Traditional Shoppers
36272,1,Wellness
36273,3,Vegetarians
36274,3,Vegetarians
36275,0,Value Seekers
36276,2,Traditional Shoppers
36277,0,Value Seekers
36278,2,Traditional Shoppers
36282,6,Large Families
36283,2,Traditional Shoppers
36284,6,Large Families
36285,0,Value Seekers
36287,1,Wellness
36288,2,Traditional Shoppers
36289,6,Large Families
36290,1,Wellness
36291,2,Traditional Shoppers
36292,1,Wellness
36296,7,Loyal Explorers
36297,7,Loyal Explorers
36298,4,Promotion Hunters
36299,0,Value Seekers
36302,2,Traditional Shoppers
36303,3,Vegetarians
36304,2,Traditional Shoppers
36305,6,Large Families
36307,0,Value Seekers
36309,1,Wellness
36310,7,Loyal Explorers
36311,1,Wellness
36313,5,Tech Enthusiasts
36314,2,Traditional Shoppers
36315,3,Vegetarians
36316,5,Tech Enthusiasts
36317,5,Tech Enthusiasts
36318,6,Large Families
36319,5,Tech Enthusiasts
36320,7,Loyal Explorers
36322,0,Value Seekers
36323,6,Large Families
36324,3,Vegetarians
36325,2,Traditional Shoppers
36326,6,Large Families
36327,6,Large Families
36328,7,Loyal Explorers
36329,5,Tech Enthusiasts
36331,7,Loyal Explorers
36332,1,Wellness
36333,3,Vegetarians
36334,3,Vegetarians
36335,2,Traditional Shoppers
36336,4,Promotion Hunters
36337,7,Loyal Explorers
36338,0,Value Seekers
36339,3,Vegetarians
36340,6,Large Families
36341,3,Vegetarians
36342,5,Tech Enthusiasts
36343,3,Vegetarians
36344,3,Vegetarians
36345,3,Vegetarians
36346,7,Loyal Explorers
36347,6,Large Families
36348,2,Traditional Shoppers
36349,5,Tech Enthusiasts
36350,2,Traditional Shoppers
36353,7,Loyal Explorers
36355,6,Large Families
36356,2,Traditional Shoppers
36357,5,Tech Enthusiasts
36358,4,Promotion Hunters
36360,1,Wellness
36362,6,Large Families
36363,5,Tech Enthusiasts
36364,6,Large Families
36365,2,Traditional Shoppers
36366,6,Large Families
36367,4,Promotion Hunters
36368,0,Value Seekers
36369,6,Large Families
36370,2,Traditional Shoppers
36371,0,Value Seekers
36372,4,Promotion Hunters
36374,6,Large Families
36375,2,Traditional Shoppers
36377,3,Vegetarians
36378,5,Tech Enthusiasts
36379,2,Traditional Shoppers
36380,2,Traditional Shoppers
36381,4,Promotion Hunters
36382,4,Promotion Hunters
36383,3,Vegetarians
36384,3,Vegetarians
36385,1,Wellness
36386,2,Traditional Shoppers
36387,0,Value Seekers
36388,1,Wellness
36389,5,Tech Enthusiasts
36390,1,Wellness
36391,1,Wellness
36392,3,Vegetarians
36395,6,Large Families
36396,0,Value Seekers
36397,2,Traditional Shoppers
36398,4,Promotion Hunters
36399,0,Value Seekers
36400,0,Value Seekers
36401,5,Tech Enthusiasts
36402,2,Traditional Shoppers
36403,4,Promotion Hunters
36404,7,Loyal Explorers
36405,6,Large Families
36407,1,Wellness
36408,7,Loyal Explorers
36409,6,Large Families
36410,0,Value Seekers
36411,2,Traditional Shoppers
36414,3,Vegetarians
36415,6,Large Families
36416,6,Large Families
36417,5,Tech Enthusiasts
36419,7,Loyal Explorers
36420,5,Tech Enthusiasts
36421,2,Traditional Shoppers
36422,1,Wellness
36423,2,Traditional Shoppers
36424,5,Tech Enthusiasts
36425,7,Loyal Explorers
36427,1,Wellness
36428,4,Promotion Hunters
36431,3,Vegetarians
36432,2,Traditional Shoppers
36433,7,Loyal Explorers
36434,6,Large Families
36435,5,Tech Enthusiasts
36437,0,Value Seekers
36438,7,Loyal Explorers
36439,2,Traditional Shoppers
36441,6,Large Families
36442,6,Large Families
36443,0,Value Seekers
36444,7,Loyal Explorers
36445,3,Vegetarians
36446,6,Large Families
36447,3,Vegetarians
36448,2,Traditional Shoppers
36449,4,Promotion Hunters
36450,5,Tech Enthusiasts
36452,6,Large Families
36454,4,Promotion Hunters
36455,1,Wellness
36456,0,Value Seekers
36457,4,Promotion Hunters
36458,0,Value Seekers
36459,5,Tech Enthusiasts
36460,6,Large Families
36461,2,Traditional Shoppers
36462,2,Traditional Shoppers
36463,4,Promotion Hunters
36464,7,Loyal Explorers
36465,3,Vegetarians
36466,2,Traditional Shoppers
36467,7,Loyal Explorers
36468,3,Vegetarians
36469,3,Vegetarians
36470,5,Tech Enthusiasts
36472,7,Loyal Explorers
36473,0,Value Seekers
36474,0,Value Seekers
36475,4,Promotion Hunters
36476,4,Promotion Hunters
36478,2,Traditional Shoppers
36480,7,Loyal Explorers
36481,7,Loyal Explorers
36482,4,Promotion Hunters
36483,5,Tech Enthusiasts
36484,6,Large Families
36485,5,Tech Enthusiasts
36486,5,Tech Enthusiasts
36487,1,Wellness
36489,0,Value Seekers
36491,4,Promotion Hunters
36492,3,Vegetarians
36493,6,Large Families
36494,3,Vegetarians
36495,6,Large Families
36496,1,Wellness
36498,2,Traditional Shoppers
36499,3,Vegetarians
36500,4,Promotion Hunters
36501,1,Wellness
36502,2,Traditional Shoppers
36503,2,Traditional Shoppers
36504,1,Wellness
36505,6,Large Families
36507,7,Loyal Explorers
36508,0,Value Seekers
36511,3,Vegetarians
36512,2,Traditional Shoppers
36513,4,Promotion Hunters
36514,1,Wellness
36515,4,Promotion Hunters
36516,6,Large Families
36517,6,Large Families
36518,6,Large Families
36519,4,Promotion Hunters
36520,2,Traditional Shoppers
36521,5,Tech Enthusiasts
36522,1,Wellness
36524,1,Wellness
36525,0,Value Seekers
36526,6,Large Families
36527,2,Traditional Shoppers
36528,3,Vegetarians
36529,7,Loyal Explorers
36530,7,Loyal Explorers
36531,4,Promotion Hunters
36532,1,Wellness
36533,3,Vegetarians
36535,3,Vegetarians
36536,0,Value Seekers
36537,5,Tech Enthusiasts
36538,6,Large Families
36539,2,Traditional Shoppers
36540,1,Wellness
36542,7,Loyal Explorers
36543,2,Traditional Shoppers
36544,6,Large Families
36545,2,Traditional Shoppers
36546,4,Promotion Hunters
36548,6,Large Families
36550,3,Vegetarians
36551,3,Vegetarians
36552,0,Value Seekers
36553,1,Wellness
36555,1,Wellness
36557,6,Large Families
36558,2,Traditional Shoppers
36559,6,Large Families
36560,4,Promotion Hunters
36561,2,Traditional Shoppers
36562,1,Wellness
36563,2,Traditional Shoppers
36564,3,Vegetarians
36565,6,Large Families
36567,7,Loyal Explorers
36568,4,Promotion Hunters
36569,4,Promotion Hunters
36570,1,Wellness
36572,1,Wellness
36574,5,Tech Enthusiasts
36575,6,Large Families
36576,6,Large Families
36580,2,Traditional Shoppers
36581,2,Traditional Shoppers
36582,3,Vegetarians
36583,6,Large Families
36584,0,Value Seekers
36585,0,Value Seekers
36586,2,Traditional Shoppers
36587,2,Traditional Shoppers
36588,3,Vegetarians
36589,5,Tech Enthusiasts
36590,1,Wellness
36591,7,Loyal Explorers
36592,5,Tech Enthusiasts
36593,3,Vegetarians
36596,0,Value Seekers
36597,2,Traditional Shoppers
36598,1,Wellness
36599,2,Traditional Shoppers
36600,0,Value Seekers
36601,5,Tech Enthusiasts
36603,1,Wellness
36604,0,Value Seekers
36605,5,Tech Enthusiasts
36608,5,Tech Enthusiasts
36609,4,Promotion Hunters
36610,6,Large Families
36612,6,Large Families
36613,2,Traditional Shoppers
36614,3,Vegetarians
36615,0,Value Seekers
36616,2,Traditional Shoppers
36617,1,Wellness
36618,7,Loyal Explorers
36619,6,Large Families
36621,6,Large Families
36622,3,Vegetarians
36623,3,Vegetarians
36624,5,Tech Enthusiasts
36625,2,Traditional Shoppers
36626,2,Traditional Shoppers
36628,6,Large Families
36629,1,Wellness
36630,2,Traditional Shoppers
36631,3,Vegetarians
36632,2,Traditional Shoppers
36633,3,Vegetarians
36635,3,Vegetarians
36636,2,Traditional Shoppers
36637,6,Large Families
36638,6,Large Families
36640,6,Large Families
36641,4,Promotion Hunters
36642,5,Tech Enthusiasts
36644,6,Large Families
36646,6,Large Families
36647,1,Wellness
36648,4,Promotion Hunters
36649,7,Loyal Explorers
36650,2,Traditional Shoppers
36651,1,Wellness
36652,7,Loyal Explorers
36653,4,Promotion Hunters
36654,7,Loyal Explorers
36656,3,Vegetarians
36657,3,Vegetarians
36658,2,Traditional Shoppers
36659,0,Value Seekers
36664,2,Traditional Shoppers
36665,6,Large Families
36667,1,Wellness
36668,2,Traditional Shoppers
36669,2,Traditional Shoppers
36671,6,Large Families
36672,3,Vegetarians
36673,6,Large Families
36675,4,Promotion Hunters
36676,2,Traditional Shoppers
36677,3,Vegetarians
36679,6,Large Families
36680,6,Large Families
36681,5,Tech Enthusiasts
36682,3,Vegetarians
36683,2,Traditional Shoppers
36684,6,Large Families
36685,7,Loyal Explorers
36686,0,Value Seekers
36688,3,Vegetarians
36689,5,Tech Enthusiasts
36690,6,Large Families
36691,6,Large Families
36692,1,Wellness
36693,7,Loyal Explorers
36694,3,Vegetarians
36695,5,Tech Enthusiasts
36696,2,Traditional Shoppers
36697,2,Traditional Shoppers
36700,0,Value Seekers
36703,5,Tech Enthusiasts
36704,0,Value Seekers
36705,3,Vegetarians
36706,7,Loyal Explorers
36707,2,Traditional Shoppers
36709,0,Value Seekers
36710,5,Tech Enthusiasts
36711,0,Value Seekers
36712,4,Promotion Hunters
36713,7,Loyal Explorers
36714,7,Loyal Explorers
36715,5,Tech Enthusiasts
36716,1,Wellness
36717,4,Promotion Hunters
36718,1,Wellness
36719,1,Wellness
36721,1,Wellness
36722,7,Loyal Explorers
36723,2,Traditional Shoppers
36724,6,Large Families
36725,7,Loyal Explorers
36727,2,Traditional Shoppers
36728,2,Traditional Shoppers
36729,1,Wellness
36730,6,Large Families
36731,1,Wellness
36732,0,Value Seekers
36734,4,Promotion Hunters
36735,4,Promotion Hunters
36736,2,Traditional Shoppers
36737,1,Wellness
36738,2,Traditional Shoppers
36739,6,Large Families
36740,2,Traditional Shoppers
36742,6,Large Families
36744,7,Loyal Explorers
36745,0,Value Seekers
36747,1,Wellness
36748,0,Value Seekers
36749,0,Value Seekers
36750,2,Traditional Shoppers
36752,3,Vegetarians
36753,2,Traditional Shoppers
36754,3,Vegetarians
36755,1,Wellness
36756,1,Wellness
36757,1,Wellness
36759,6,Large Families
36760,6,Large Families
36761,3,Vegetarians
36762,3,Vegetarians
36763,4,Promotion Hunters
36764,1,Wellness
36765,6,Large Families
36766,3,Vegetarians
36767,4,Promotion Hunters
36768,7,Loyal Explorers
36769,1,Wellness
36770,0,Value Seekers
36771,2,Traditional Shoppers
36772,2,Traditional Shoppers
36773,7,Loyal Explorers
36774,1,Wellness
36775,5,Tech Enthusiasts
36776,2,Traditional Shoppers
36777,6,Large Families
36778,3,Vegetarians
36780,2,Traditional Shoppers
36781,2,Traditional Shoppers
36782,0,Value Seekers
36783,7,Loyal Explorers
36784,5,Tech Enthusiasts
36785,1,Wellness
36786,3,Vegetarians
36787,0,Value Seekers
36788,4,Promotion Hunters
36789,7,Loyal Explorers
36790,5,Tech Enthusiasts
36791,6,Large Families
36793,4,Promotion Hunters
36795,2,Traditional Shoppers
36797,2,Traditional Shoppers
36799,7,Loyal Explorers
36800,3,Vegetarians
36801,2,Traditional Shoppers
36803,6,Large Families
36804,2,Traditional Shoppers
36805,5,Tech Enthusiasts
36806,1,Wellness
36807,4,Promotion Hunters
36808,0,Value Seekers
36810,5,Tech Enthusiasts
36811,6,Large Families
36812,1,Wellness
36813,6,Large Families
36815,5,Tech Enthusiasts
36816,2,Traditional Shoppers
36817,5,Tech Enthusiasts
36818,6,Large Families
36819,2,Traditional Shoppers
36820,3,Vegetarians
36821,3,Vegetarians
36823,3,Vegetarians
36825,5,Tech Enthusiasts
36826,6,Large Families
36827,2,Traditional Shoppers
36828,1,Wellness
36830,4,Promotion Hunters
36831,6,Large Families
36833,3,Vegetarians
36834,2,Traditional Shoppers
36835,4,Promotion Hunters
36836,4,Promotion Hunters
36838,3,Vegetarians
36839,6,Large Families
36840,3,Vegetarians
36844,3,Vegetarians
36845,7,Loyal Explorers
36846,1,Wellness
36848,2,Traditional Shoppers
36849,1,Wellness
36850,5,Tech Enthusiasts
36851,1,Wellness
36853,6,Large Families
36856,6,Large Families
36857,2,Traditional Shoppers
36858,2,Traditional Shoppers
36859,1,Wellness
36860,0,Value Seekers
36861,2,Traditional Shoppers
36862,2,Traditional Shoppers
36863,6,Large Families
36864,5,Tech Enthusiasts
36865,4,Promotion Hunters
36866,7,Loyal Explorers
36867,2,Traditional Shoppers
36868,3,Vegetarians
36869,1,Wellness
36870,3,Vegetarians
36871,2,Traditional Shoppers
36872,2,Traditional Shoppers
36873,5,Tech Enthusiasts
36874,6,Large Families
36875,0,Value Seekers
36876,2,Traditional Shoppers
36877,6,Large Families
36878,5,Tech Enthusiasts
36881,7,Loyal Explorers
36882,3,Vegetarians
36884,2,Traditional Shoppers
36885,3,Vegetarians
36886,2,Traditional Shoppers
36887,6,Large Families
36888,2,Traditional Shoppers
36890,6,Large Families
36891,2,Traditional Shoppers
36892,4,Promotion Hunters
36893,4,Promotion Hunters
36894,2,Traditional Shoppers
36895,4,Promotion Hunters
36897,5,Tech Enthusiasts
36899,3,Vegetarians
36900,2,Traditional Shoppers
36901,6,Large Families
36902,1,Wellness
36903,2,Traditional Shoppers
36904,2,Traditional Shoppers
36905,4,Promotion Hunters
36906,3,Vegetarians
36907,2,Traditional Shoppers
36909,7,Loyal Explorers
36910,1,Wellness
36912,1,Wellness
36914,6,Large Families
36915,5,Tech Enthusiasts
36916,5,Tech Enthusiasts
36917,5,Tech Enthusiasts
36921,6,Large Families
36922,2,Traditional Shoppers
36923,0,Value Seekers
36924,1,Wellness
36925,5,Tech Enthusiasts
36926,1,Wellness
36927,2,Traditional Shoppers
36928,1,Wellness
36929,4,Promotion Hunters
36931,2,Traditional Shoppers
36932,5,Tech Enthusiasts
36933,6,Large Families
36934,2,Traditional Shoppers
36935,5,Tech Enthusiasts
36936,2,Traditional Shoppers
36937,6,Large Families
36938,6,Large Families
36939,7,Loyal Explorers
36940,3,Vegetarians
36941,1,Wellness
36942,3,Vegetarians
36944,4,Promotion Hunters
36945,3,Vegetarians
36947,2,Traditional Shoppers
36948,3,Vegetarians
36949,5,Tech Enthusiasts
36950,1,Wellness
36951,5,Tech Enthusiasts
36952,6,Large Families
36953,2,Traditional Shoppers
36954,2,Traditional Shoppers
36957,3,Vegetarians
36959,0,Value Seekers
36960,7,Loyal Explorers
36961,5,Tech Enthusiasts
36962,7,Loyal Explorers
36965,1,Wellness
36966,4,Promotion Hunters
36967,0,Value Seekers
36968,4,Promotion Hunters
36972,7,Loyal Explorers
36973,0,Value Seekers
36974,3,Vegetarians
36975,0,Value Seekers
36976,7,Loyal Explorers
36977,7,Loyal Explorers
36978,2,Traditional Shoppers
36979,3,Vegetarians
36980,2,Traditional Shoppers
36981,2,Traditional Shoppers
36982,1,Wellness
36983,2,Traditional Shoppers
36984,0,Value Seekers
36985,3,Vegetarians
36986,6,Large Families
36987,4,Promotion Hunters
36988,0,Value Seekers
36989,6,Large Families
36990,6,Large Families
36991,4,Promotion Hunters
36992,4,Promotion Hunters
36993,7,Loyal Explorers
36994,6,Large Families
36996,5,Tech Enthusiasts
36997,2,Traditional Shoppers
36998,0,Value Seekers
37001,1,Wellness
37002,4,Promotion Hunters
37003,0,Value Seekers
37004,2,Traditional Shoppers
37005,2,Traditional Shoppers
37006,7,Loyal Explorers
37007,2,Traditional Shoppers
37008,5,Tech Enthusiasts
37009,3,Vegetarians
37010,2,Traditional Shoppers
37011,0,Value Seekers
37012,4,Promotion Hunters
37013,0,Value Seekers
37014,0,Value Seekers
37015,6,Large Families
37017,2,Traditional Shoppers
37019,5,Tech Enthusiasts
37020,6,Large Families
37021,0,Value Seekers
37022,2,Traditional Shoppers
37023,2,Traditional Shoppers
37024,7,Loyal Explorers
37025,4,Promotion Hunters
37026,3,Vegetarians
37027,7,Loyal Explorers
37029,0,Value Seekers
37032,3,Vegetarians
37034,7,Loyal Explorers
37035,4,Promotion Hunters
37036,0,Value Seekers
37037,5,Tech Enthusiasts
37038,6,Large Families
37039,6,Large Families
37040,6,Large Families
37041,3,Vegetarians
37042,3,Vegetarians
37043,5,Tech Enthusiasts
37045,1,Wellness
37046,1,Wellness
37047,7,Loyal Explorers
37048,2,Traditional Shoppers
37050,6,Large Families
37051,6,Large Families
37052,2,Traditional Shoppers
37053,4,Promotion Hunters
37054,5,Tech Enthusiasts
37055,7,Loyal Explorers
37056,3,Vegetarians
37057,0,Value Seekers
37058,3,Vegetarians
37060,0,Value Seekers
37061,6,Large Families
37063,3,Vegetarians
37064,6,Large Families
37066,7,Loyal Explorers
37068,4,Promotion Hunters
37069,0,Value Seekers
37070,6,Large Families
37071,2,Traditional Shoppers
37072,2,Traditional Shoppers
37073,1,Wellness
37074,1,Wellness
37077,2,Traditional Shoppers
37079,3,Vegetarians
37080,0,Value Seekers
37081,2,Traditional Shoppers
37084,1,Wellness
37085,5,Tech Enthusiasts
37086,3,Vegetarians
37087,0,Value Seekers
37088,6,Large Families
37089,3,Vegetarians
37090,5,Tech Enthusiasts
37092,6,Large Families
37093,6,Large Families
37094,5,Tech Enthusiasts
37095,1,Wellness
37096,6,Large Families
37097,6,Large Families
37098,6,Large Families
37099,7,Loyal Explorers
37100,2,Traditional Shoppers
37101,5,Tech Enthusiasts
37102,1,Wellness
37103,4,Promotion Hunters
37104,2,Traditional Shoppers
37105,2,Traditional Shoppers
37106,2,Traditional Shoppers
37107,6,Large Families
37108,3,Vegetarians
37109,2,Traditional Shoppers
37110,5,Tech Enthusiasts
37111,4,Promotion Hunters
37112,7,Loyal Explorers
37113,1,Wellness
37114,6,Large Families
37116,5,Tech Enthusiasts
37117,3,Vegetarians
37118,7,Loyal Explorers
37119,5,Tech Enthusiasts
37120,6,Large Families
37121,2,Traditional Shoppers
37122,4,Promotion Hunters
37123,0,Value Seekers
37124,2,Traditional Shoppers
37125,6,Large Families
37127,6,Large Families
37128,6,Large Families
37130,6,Large Families
37131,3,Vegetarians
37132,0,Value Seekers
37133,7,Loyal Explorers
37134,6,Large Families
37136,0,Value Seekers
37137,3,Vegetarians
37138,3,Vegetarians
37139,5,Tech Enthusiasts
37140,6,Large Families
37144,7,Loyal Explorers
37145,2,Traditional Shoppers
37146,1,Wellness
37147,2,Traditional Shoppers
37149,2,Traditional Shoppers
37150,4,Promotion Hunters
37151,5,Tech Enthusiasts
37152,4,Promotion Hunters
37153,3,Vegetarians
37154,7,Loyal Explorers
37156,2,Traditional Shoppers
37157,0,Value Seekers
37158,6,Large Families
37159,5,Tech Enthusiasts
37160,5,Tech Enthusiasts
37161,6,Large Families
37162,7,Loyal Explorers
37163,4,Promotion Hunters
37164,6,Large Families
37165,3,Vegetarians
37166,6,Large Families
37167,7,Loyal Explorers
37168,1,Wellness
37169,3,Vegetarians
37170,1,Wellness
37171,0,Value Seekers
37172,2,Traditional Shoppers
37173,1,Wellness
37174,0,Value Seekers
37175,7,Loyal Explorers
37176,2,Traditional Shoppers
37177,2,Traditional Shoppers
37178,4,Promotion Hunters
37179,3,Vegetarians
37180,7,Loyal Explorers
37181,1,Wellness
37182,3,Vegetarians
37183,5,Tech Enthusiasts
37184,1,Wellness
37185,2,Traditional Shoppers
37186,4,Promotion Hunters
37188,3,Vegetarians
37189,7,Loyal Explorers
37191,4,Promotion Hunters
37192,3,Vegetarians
37194,6,Large Families
37195,2,Traditional Shoppers
37196,7,Loyal Explorers
37197,5,Tech Enthusiasts
37198,4,Promotion Hunters
37199,1,Wellness
37200,5,Tech Enthusiasts
37203,2,Traditional Shoppers
37204,2,Traditional Shoppers
37205,7,Loyal Explorers
37206,0,Value Seekers
37207,2,Traditional Shoppers
37208,2,Traditional Shoppers
37209,5,Tech Enthusiasts
37210,5,Tech Enthusiasts
37211,0,Value Seekers
37212,4,Promotion Hunters
37214,0,Value Seekers
37215,2,Traditional Shoppers
37216,2,Traditional Shoppers
37217,2,Traditional Shoppers
37218,1,Wellness
37219,4,Promotion Hunters
37220,2,Traditional Shoppers
37221,2,Traditional Shoppers
37222,4,Promotion Hunters
37223,1,Wellness
37225,2,Traditional Shoppers
37227,6,Large Families
37228,1,Wellness
37230,7,Loyal Explorers
37231,7,Loyal Explorers
37232,2,Traditional Shoppers
37234,5,Tech Enthusiasts
37236,6,Large Families
37237,5,Tech Enthusiasts
37238,2,Traditional Shoppers
37240,2,Traditional Shoppers
37241,4,Promotion Hunters
37242,5,Tech Enthusiasts
37243,5,Tech Enthusiasts
37244,3,Vegetarians
37246,4,Promotion Hunters
37248,1,Wellness
37249,6,Large Families
37251,4,Promotion Hunters
37252,7,Loyal Explorers
37253,6,Large Families
37254,3,Vegetarians
37256,6,Large Families
37258,1,Wellness
37259,6,Large Families
37260,2,Traditional Shoppers
37262,5,Tech Enthusiasts
37265,0,Value Seekers
37266,6,Large Families
37267,6,Large Families
37268,1,Wellness
37269,5,Tech Enthusiasts
37270,6,Large Families
37271,6,Large Families
37272,2,Traditional Shoppers
37273,3,Vegetarians
37274,1,Wellness
37276,2,Traditional Shoppers
37277,3,Vegetarians
37278,6,Large Families
37282,4,Promotion Hunters
37283,7,Loyal Explorers
37286,0,Value Seekers
37287,4,Promotion Hunters
37288,4,Promotion Hunters
37289,6,Large Families
37290,3,Vegetarians
37292,3,Vegetarians
37294,6,Large Families
37295,5,Tech Enthusiasts
37296,7,Loyal Explorers
37297,2,Traditional Shoppers
37298,5,Tech Enthusiasts
37299,4,Promotion Hunters
37300,3,Vegetarians
37301,6,Large Families
37303,1,Wellness
37304,7,Loyal Explorers
37305,4,Promotion Hunters
37306,5,Tech Enthusiasts
37307,2,Traditional Shoppers
37308,0,Value Seekers
37309,7,Loyal Explorers
37310,5,Tech Enthusiasts
37311,7,Loyal Explorers
37312,5,Tech Enthusiasts
37313,6,Large Families
37314,6,Large Families
37315,4,Promotion Hunters
37316,7,Loyal Explorers
37317,5,Tech Enthusiasts
37318,2,Traditional Shoppers
37319,3,Vegetarians
37320,4,Promotion Hunters
37321,3,Vegetarians
37323,6,Large Families
37324,6,Large Families
37325,0,Value Seekers
37326,7,Loyal Explorers
37328,3,Vegetarians
37329,2,Traditional Shoppers
37330,7,Loyal Explorers
37331,3,Vegetarians
37332,6,Large Families
37333,3,Vegetarians
37334,3,Vegetarians
37335,5,Tech Enthusiasts
37336,0,Value Seekers
37337,2,Traditional Shoppers
37338,3,Vegetarians
37339,4,Promotion Hunters
37341,2,Traditional Shoppers
37343,2,Traditional Shoppers
37344,7,Loyal Explorers
37345,2,Traditional Shoppers
37346,5,Tech Enthusiasts
37347,5,Tech Enthusiasts
37348,6,Large Families
37350,5,Tech Enthusiasts
37351,4,Promotion Hunters
37352,6,Large Families
37353,2,Traditional Shoppers
37354,2,Traditional Shoppers
37355,1,Wellness
37356,6,Large Families
37357,0,Value Seekers
37358,2,Traditional Shoppers
37359,2,Traditional Shoppers
37360,1,Wellness
37361,6,Large Families
37362,7,Loyal Explorers
37364,0,Value Seekers
37365,6,Large Families
37366,5,Tech Enthusiasts
37367,4,Promotion Hunters
37368,1,Wellness
37369,1,Wellness
37370,5,Tech Enthusiasts
37371,1,Wellness
37372,6,Large Families
37373,6,Large Families
37374,4,Promotion Hunters
37375,2,Traditional Shoppers
37379,2,Traditional Shoppers
37380,6,Large Families
37381,2,Traditional Shoppers
37382,6,Large Families
37383,2,Traditional Shoppers
37384,3,Vegetarians
37385,6,Large Families
37388,4,Promotion Hunters
37389,2,Traditional Shoppers
37390,4,Promotion Hunters
37391,5,Tech Enthusiasts
37392,6,Large Families
37393,3,Vegetarians
37394,1,Wellness
37395,7,Loyal Explorers
37396,1,Wellness
37397,0,Value Seekers
37398,2,Traditional Shoppers
37400,6,Large Families
37401,1,Wellness
37402,2,Traditional Shoppers
37403,4,Promotion Hunters
37405,6,Large Families
37407,0,Value Seekers
37408,3,Vegetarians
37409,7,Loyal Explorers
37411,1,Wellness
37412,6,Large Families
37414,3,Vegetarians
37415,3,Vegetarians
37416,3,Vegetarians
37417,5,Tech Enthusiasts
37419,6,Large Families
37421,3,Vegetarians
37422,2,Traditional Shoppers
37423,3,Vegetarians
37424,2,Traditional Shoppers
37425,4,Promotion Hunters
37426,7,Loyal Explorers
37428,3,Vegetarians
37429,6,Large Families
37430,5,Tech Enthusiasts
37431,2,Traditional Shoppers
37432,6,Large Families
37433,6,Large Families
37434,4,Promotion Hunters
37435,2,Traditional Shoppers
37436,3,Vegetarians
37437,4,Promotion Hunters
37438,5,Tech Enthusiasts
37439,0,Value Seekers
37440,3,Vegetarians
37441,7,Loyal Explorers
37442,6,Large Families
37444,2,Traditional Shoppers
37445,0,Value Seekers
37447,6,Large Families
37448,4,Promotion Hunters
37450,4,Promotion Hunters
37451,2,Traditional Shoppers
37452,2,Traditional Shoppers
37453,2,Traditional Shoppers
37454,4,Promotion Hunters
37455,3,Vegetarians
37457,3,Vegetarians
37458,2,Traditional Shoppers
37459,1,Wellness
37460,2,Traditional Shoppers
37461,2,Traditional Shoppers
37462,2,Traditional Shoppers
37463,3,Vegetarians
37464,4,Promotion Hunters
37465,1,Wellness
37466,1,Wellness
37467,0,Value Seekers
37468,3,Vegetarians
37469,7,Loyal Explorers
37470,2,Traditional Shoppers
37471,6,Large Families
37473,7,Loyal Explorers
37474,7,Loyal Explorers
37476,6,Large Families
37477,1,Wellness
37478,2,Traditional Shoppers
37479,7,Loyal Explorers
37480,6,Large Families
37481,4,Promotion Hunters
37483,2,Traditional Shoppers
37484,5,Tech Enthusiasts
37486,6,Large Families
37487,1,Wellness
37488,2,Traditional Shoppers
37489,2,Traditional Shoppers
37490,6,Large Families
37491,6,Large Families
37493,2,Traditional Shoppers
37494,2,Traditional Shoppers
37497,4,Promotion Hunters
37498,2,Traditional Shoppers
37500,2,Traditional Shoppers
37501,5,Tech Enthusiasts
37502,3,Vegetarians
37503,0,Value Seekers
37504,3,Vegetarians
37506,3,Vegetarians
37507,6,Large Families
37508,5,Tech Enthusiasts
37509,2,Traditional Shoppers
37510,1,Wellness
37511,1,Wellness
37514,0,Value Seekers
37515,2,Traditional Shoppers
37516,6,Large Families
37517,5,Tech Enthusiasts
37518,5,Tech Enthusiasts
37520,6,Large Families
37521,2,Traditional Shoppers
37523,4,Promotion Hunters
37524,3,Vegetarians
37525,6,Large Families
37526,1,Wellness
37527,0,Value Seekers
37528,1,Wellness
37529,5,Tech Enthusiasts
37531,6,Large Families
37535,7,Loyal Explorers
37536,7,Loyal Explorers
37537,6,Large Families
37540,7,Loyal Explorers
37541,0,Value Seekers
37542,0,Value Seekers
37545,7,Loyal Explorers
37546,0,Value Seekers
37548,2,Traditional Shoppers
37550,6,Large Families
37551,2,Traditional Shoppers
37553,1,Wellness
37554,6,Large Families
37555,3,Vegetarians
37556,3,Vegetarians
37557,2,Traditional Shoppers
37558,5,Tech Enthusiasts
37559,7,Loyal Explorers
37560,1,Wellness
37561,2,Traditional Shoppers
37562,6,Large Families
37563,0,Value Seekers
37564,1,Wellness
37565,5,Tech Enthusiasts
37566,2,Traditional Shoppers
37567,6,Large Families
37569,3,Vegetarians
37570,3,Vegetarians
37571,3,Vegetarians
37572,6,Large Families
37573,1,Wellness
37574,1,Wellness
37575,5,Tech Enthusiasts
37576,7,Loyal Explorers
37577,1,Wellness
37578,1,Wellness
37579,0,Value Seekers
37580,2,Traditional Shoppers
37581,5,Tech Enthusiasts
37582,3,Vegetarians
37583,1,Wellness
37584,7,Loyal Explorers
37585,3,Vegetarians
37586,2,Traditional Shoppers
37587,5,Tech Enthusiasts
37588,2,Traditional Shoppers
37589,1,Wellness
37590,3,Vegetarians
37591,4,Promotion Hunters
37592,2,Traditional Shoppers
37593,1,Wellness
37595,3,Vegetarians
37596,5,Tech Enthusiasts
37597,7,Loyal Explorers
37598,5,Tech Enthusiasts
37599,0,Value Seekers
37600,6,Large Families
37601,6,Large Families
37602,6,Large Families
37603,2,Traditional Shoppers
37605,7,Loyal Explorers
37606,0,Value Seekers
37607,2,Traditional Shoppers
37608,6,Large Families
37610,5,Tech Enthusiasts
37612,6,Large Families
37613,7,Loyal Explorers
37614,5,Tech Enthusiasts
37615,6,Large Families
37617,1,Wellness
37621,7,Loyal Explorers
37622,2,Traditional Shoppers
37623,5,Tech Enthusiasts
37624,6,Large Families
37625,4,Promotion Hunters
37626,1,Wellness
37629,4,Promotion Hunters
37630,7,Loyal Explorers
37631,6,Large Families
37633,6,Large Families
37634,4,Promotion Hunters
37635,4,Promotion Hunters
37637,5,Tech Enthusiasts
37638,6,Large Families
37639,0,Value Seekers
37640,7,Loyal Explorers
37641,2,Traditional Shoppers
37642,7,Loyal Explorers
37643,6,Large Families
37645,6,Large Families
37647,4,Promotion Hunters
37648,7,Loyal Explorers
37649,4,Promotion Hunters
37650,1,Wellness
37651,2,Traditional Shoppers
37652,0,Value Seekers
37653,6,Large Families
37654,0,Value Seekers
37656,6,Large Families
37657,6,Large Families
37658,4,Promotion Hunters
37659,0,Value Seekers
37660,6,Large Families
37661,6,Large Families
37662,6,Large Families
37663,2,Traditional Shoppers
37665,0,Value Seekers
37666,4,Promotion Hunters
37667,2,Traditional Shoppers
37669,3,Vegetarians
37670,3,Vegetarians
37671,2,Traditional Shoppers
37672,2,Traditional Shoppers
37673,1,Wellness
37675,5,Tech Enthusiasts
37676,6,Large Families
37677,6,Large Families
37679,5,Tech Enthusiasts
37682,7,Loyal Explorers
37683,5,Tech Enthusiasts
37684,1,Wellness
37685,7,Loyal Explorers
37686,6,Large Families
37687,6,Large Families
37689,1,Wellness
37690,5,Tech Enthusiasts
37691,2,Traditional Shoppers
37693,2,Traditional Shoppers
37694,3,Vegetarians
37695,6,Large Families
37696,4,Promotion Hunters
37698,3,Vegetarians
37699,6,Large Families
37700,0,Value Seekers
37701,6,Large Families
37702,2,Traditional Shoppers
37703,4,Promotion Hunters
37704,5,Tech Enthusiasts
37706,3,Vegetarians
37707,1,Wellness
37708,3,Vegetarians
37710,6,Large Families
37711,6,Large Families
37712,6,Large Families
37713,0,Value Seekers
37714,4,Promotion Hunters
37715,4,Promotion Hunters
37716,6,Large Families
37717,7,Loyal Explorers
37718,1,Wellness
37720,0,Value Seekers
37721,2,Traditional Shoppers
37723,2,Traditional Shoppers
37724,1,Wellness
37725,3,Vegetarians
37726,2,Traditional Shoppers
37727,2,Traditional Shoppers
37729,2,Traditional Shoppers
37732,6,Large Families
37733,3,Vegetarians
37735,0,Value Seekers
37736,5,Tech Enthusiasts
37738,4,Promotion Hunters
37739,0,Value Seekers
37740,4,Promotion Hunters
37741,2,Traditional Shoppers
37742,3,Vegetarians
37743,7,Loyal Explorers
37745,2,Traditional Shoppers
37747,1,Wellness
37749,0,Value Seekers
37750,7,Loyal Explorers
37751,7,Loyal Explorers
37752,7,Loyal Explorers
37754,4,Promotion Hunters
37756,6,Large Families
37757,1,Wellness
37758,4,Promotion Hunters
37760,7,Loyal Explorers
37761,6,Large Families
37762,7,Loyal Explorers
37764,4,Promotion Hunters
37765,3,Vegetarians
37768,6,Large Families
37769,4,Promotion Hunters
37770,3,Vegetarians
37771,0,Value Seekers
37772,6,Large Families
37773,3,Vegetarians
37774,2,Traditional Shoppers
37775,5,Tech Enthusiasts
37776,2,Traditional Shoppers
37777,2,Traditional Shoppers
37779,2,Traditional Shoppers
37780,4,Promotion Hunters
37781,3,Vegetarians
37782,3,Vegetarians
37783,6,Large Families
37784,3,Vegetarians
37785,6,Large Families
37786,0,Value Seekers
37787,2,Traditional Shoppers
37788,6,Large Families
37790,0,Value Seekers
37791,3,Vegetarians
37792,0,Value Seekers
37793,2,Traditional Shoppers
37795,3,Vegetarians
37796,6,Large Families
37797,1,Wellness
37798,0,Value Seekers
37799,7,Loyal Explorers
37802,1,Wellness
37803,6,Large Families
37806,3,Vegetarians
37807,1,Wellness
37808,0,Value Seekers
37809,2,Traditional Shoppers
37810,3,Vegetarians
37811,3,Vegetarians
37812,6,Large Families
37813,0,Value Seekers
37816,1,Wellness
37817,1,Wellness
37818,0,Value Seekers
37819,4,Promotion Hunters
37821,2,Traditional Shoppers
37822,3,Vegetarians
37823,2,Traditional Shoppers
37824,3,Vegetarians
37826,2,Traditional Shoppers
37827,2,Traditional Shoppers
37828,4,Promotion Hunters
37830,6,Large Families
37831,2,Traditional Shoppers
37832,4,Promotion Hunters
37833,6,Large Families
37834,6,Large Families
37835,5,Tech Enthusiasts
37836,2,Traditional Shoppers
37838,5,Tech Enthusiasts
37839,7,Loyal Explorers
37840,6,Large Families
37841,0,Value Seekers
37842,3,Vegetarians
37843,4,Promotion Hunters
37844,1,Wellness
37845,0,Value Seekers
37846,6,Large Families
37848,1,Wellness
37849,0,Value Seekers
37850,5,Tech Enthusiasts
37851,6,Large Families
37852,7,Loyal Explorers
37853,0,Value Seekers
37854,6,Large Families
37855,1,Wellness
37856,2,Traditional Shoppers
37857,3,Vegetarians
37858,1,Wellness
37859,1,Wellness
37860,1,Wellness
37861,6,Large Families
37862,7,Loyal Explorers
37863,6,Large Families
37864,3,Vegetarians
37865,7,Loyal Explorers
37867,3,Vegetarians
37868,0,Value Seekers
37869,0,Value Seekers
37870,3,Vegetarians
37871,4,Promotion Hunters
37872,3,Vegetarians
37873,5,Tech Enthusiasts
37874,6,Large Families
37876,5,Tech Enthusiasts
37877,5,Tech Enthusiasts
37878,2,Traditional Shoppers
37879,2,Traditional Shoppers
37880,6,Large Families
37881,4,Promotion Hunters
37882,2,Traditional Shoppers
37884,0,Value Seekers
37885,2,Traditional Shoppers
37886,6,Large Families
37887,1,Wellness
37888,4,Promotion Hunters
37889,5,Tech Enthusiasts
37890,7,Loyal Explorers
37891,2,Traditional Shoppers
37893,3,Vegetarians
37895,2,Traditional Shoppers
37897,2,Traditional Shoppers
37898,2,Traditional Shoppers
37899,2,Traditional Shoppers
37900,3,Vegetarians
37901,2,Traditional Shoppers
37902,7,Loyal Explorers
37903,6,Large Families
37904,5,Tech Enthusiasts
37905,2,Traditional Shoppers
37906,6,Large Families
37907,5,Tech Enthusiasts
37908,1,Wellness
37909,1,Wellness
37911,2,Traditional Shoppers
37912,4,Promotion Hunters
37913,3,Vegetarians
37915,2,Traditional Shoppers
37916,3,Vegetarians
37917,3,Vegetarians
37918,6,Large Families
37919,4,Promotion Hunters
37920,2,Traditional Shoppers
37921,4,Promotion Hunters
37922,5,Tech Enthusiasts
37923,5,Tech Enthusiasts
37924,3,Vegetarians
37925,1,Wellness
37926,5,Tech Enthusiasts
37928,6,Large Families
37929,3,Vegetarians
37930,3,Vegetarians
37931,6,Large Families
37932,5,Tech Enthusiasts
37934,6,Large Families
37935,0,Value Seekers
37936,3,Vegetarians
37937,3,Vegetarians
37938,1,Wellness
37940,1,Wellness
37941,1,Wellness
37942,4,Promotion Hunters
37943,6,Large Families
37944,6,Large Families
37945,1,Wellness
37946,3,Vegetarians
37947,0,Value Seekers
37948,4,Promotion Hunters
37950,6,Large Families
37952,2,Traditional Shoppers
37953,2,Traditional Shoppers
37954,1,Wellness
37955,2,Traditional Shoppers
37956,0,Value Seekers
37957,2,Traditional Shoppers
37958,6,Large Families
37959,3,Vegetarians
37961,0,Value Seekers
37962,0,Value Seekers
37963,1,Wellness
37964,6,Large Families
37965,4,Promotion Hunters
37966,7,Loyal Explorers
37967,4,Promotion Hunters
37969,2,Traditional Shoppers
37970,1,Wellness
37972,5,Tech Enthusiasts
37973,6,Large Families
37974,1,Wellness
37975,2,Traditional Shoppers
37976,6,Large Families
37977,5,Tech Enthusiasts
37978,3,Vegetarians
37979,5,Tech Enthusiasts
37980,6,Large Families
37981,1,Wellness
37983,2,Traditional Shoppers
37984,2,Traditional Shoppers
37985,1,Wellness
37986,7,Loyal Explorers
37987,5,Tech Enthusiasts
37989,2,Traditional Shoppers
37990,6,Large Families
37991,1,Wellness
37992,1,Wellness
37993,0,Value Seekers
37995,3,Vegetarians
37996,2,Traditional Shoppers
37997,1,Wellness
37998,6,Large Families
37999,2,Traditional Shoppers
38001,6,Large Families
38002,0,Value Seekers
38003,6,Large Families
38004,2,Traditional Shoppers
38005,3,Vegetarians
38006,2,Traditional Shoppers
38007,7,Loyal Explorers
38008,6,Large Families
38009,6,Large Families
38012,3,Vegetarians
38013,4,Promotion Hunters
38014,2,Traditional Shoppers
38016,7,Loyal Explorers
38017,3,Vegetarians
38018,7,Loyal Explorers
38019,3,Vegetarians
38020,7,Loyal Explorers
38021,1,Wellness
38022,0,Value Seekers
38023,6,Large Families
38024,7,Loyal Explorers
38025,5,Tech Enthusiasts
38026,7,Loyal Explorers
38027,4,Promotion Hunters
38028,2,Traditional Shoppers
38029,7,Loyal Explorers
38031,3,Vegetarians
38032,6,Large Families
38033,4,Promotion Hunters
38034,7,Loyal Explorers
38035,0,Value Seekers
38036,2,Traditional Shoppers
38037,3,Vegetarians
38038,5,Tech Enthusiasts
38040,1,Wellness
38041,5,Tech Enthusiasts
38042,5,Tech Enthusiasts
38043,0,Value Seekers
38044,0,Value Seekers
38046,6,Large Families
38048,6,Large Families
38049,4,Promotion Hunters
38050,4,Promotion Hunters
38051,4,Promotion Hunters
38052,4,Promotion Hunters
38053,3,Vegetarians
38055,1,Wellness
38056,4,Promotion Hunters
38057,7,Loyal Explorers
38058,5,Tech Enthusiasts
38059,2,Traditional Shoppers
38060,1,Wellness
38061,2,Traditional Shoppers
38062,2,Traditional Shoppers
38065,7,Loyal Explorers
38066,5,Tech Enthusiasts
38067,2,Traditional Shoppers
38068,6,Large Families
38070,1,Wellness
38071,0,Value Seekers
38073,3,Vegetarians
38074,4,Promotion Hunters
38076,6,Large Families
38077,5,Tech Enthusiasts
38078,6,Large Families
38079,4,Promotion Hunters
38080,6,Large Families
38081,7,Loyal Explorers
38082,5,Tech Enthusiasts
38083,2,Traditional Shoppers
38085,5,Tech Enthusiasts
38086,3,Vegetarians
38087,6,Large Families
38088,5,Tech Enthusiasts
38089,3,Vegetarians
38090,1,Wellness
38091,2,Traditional Shoppers
38092,1,Wellness
38093,2,Traditional Shoppers
38095,3,Vegetarians
38096,2,Traditional Shoppers
38097,7,Loyal Explorers
38098,3,Vegetarians
38099,5,Tech Enthusiasts
38100,0,Value Seekers
38101,7,Loyal Explorers
38102,5,Tech Enthusiasts
38104,2,Traditional Shoppers
38105,2,Traditional Shoppers
38106,3,Vegetarians
38108,7,Loyal Explorers
38109,6,Large Families
38110,6,Large Families
38111,3,Vegetarians
38112,7,Loyal Explorers
38113,1,Wellness
38114,2,Traditional Shoppers
38115,3,Vegetarians
38116,1,Wellness
38117,0,Value Seekers
38118,2,Traditional Shoppers
38119,3,Vegetarians
38121,0,Value Seekers
38122,2,Traditional Shoppers
38124,1,Wellness
38125,0,Value Seekers
38126,0,Value Seekers
38127,3,Vegetarians
38128,4,Promotion Hunters
38129,7,Loyal Explorers
38130,2,Traditional Shoppers
38131,2,Traditional Shoppers
38132,0,Value Seekers
38133,2,Traditional Shoppers
38134,4,Promotion Hunters
38135,6,Large Families
38136,4,Promotion Hunters
38137,5,Tech Enthusiasts
38138,6,Large Families
38141,2,Traditional Shoppers
38142,1,Wellness
38143,0,Value Seekers
38144,6,Large Families
38145,4,Promotion Hunters
38146,2,Traditional Shoppers
38148,6,Large Families
38149,7,Loyal Explorers
38150,4,Promotion Hunters
38151,0,Value Seekers
38152,2,Traditional Shoppers
38153,3,Vegetarians
38154,6,Large Families
38155,0,Value Seekers
38156,2,Traditional Shoppers
38157,2,Traditional Shoppers
38158,3,Vegetarians
38160,3,Vegetarians
38161,1,Wellness
38162,1,Wellness
38163,6,Large Families
38164,4,Promotion Hunters
38165,2,Traditional Shoppers
38166,3,Vegetarians
38167,6,Large Families
38168,3,Vegetarians
38169,0,Value Seekers
38170,7,Loyal Explorers
38171,3,Vegetarians
38173,6,Large Families
38174,3,Vegetarians
38176,6,Large Families
38177,1,Wellness
38179,4,Promotion Hunters
38180,2,Traditional Shoppers
38181,5,Tech Enthusiasts
38182,1,Wellness
38183,1,Wellness
38184,6,Large Families
38185,7,Loyal Explorers
38187,3,Vegetarians
38188,3,Vegetarians
38189,6,Large Families
38190,0,Value Seekers
38191,3,Vegetarians
38192,3,Vegetarians
38193,2,Traditional Shoppers
38195,2,Traditional Shoppers
38196,2,Traditional Shoppers
38197,6,Large Families
38198,5,Tech Enthusiasts
38199,4,Promotion Hunters
38200,6,Large Families
38201,7,Loyal Explorers
38203,2,Traditional Shoppers
38204,4,Promotion Hunters
38205,7,Loyal Explorers
38206,1,Wellness
38207,6,Large Families
38208,4,Promotion Hunters
38209,7,Loyal Explorers
38210,1,Wellness
38211,7,Loyal Explorers
38212,6,Large Families
38213,4,Promotion Hunters
38215,5,Tech Enthusiasts
38216,7,Loyal Explorers
38217,7,Loyal Explorers
38218,6,Large Families
38219,1,Wellness
38221,5,Tech Enthusiasts
38222,4,Promotion Hunters
38223,4,Promotion Hunters
38224,5,Tech Enthusiasts
38225,3,Vegetarians
38227,4,Promotion Hunters
38228,3,Vegetarians
38230,0,Value Seekers
38231,5,Tech Enthusiasts
38232,3,Vegetarians
38233,2,Traditional Shoppers
38234,0,Value Seekers
38235,5,Tech Enthusiasts
38236,2,Traditional Shoppers
38237,3,Vegetarians
38238,2,Traditional Shoppers
38239,1,Wellness
38241,1,Wellness
38242,1,Wellness
38243,4,Promotion Hunters
38244,2,Traditional Shoppers
38245,2,Traditional Shoppers
38246,4,Promotion Hunters
38248,3,Vegetarians
38250,5,Tech Enthusiasts
38251,2,Traditional Shoppers
38252,5,Tech Enthusiasts
38255,7,Loyal Explorers
38256,6,Large Families
38257,0,Value Seekers
38258,2,Traditional Shoppers
38259,2,Traditional Shoppers
38260,3,Vegetarians
38261,0,Value Seekers
38262,3,Vegetarians
38263,1,Wellness
38267,2,Traditional Shoppers
38268,0,Value Seekers
38269,5,Tech Enthusiasts
38270,6,Large Families
38271,6,Large Families
38273,3,Vegetarians
38274,0,Value Seekers
38275,2,Traditional Shoppers
38276,3,Vegetarians
38277,6,Large Families
38278,6,Large Families
38280,7,Loyal Explorers
38281,6,Large Families
38282,2,Traditional Shoppers
38284,3,Vegetarians
38285,7,Loyal Explorers
38286,6,Large Families
38288,3,Vegetarians
38290,1,Wellness
38294,6,Large Families
38295,3,Vegetarians
38297,3,Vegetarians
38300,7,Loyal Explorers
38301,2,Traditional Shoppers
38302,2,Traditional Shoppers
38303,5,Tech Enthusiasts
38304,3,Vegetarians
38305,1,Wellness
38306,6,Large Families
38307,4,Promotion Hunters
38308,2,Traditional Shoppers
38309,2,Traditional Shoppers
38310,3,Vegetarians
38311,2,Traditional Shoppers
38312,4,Promotion Hunters
38313,1,Wellness
38314,7,Loyal Explorers
38315,3,Vegetarians
38316,2,Traditional Shoppers
38317,5,Tech Enthusiasts
38318,6,Large Families
38319,5,Tech Enthusiasts
38320,7,Loyal Explorers
38321,5,Tech Enthusiasts
38322,2,Traditional Shoppers
38323,7,Loyal Explorers
38324,4,Promotion Hunters
38325,5,Tech Enthusiasts
38328,4,Promotion Hunters
38329,3,Vegetarians
38330,1,Wellness
38331,1,Wellness
38332,6,Large Families
38333,2,Traditional Shoppers
38334,1,Wellness
38335,2,Traditional Shoppers
38336,4,Promotion Hunters
38337,3,Vegetarians
38338,4,Promotion Hunters
38339,0,Value Seekers
38340,4,Promotion Hunters
38342,7,Loyal Explorers
38343,7,Loyal Explorers
38344,7,Loyal Explorers
38345,2,Traditional Shoppers
38346,5,Tech Enthusiasts
38348,1,Wellness
38349,4,Promotion Hunters
38350,4,Promotion Hunters
38351,7,Loyal Explorers
38352,6,Large Families
38353,6,Large Families
38354,4,Promotion Hunters
38355,2,Traditional Shoppers
38356,0,Value Seekers
38357,3,Vegetarians
38358,6,Large Families
38359,4,Promotion Hunters
38360,6,Large Families
38361,6,Large Families
38362,5,Tech Enthusiasts
38363,1,Wellness
38364,3,Vegetarians
38365,0,Value Seekers
38366,3,Vegetarians
38367,1,Wellness
38368,7,Loyal Explorers
38369,3,Vegetarians
38370,3,Vegetarians
38371,2,Traditional Shoppers
38372,0,Value Seekers
38373,1,Wellness
38374,1,Wellness
38376,2,Traditional Shoppers
38377,7,Loyal Explorers
38378,3,Vegetarians
38379,7,Loyal Explorers
38380,3,Vegetarians
38381,0,Value Seekers
38382,2,Traditional Shoppers
38384,6,Large Families
38385,7,Loyal Explorers
38386,3,Vegetarians
38388,6,Large Families
38389,6,Large Families
38390,2,Traditional Shoppers
38392,1,Wellness
38393,5,Tech Enthusiasts
38394,1,Wellness
38395,7,Loyal Explorers
38397,1,Wellness
38398,3,Vegetarians
38399,4,Promotion Hunters
38400,6,Large Families
38401,2,Traditional Shoppers
38402,6,Large Families
38404,7,Loyal Explorers
38405,6,Large Families
38406,2,Traditional Shoppers
38407,4,Promotion Hunters
38408,2,Traditional Shoppers
38409,7,Loyal Explorers
38411,7,Loyal Explorers
38414,4,Promotion Hunters
38415,5,Tech Enthusiasts
38416,3,Vegetarians
38417,1,Wellness
38418,4,Promotion Hunters
38419,7,Loyal Explorers
38420,6,Large Families
38421,1,Wellness
38422,7,Loyal Explorers
38423,6,Large Families
38424,1,Wellness
38425,4,Promotion Hunters
38426,4,Promotion Hunters
38427,4,Promotion Hunters
38429,4,Promotion Hunters
38430,2,Traditional Shoppers
38431,2,Traditional Shoppers
38433,6,Large Families
38434,7,Loyal Explorers
38435,2,Traditional Shoppers
38436,3,Vegetarians
38438,3,Vegetarians
38440,1,Wellness
38441,2,Traditional Shoppers
38442,2,Traditional Shoppers
38444,6,Large Families
38445,7,Loyal Explorers
38447,3,Vegetarians
38448,1,Wellness
38449,6,Large Families
38450,4,Promotion Hunters
38453,2,Traditional Shoppers
38454,6,Large Families
38457,6,Large Families
38459,7,Loyal Explorers
38460,1,Wellness
38461,5,Tech Enthusiasts
38462,6,Large Families
38463,1,Wellness
38464,5,Tech Enthusiasts
38465,2,Traditional Shoppers
38466,0,Value Seekers
38467,4,Promotion Hunters
38468,1,Wellness
38470,2,Traditional Shoppers
38471,3,Vegetarians
38473,2,Traditional Shoppers
38474,6,Large Families
38476,5,Tech Enthusiasts
38477,5,Tech Enthusiasts
38478,5,Tech Enthusiasts
38480,0,Value Seekers
38481,6,Large Families
38482,2,Traditional Shoppers
38484,7,Loyal Explorers
38486,1,Wellness
38487,7,Loyal Explorers
38488,3,Vegetarians
38489,3,Vegetarians
38490,5,Tech Enthusiasts
38492,4,Promotion Hunters
38493,1,Wellness
38494,4,Promotion Hunters
38495,5,Tech Enthusiasts
38497,4,Promotion Hunters
38498,7,Loyal Explorers
38499,3,Vegetarians
38501,1,Wellness
38502,6,Large Families
38503,5,Tech Enthusiasts
38504,2,Traditional Shoppers
38505,3,Vegetarians
38506,2,Traditional Shoppers
38507,2,Traditional Shoppers
38508,4,Promotion Hunters
38510,1,Wellness
38511,6,Large Families
38512,6,Large Families
38513,3,Vegetarians
38514,0,Value Seekers
38516,2,Traditional Shoppers
38517,0,Value Seekers
38518,2,Traditional Shoppers
38519,3,Vegetarians
38520,5,Tech Enthusiasts
38521,0,Value Seekers
38522,2,Traditional Shoppers
38523,3,Vegetarians
38524,0,Value Seekers
38525,3,Vegetarians
38526,4,Promotion Hunters
38528,5,Tech Enthusiasts
38529,2,Traditional Shoppers
38530,3,Vegetarians
38531,4,Promotion Hunters
38532,6,Large Families
38533,7,Loyal Explorers
38535,7,Loyal Explorers
38536,3,Vegetarians
38537,1,Wellness
38538,3,Vegetarians
38540,0,Value Seekers
38541,4,Promotion Hunters
38542,6,Large Families
38543,6,Large Families
38544,3,Vegetarians
38545,2,Traditional Shoppers
38548,1,Wellness
38550,2,Traditional Shoppers
38551,7,Loyal Explorers
38552,2,Traditional Shoppers
38553,6,Large Families
38554,2,Traditional Shoppers
38555,6,Large Families
38556,3,Vegetarians
38557,2,Traditional Shoppers
38558,1,Wellness
38559,0,Value Seekers
38560,5,Tech Enthusiasts
38561,6,Large Families
38562,5,Tech Enthusiasts
38563,7,Loyal Explorers
38564,4,Promotion Hunters
38565,0,Value Seekers
38566,2,Traditional Shoppers
38568,6,Large Families
38569,6,Large Families
38570,0,Value Seekers
38571,3,Vegetarians
38573,2,Traditional Shoppers
38574,2,Traditional Shoppers
38575,0,Value Seekers
38576,0,Value Seekers
38577,1,Wellness
38578,2,Traditional Shoppers
38580,4,Promotion Hunters
38581,6,Large Families
38582,0,Value Seekers
38583,2,Traditional Shoppers
38584,4,Promotion Hunters
38585,2,Traditional Shoppers
38586,5,Tech Enthusiasts
38587,4,Promotion Hunters
38588,4,Promotion Hunters
38589,7,Loyal Explorers
38590,0,Value Seekers
38591,0,Value Seekers
38592,5,Tech Enthusiasts
38593,6,Large Families
38594,6,Large Families
38595,3,Vegetarians
38596,0,Value Seekers
38597,2,Traditional Shoppers
38598,7,Loyal Explorers
38600,1,Wellness
38601,7,Loyal Explorers
38602,7,Loyal Explorers
38603,2,Traditional Shoppers
38606,7,Loyal Explorers
38608,1,Wellness
38609,1,Wellness
38610,7,Loyal Explorers
38611,6,Large Families
38612,6,Large Families
38613,0,Value Seekers
38614,2,Traditional Shoppers
38615,4,Promotion Hunters
38616,2,Traditional Shoppers
38617,1,Wellness
38618,4,Promotion Hunters
38619,7,Loyal Explorers
38620,5,Tech Enthusiasts
38622,7,Loyal Explorers
38624,4,Promotion Hunters
38625,2,Traditional Shoppers
38626,6,Large Families
38627,3,Vegetarians
38628,0,Value Seekers
38629,0,Value Seekers
38630,3,Vegetarians
38631,2,Traditional Shoppers
38632,7,Loyal Explorers
38633,0,Value Seekers
38634,0,Value Seekers
38635,1,Wellness
38636,2,Traditional Shoppers
38637,5,Tech Enthusiasts
38638,6,Large Families
38639,6,Large Families
38640,3,Vegetarians
38642,2,Traditional Shoppers
38643,4,Promotion Hunters
38644,2,Traditional Shoppers
38645,7,Loyal Explorers
38646,5,Tech Enthusiasts
38648,4,Promotion Hunters
38649,7,Loyal Explorers
38650,4,Promotion Hunters
38652,2,Traditional Shoppers
38653,7,Loyal Explorers
38654,4,Promotion Hunters
38655,7,Loyal Explorers
38656,7,Loyal Explorers
38658,3,Vegetarians
38659,3,Vegetarians
38661,6,Large Families
38662,6,Large Families
38663,6,Large Families
38664,3,Vegetarians
38665,6,Large Families
38666,6,Large Families
38669,7,Loyal Explorers
38670,2,Traditional Shoppers
38671,3,Vegetarians
38673,0,Value Seekers
38674,6,Large Families
38675,7,Loyal Explorers
38677,3,Vegetarians
38678,6,Large Families
38680,3,Vegetarians
38681,4,Promotion Hunters
38682,0,Value Seekers
38683,7,Loyal Explorers
38684,4,Promotion Hunters
38685,6,Large Families
38686,3,Vegetarians
38687,2,Traditional Shoppers
38688,5,Tech Enthusiasts
38689,2,Traditional Shoppers
38691,7,Loyal Explorers
38692,1,Wellness
38693,2,Traditional Shoppers
38694,0,Value Seekers
38695,4,Promotion Hunters
38696,2,Traditional Shoppers
38697,1,Wellness
38698,7,Loyal Explorers
38699,1,Wellness
38700,7,Loyal Explorers
38701,7,Loyal Explorers
38702,1,Wellness
38703,3,Vegetarians
38704,6,Large Families
38705,2,Traditional Shoppers
38706,7,Loyal Explorers
38707,1,Wellness
38708,7,Loyal Explorers
38709,2,Traditional Shoppers
38710,6,Large Families
38713,0,Value Seekers
38714,5,Tech Enthusiasts
38715,2,Traditional Shoppers
38716,3,Vegetarians
38717,3,Vegetarians
38718,4,Promotion Hunters
38719,0,Value Seekers
38721,6,Large Families
38722,4,Promotion Hunters
38725,3,Vegetarians
38726,1,Wellness
38727,2,Traditional Shoppers
38728,1,Wellness
38729,7,Loyal Explorers
38730,0,Value Seekers
38731,4,Promotion Hunters
38733,0,Value Seekers
38734,6,Large Families
38737,3,Vegetarians
38738,6,Large Families
38739,1,Wellness
38741,6,Large Families
38742,4,Promotion Hunters
38743,5,Tech Enthusiasts
38744,2,Traditional Shoppers
38745,5,Tech Enthusiasts
38746,7,Loyal Explorers
38747,7,Loyal Explorers
38748,6,Large Families
38749,1,Wellness
38750,5,Tech Enthusiasts
38751,7,Loyal Explorers
38752,2,Traditional Shoppers
38753,7,Loyal Explorers
38754,1,Wellness
38755,7,Loyal Explorers
38756,5,Tech Enthusiasts
38757,3,Vegetarians
38758,5,Tech Enthusiasts
38759,2,Traditional Shoppers
38761,4,Promotion Hunters
38762,3,Vegetarians
38763,1,Wellness
38764,2,Traditional Shoppers
38765,3,Vegetarians
38766,4,Promotion Hunters
38768,4,Promotion Hunters
38769,1,Wellness
38771,2,Traditional Shoppers
38772,4,Promotion Hunters
38774,2,Traditional Shoppers
38775,4,Promotion Hunters
38777,2,Traditional Shoppers
38778,0,Value Seekers
38779,4,Promotion Hunters
38780,7,Loyal Explorers
38781,6,Large Families
38782,4,Promotion Hunters
38784,6,Large Families
38786,5,Tech Enthusiasts
38787,7,Loyal Explorers
38788,6,Large Families
38789,5,Tech Enthusiasts
38791,1,Wellness
38793,0,Value Seekers
38794,2,Traditional Shoppers
38796,3,Vegetarians
38797,4,Promotion Hunters
38798,2,Traditional Shoppers
38799,0,Value Seekers
38801,0,Value Seekers
38802,4,Promotion Hunters
38803,6,Large Families
38804,7,Loyal Explorers
38806,6,Large Families
38807,3,Vegetarians
38808,1,Wellness
38811,4,Promotion Hunters
38813,4,Promotion Hunters
38814,6,Large Families
38815,0,Value Seekers
38818,6,Large Families
38819,0,Value Seekers
38820,6,Large Families
38821,6,Large Families
38822,0,Value Seekers
38823,2,Traditional Shoppers
38824,0,Value Seekers
38825,2,Traditional Shoppers
38826,6,Large Families
38827,4,Promotion Hunters
38828,5,Tech Enthusiasts
38829,6,Large Families
38830,5,Tech Enthusiasts
38831,2,Traditional Shoppers
38833,7,Loyal Explorers
38835,6,Large Families
38836,0,Value Seekers
38837,3,Vegetarians
38839,3,Vegetarians
38840,2,Traditional Shoppers
38841,4,Promotion Hunters
38842,0,Value Seekers
38843,3,Vegetarians
38844,0,Value Seekers
38845,6,Large Families
38846,6,Large Families
38848,2,Traditional Shoppers
38849,3,Vegetarians
38851,2,Traditional Shoppers
38852,4,Promotion Hunters
38853,4,Promotion Hunters
38854,5,Tech Enthusiasts
38855,6,Large Families
38856,5,Tech Enthusiasts
38857,2,Traditional Shoppers
38858,0,Value Seekers
38860,2,Traditional Shoppers
38861,2,Traditional Shoppers
38863,1,Wellness
38864,6,Large Families
38867,2,Traditional Shoppers
38869,1,Wellness
38870,1,Wellness
38871,6,Large Families
38872,2,Traditional Shoppers
38873,6,Large Families
38874,6,Large Families
38875,4,Promotion Hunters
38876,0,Value Seekers
38877,0,Value Seekers
38878,0,Value Seekers
38879,6,Large Families
38880,6,Large Families
38881,5,Tech Enthusiasts
38882,4,Promotion Hunters
38883,2,Traditional Shoppers
38884,7,Loyal Explorers
38885,6,Large Families
38887,5,Tech Enthusiasts
38888,2,Traditional Shoppers
38889,2,Traditional Shoppers
38890,2,Traditional Shoppers
38891,2,Traditional Shoppers
38892,0,Value Seekers
38893,6,Large Families
38896,7,Loyal Explorers
38897,3,Vegetarians
38898,3,Vegetarians
38899,3,Vegetarians
38900,3,Vegetarians
38901,0,Value Seekers
38902,2,Traditional Shoppers
38903,5,Tech Enthusiasts
38904,3,Vegetarians
38905,0,Value Seekers
38907,2,Traditional Shoppers
38910,2,Traditional Shoppers
38911,7,Loyal Explorers
38912,6,Large Families
38913,3,Vegetarians
38914,4,Promotion Hunters
38915,1,Wellness
38916,3,Vegetarians
38917,4,Promotion Hunters
38918,4,Promotion Hunters
38919,0,Value Seekers
38920,2,Traditional Shoppers
38921,4,Promotion Hunters
38923,0,Value Seekers
38924,2,Traditional Shoppers
38926,0,Value Seekers
38927,5,Tech Enthusiasts
38928,5,Tech Enthusiasts
38929,3,Vegetarians
38930,1,Wellness
38931,0,Value Seekers
38933,7,Loyal Explorers
38934,4,Promotion Hunters
38935,2,Traditional Shoppers
38936,4,Promotion Hunters
38937,1,Wellness
38938,2,Traditional Shoppers
38939,3,Vegetarians
38940,5,Tech Enthusiasts
38941,7,Loyal Explorers
38942,6,Large Families
38943,2,Traditional Shoppers
38944,7,Loyal Explorers
38946,0,Value Seekers
38947,3,Vegetarians
38949,2,Traditional Shoppers
38950,7,Loyal Explorers
38951,2,Traditional Shoppers
38952,6,Large Families
38954,2,Traditional Shoppers
38955,6,Large Families
38956,2,Traditional Shoppers
38958,0,Value Seekers
38959,6,Large Families
38960,6,Large Families
38961,6,Large Families
38962,2,Traditional Shoppers
38963,1,Wellness
38964,3,Vegetarians
38965,6,Large Families
38967,3,Vegetarians
38968,4,Promotion Hunters
38969,6,Large Families
38970,0,Value Seekers
38971,6,Large Families
38972,2,Traditional Shoppers
38974,2,Traditional Shoppers
38975,4,Promotion Hunters
38976,5,Tech Enthusiasts
38977,3,Vegetarians
38978,2,Traditional Shoppers
38979,7,Loyal Explorers
38980,6,Large Families
38981,2,Traditional Shoppers
38982,1,Wellness
38983,1,Wellness
38984,3,Vegetarians
38985,5,Tech Enthusiasts
38987,6,Large Families
38988,2,Traditional Shoppers
38989,3,Vegetarians
38990,0,Value Seekers
38993,2,Traditional Shoppers
38995,5,Tech Enthusiasts
38996,3,Vegetarians
38997,3,Vegetarians
38999,6,Large Families
39000,3,Vegetarians
39001,1,Wellness
39002,6,Large Families
39004,6,Large Families
39005,4,Promotion Hunters
39006,7,Loyal Explorers
39007,2,Traditional Shoppers
39008,4,Promotion Hunters
39009,5,Tech Enthusiasts
39010,0,Value Seekers
39011,1,Wellness
39012,5,Tech Enthusiasts
39013,4,Promotion Hunters
39014,4,Promotion Hunters
39015,6,Large Families
39016,3,Vegetarians
39017,1,Wellness
39018,6,Large Families
39019,6,Large Families
39020,1,Wellness
39021,1,Wellness
39022,2,Traditional Shoppers
39023,4,Promotion Hunters
39025,1,Wellness
39026,1,Wellness
39027,3,Vegetarians
39028,2,Traditional Shoppers
39030,7,Loyal Explorers
39031,1,Wellness
39032,2,Traditional Shoppers
39033,6,Large Families
39034,6,Large Families
39035,6,Large Families
39036,6,Large Families
39037,7,Loyal Explorers
39038,6,Large Families
39039,2,Traditional Shoppers
39040,3,Vegetarians
39041,0,Value Seekers
39042,7,Loyal Explorers
39043,4,Promotion Hunters
39044,2,Traditional Shoppers
39045,5,Tech Enthusiasts
39047,7,Loyal Explorers
39048,3,Vegetarians
39049,2,Traditional Shoppers
39050,3,Vegetarians
39052,2,Traditional Shoppers
39053,5,Tech Enthusiasts
39054,1,Wellness
39055,3,Vegetarians
39056,0,Value Seekers
39058,0,Value Seekers
39059,2,Traditional Shoppers
39060,5,Tech Enthusiasts
39061,4,Promotion Hunters
39062,2,Traditional Shoppers
39063,6,Large Families
39065,1,Wellness
39067,2,Traditional Shoppers
39068,6,Large Families
39069,4,Promotion Hunters
39071,2,Traditional Shoppers
39072,1,Wellness
39074,2,Traditional Shoppers
39075,7,Loyal Explorers
39076,4,Promotion Hunters
39077,2,Traditional Shoppers
39078,1,Wellness
39079,6,Large Families
39080,2,Traditional Shoppers
39081,2,Traditional Shoppers
39082,6,Large Families
39083,2,Traditional Shoppers
39084,6,Large Families
39085,4,Promotion Hunters
39086,2,Traditional Shoppers
39087,3,Vegetarians
39088,6,Large Families
39089,1,Wellness
39091,7,Loyal Explorers
39092,7,Loyal Explorers
39094,7,Loyal Explorers
39095,0,Value Seekers
39096,2,Traditional Shoppers
39097,2,Traditional Shoppers
39099,3,Vegetarians
39100,2,Traditional Shoppers
39101,2,Traditional Shoppers
39102,2,Traditional Shoppers
39103,5,Tech Enthusiasts
39104,2,Traditional Shoppers
39105,7,Loyal Explorers
39106,6,Large Families
39107,2,Traditional Shoppers
39108,3,Vegetarians
39109,6,Large Families
39110,5,Tech Enthusiasts
39111,3,Vegetarians
39112,7,Loyal Explorers
39113,4,Promotion Hunters
39114,0,Value Seekers
39115,5,Tech Enthusiasts
39116,4,Promotion Hunters
39117,2,Traditional Shoppers
39119,2,Traditional Shoppers
39120,3,Vegetarians
39122,7,Loyal Explorers
39123,5,Tech Enthusiasts
39125,7,Loyal Explorers
39126,0,Value Seekers
39128,1,Wellness
39129,0,Value Seekers
39130,6,Large Families
39131,1,Wellness
39132,6,Large Families
39133,6,Large Families
39134,5,Tech Enthusiasts
39135,6,Large Families
39136,4,Promotion Hunters
39138,6,Large Families
39139,2,Traditional Shoppers
39140,2,Traditional Shoppers
39141,7,Loyal Explorers
39142,3,Vegetarians
39144,4,Promotion Hunters
39145,4,Promotion Hunters
39146,4,Promotion Hunters
39147,2,Traditional Shoppers
39149,2,Traditional Shoppers
39150,6,Large Families
39151,3,Vegetarians
39152,1,Wellness
39153,2,Traditional Shoppers
39154,3,Vegetarians
39155,2,Traditional Shoppers
39156,6,Large Families
39157,1,Wellness
39158,0,Value Seekers
39159,6,Large Families
39161,6,Large Families
39162,6,Large Families
39163,3,Vegetarians
39164,5,Tech Enthusiasts
39165,6,Large Families
39166,2,Traditional Shoppers
39168,7,Loyal Explorers
39170,0,Value Seekers
39173,2,Traditional Shoppers
39174,2,Traditional Shoppers
39175,2,Traditional Shoppers
39176,3,Vegetarians
39177,7,Loyal Explorers
39178,7,Loyal Explorers
39180,1,Wellness
39181,5,Tech Enthusiasts
39184,6,Large Families
39185,6,Large Families
39186,7,Loyal Explorers
39187,5,Tech Enthusiasts
39188,0,Value Seekers
39190,0,Value Seekers
39191,3,Vegetarians
39192,6,Large Families
39193,3,Vegetarians
39194,5,Tech Enthusiasts
39195,4,Promotion Hunters
39196,2,Traditional Shoppers
39197,7,Loyal Explorers
39198,0,Value Seekers
39199,4,Promotion Hunters
39200,2,Traditional Shoppers
39201,4,Promotion Hunters
39202,6,Large Families
39203,0,Value Seekers
39204,0,Value Seekers
39205,3,Vegetarians
39206,3,Vegetarians
39207,1,Wellness
39208,6,Large Families
39209,7,Loyal Explorers
39210,4,Promotion Hunters
39211,3,Vegetarians
39212,0,Value Seekers
39213,7,Loyal Explorers
39214,2,Traditional Shoppers
39215,2,Traditional Shoppers
39216,4,Promotion Hunters
39218,2,Traditional Shoppers
39219,6,Large Families
39220,2,Traditional Shoppers
39221,5,Tech Enthusiasts
39222,3,Vegetarians
39223,2,Traditional Shoppers
39224,4,Promotion Hunters
39226,3,Vegetarians
39227,4,Promotion Hunters
39229,5,Tech Enthusiasts
39230,2,Traditional Shoppers
39231,2,Traditional Shoppers
39232,2,Traditional Shoppers
39234,2,Traditional Shoppers
39236,1,Wellness
39238,1,Wellness
39239,2,Traditional Shoppers
39241,3,Vegetarians
39242,3,Vegetarians
39243,7,Loyal Explorers
39244,7,Loyal Explorers
39245,6,Large Families
39246,1,Wellness
39247,4,Promotion Hunters
39249,6,Large Families
39251,6,Large Families
39252,4,Promotion Hunters
39255,6,Large Families
39257,3,Vegetarians
39258,3,Vegetarians
39259,3,Vegetarians
39260,1,Wellness
39261,4,Promotion Hunters
39262,4,Promotion Hunters
39264,1,Wellness
39265,4,Promotion Hunters
39266,3,Vegetarians
39267,6,Large Families
39268,3,Vegetarians
39269,3,Vegetarians
39271,3,Vegetarians
39274,1,Wellness
39275,6,Large Families
39276,4,Promotion Hunters
39277,5,Tech Enthusiasts
39278,1,Wellness
39279,7,Loyal Explorers
39280,3,Vegetarians
39281,6,Large Families
39282,6,Large Families
39283,6,Large Families
39285,2,Traditional Shoppers
39286,7,Loyal Explorers
39287,0,Value Seekers
39288,2,Traditional Shoppers
39289,2,Traditional Shoppers
39290,7,Loyal Explorers
39291,0,Value Seekers
39292,4,Promotion Hunters
39295,3,Vegetarians
39296,1,Wellness
39297,0,Value Seekers
39298,4,Promotion Hunters
39299,5,Tech Enthusiasts
39301,3,Vegetarians
39302,3,Vegetarians
39304,3,Vegetarians
39305,2,Traditional Shoppers
39306,3,Vegetarians
39307,4,Promotion Hunters
39308,5,Tech Enthusiasts
39309,6,Large Families
39310,0,Value Seekers
39311,7,Loyal Explorers
39312,3,Vegetarians
39313,7,Loyal Explorers
39314,1,Wellness
39315,2,Traditional Shoppers
39317,0,Value Seekers
39318,7,Loyal Explorers
39320,7,Loyal Explorers
39321,7,Loyal Explorers
39322,4,Promotion Hunters
39323,2,Traditional Shoppers
39324,1,Wellness
39325,0,Value Seekers
39326,2,Traditional Shoppers
39327,1,Wellness
39328,3,Vegetarians
39329,5,Tech Enthusiasts
39330,6,Large Families
39332,3,Vegetarians
39333,1,Wellness
39334,0,Value Seekers
39335,5,Tech Enthusiasts
39336,2,Traditional Shoppers
39337,7,Loyal Explorers
39338,7,Loyal Explorers
39339,7,Loyal Explorers
39340,2,Traditional Shoppers
39343,1,Wellness
39344,3,Vegetarians
39345,2,Traditional Shoppers
39346,5,Tech Enthusiasts
39347,1,Wellness
39348,6,Large Families
39349,3,Vegetarians
39350,1,Wellness
39351,4,Promotion Hunters
39352,5,Tech Enthusiasts
39353,1,Wellness
39354,6,Large Families
39355,1,Wellness
39356,0,Value Seekers
39357,2,Traditional Shoppers
39358,0,Value Seekers
39359,2,Traditional Shoppers
39360,6,Large Families
39361,3,Vegetarians
39363,0,Value Seekers
39364,2,Traditional Shoppers
39365,7,Loyal Explorers
39366,1,Wellness
39368,2,Traditional Shoppers
39369,7,Loyal Explorers
39370,7,Loyal Explorers
39371,4,Promotion Hunters
39372,4,Promotion Hunters
39373,4,Promotion Hunters
39374,5,Tech Enthusiasts
39375,7,Loyal Explorers
39378,1,Wellness
39379,3,Vegetarians
39381,2,Traditional Shoppers
39382,6,Large Families
39383,5,Tech Enthusiasts
39384,1,Wellness
39385,1,Wellness
39386,0,Value Seekers
39387,6,Large Families
39388,0,Value Seekers
39390,0,Value Seekers
39391,3,Vegetarians
39392,7,Loyal Explorers
39394,1,Wellness
39395,5,Tech Enthusiasts
39396,2,Traditional Shoppers
39397,4,Promotion Hunters
39398,6,Large Families
39400,2,Traditional Shoppers
39401,2,Traditional Shoppers
39402,5,Tech Enthusiasts
39404,1,Wellness
39405,5,Tech Enthusiasts
39406,3,Vegetarians
39407,2,Traditional Shoppers
39408,6,Large Families
39409,3,Vegetarians
39412,2,Traditional Shoppers
39413,1,Wellness
39414,7,Loyal Explorers
39415,2,Traditional Shoppers
39416,7,Loyal Explorers
39417,3,Vegetarians
39418,5,Tech Enthusiasts
39419,0,Value Seekers
39420,1,Wellness
39423,3,Vegetarians
39424,6,Large Families
39425,5,Tech Enthusiasts
39426,4,Promotion Hunters
39427,5,Tech Enthusiasts
39428,1,Wellness
39429,1,Wellness
39430,0,Value Seekers
39431,3,Vegetarians
39433,4,Promotion Hunters
39435,3,Vegetarians
39436,6,Large Families
39437,6,Large Families
39439,1,Wellness
39440,1,Wellness
39442,5,Tech Enthusiasts
39443,2,Traditional Shoppers
39445,5,Tech Enthusiasts
39447,3,Vegetarians
39448,6,Large Families
39449,1,Wellness
39450,7,Loyal Explorers
39451,5,Tech Enthusiasts
39452,7,Loyal Explorers
39453,0,Value Seekers
39454,4,Promotion Hunters
39456,6,Large Families
39458,7,Loyal Explorers
39459,6,Large Families
39460,3,Vegetarians
39461,0,Value Seekers
39462,5,Tech Enthusiasts
39463,7,Loyal Explorers
39464,4,Promotion Hunters
39465,6,Large Families
39466,4,Promotion Hunters
39468,1,Wellness
39470,2,Traditional Shoppers
39472,2,Traditional Shoppers
39473,2,Traditional Shoppers
39474,0,Value Seekers
39475,1,Wellness
39476,2,Traditional Shoppers
39477,2,Traditional Shoppers
39478,0,Value Seekers
39479,5,Tech Enthusiasts
39480,3,Vegetarians
39481,1,Wellness
39482,5,Tech Enthusiasts
39484,6,Large Families
39485,2,Traditional Shoppers
39486,0,Value Seekers
39487,2,Traditional Shoppers
39488,6,Large Families
39489,2,Traditional Shoppers
39490,2,Traditional Shoppers
39491,5,Tech Enthusiasts
39492,5,Tech Enthusiasts
39493,4,Promotion Hunters
39494,1,Wellness
39497,5,Tech Enthusiasts
39498,2,Traditional Shoppers
39499,7,Loyal Explorers
39500,2,Traditional Shoppers
39501,6,Large Families
39502,3,Vegetarians
39503,4,Promotion Hunters
39504,1,Wellness
39505,5,Tech Enthusiasts
39506,4,Promotion Hunters
39507,5,Tech Enthusiasts
39511,3,Vegetarians
39512,7,Loyal Explorers
39513,4,Promotion Hunters
39514,1,Wellness
39515,5,Tech Enthusiasts
39516,4,Promotion Hunters
39517,0,Value Seekers
39518,6,Large Families
39519,0,Value Seekers
39520,6,Large Families
39521,2,Traditional Shoppers
39523,7,Loyal Explorers
39524,2,Traditional Shoppers
39525,3,Vegetarians
39526,6,Large Families
39527,3,Vegetarians
39528,3,Vegetarians
39529,6,Large Families
39531,2,Traditional Shoppers
39532,1,Wellness
39533,6,Large Families
39534,7,Loyal Explorers
39535,3,Vegetarians
39536,5,Tech Enthusiasts
39537,6,Large Families
39538,3,Vegetarians
39539,2,Traditional Shoppers
39542,3,Vegetarians
39543,1,Wellness
39544,3,Vegetarians
39545,3,Vegetarians
39546,2,Traditional Shoppers
39548,6,Large Families
39549,3,Vegetarians
39550,1,Wellness
39551,3,Vegetarians
39552,3,Vegetarians
39553,1,Wellness
39554,7,Loyal Explorers
39555,2,Traditional Shoppers
39559,3,Vegetarians
39560,3,Vegetarians
39561,6,Large Families
39562,4,Promotion Hunters
39563,5,Tech Enthusiasts
39565,2,Traditional Shoppers
39567,1,Wellness
39568,1,Wellness
39569,6,Large Families
39570,5,Tech Enthusiasts
39571,5,Tech Enthusiasts
39572,2,Traditional Shoppers
39573,4,Promotion Hunters
39574,1,Wellness
39575,3,Vegetarians
39576,2,Traditional Shoppers
39578,2,Traditional Shoppers
39579,3,Vegetarians
39581,7,Loyal Explorers
39582,5,Tech Enthusiasts
39583,6,Large Families
39585,6,Large Families
39587,2,Traditional Shoppers
39588,2,Traditional Shoppers
39589,5,Tech Enthusiasts
39590,0,Value Seekers
39591,5,Tech Enthusiasts
39592,2,Traditional Shoppers
39593,0,Value Seekers
39594,6,Large Families
39595,2,Traditional Shoppers
39596,0,Value Seekers
39598,5,Tech Enthusiasts
39600,2,Traditional Shoppers
39603,6,Large Families
39604,7,Loyal Explorers
39607,2,Traditional Shoppers
39608,0,Value Seekers
39609,2,Traditional Shoppers
39610,3,Vegetarians
39611,5,Tech Enthusiasts
39614,6,Large Families
39615,2,Traditional Shoppers
39617,1,Wellness
39618,5,Tech Enthusiasts
39620,7,Loyal Explorers
39621,5,Tech Enthusiasts
39622,3,Vegetarians
39623,2,Traditional Shoppers
39624,2,Traditional Shoppers
39625,2,Traditional Shoppers
39627,0,Value Seekers
39628,5,Tech Enthusiasts
39629,3,Vegetarians
39631,4,Promotion Hunters
39632,6,Large Families
39633,5,Tech Enthusiasts
39636,1,Wellness
39637,3,Vegetarians
39639,3,Vegetarians
39640,5,Tech Enthusiasts
39641,0,Value Seekers
39643,5,Tech Enthusiasts
39644,0,Value Seekers
39645,0,Value Seekers
39646,3,Vegetarians
39647,5,Tech Enthusiasts
39648,6,Large Families
39649,5,Tech Enthusiasts
39651,3,Vegetarians
39652,6,Large Families
39653,2,Traditional Shoppers
39654,3,Vegetarians
39656,1,Wellness
39658,0,Value Seekers
39659,2,Traditional Shoppers
39660,0,Value Seekers
39662,4,Promotion Hunters
39663,0,Value Seekers
39664,5,Tech Enthusiasts
39665,2,Traditional Shoppers
39666,2,Traditional Shoppers
39667,2,Traditional Shoppers
39668,5,Tech Enthusiasts
39669,3,Vegetarians
39670,6,Large Families
39672,5,Tech Enthusiasts
39673,7,Loyal Explorers
39674,7,Loyal Explorers
39675,0,Value Seekers
39677,2,Traditional Shoppers
39678,6,Large Families
39679,6,Large Families
39680,2,Traditional Shoppers
39681,6,Large Families
39682,0,Value Seekers
39683,6,Large Families
39684,2,Traditional Shoppers
39685,6,Large Families
39686,5,Tech Enthusiasts
39687,3,Vegetarians
39689,2,Traditional Shoppers
39690,2,Traditional Shoppers
39691,0,Value Seekers
39692,2,Traditional Shoppers
39693,1,Wellness
39694,2,Traditional Shoppers
39695,1,Wellness
39696,5,Tech Enthusiasts
39697,7,Loyal Explorers
39698,3,Vegetarians
39699,2,Traditional Shoppers
39700,4,Promotion Hunters
39701,2,Traditional Shoppers
39702,7,Loyal Explorers
39703,6,Large Families
39705,2,Traditional Shoppers
39706,1,Wellness
39707,4,Promotion Hunters
39708,4,Promotion Hunters
39710,6,Large Families
39711,0,Value Seekers
39713,2,Traditional Shoppers
39714,4,Promotion Hunters
39715,5,Tech Enthusiasts
39717,3,Vegetarians
39718,2,Traditional Shoppers
39719,3,Vegetarians
39721,4,Promotion Hunters
39722,3,Vegetarians
39723,1,Wellness
39726,2,Traditional Shoppers
39727,4,Promotion Hunters
39729,6,Large Families
39730,5,Tech Enthusiasts
39731,0,Value Seekers
39732,4,Promotion Hunters
39733,2,Traditional Shoppers
39735,2,Traditional Shoppers
39736,3,Vegetarians
39737,2,Traditional Shoppers
39738,3,Vegetarians
39739,2,Traditional Shoppers
39740,1,Wellness
39741,3,Vegetarians
39742,5,Tech Enthusiasts
39743,0,Value Seekers
39744,2,Traditional Shoppers
39745,0,Value Seekers
39746,7,Loyal Explorers
39747,4,Promotion Hunters
39748,0,Value Seekers
39750,4,Promotion Hunters
39751,1,Wellness
39752,5,Tech Enthusiasts
39753,2,Traditional Shoppers
39755,1,Wellness
39756,0,Value Seekers
39757,6,Large Families
39758,4,Promotion Hunters
39759,7,Loyal Explorers
39760,7,Loyal Explorers
39761,4,Promotion Hunters
39762,2,Traditional Shoppers
39763,4,Promotion Hunters
39764,6,Large Families
39765,6,Large Families
39766,1,Wellness
39767,6,Large Families
39768,6,Large Families
39770,1,Wellness
39771,4,Promotion Hunters
39772,4,Promotion Hunters
39773,5,Tech Enthusiasts
39774,3,Vegetarians
39775,2,Traditional Shoppers
39777,7,Loyal Explorers
39778,5,Tech Enthusiasts
39779,2,Traditional Shoppers
39780,6,Large Families
39781,3,Vegetarians
39782,5,Tech Enthusiasts
39784,5,Tech Enthusiasts
39785,2,Traditional Shoppers
39786,5,Tech Enthusiasts
39787,2,Traditional Shoppers
39788,3,Vegetarians
39789,6,Large Families
39791,4,Promotion Hunters
39793,6,Large Families
39796,6,Large Families
39797,1,Wellness
39798,7,Loyal Explorers
39799,4,Promotion Hunters
39800,3,Vegetarians
39801,0,Value Seekers
39804,0,Value Seekers
39805,6,Large Families
39806,7,Loyal Explorers
39807,0,Value Seekers
39808,0,Value Seekers
39809,7,Loyal Explorers
39810,3,Vegetarians
39811,7,Loyal Explorers
39812,2,Traditional Shoppers
39814,3,Vegetarians
39815,6,Large Families
39817,3,Vegetarians
39818,2,Traditional Shoppers
39819,4,Promotion Hunters
39820,5,Tech Enthusiasts
39823,7,Loyal Explorers
39824,6,Large Families
39825,5,Tech Enthusiasts
39826,0,Value Seekers
39827,4,Promotion Hunters
39828,3,Vegetarians
39829,2,Traditional Shoppers
39830,6,Large Families
39831,7,Loyal Explorers
39832,5,Tech Enthusiasts
39833,0,Value Seekers
39834,4,Promotion Hunters
39835,3,Vegetarians
39836,2,Traditional Shoppers
39837,2,Traditional Shoppers
39838,6,Large Families
39839,6,Large Families
39840,6,Large Families
39841,7,Loyal Explorers
39842,2,Traditional Shoppers
39843,4,Promotion Hunters
39844,1,Wellness
39845,7,Loyal Explorers
39846,2,Traditional Shoppers
39848,3,Vegetarians
39850,7,Loyal Explorers
39851,1,Wellness
39852,6,Large Families
39853,7,Loyal Explorers
39854,6,Large Families
39855,6,Large Families
39856,2,Traditional Shoppers
39857,2,Traditional Shoppers
39858,7,Loyal Explorers
39859,5,Tech Enthusiasts
39860,3,Vegetarians
39862,0,Value Seekers
39863,6,Large Families
39864,3,Vegetarians
39865,7,Loyal Explorers
39866,2,Traditional Shoppers
39867,2,Traditional Shoppers
39868,3,Vegetarians
39869,2,Traditional Shoppers
39870,1,Wellness
39871,1,Wellness
39872,2,Traditional Shoppers
39874,6,Large Families
39875,3,Vegetarians
39877,3,Vegetarians
39878,2,Traditional Shoppers
39879,2,Traditional Shoppers
39880,4,Promotion Hunters
39881,6,Large Families
39882,0,Value Seekers
39883,3,Vegetarians
39884,0,Value Seekers
39885,4,Promotion Hunters
39886,1,Wellness
39887,6,Large Families
39889,6,Large Families
39890,2,Traditional Shoppers
39891,4,Promotion Hunters
39892,6,Large Families
39893,0,Value Seekers
39894,0,Value Seekers
39895,7,Loyal Explorers
39896,1,Wellness
39897,2,Traditional Shoppers
39898,5,Tech Enthusiasts
39899,5,Tech Enthusiasts
39900,6,Large Families
39901,1,Wellness
39902,6,Large Families
39903,7,Loyal Explorers
39904,1,Wellness
39905,2,Traditional Shoppers
39907,5,Tech Enthusiasts
39908,6,Large Families
39909,6,Large Families
39910,5,Tech Enthusiasts
39911,2,Traditional Shoppers
39913,6,Large Families
39914,3,Vegetarians
39915,1,Wellness
39916,5,Tech Enthusiasts
39917,4,Promotion Hunters
39918,0,Value Seekers
39919,1,Wellness
39920,2,Traditional Shoppers
39922,1,Wellness
39923,0,Value Seekers
39924,0,Value Seekers
39925,7,Loyal Explorers
39926,7,Loyal Explorers
39927,4,Promotion Hunters
39928,3,Vegetarians
39929,2,Traditional Shoppers
39930,2,Traditional Shoppers
39932,6,Large Families
39933,4,Promotion Hunters
39934,6,Large Families
39938,5,Tech Enthusiasts
39939,4,Promotion Hunters
39940,7,Loyal Explorers
39941,7,Loyal Explorers
39942,1,Wellness
39943,3,Vegetarians
39944,4,Promotion Hunters
39945,6,Large Families
39946,6,Large Families
39947,5,Tech Enthusiasts
39948,6,Large Families
39949,0,Value Seekers
39950,2,Traditional Shoppers
39952,7,Loyal Explorers
39954,4,Promotion Hunters
39956,3,Vegetarians
39957,5,Tech Enthusiasts
39959,6,Large Families
39960,3,Vegetarians
39962,6,Large Families
39963,6,Large Families
39964,3,Vegetarians
39965,4,Promotion Hunters
39966,7,Loyal Explorers
39967,6,Large Families
39968,4,Promotion Hunters
39970,2,Traditional Shoppers
39971,4,Promotion Hunters
39972,2,Traditional Shoppers
39974,2,Traditional Shoppers
39975,5,Tech Enthusiasts
39976,7,Loyal Explorers
39977,7,Loyal Explorers
39978,2,Traditional Shoppers
39979,6,Large Families
39980,1,Wellness
39981,5,Tech Enthusiasts
39982,1,Wellness
39983,5,Tech Enthusiasts
39984,0,Value Seekers
39985,4,Promotion Hunters
39988,6,Large Families
39989,6,Large Families
39990,1,Wellness
39991,1,Wellness
39992,6,Large Families
39994,2,Traditional Shoppers
39996,7,Loyal Explorers
39997,7,Loyal Explorers
39998,4,Promotion Hunters
39999,3,Vegetarians
40000,2,Traditional Shoppers
