customer_id,kids_home,teens_home,number_complaints,distinct_stores_visited,lifetime_spend_groceries,lifetime_spend_electronics,lifetime_spend_vegetables,lifetime_spend_nonalcohol_drinks,lifetime_spend_alcohol_drinks,lifetime_spend_meat,lifetime_spend_fish,lifetime_spend_hygiene,lifetime_spend_videogames,lifetime_spend_petfood,lifetime_total_distinct_products,percentage_of_products_bought_promotion,customer_loyalty_flag,latitude,longitude,typical_hour_sin,typical_hour_cos,customer_age,education_level,is_male,tenure,total_children,lifetime_spend_technology,log_total_spend,annual_spend_groceries,annual_spend_electronics,annual_spend_vegetables,annual_spend_nonalcohol_drinks,annual_spend_alcohol_drinks,annual_spend_meat,annual_spend_fish,annual_spend_hygiene,annual_spend_videogames,annual_spend_petfood,annual_spend_technology
221,4,1,1,4,14984.0,7280.0,1225.0,565.0,2187.0,3052.0,1645.0,1557.0,444.0,663.0,201,0.1325526818816176,1,38.72748817976792,-9.189908349411407,0.49999999999999994,-0.8660254037844387,73.0,22,1,5.0,5.0,7724.0,10.62927131837234,2996.8,1456.0,245.0,113.0,437.4,610.4,329.0,311.4,88.8,132.6,1544.8
286,6,1,2,1,34969.0,6018.0,615.0,1812.0,1186.0,1161.0,1990.0,341.0,343.0,503.0,203,0.1270267562632488,1,38.775748512193275,-9.1690225844845,0.9659258262890684,-0.25881904510252063,84.0,22,1,17.0,7.0,6361.0,10.920528187510426,2057.0,354.0,36.1764705882353,106.58823529411765,69.76470588235294,68.29411764705883,117.05882352941177,20.058823529411764,20.176470588235293,29.58823529411765,374.1764705882353
422,2,0,4,3,15305.0,4220.0,771.0,794.0,3018.0,1595.0,452.0,941.0,518.0,559.0,262,0.1935473472730516,1,38.75044357501903,-9.152253122408013,-0.2588190451025208,-0.9659258262890683,48.0,15,1,10.0,2.0,4738.0,10.401592611892738,1530.5,422.0,77.1,79.4,301.8,159.5,45.2,94.1,51.8,55.9,473.8
520,5,3,0,5,14492.0,3733.0,490.0,688.0,1166.0,1406.0,957.0,719.0,289.0,914.0,99,0.1777040447000753,1,38.71686515870726,-9.128193430110684,0.9659258262890684,-0.25881904510252063,37.0,15,1,7.0,8.0,4022.0,10.270800709494713,2070.285714285714,533.2857142857143,70.0,98.28571428571429,166.57142857142858,200.85714285714286,136.71428571428572,102.71428571428571,41.285714285714285,130.57142857142858,574.5714285714286
523,3,6,0,4,7426.0,5050.0,334.0,973.0,1802.0,1095.0,848.0,902.0,1654.0,45.0,191,0.2828160357707628,1,38.745124552206214,-9.125814685601194,0.25881904510252096,-0.9659258262890682,61.0,17,1,13.0,9.0,6704.0,10.197425019150417,571.2307692307693,388.46153846153845,25.692307692307693,74.84615384615384,138.6153846153846,84.23076923076923,65.23076923076923,69.38461538461539,127.23076923076923,3.4615384615384617,515.6923076923077
556,1,0,0,2,18406.0,19616.0,256.0,307.0,347.0,759.0,576.0,1023.0,760.0,308.0,323,1.0,1,38.71273066874975,-9.119530391636625,-0.7071067811865477,0.7071067811865471,66.0,22,0,5.0,1.0,20376.0,11.046674784593801,3681.2,3923.2,51.2,61.4,69.4,151.8,115.2,204.6,152.0,61.6,4075.2
591,0,0,1,2,33092.0,24632.0,1156.0,40.0,1026.0,524.0,930.0,543.0,562.0,391.0,286,0.4140935948291909,1,38.763820566562146,-9.18589563432286,0.25881904510252096,-0.9659258262890682,82.0,17,0,5.0,0.0,25194.0,11.386125650065745,6618.4,4926.4,231.2,8.0,205.2,104.8,186.0,108.6,112.4,78.2,5038.8
717,1,1,1,6,7002.0,5582.0,512.0,1346.0,1108.0,2226.0,2379.0,824.0,336.0,160.0,278,0.1543906676882667,1,38.75716056565515,-9.167296966454709,0.25881904510252096,-0.9659258262890682,40.0,22,0,15.0,2.0,5918.0,10.218079290294767,466.8,372.1333333333333,34.13333333333333,89.73333333333333,73.86666666666666,148.4,158.6,54.93333333333333,22.4,10.666666666666666,394.53333333333336
787,3,1,2,1,11309.0,12983.0,167.0,171.0,1124.0,675.0,1131.0,148.20000000000005,1650.0,86.0,78,0.11832929737157749,1,38.777774744450966,-9.16107441684565,-0.7071067811865477,0.7071067811865471,72.0,12,1,8.0,4.0,14633.0,10.693720608147297,1413.625,1622.875,20.875,21.375,140.5,84.375,141.375,18.525000000000006,206.25,10.75,1829.125
806,1,1,2,1,3733.0,6993.0,132.0,1093.0,1792.0,1124.0,920.0,200.0,1755.0,266.0,59,0.3325850453641921,1,38.759077791479655,-9.168482072261709,-0.9659258262890683,0.2588190451025203,24.000000000000004,12,0,7.7999999999999545,2.0,8748.0,10.194551400334317,478.5897435897464,896.5384615384668,16.923076923077023,140.12820512820593,229.7435897435911,144.10256410256494,117.94871794871864,25.64102564102579,225.0000000000013,34.1025641025643,1121.538461538468
811,0,0,1,2,104670.0,7096.0,842.0,873.0,216.9999999999999,641.0,33.0,1187.0,308.0,499.0,107,0.5829512451943853,1,38.78470528566145,-9.117762526658565,0.7071067811865476,-0.7071067811865475,59.0,22,0,7.0,0.0,7404.0,11.726188363003732,14952.857142857143,1013.7142857142857,120.28571428571429,124.71428571428571,30.999999999999982,91.57142857142857,4.714285714285714,169.57142857142858,44.0,71.28571428571429,1057.7142857142858
818,7,0,0,4,16998.0,4638.0,322.0,722.0,924.0,1825.0,1838.0,1413.0,467.0,944.0,192,0.2203745649676908,1,38.786858591578415,-9.15622134686236,0.25881904510252096,-0.9659258262890682,74.0,22,0,19.0,7.0,5105.0,10.468716130681411,894.6315789473684,244.10526315789474,16.94736842105263,38.0,48.63157894736842,96.05263157894737,96.73684210526316,74.36842105263158,24.57894736842105,49.68421052631579,268.6842105263158
853,1,0,1,4,33660.0,4811.0,277.0,487.0,906.0,2440.0,1059.0,292.0,255.0,282.0,361,0.1662911077648505,1,38.71875834734672,-9.166584749969962,-0.7071067811865477,0.7071067811865471,37.0,15,1,16.0,1.0,5066.0,10.8104549569494,2103.75,300.6875,17.3125,30.4375,56.625,152.5,66.1875,18.25,15.9375,17.625,316.625
919,1,1,0,1,10845.0,6845.0,742.0,329.0,382.0,951.0,952.0,226.0,899.0,316.0,333,1.0,1,38.72785271878905,-9.189865246137831,-0.2588190451025208,-0.9659258262890683,84.0,22,1,5.0,2.0,7744.0,10.316656245029325,2169.0,1369.0,148.4,65.8,76.4,190.2,190.4,45.2,179.8,63.2,1548.8
937,0,2,1,1,17701.0,13954.0,205.0,40.0,338.0,864.0,1403.0,1076.0,721.0,210.0,235,0.8848549832749362,1,38.762423115868216,-9.14182913919698,-0.2588190451025208,-0.9659258262890683,78.0,17,0,6.0,2.0,14675.0,10.843260408557487,2950.1666666666665,2325.6666666666665,34.166666666666664,6.666666666666667,56.333333333333336,144.0,233.83333333333334,179.33333333333334,120.16666666666667,35.0,2445.8333333333335
950,2,2,0,4,46858.0,3379.0,641.0,667.0,2342.0,1240.0,1150.0,1562.0,295.0,917.0,372,0.258658580529436,1,38.776777751140536,-9.19231351638816,-0.7071067811865472,-0.7071067811865479,36.0,15,0,8.0,4.0,3674.0,11.046531313714157,5857.25,422.375,80.125,83.375,292.75,155.0,143.75,195.25,36.875,114.625,459.25
999,6,3,2,1,22757.0,5334.0,1709.0,1077.0,1260.0,1710.0,1799.0,1169.0,361.0,1073.0,352,0.1109840315509199,1,38.77162741473345,-9.131447451921597,0.7071067811865476,-0.7071067811865475,59.0,15,0,27.0,9.0,5695.0,10.690694130998745,842.8518518518518,197.55555555555554,63.2962962962963,39.888888888888886,46.666666666666664,63.333333333333336,66.62962962962963,43.2962962962963,13.37037037037037,39.74074074074074,210.92592592592592
1007,1,0,2,1,2153.0,1672.0,1808.0,429.0,762.0,2.0,50.0,309.0,2004.0,187.0,78,0.1543770172995369,1,38.741630909303126,-9.17391447028365,-0.9659258262890683,-0.25881904510252063,51.0,17,0,16.0,1.0,3676.0,9.47677327138879,134.5625,104.5,113.0,26.8125,47.625,0.125,3.125,19.3125,125.25,11.6875,229.75
1023,0,3,0,3,27810.0,4692.0,336.0,798.0,2567.0,1736.0,1542.0,1435.0,431.00000000000006,757.0,363,0.3085773015339126,1,38.70778885525256,-9.119348524973612,1.249000902703301e-16,-1.0,51.0,17,1,23.0,3.0,5123.0,10.762742216027,1209.1304347826087,204.0,14.608695652173912,34.69565217391305,111.6086956521739,75.47826086956522,67.04347826086956,62.391304347826086,18.739130434782613,32.91304347826087,222.7391304347826
1042,0,2,0,2,35182.0,6089.0,357.0,194.0,2375.0,1461.0,1894.0,765.0,333.0,355.0,288,0.1009948618975357,1,38.71807749383713,-9.192879162266252,0.49999999999999994,-0.8660254037844387,80.0,15,1,15.0,2.0,6422.0,10.922840160218605,2345.4666666666667,405.93333333333334,23.8,12.933333333333334,158.33333333333334,97.4,126.26666666666667,51.0,22.2,23.666666666666668,428.1333333333333
1046,0,5,3,2,72273.0,21.0,148.0,206.0,500.0,980.0,1264.0,638.0,284.0,573.0,39,0.35148684479971776,1,38.76058538655234,-9.164772976515314,0.49999999999999994,-0.8660254037844387,81.0,17,0,10.0,5.0,305.0,11.254064058326641,7227.3,2.1,14.8,20.6,50.0,98.0,126.4,63.8,28.4,57.3,30.5
1073,1,1,0,5,30406.0,1532.0,312.0,935.0,467.0,1009.0,1630.0,2235.0,2073.0,278.0,298,0.6449870678485039,1,38.75328199018811,-9.1254018361297,-0.25881904510252157,0.9659258262890681,52.0,17,1,25.0,2.0,3605.0,10.702862372693247,1216.24,61.28,12.48,37.4,18.68,40.36,65.2,89.4,82.92,11.12,144.2
1077,1,0,0,2,52291.0,10611.0,1458.0,800.0,220.0,799.0,1280.0,26.0,756.0,355.0,319,1.0,1,38.72813273368078,-9.133659140892068,-0.25881904510252157,0.9659258262890681,36.0,22,0,10.0,1.0,11367.0,11.289331812375634,5229.1,1061.1,145.8,80.0,22.0,79.9,128.0,2.6,75.6,35.5,1136.7
1120,2,2,1,4,30120.0,4619.0,909.0,1001.0,674.0,2092.0,2809.0,1322.0,235.0,455.8,257,0.12171237772868171,1,38.74800422325705,-9.186621965275794,0.25881904510252096,-0.9659258262890682,76.0,17,1,10.0,4.0,4854.0,10.801447293725559,3012.0,461.9,90.9,100.1,67.4,209.2,280.9,132.2,23.5,45.58,485.4
1294,0,0,0,4,20804.0,17236.0,896.0,299.0,74.0,623.0,741.0,344.0,624.0,504.0,75,0.7190402335175881,1,38.75903138385402,-9.133913175933484,-0.25881904510252157,0.9659258262890681,77.0,22,1,9.0,0.0,17860.0,11.002199836204571,2311.5555555555557,1915.111111111111,99.55555555555556,33.22222222222222,8.222222222222221,69.22222222222223,82.33333333333333,38.22222222222222,69.33333333333333,56.0,1984.4444444444443
1299,0,1,2,1,13087.0,12008.0,39.0,210.0,1093.0,1091.0,2422.0,411.0,1684.0,458.0,159,0.2285824004020004,1,38.75627868286474,-9.148972519825962,-0.5000000000000004,0.8660254037844385,69.0,12,1,9.0,1.0,13692.0,10.740648493234978,1454.111111111111,1334.2222222222222,4.333333333333333,23.333333333333332,121.44444444444444,121.22222222222223,269.1111111111111,45.666666666666664,187.11111111111111,50.888888888888886,1521.3333333333333
1303,0,1,1,1,9852.0,6352.0,106.0,531.0,790.0,1249.0,620.0,186.9999999999999,3867.0,149.0,73,0.1345488040645731,1,38.74584610530016,-9.180459958072808,-0.7071067811865477,0.7071067811865471,62.0,12,1,6.0,1.0,10219.0,10.431848529391178,1642.0,1058.6666666666667,17.666666666666668,88.5,131.66666666666666,208.16666666666666,103.33333333333333,31.166666666666647,644.5,24.833333333333332,1703.1666666666667
1310,2,5,0,4,29633.0,6514.0,493.0,915.0,1080.0,1485.0,1037.0,206.0000000000001,221.0,911.0,212,0.1785604562008282,1,38.75657096623434,-9.14509300117734,0.7071067811865476,-0.7071067811865475,36.0,22,0,9.0,7.0,6735.0,10.804278785363332,3292.5555555555557,723.7777777777778,54.77777777777778,101.66666666666667,120.0,165.0,115.22222222222223,22.8888888888889,24.555555555555557,101.22222222222223,748.3333333333334
1338,1,0,0,2,44144.0,18915.0,1479.0,67.0,887.0,1323.0,1434.0,1414.0,394.0,327.0,100,0.4518535784538295,1,38.74845767479224,-9.166563946925251,-0.7071067811865472,-0.7071067811865479,84.0,17,0,8.0,1.0,19309.0,11.404159156177569,5518.0,2364.375,184.875,8.375,110.875,165.375,179.25,176.75,49.25,40.875,2413.625
1342,3,1,0,1,26853.0,5670.4,1643.0,769.0,2278.0,1615.0,2736.0,743.0,455.0,423.0,467,0.256727079862915,1,38.707944482267656,-9.164180640472456,0.49999999999999994,-0.8660254037844387,39.0,15,1,17.0,4.0,6125.4,10.8059186823037,1579.5882352941176,333.55294117647054,96.6470588235294,45.23529411764706,134.0,95.0,160.94117647058823,43.705882352941174,26.764705882352942,24.88235294117647,360.3176470588235
1364,3,4,1,5,38347.0,6121.8,382.0,1316.0,2523.0,1131.0,1940.0,352.0,584.0,354.0,271,0.1989356746654311,1,38.78053979462148,-9.146079164513802,0.25881904510252096,-0.9659258262890682,31.0,22,1,4.0,7.0,6705.8,10.998051658357669,9586.75,1530.45,95.5,329.0,630.75,282.75,485.0,88.0,146.0,88.5,1676.45
1377,4,0,1,6,19204.0,5533.0,436.0,788.0,2574.0,1958.0,1655.0,1518.0,433.99999999999994,377.0,196,0.2257589730707902,1,38.738659728697606,-9.170003292054496,0.49318516525781375,-0.6113392202930191,76.0,15,0,15.0,4.0,5967.0,10.607698305452052,1280.2666666666667,368.8666666666667,29.066666666666666,52.53333333333333,171.6,130.53333333333333,110.33333333333333,101.2,28.93333333333333,25.133333333333333,397.8
1390,1,0,1,6,13874.0,664.0,1806.0,596.0,183.0,113.0,127.99999999999989,2134.0,1765.0,348.0,171,0.1835989694908988,1,38.75802606849745,-9.07234564026042,0.7071067811865476,-0.7071067811865475,47.0,17,0,7.0,1.0,2429.0,10.087515985121769,1982.0,94.85714285714286,258.0,85.14285714285714,26.142857142857142,16.142857142857142,18.28571428571427,304.85714285714283,252.14285714285714,49.714285714285715,347.0
1553,5,4,1,5,26058.0,6279.0,535.0,1760.0,725.0,1738.0,1885.0,1250.1999999999998,512.0,98.0,315,0.1967501128814212,1,38.778705067021264,-9.143992458737516,0.8660254037844387,-0.49999999999999983,39.0,22,1,16.0,9.0,6791.0,10.771264282104653,1628.625,392.4375,33.4375,110.0,45.3125,108.625,117.8125,78.13749999999999,32.0,6.125,424.4375
1586,2,1,3,5,19611.0,3084.0,845.0,706.0,31.0,800.0,14.0,654.0,1981.0,251.0,203,0.3245954539519479,1,38.79793905914986,-9.204773976712202,-0.2588190451025208,-0.9659258262890683,77.0,17,0,13.0,3.0,5065.0,10.405565022544408,1508.5384615384614,237.23076923076923,65.0,54.30769230769231,2.3846153846153846,61.53846153846154,1.0769230769230769,50.30769230769231,152.3846153846154,19.307692307692307,389.61538461538464
1635,0,0,2,6,9766.0,2669.0,533.0,438.0,361.0,558.0,818.0,644.0,1285.0,175.0,231,0.6539018255833257,1,38.73103244706473,-9.141832593188274,-0.7071067811865477,0.7071067811865471,80.0,22,0,8.0,0.0,3954.0,9.961850795833042,1220.75,333.625,66.625,54.75,45.125,69.75,102.25,80.5,160.625,21.875,494.25
1660,1,0,2,3,33773.0,3498.0,482.0,584.0,842.0,1437.0,1061.0,1575.0,328.0,513.0,556,0.7580224638301811,1,38.74869269117023,-9.188657838842056,0.25881904510252096,-0.9659258262890682,47.0,22,0,13.0,1.0,3826.0,10.777288232789331,2597.923076923077,269.0769230769231,37.07692307692308,44.92307692307692,64.76923076923077,110.53846153846153,81.61538461538461,121.15384615384616,25.23076923076923,39.46153846153846,294.3076923076923
1679,0,1,0,1,10404.0,19338.000000000004,227.0,1181.0,834.0,1183.0,1523.0,409.0,476.0,234.0,45,0.271879304192693,1,38.776185281242874,-9.181072344696103,-0.9659258262890683,0.2588190451025203,30.0,12,1,9.0,1.0,19814.000000000004,10.926370041778855,1156.0,2148.666666666667,25.22222222222222,131.22222222222223,92.66666666666667,131.44444444444446,169.22222222222223,45.44444444444444,52.888888888888886,26.0,2201.555555555556
1737,2,4,0,2,9631.0,5181.0,1085.0,1299.0,2314.0,1853.0,2111.0,1785.0,428.0,420.0,296,0.10086021734745781,1,38.7417592329809,-9.1591863661806,0.7071067811865476,-0.7071067811865475,27.0,17,0,13.400000000000091,6.0,5609.0,10.36460809372245,718.7313432835772,386.64179104477347,80.9701492537308,96.94029850746203,172.68656716417794,138.2835820895513,157.53731343283476,133.20895522387968,31.94029850746247,31.343283582089338,418.58208955223597
1800,1,0,2,5,32119.0,4449.0,1070.0,1023.0,994.0,1393.0,1783.0,711.0,293.0,831.0,574,0.2586677067476392,1,38.78628075723957,-9.153649053614448,0.25881904510252096,-0.9659258262890682,45.0,17,0,17.0,1.0,4742.0,10.807887872816934,1889.3529411764705,261.70588235294116,62.94117647058823,60.1764705882353,58.470588235294116,81.94117647058823,104.88235294117646,41.8235294117647,17.235294117647058,48.88235294117647,278.94117647058823
1828,0,1,1,2,3841.0,10840.0,442.0,197.0,150.9999999999999,636.0,717.0,1239.0,401.0,378.0,600,0.2449562012900577,1,38.718127634844706,-9.13206951657424,-0.7071067811865472,-0.7071067811865479,71.0,22,0,8.0,1.0,11241.0,10.311748747946293,480.125,1355.0,55.25,24.625,18.874999999999986,79.5,89.625,154.875,50.125,47.25,1405.125
1881,2,0,2,2,7997.0,1809.0,198.0,247.0,708.0,739.0,78.0,409.0,1838.0,329.0,57,0.6112264457228778,1,38.74746360822797,-9.155835165341472,0.8660254037844387,-0.49999999999999983,28.0,15,0,8.0,2.0,3647.0,9.798127036878302,999.625,226.125,24.75,30.875,88.5,92.375,9.75,51.125,229.75,41.125,455.875
1920,1,1,1,8,19848.0,6851.0,1846.0,750.0,2559.0,655.0,1229.0,1013.0,1370.0,378.0,331,0.1861027465591774,1,38.770352437959765,-9.128425004002905,0.25881904510252096,-0.9659258262890682,81.0,22,1,14.0,2.0,8221.0,10.70819846893854,1417.7142857142858,489.35714285714283,131.85714285714286,53.57142857142857,182.78571428571428,46.785714285714285,87.78571428571429,72.35714285714286,97.85714285714286,27.0,587.2142857142857
1946,2,4,1,2,26164.0,5635.0,460.0,1319.0,3138.0,1068.0,1792.0,571.0,315.0,235.0,184,0.28479225220485,1,38.74211762757562,-9.127795922476167,0.9659258262890684,-0.25881904510252063,68.0,22,1,12.0,6.0,5950.0,10.750385332901992,2180.3333333333335,469.5833333333333,38.333333333333336,109.91666666666667,261.5,89.0,149.33333333333334,47.583333333333336,26.25,19.583333333333332,495.8333333333333
1963,1,1,1,4,45810.0,1138.0,203.0,761.0,1183.0,773.0,28.999999999999886,2370.0,247.0,329.0,485,0.3444869220409498,1,38.75642232589647,-9.144974499617003,-0.2588190451025208,-0.9659258262890683,79.0,17,1,16.0,2.0,1385.0,10.900971099687215,2863.125,71.125,12.6875,47.5625,73.9375,48.3125,1.812499999999993,148.125,15.4375,20.5625,86.5625
2010,1,1,1,1,3883.0,18708.0,190.0,176.0,51.0,1005.6,1068.0,167.0,604.0,367.0,259,0.7211139394664847,1,38.773496402099845,-9.139962416944416,-0.7071067811865477,0.7071067811865471,28.999999999999996,22,1,2.0,2.0,19312.0,10.726183831903747,1941.5,9354.0,95.0,88.0,25.5,502.8,534.0,83.5,302.0,183.5,9656.0
2025,5,1,0,3,3953.0,4573.0,992.0,756.0,3207.0,2317.0,1294.0,265.0,283.0,665.0,421,0.1324674863665944,1,38.71914112470943,-9.11776207490602,0.25881904510252096,-0.9659258262890682,67.0,15,1,5.0,6.0,4856.0,10.050268283744323,790.6,914.6,198.4,151.2,641.4,463.4,258.8,53.0,56.6,133.0,971.2
2029,1,4,1,4,7628.0,4897.0,1573.0,519.0,2688.0,1942.0,1245.0,1239.0,328.0,650.0,302,0.03422384406138207,1,38.78065603796322,-9.125563128417529,0.7071067811865476,-0.7071067811865475,42.0,22,0,17.0,5.0,5225.0,10.237635661893249,448.70588235294116,288.05882352941177,92.52941176470588,30.529411764705884,158.11764705882354,114.23529411764706,73.23529411764706,72.88235294117646,19.294117647058822,38.23529411764706,307.3529411764706
2042,2,1,2,4,3906.0000000000036,1847.0,199.0,1519.0,581.0,769.0,1444.0,554.0,151.0,726.8,348,0.5266117990864978,1,38.784485527558246,-9.159441165186854,1.0,5.551115123125783e-17,49.0,15,1,5.0,3.0,1998.0,9.524844495471163,781.2000000000007,369.4,39.8,303.8,116.2,153.8,288.8,110.8,30.2,145.35999999999999,399.6
2064,2,1,2,2,7033.000000000004,1950.0,155.0,230.00000000000006,284.0,451.0,347.0,10.0,1573.0,406.0,8,1.0,1,38.748557026844544,-9.155872981388134,0.7071067811865476,-0.7071067811865475,33.0,15,1,6.0,3.0,3523.0,9.67802882326448,1172.1666666666672,325.0,25.833333333333332,38.33333333333334,47.333333333333336,75.16666666666667,57.833333333333336,1.6666666666666667,262.1666666666667,67.66666666666667,587.1666666666666
2105,1,1,2,2,7405.0,17482.0,287.0,447.0,751.0,687.0,1179.0,797.0,513.0,170.0,87,1.0,1,38.718091520066665,-9.184196197990405,0.8660254037844387,-0.49999999999999983,28.999999999999996,17,1,1.0,2.0,17995.0,10.772980134861644,7405.0,17482.0,287.0,447.0,751.0,687.0,1179.0,797.0,513.0,170.0,17995.0
2138,2,2,3,3,45324.0,3298.9999999999995,87.0,363.0,384.0,1350.0,300.0,504.0,109.0,509.0,74,0.1309010624791707,1,38.784919098482675,-9.188901826178244,-0.9659258262890683,-0.25881904510252063,85.0,22,0,12.0,4.0,3407.9999999999995,10.926621700028281,3777.0,274.91666666666663,7.25,30.25,32.0,112.5,25.0,42.0,9.083333333333334,42.416666666666664,283.99999999999994
2143,0,1,0,2,8548.0,26291.0,159.0,67.0,989.0,690.0,774.0,324.0,1110.0,237.0,159,0.1029772282757,1,38.73385498409182,-9.154449720223388,0.8660254037844387,-0.49999999999999983,82.0,12,0,6.0,1.0,27401.0,11.10632471226177,1424.6666666666667,4381.833333333333,26.5,11.166666666666666,164.83333333333334,115.0,129.0,54.0,185.0,39.5,4566.833333333333
2181,1,2,3,2,61197.0,2683.0,249.0,373.0,523.0,947.0,1617.0,719.0,59.0,487.0,64,0.1720827529451181,1,38.75026415169015,-9.192775522843116,-0.9659258262890683,-0.25881904510252063,69.0,15,1,12.0,3.0,2742.0,11.17880845262959,5099.75,223.58333333333334,20.75,31.083333333333332,43.583333333333336,78.91666666666667,134.75,59.916666666666664,4.916666666666667,40.583333333333336,228.5
2262,0,1,0,5,37155.0,2831.0,524.0,548.0,1193.0,685.0,1416.0,848.0,116.0,992.0,388,0.02558835929025932,1,38.76298984963332,-9.12202283103239,0.8660254037844387,-0.49999999999999983,26.0,22,0,7.0,1.0,2947.0,10.804786466591047,5307.857142857143,404.42857142857144,74.85714285714286,78.28571428571429,170.42857142857142,97.85714285714286,202.28571428571428,121.14285714285714,16.571428571428573,141.71428571428572,421.0
2390,1,1,1,4,50805.0,6148.0,269.0,1152.0,542.0,869.0,1219.0,1591.0,2314.0,291.0,492,0.4113571954406366,0,38.71166854490715,-9.152937809827035,-0.4999999999999998,-0.8660254037844388,34.0,15,1,14.0,2.0,8462.0,11.20725591683737,3628.9285714285716,439.14285714285717,19.214285714285715,82.28571428571429,38.714285714285715,62.07142857142857,87.07142857142857,113.64285714285714,165.28571428571428,20.785714285714285,604.4285714285714
2442,0,0,1,2,38385.0,12140.0,1101.0,429.0,16.0,893.0,479.0,831.0,2493.0,331.0,173,0.5500531004337328,1,38.77699956270614,-9.187264912595474,-0.4999999999999998,-0.8660254037844388,46.0,15,1,12.0,0.0,14633.0,11.180692231068315,3198.75,1011.6666666666666,91.75,35.75,1.3333333333333333,74.41666666666667,39.916666666666664,69.25,207.75,27.583333333333332,1219.4166666666667
2486,1,1,0,3,15455.0,6940.400000000001,340.0,801.0,960.0,1535.0,1206.0,1152.0,1959.0,388.0,131,0.8568981920452721,1,38.782155218669395,-9.150507469611648,0.7071067811865476,-0.7071067811865475,86.0,17,0,16.0,2.0,8899.400000000001,10.587513258646512,965.9375,433.77500000000003,21.25,50.0625,60.0,95.9375,75.375,72.0,122.4375,24.25,556.2125000000001
2508,0,0,2,1,8214.0,27607.0,98.0,400.0,1559.0,1228.0,1219.0,405.0,1890.0,691.0,216,0.0693112729043634,1,38.733279172769066,-9.171548216306936,-0.5000000000000004,0.8660254037844385,46.0,12,0,7.0,0.0,29497.0,11.195594852917294,1173.4285714285713,3943.8571428571427,14.0,57.142857142857146,222.71428571428572,175.42857142857142,174.14285714285714,57.857142857142854,270.0,98.71428571428571,4213.857142857143
2550,1,1,1,4,16710.0,4372.0,383.0,120.0,1248.0,391.0,1508.0,379.0,228.0,1211.0,199,0.11537580799529001,1,38.78053137065153,-9.171086177381806,-0.9659258262890683,-0.25881904510252063,47.0,15,1,14.0,2.0,4600.0,10.346601626429049,1193.5714285714287,312.2857142857143,27.357142857142858,8.571428571428571,89.14285714285714,27.928571428571427,107.71428571428571,27.071428571428573,16.285714285714285,86.5,328.57142857142856
2555,0,0,1,2,76000.00000000001,5806.0,16.0,455.0,573.0,752.0,322.0,447.0,579.0,290.0,377,0.768638825049626,0,38.768165561501775,-9.121713634615285,-0.9659258262890683,0.2588190451025203,46.0,17,0,5.0,0.0,6385.0,11.425470353181236,15200.000000000004,1161.2,3.2,91.0,114.6,150.4,64.4,89.4,115.8,58.0,1277.0
2560,1,1,0,2,34564.0,11287.0,1080.0,183.0,311.0000000000001,584.0,1217.0,761.0,462.0,390.0,153,0.6230904161884956,1,38.7421845055169,-9.151516062619,-0.7071067811865477,0.7071067811865471,41.0,22,0,5.0,2.0,11749.0,11.044344822797983,6912.8,2257.4,216.0,36.6,62.200000000000024,116.8,243.4,152.2,92.4,78.0,2349.8
2596,0,1,0,1,62068.0,5974.0,345.0,613.0,421.0,908.0,1071.0,698.0,145.0,72.0,365,0.5810065295742161,1,38.723446821899714,-9.12379576220683,0.49999999999999994,-0.8660254037844387,47.0,22,1,11.0,1.0,6119.0,11.27002553529034,5642.545454545455,543.0909090909091,31.363636363636363,55.72727272727273,38.27272727272727,82.54545454545455,97.36363636363636,63.45454545454545,13.181818181818182,6.545454545454546,556.2727272727273
2700,0,0,1,2,1549.0,19256.000000000004,21.0,613.0,1257.0,708.0,1076.0,165.0,1159.0,783.0,122,0.2099992555459922,1,38.73023453201485,-9.159273198070853,-0.8660254037844386,0.5000000000000001,62.0,12,1,11.0,0.0,20415.000000000004,10.757966708442396,140.8181818181818,1750.545454545455,1.9090909090909092,55.72727272727273,114.27272727272727,64.36363636363636,97.81818181818181,15.0,105.36363636363636,71.18181818181819,1855.9090909090912
2736,3,3,3,2,38908.0,2804.0,296.0,986.0,1288.0,892.0,1571.0,747.0,1539.0,413.0,388,0.08825336145580748,1,38.75203603846033,-9.179325346116576,0.25881904510252096,-0.9659258262890682,57.0,17,0,11.0,6.0,4343.0,10.89280567294376,3537.090909090909,254.9090909090909,26.90909090909091,89.63636363636364,117.0909090909091,81.0909090909091,142.8181818181818,67.9090909090909,139.9090909090909,37.54545454545455,394.8181818181818
2779,2,1,3,2,13489.0,76.0,572.0,398.0,391.0,1036.0,1977.0,718.0,676.2,946.0,96,0.23246733944036746,1,38.76377193695056,-9.146635341677229,-0.7071067811865477,0.7071067811865471,78.0,22,1,17.0,3.0,752.2,9.953819384867131,793.4705882352941,4.470588235294118,33.64705882352941,23.41176470588235,23.0,60.94117647058823,116.29411764705883,42.23529411764706,39.7764705882353,55.64705882352941,44.247058823529414
2833,0,0,1,1,13370.0,12859.0,53.0,1489.0,1289.0,360.0,1877.0,53.0,2201.0,226.0,127,0.2448873932053462,1,38.77526120530202,-9.164474779088946,-0.6898979485566359,0.10352761804100796,28.0,12,0,1.0,0.0,15060.0,10.796263977345214,13370.0,12859.0,53.0,1489.0,1289.0,360.0,1877.0,53.0,2201.0,226.0,15060.0
2911,0,1,1,1,45174.0,15869.0,301.0,396.0,906.0,886.0,1961.0,649.0,449.99999999999994,396.0,86,0.09037182807156469,1,38.78111500039564,-9.15303395615555,0.9659258262890684,-0.25881904510252063,73.0,17,1,5.0,1.0,16319.0,11.330299861958906,9034.8,3173.8,60.2,79.2,181.2,177.2,392.2,129.8,89.99999999999999,79.2,3263.8
2927,1,0,0,3,15119.0,23912.0,309.0,488.0,773.0,743.0,638.0,689.0,502.00000000000006,470.0,223,0.4620764118765348,1,38.771831932970535,-9.134915012844994,0.49999999999999994,-0.8660254037844387,32.0,17,1,7.0,1.0,24414.0,11.128115561787098,2159.8571428571427,3416.0,44.142857142857146,69.71428571428571,110.42857142857143,106.14285714285714,91.14285714285714,98.42857142857143,71.71428571428572,67.14285714285714,3487.714285714286
2999,1,0,1,4,69606.0,268.0000000000009,505.0,492.0,743.0,1060.0,142.0,1178.0,373.0,257.0,362,0.6773248972346478,1,38.7437844148942,-9.188299734429595,0.7071067811865476,-0.7071067811865475,54.0,22,1,12.0,1.0,641.0000000000009,11.228783784594436,5800.5,22.33333333333341,42.083333333333336,41.0,61.916666666666664,88.33333333333333,11.833333333333334,98.16666666666667,31.083333333333332,21.416666666666668,53.41666666666674
3099,1,0,1,5,31639.0,3390.0,421.0,1522.0,624.0,1090.0,1935.0,1298.0,245.0,494.0,298,0.7624540134205806,1,38.73659513539541,-9.16875360322306,-0.25881904510252157,0.9659258262890681,65.0,15,0,21.0,1.0,3635.0,10.742767642044035,1506.6190476190477,161.42857142857142,20.047619047619047,72.47619047619048,29.714285714285715,51.904761904761905,92.14285714285714,61.80952380952381,11.666666666666666,23.523809523809526,173.0952380952381
3129,3,4,1,5,28125.0,7144.0,1223.0,1160.0,1028.0,2154.0,651.0,366.0,366.0,544.0,590,0.1512442105172591,1,38.76319736401387,-9.152326604335594,0.7071067811865476,-0.7071067811865475,78.0,22,1,13.0,7.0,7510.0,10.825203541055348,2163.4615384615386,549.5384615384615,94.07692307692308,89.23076923076923,79.07692307692308,165.69230769230768,50.07692307692308,28.153846153846153,28.153846153846153,41.84615384615385,577.6923076923077
3172,3,0,1,1,15472.0,6052.0,636.0,551.0,1630.0,2061.0,2460.0,310.0,313.0,431.0,466,0.4290831927296524,0,38.72683930870125,-9.136773866364384,0.8660254037844387,-0.49999999999999983,69.0,15,0,16.0,3.0,6365.0,10.499077029501269,967.0,378.25,39.75,34.4375,101.875,128.8125,153.75,19.375,19.5625,26.9375,397.8125
3184,7,2,3,5,7442.0,5408.0,432.0,1145.0,780.0,1058.0,2465.0,1421.0,461.00000000000006,439.0,242,0.2578043143185684,1,38.757735053292514,-9.185301828614197,0.7071067811865476,-0.7071067811865475,28.0,17,1,5.0,9.0,5869.0,10.200661930171254,1488.4,1081.6,86.4,229.0,156.0,211.6,493.0,284.2,92.20000000000002,87.8,1173.8
3214,1,0,1,1,52355.0,5069.0,933.0,670.0,2040.0,1409.0,1950.0,1549.0,530.0,204.0,235,0.245706913899606,1,38.76871505938202,-9.15647639631621,0.25881904510252096,-0.9659258262890682,41.0,22,0,13.0,1.0,5599.0,11.1887038817275,4027.3076923076924,389.9230769230769,71.76923076923077,51.53846153846154,156.92307692307693,108.38461538461539,150.0,119.15384615384616,40.76923076923077,15.692307692307692,430.6923076923077
3217,1,0,1,2,9263.0,18494.0,9.0,1261.0,1387.0,1117.0,1208.0,190.0,1365.0,74.0,42,0.2094217451927554,1,38.745071998546294,-9.1643870542765,-0.7071067811865477,0.7071067811865471,65.0,12,1,8.0,1.0,19859.0,10.90095265919928,1157.875,2311.75,1.125,157.625,173.375,139.625,151.0,23.75,170.625,9.25,2482.375
3265,1,3,1,1,23254.0,5230.0,598.0,1519.0,2292.0,1885.0,659.0,1589.0,343.0,581.0,190,0.2749768831105607,1,38.73263840712357,-9.157355939376547,0.49999999999999994,-0.8660254037844387,51.0,17,0,17.0,4.0,5573.0,10.681067789070903,1367.8823529411766,307.6470588235294,35.1764705882353,89.3529411764706,134.8235294117647,110.88235294117646,38.76470588235294,93.47058823529412,20.176470588235293,34.1764705882353,327.8235294117647
3376,2,1,0,2,68762.0,2703.0,188.0,51.0,947.0,1020.0,572.0,1068.0,538.0,323.0,238,1.0,1,38.730391438151635,-9.176039424325738,-0.8660254037844384,-0.5000000000000004,52.0,17,0,5.0,3.0,3241.0,11.282429954110393,13752.4,540.6,37.6,10.2,189.4,204.0,114.4,213.6,107.6,64.6,648.2
3388,1,2,1,4,13005.0,197.0,319.0,1451.0,237.0,676.0,1276.0,2228.0,381.0,326.0,264,0.5102963113371158,1,38.751790746683795,-9.174078054492314,-0.4999999999999998,-0.8660254037844388,76.0,22,0,16.0,3.0,578.0,9.936680519891892,812.8125,12.3125,19.9375,90.6875,14.8125,42.25,79.75,139.25,23.8125,20.375,36.125
3492,1,0,2,5,84560.0,2388.0000000000005,196.0,763.0,741.0,1169.0,1299.0,203.0,209.0,319.0,381,0.2258564598970429,1,38.75120033097283,-9.178246745590236,-0.9659258262890683,0.2588190451025203,49.0,17,1,15.0,1.0,2597.0000000000005,11.45577293346592,5637.333333333333,159.20000000000002,13.066666666666666,50.86666666666667,49.4,77.93333333333334,86.6,13.533333333333333,13.933333333333334,21.266666666666666,173.13333333333335
3528,3,2,1,3,23345.0,4335.0,1385.0,367.0,1446.0,1909.0,1168.0,709.0,2280.0,531.0,432,0.237814494989072,1,38.725670108123154,-9.143623396708396,0.7071067811865476,-0.7071067811865475,80.0,17,0,19.0,5.0,6615.0,10.694010958974793,1228.6842105263158,228.1578947368421,72.89473684210526,19.31578947368421,76.10526315789474,100.47368421052632,61.473684210526315,37.31578947368421,120.0,27.94736842105263,348.1578947368421
3588,6,1,2,5,15230.0,5700.0,498.0,311.0,2366.0,988.0,770.0,774.0,351.0,82.0,266,0.1993087393036559,1,38.72010843494438,-9.166692641101797,0.8660254037844387,-0.49999999999999983,63.0,17,1,18.0,7.0,6051.0,10.407952993149436,846.1111111111111,316.6666666666667,27.666666666666668,17.27777777777778,131.44444444444446,54.888888888888886,42.77777777777778,43.0,19.5,4.555555555555555,336.1666666666667
3635,5,3,2,1,17154.0,4425.0,738.0,287.0,1678.0,1798.0,2316.0,233.0,327.0,296.0,517,0.1460996527661799,1,38.70842372589559,-9.131916514683288,0.25881904510252096,-0.9659258262890682,55.0,22,0,8.0,8.0,4752.0,10.43426285160974,2144.25,553.125,92.25,35.875,209.75,224.75,289.5,29.125,40.875,37.0,594.0
3691,3,2,0,4,32228.0,5672.0,742.0,932.0,1579.8,2375.0,1570.0,1170.0,497.99999999999994,699.0,318,0.1291939303192245,1,38.76493936306307,-9.140718236146856,0.25881904510252096,-0.9659258262890682,58.0,22,1,17.0,5.0,6170.0,10.889990678643658,1895.764705882353,333.6470588235294,43.64705882352941,54.8235294117647,92.92941176470588,139.7058823529412,92.3529411764706,68.82352941176471,29.29411764705882,41.11764705882353,362.94117647058823
3697,3,3,0,8,14710.0,6889.0,1170.0,1036.0,2484.0,2072.0,1573.0,663.0,211.0,425.0,178,0.21360276017040897,1,38.77675831396639,-9.190712741885184,0.8660254037844387,-0.49999999999999983,75.0,22,1,21.0,6.0,7100.0,10.554092509830399,700.4761904761905,328.04761904761904,55.714285714285715,49.333333333333336,118.28571428571429,98.66666666666667,74.9047619047619,31.571428571428573,10.047619047619047,20.238095238095237,338.0952380952381
3720,2,0,0,2,29946.0,5673.0,757.6,549.0,1087.0,1807.0,2644.0,1248.0,484.00000000000006,280.0,153,0.4285573937934076,1,38.77783221116449,-9.121907180559626,0.7071067811865476,-0.7071067811865475,61.0,17,1,20.0,2.0,6157.0,10.832370666524664,1497.3,283.65,37.88,27.45,54.35,90.35,132.2,62.4,24.200000000000003,14.0,307.85
3739,3,0,1,2,41400.0,5985.0,1329.0,608.0,2384.0,1899.0,1515.0,890.0,267.0,878.0,360,0.3226168128472513,1,38.72187530127525,-9.129183734511075,0.25881904510252096,-0.9659258262890682,55.0,17,0,12.0,3.0,6252.0,11.057345315430217,3450.0,498.75,110.75,50.666666666666664,198.66666666666666,158.25,126.25,74.16666666666667,22.25,73.16666666666667,521.0
3742,1,0,1,4,50470.0,5648.0,332.0,741.0,760.0,746.0,843.0,1083.0,2320.0,349.0,524,0.1522106225470756,1,38.78146825495448,-9.154679884129015,-0.5000000000000004,0.8660254037844385,64.0,17,0,19.0,1.0,7968.0,11.174104472179522,2656.315789473684,297.2631578947368,17.473684210526315,39.0,40.0,39.26315789473684,44.36842105263158,57.0,122.10526315789474,18.36842105263158,419.36842105263156
3847,0,3,1,6,46737.0,4404.0,644.0,495.0,2241.0,1377.0,1571.0,416.99999999999994,359.0,296.0,177,0.1545194153424929,1,38.74022051456939,-9.152742770553306,0.49999999999999994,-0.8660254037844387,34.0,22,0,16.0,3.0,4763.0,11.055719593954354,2921.0625,275.25,40.25,30.9375,140.0625,86.0625,98.1875,26.062499999999996,22.4375,18.5,297.6875
3895,1,1,1,5,67759.0,5474.0,208.0,849.0,526.0,575.0,1426.0,1282.0,172.0,792.0,246,0.7695717506054491,1,38.708728061115615,-9.153374408824808,-0.5000000000000004,0.8660254037844385,28.999999999999996,22,1,1.0,2.0,5646.0,11.346988937425596,67759.0,5474.0,208.0,849.0,526.0,575.0,1426.0,1282.0,172.0,792.0,5646.0
3913,0,0,0,1,2048.0,14344.0,353.00000000000006,662.0,270.0,961.0,852.0,434.2,840.0,451.0,59,0.8791407430778797,1,38.73121150591596,-9.16249986737274,0.49999999999999994,-0.8660254037844387,83.0,22,0,6.0,0.0,15184.0,10.502329548115231,341.3333333333333,2390.6666666666665,58.83333333333334,110.33333333333333,45.0,160.16666666666666,142.0,72.36666666666666,140.0,75.16666666666667,2530.6666666666665
4025,1,0,0,5,22035.0,3775.0,7.0,156.0,1022.0,1120.0,273.0,831.0,1999.0,301.0,172,0.7645479393962691,1,38.72976519805661,-9.135507242116852,-0.4999999999999998,-0.8660254037844388,26.0,15,0,5.0,1.0,5774.0,10.526587734784039,4407.0,755.0,1.4,31.2,204.4,224.0,54.6,166.2,399.8,60.2,1154.8
4071,1,1,0,5,25914.0,1395.0,820.0,255.0,495.0,611.0,157.0000000000001,254.0,2209.0,181.0,361,0.4370840715627892,1,38.78116951752257,-9.15730186442567,-0.5000000000000004,0.8660254037844385,74.0,22,0,6.0,2.0,3604.0,10.488381147655819,4319.0,232.5,136.66666666666666,42.5,82.5,101.83333333333333,26.166666666666686,42.333333333333336,368.1666666666667,30.166666666666668,600.6666666666666
4089,0,3,1,6,39821.0,4656.0,1204.0,587.0,954.0,2402.0,1387.0,1027.0,164.0,407.0,331,0.2539377672256174,1,38.76145745757219,-9.12812478998896,0.49999999999999994,-0.8660254037844387,43.0,15,1,10.0,3.0,4820.0,10.958322093858342,3982.1,465.6,120.4,58.7,95.4,240.2,138.7,102.7,16.4,40.7,482.0
4118,2,1,2,2,7793.0,88.0,120.99999999999989,203.99999999999994,680.0,613.0,291.0000000000001,601.0,1775.0,301.0,109,0.7527367583530525,1,38.74827827350483,-9.157429463828883,1.249000902703301e-16,-1.0,33.0,12,1,11.0,3.0,1863.0,9.570180302058072,708.4545454545455,8.0,10.99999999999999,18.54545454545454,61.81818181818182,55.72727272727273,26.454545454545464,54.63636363636363,161.36363636363637,27.363636363636363,169.36363636363637
4122,1,1,0,6,9681.0,76.0,137.0,146.0,128.9999999999999,784.0,255.0,520.0,1809.0,302.0,23,0.9352792483976073,1,38.78145334360738,-9.129627512055372,-0.8660254037844386,0.5000000000000001,40.0,15,1,17.0,2.0,1885.0,9.663007081568642,569.4705882352941,4.470588235294118,8.058823529411764,8.588235294117647,7.5882352941176405,46.11764705882353,15.0,30.58823529411765,106.41176470588235,17.764705882352942,110.88235294117646
4126,0,0,2,1,11463.0,10697.0,26.999999999999886,808.0,805.0,1773.0,369.0,405.0,2897.9999999999995,330.0,84,0.2892951970871588,1,38.76555225548463,-9.190901370686792,-0.7071067811865472,-0.7071067811865479,60.0,12,0,7.0,0.0,13595.0,10.672924252515658,1637.5714285714287,1528.142857142857,3.8571428571428408,115.42857142857143,115.0,253.28571428571428,52.714285714285715,57.857142857142854,413.99999999999994,47.142857142857146,1942.142857142857
4127,1,1,0,1,7021.0,678.0,421.0,132.0,323.0,574.0,787.0,208.0000000000001,1552.0,563.0,175,0.027972474281608706,1,38.73466185874504,-9.165635386565016,1.0,5.551115123125783e-17,38.0,22,0,12.0,2.0,2230.0,9.581214035314728,585.0833333333334,56.5,35.083333333333336,11.0,26.916666666666668,47.833333333333336,65.58333333333333,17.333333333333343,129.33333333333334,46.916666666666664,185.83333333333334
4152,0,0,0,2,4617.0,13366.0,145.0,927.0,833.0,787.0,764.0,142.0000000000001,3373.0,327.4,48,0.24045237044075052,1,38.74873279923826,-9.184261192733176,-0.5000000000000004,0.8660254037844385,28.0,12,1,0.0,0.0,16739.0,10.64593429131185,4617.0,13366.0,145.0,927.0,833.0,787.0,764.0,142.0000000000001,3373.0,327.4,16739.0
4168,1,2,2,2,29233.0,6274.0,696.0,1606.0,2235.0,1593.0,1327.0,1166.0,417.0,737.0,88,0.11578184324949387,1,38.70783282964793,-9.127868858525623,0.25881904510252096,-0.9659258262890682,76.0,17,0,24.0,3.0,6691.0,10.858537352560367,1218.0416666666667,261.4166666666667,29.0,66.91666666666667,93.125,66.375,55.291666666666664,48.583333333333336,17.375,30.708333333333332,278.7916666666667
4249,1,3,0,7,22495.0,2783.0,818.0,664.0,1505.0,2347.0,786.0,1219.0,413.00000000000006,12.0,115,0.2250848319827941,1,38.77224662815996,-9.184145763918496,0.25881904510252096,-0.9659258262890682,62.0,15,0,14.0,4.0,3196.0,10.497891165957215,1606.7857142857142,198.78571428571428,58.42857142857143,47.42857142857143,107.5,167.64285714285714,56.142857142857146,87.07142857142857,29.500000000000004,0.8571428571428571,228.28571428571428
4304,0,2,0,3,15303.0,6285.0,475.0,1458.0,2372.0,1284.0,597.0,1532.0,393.0,50.0,372,0.09184724061340743,0,38.73544339477207,-9.149335413124124,0.49999999999999994,-0.8660254037844387,84.0,17,0,10.0,2.0,6678.0,10.50309298868771,1530.3,628.5,47.5,145.8,237.2,128.4,59.7,153.2,39.3,5.0,667.8
4371,1,2,1,6,31106.0,7257.0,732.0,1791.0,1259.0,1928.0,688.0,1491.0,379.4,249.0,302,0.1977235148078466,1,38.72915372394531,-9.127227879987789,0.7071067811865476,-0.7071067811865475,63.0,22,0,9.0,3.0,7636.4,10.906282532831955,3456.222222222222,806.3333333333334,81.33333333333333,199.0,139.88888888888889,214.22222222222223,76.44444444444444,165.66666666666666,42.15555555555555,27.666666666666668,848.4888888888888
4374,1,6,0,5,20663.0,5517.0,1025.0,1003.0,1703.0,1528.0,596.0,1025.0,538.0,430.0,524,0.2288826296030744,1,38.72749845880473,-9.176396359767535,0.25881904510252096,-0.9659258262890682,59.0,22,0,15.0,7.0,6055.0,10.59873253117822,1377.5333333333333,367.8,68.33333333333333,66.86666666666666,113.53333333333333,101.86666666666666,39.733333333333334,68.33333333333333,35.86666666666667,28.666666666666668,403.6666666666667
4390,5,1,1,3,30529.0,7483.0,689.0,654.0,1722.0,1089.0,2691.0,1308.0,472.0,945.0,253,0.1502831436472087,1,38.71098447422504,-9.185926341199508,1.249000902703301e-16,-1.0,75.0,17,0,19.0,6.0,7955.0,10.92482275012959,1606.7894736842106,393.8421052631579,36.26315789473684,34.421052631578945,90.63157894736842,57.31578947368421,141.6315789473684,68.84210526315789,24.842105263157894,49.73684210526316,418.6842105263158
4393,2,2,2,3,9804.0,875.0,29.0,344.0,654.0,768.0,498.0,169.0,1350.0,292.0,47,1.0,1,38.74777424891837,-9.157510424254076,0.8660254037844387,-0.49999999999999983,32.0,12,0,5.0,4.0,2225.0,9.741497894714092,1960.8,175.0,5.8,68.8,130.8,153.6,99.6,33.8,270.0,58.4,445.0
4504,0,0,1,7,6518.0,180.0,477.0,716.0,136.0000000000001,630.0,1081.0,738.0,1967.0,28.0,294,1.0,1,38.77850761054399,-9.187909602416733,-0.9659258262890683,-0.25881904510252063,28.0,22,0,5.0,0.0,2147.0,9.590077331511615,1303.6,36.0,95.4,143.2,27.200000000000024,126.0,216.2,147.6,393.4,5.6,429.4
4580,1,2,3,3,7811.0,3619.0,66.0,465.0,541.0,1330.0,1140.0,585.0,1972.0,146.0,102,0.1803554578683488,1,38.77257327458626,-9.200412400460266,-1.0,-1.6653345369377348e-16,70.0,15,1,15.0,3.0,5591.0,10.054791326627294,520.7333333333333,241.26666666666668,4.4,31.0,36.06666666666667,88.66666666666667,76.0,39.0,131.46666666666667,9.733333333333333,372.73333333333335
4592,2,3,2,5,45859.0,3791.0,596.0,1304.0,1512.0,1911.0,739.0,816.0,435.0,312.0,406,0.4123630178736165,1,38.77486750119412,-9.134607750677771,0.7071067811865476,-0.7071067811865475,77.0,15,0,12.0,5.0,4226.0,11.026824973591038,3821.5833333333335,315.9166666666667,49.666666666666664,108.66666666666667,126.0,159.25,61.583333333333336,68.0,36.25,26.0,352.1666666666667
4658,2,1,2,2,11186.0,648.0,268.0,174.0,464.0,393.0,295.0,414.0,1680.0,346.0,56,0.6239780381878393,1,38.74719967151625,-9.156933201180214,0.9659258262890684,-0.25881904510252063,28.999999999999996,12,1,5.0,3.0,2328.0,9.809012024313242,2237.2,129.6,53.6,34.8,92.8,78.6,59.0,82.8,336.0,69.2,465.6
4659,0,1,2,2,11383.0,22222.0,4.0,710.0,1005.0,1076.0,1210.0,272.0,1309.0,93.0,127,0.11397876960469461,1,38.75245188921992,-9.146174051718962,-0.5000000000000004,0.8660254037844385,77.0,12,0,7.0,1.0,23531.0,11.047965097076188,1626.142857142857,3174.5714285714284,0.5714285714285714,101.42857142857143,143.57142857142858,153.71428571428572,172.85714285714286,38.857142857142854,187.0,13.285714285714286,3361.5714285714284
4690,0,1,1,3,39460.0,1852.0,150.0,607.0,1042.0,554.0,644.0,1369.0,2329.0,176.0,159,0.554286240766345,1,38.71697307502645,-9.167060421816052,-0.9659258262890683,-0.25881904510252063,79.0,17,1,14.0,1.0,4181.0,10.865993708207245,2818.5714285714284,132.28571428571428,10.714285714285714,43.357142857142854,74.42857142857143,39.57142857142857,46.0,97.78571428571429,166.35714285714286,12.571428571428571,298.64285714285717
4715,1,2,1,3,68593.0,1610.0,114.0,560.0,773.0,820.0,12.0,445.0,242.0,372.0,363,0.6022254033594849,1,38.728322150603944,-9.157161305490492,0.8660254037844387,-0.49999999999999983,35.0,22,0,8.0,3.0,1852.0,11.230482975232924,8574.125,201.25,14.25,70.0,96.625,102.5,1.5,55.625,30.25,46.5,231.5
4744,5,2,1,4,19465.0,4185.0,1328.0,1442.0,1757.0,1606.0,1151.0,857.0,455.0,70.0,530,0.2065905443731669,1,38.70906984772705,-9.194203112046896,0.49999999999999994,-0.8660254037844387,26.0,15,1,9.799999999999955,7.0,4640.0,10.517510353630083,1986.2244897959276,427.0408163265326,135.51020408163328,147.14285714285782,179.28571428571513,163.87755102040893,117.44897959183729,87.44897959183714,46.428571428571644,7.142857142857176,473.46938775510426
4802,0,0,1,2,2062.0,10749.0,337.0,7.0,1239.0,1784.0,373.0,673.0,762.0,340.0,208,0.5002561478245566,1,38.734467511420135,-9.190231945855876,-0.25881904510252157,0.9659258262890681,27.0,17,1,8.0,0.0,11511.0,10.303538027942794,257.75,1343.625,42.125,0.875,154.875,223.0,46.625,84.125,95.25,42.5,1438.875
4943,1,1,1,1,23579.0,7022.0,275.0,438.0,454.0,784.0,916.0,359.0,987.0,596.0,477,0.9399082137515193,1,38.7626389811323,-9.133976388262338,0.25881904510252096,-0.9659258262890682,24.000000000000004,17,1,5.0,2.0,8009.0,10.678675443432283,4715.8,1404.4,55.0,87.6,90.8,156.8,183.2,71.8,197.4,119.2,1601.8
4989,4,3,1,2,14814.0,4784.0,47.0,449.0,858.0,1072.0,799.0,966.0,369.0,455.0,600,0.3652993549697541,1,38.717166826621096,-9.139641130906073,0.8660254037844387,-0.49999999999999983,43.0,17,1,14.0,7.0,5153.0,10.301155676342068,1058.142857142857,341.7142857142857,3.357142857142857,32.07142857142857,61.285714285714285,76.57142857142857,57.07142857142857,69.0,26.357142857142858,32.5,368.07142857142856
5008,4,5,1,3,30036.0,4400.0,1571.0,1909.0,1066.0,1256.0,1705.0,921.0,633.0,320.0,135,0.3213265890399421,1,38.78693264326086,-9.117841681177133,0.49999999999999994,-0.8660254037844387,68.0,15,0,15.0,9.0,5033.0,10.796530128090472,2002.4,293.3333333333333,104.73333333333333,127.26666666666667,71.06666666666666,83.73333333333333,113.66666666666667,61.4,42.2,21.333333333333332,335.53333333333336
5084,1,1,1,3,79573.0,1271.0,294.99999999999994,558.0,982.0,1142.0,436.0,2412.0,302.0,299.0,346,0.807502950152339,1,38.7160655087215,-9.15790147772486,-0.4999999999999998,-0.8660254037844388,39.0,15,0,16.0,2.0,1573.0,11.394637301758399,4973.3125,79.4375,18.437499999999996,34.875,61.375,71.375,27.25,150.75,18.875,18.6875,98.3125
5196,1,1,3,4,8034.0,19587.0,155.0,426.0,1174.0,1301.0,799.0,159.0000000000001,1942.0,480.0,1,0.223410840302282,1,38.7439326381016,-9.173373291915045,-1.0,-1.6653345369377348e-16,27.0,12,1,7.0,2.0,21529.0,10.925704639950524,1147.7142857142858,2798.1428571428573,22.142857142857142,60.857142857142854,167.71428571428572,185.85714285714286,114.14285714285714,22.71428571428573,277.42857142857144,68.57142857142857,3075.5714285714284
5205,1,0,1,1,15612.999999999998,11794.0,198.0,275.0,1430.0,684.0,308.0,30.0,585.0,101.0,212,1.0,1,38.70862435893372,-9.157376005107714,0.8660254037844387,-0.49999999999999983,55.0,17,1,15.0,1.0,12379.0,10.678168636077336,1040.8666666666666,786.2666666666667,13.2,18.333333333333332,95.33333333333333,45.6,20.533333333333335,2.0,39.0,6.733333333333333,825.2666666666667
5279,1,1,1,4,39413.0,7883.0,208.0,1150.0,514.0,1184.0,954.0,2293.0,2030.0,316.0,153,0.3347116688761463,1,38.73247088758888,-9.145994908661104,-0.2588190451025208,-0.9659258262890683,47.0,15,1,13.0,2.0,9913.0,11.095271372092032,3031.769230769231,606.3846153846154,16.0,88.46153846153847,39.53846153846154,91.07692307692308,73.38461538461539,176.3846153846154,156.15384615384616,24.307692307692307,762.5384615384615
5366,0,1,0,1,83934.0,9883.0,805.0,195.99999999999994,1241.0,947.0,945.0,995.0,651.0,211.0,123,0.8463340301766544,1,38.78422050069338,-9.13659643748166,-0.4999999999999998,-0.8660254037844388,66.0,17,1,11.0,1.0,10534.0,11.61134897514632,7630.363636363636,898.4545454545455,73.18181818181819,17.818181818181813,112.81818181818181,86.0909090909091,85.9090909090909,90.45454545454545,59.18181818181818,19.181818181818183,957.6363636363636
5398,2,2,3,3,49762.0,1051.0,204.00000000000006,406.0,530.0,1218.0,1711.0,734.0,121.0,745.0,82,0.5808488413767662,1,38.7652437436675,-9.154060222289605,1.249000902703301e-16,-1.0,79.0,17,0,7.0,4.0,1172.0,10.962232252205217,7108.857142857143,150.14285714285714,29.14285714285715,58.0,75.71428571428571,174.0,244.42857142857142,104.85714285714286,17.285714285714285,106.42857142857143,167.42857142857142
5405,1,1,0,1,50929.0,2899.0,556.0,290.0,449.0,738.0,79.99999999999989,836.0,513.0,658.0,51,0.7101696474062084,1,38.729762958486994,-9.180596313839086,-0.2588190451025208,-0.9659258262890683,71.0,22,0,5.0,2.0,3412.0,11.024529733170398,10185.8,579.8,111.2,58.0,89.8,147.6,15.999999999999977,167.2,102.6,131.6,682.4
5465,0,3,0,6,31619.0,3765.0,465.0,977.0,1588.0,2101.8,1557.0,1100.0,325.0,130.0,512,0.1933051447295828,1,38.739456962387735,-9.125719833293264,1.249000902703301e-16,-1.0,49.0,15,1,13.0,3.0,4090.0,10.773080729206649,2432.230769230769,289.61538461538464,35.76923076923077,75.15384615384616,122.15384615384616,161.6769230769231,119.76923076923077,84.61538461538461,25.0,10.0,314.61538461538464
5608,1,0,1,3,13943.0,3015.0,397.0,1847.0,1092.0,1048.0,2068.0,898.0,460.0,579.0,417,0.3111500187582253,1,38.77999315926304,-9.127649376018905,-0.8660254037844384,-0.5000000000000004,63.0,22,0,20.0,1.0,3475.0,10.268928958514973,697.15,150.75,19.85,92.35,54.6,52.4,103.4,44.9,23.0,28.95,173.75
5630,3,1,1,3,7907.0,785.0,1699.0,691.0,356.0,155.0,60.0,1448.0,1975.0,510.0,110,0.06215729504916018,1,38.78749973309626,-9.192043957449402,0.8660254037844387,-0.49999999999999983,36.0,17,1,5.0,4.0,2760.0,9.81722135237872,1581.4,157.0,339.8,138.2,71.2,31.0,12.0,289.6,395.0,102.0,552.0
5637,0,0,0,2,26728.0,10747.0,555.0,734.0,145.0,865.0,982.0,871.0,605.0,290.0,69,1.0,1,38.77762117893767,-9.152510080077407,-0.5000000000000004,0.8660254037844385,27.0,15,0,5.0,0.0,11352.0,10.894421827406049,5345.6,2149.4,111.0,146.8,29.0,173.0,196.4,174.2,121.0,58.0,2270.4
5664,1,1,1,1,7395.0,2554.0000000000005,2181.0,468.0,556.0,61.0,98.0,1443.0,1921.0,211.0,57,0.1371751877141045,1,38.721230768728475,-9.161325814440504,-0.2588190451025208,-0.9659258262890683,71.0,15,1,18.0,2.0,4475.0,9.969462541459661,410.8333333333333,141.8888888888889,121.16666666666667,26.0,30.88888888888889,3.388888888888889,5.444444444444445,80.16666666666667,106.72222222222223,11.722222222222221,248.61111111111111
5679,2,1,0,6,30778.0,4885.0,1111.0,1462.0,2418.0,1849.0,1043.0,954.0,568.0,623.0,121,0.2284832935045736,1,38.71974031166077,-9.149445154239118,0.49999999999999994,-0.8660254037844387,39.0,17,0,14.0,3.0,5453.0,10.842420014891108,2198.4285714285716,348.92857142857144,79.35714285714286,104.42857142857143,172.71428571428572,132.07142857142858,74.5,68.14285714285714,40.57142857142857,44.5,389.5
5757,1,2,1,1,15666.0,4683.0,262.0,700.0,1348.0,1851.0,1185.0,281.0,2212.0,549.0,304,0.041250998977582276,1,38.746638008063584,-9.167621887971064,0.25881904510252096,-0.9659258262890682,38.0,22,1,16.0,3.0,6895.0,10.481027453764323,979.125,292.6875,16.375,43.75,84.25,115.6875,74.0625,17.5625,138.25,34.3125,430.9375
5902,0,0,1,5,30946.0,1277.0,234.0,593.0,584.0,992.0,1432.0,1819.0,1835.0,243.0,82,0.565525475730252,1,38.716885747709206,-9.185583374788912,-0.9659258262890683,0.2588190451025203,32.0,17,1,12.0,0.0,3112.0,10.670535540935608,2578.8333333333335,106.41666666666667,19.5,49.416666666666664,48.666666666666664,82.66666666666667,119.33333333333333,151.58333333333334,152.91666666666666,20.25,259.3333333333333
5911,0,1,1,1,8971.0,14977.0,73.99999999999989,1519.0,946.0,1362.0,1224.0,48.000000000000114,1516.0,297.0,112,0.2191028928907564,1,38.71992465889016,-9.202495269612104,-0.5000000000000004,0.8660254037844385,71.0,12,0,8.0,1.0,16493.0,10.766968050577962,1121.375,1872.125,9.249999999999986,189.875,118.25,170.25,153.0,6.000000000000014,189.5,37.125,2061.625
5915,3,5,0,5,33702.0,4285.0,481.0,1205.0,2546.0,1141.0,477.0,637.0,228.0,103.0,332,0.1692583704906902,1,38.72597242785854,-9.143705424531818,0.8660254037844387,-0.49999999999999983,62.0,22,1,6.0,8.0,4513.0,10.806064681322521,5617.0,714.1666666666666,80.16666666666667,200.83333333333334,424.3333333333333,190.16666666666666,79.5,106.16666666666667,38.0,17.166666666666668,752.1666666666666
5944,3,5,0,4,18368.0,4218.0,525.0,1263.0,1359.0,1160.0,2745.0,908.0,341.0,356.0,206,0.199061632470489,1,38.71201114103766,-9.192392387730711,1.249000902703301e-16,-1.0,83.0,22,0,6.0,8.0,4559.0,10.485786967760543,3061.3333333333335,703.0,87.5,210.5,226.5,193.33333333333334,457.5,151.33333333333334,56.833333333333336,59.333333333333336,759.8333333333334
5963,1,1,2,5,90759.0,4886.0,237.0,794.0,1115.0,846.0,1449.0,1326.0,404.0,297.0,291,0.511424554937788,1,38.71141446540749,-9.161105455976491,-0.8660254037844386,0.5000000000000001,63.0,15,1,19.0,2.0,5290.0,11.584352704311222,4776.789473684211,257.1578947368421,12.473684210526315,41.78947368421053,58.68421052631579,44.526315789473685,76.26315789473684,69.78947368421052,21.263157894736842,15.631578947368421,278.42105263157896
6018,2,1,0,5,7582.0,3420.0,350.0,91.0,477.0,190.0,478.0,380.0,1842.0,381.0,419,0.7446602564374034,1,38.77403481702824,-9.232069399836345,0.49999999999999994,-0.8660254037844387,34.0,17,0,17.0,3.0,5262.0,9.925933741365958,446.0,201.1764705882353,20.58823529411765,5.352941176470588,28.058823529411764,11.176470588235293,28.11764705882353,22.352941176470587,108.3529411764706,22.41176470588235,309.52941176470586
6086,1,1,0,3,4781.0,597.0,245.0,59.0,50.0,897.0,299.0,391.0,2026.0,266.0,29,0.811198480898205,1,38.74335969979798,-9.17571393550894,-0.9659258262890683,-0.25881904510252063,83.0,22,0,12.0,2.0,2623.0,9.412055975876772,398.4166666666667,49.75,20.416666666666668,4.916666666666667,4.166666666666667,74.75,24.916666666666668,32.583333333333336,168.83333333333334,22.166666666666668,218.58333333333334
6140,1,1,4,5,10806.0,482.0,1230.0,1500.0,34.0,143.9999999999999,102.0,1562.0,935.0,431.0,148,0.1181588346008281,1,38.75835812144357,-9.077928695863555,0.8660254037844387,-0.49999999999999983,55.0,15,0,8.0,2.0,1417.0,9.833279657492632,1350.75,60.25,153.75,187.5,4.25,17.999999999999986,12.75,195.25,116.875,53.875,177.125
6163,1,0,1,5,24740.0,4432.0,338.0,506.0,1592.0,1735.0,1180.0,926.0,1306.0,415.0,510,0.9866821978921556,1,38.7207872791506,-9.13844552694125,-0.25881904510252157,0.9659258262890681,69.0,17,1,12.0,1.0,5738.0,10.66683687312301,2061.6666666666665,369.3333333333333,28.166666666666668,42.166666666666664,132.66666666666666,144.58333333333334,98.33333333333333,77.16666666666667,108.83333333333333,34.583333333333336,478.1666666666667
6221,3,1,2,2,12701.0,215.0000000000009,297.0,241.00000000000006,820.0,299.0,20.0,562.0,96.00000000000011,864.0,35,1.0,1,38.7476630028822,-9.155803076935618,0.25881904510252096,-0.9659258262890682,31.0,12,1,5.0,4.0,311.000000000001,9.7066816015412,2540.2,43.000000000000185,59.4,48.20000000000001,164.0,59.8,4.0,112.4,19.200000000000024,172.8,62.2000000000002
6230,1,1,0,1,12299.0,1856.0,2174.0,376.0,355.0,64.0,0.0,887.0,1838.0,197.0,103,0.003760123304342722,1,38.775917852720674,-9.14423260100762,0.49999999999999994,-0.8660254037844387,84.0,22,1,14.0,2.0,3694.0,10.074958790275668,878.5,132.57142857142858,155.28571428571428,26.857142857142858,25.357142857142858,4.571428571428571,0.0,63.357142857142854,131.28571428571428,14.071428571428571,263.85714285714283
6251,0,0,3,1,18460.0,2426.0,135.0,816.0,648.0,607.0,1206.0,1177.0,786.0,465.0,600,0.7014163944089779,1,38.76122817616611,-9.188283724564767,-0.9659258262890683,-0.25881904510252063,70.0,17,0,5.0,0.0,3212.0,10.306917257282223,3692.0,485.2,27.0,163.2,129.6,121.4,241.2,235.4,157.2,93.0,642.4
6254,0,0,0,1,8110.0,5310.0,165.0,283.99999999999994,1085.0,1397.0,452.0,309.0,2691.9999999999995,330.0,185,0.3055521514870623,1,38.75084716537389,-9.179564996445476,-0.8660254037844386,0.5000000000000001,26.0,12,0,9.599999999999909,0.0,8002.0,10.244840715177048,844.7916666666747,553.1250000000052,17.187500000000163,29.58333333333361,113.02083333333441,145.5208333333347,47.083333333333776,32.187500000000306,280.4166666666693,34.37500000000033,833.5416666666746
6257,5,1,1,5,26870.0,3489.0,1100.0,533.0,1588.0,2434.0,573.0,1389.0,444.0,669.0,162,0.2379115418584385,1,38.74357180140576,-9.123959999339212,0.7071067811865476,-0.7071067811865475,46.0,15,1,10.0,6.0,3933.0,10.669490135397321,2687.0,348.9,110.0,53.3,158.8,243.4,57.3,138.9,44.4,66.9,393.3
6283,7,4,0,5,23307.0,5401.0,943.0,513.0,2417.0,1277.0,1728.0,903.0,396.0,711.0,281,0.2455093563767479,1,38.731448872262014,-9.119725625076413,0.9659258262890684,-0.25881904510252063,77.0,15,0,14.0,11.0,5797.0,10.678076461683316,1664.7857142857142,385.7857142857143,67.35714285714286,36.642857142857146,172.64285714285714,91.21428571428571,123.42857142857143,64.5,28.285714285714285,50.785714285714285,414.07142857142856
6333,4,4,2,1,16805.0,5524.0,605.0,1482.0,1871.0,1379.0,1776.0,617.0,235.0,349.4,259,0.04331679737670652,1,38.78701628696289,-9.183818836631634,0.7071067811865476,-0.7071067811865475,25.0,17,0,10.400000000000091,8.0,5759.0,10.502417455856115,1615.8653846153704,531.1538461538415,58.173076923076415,142.49999999999875,179.90384615384457,132.59615384615267,170.76923076922927,59.32692307692256,22.596153846153648,33.59615384615355,553.7499999999951
6370,2,0,0,1,65020.0,17109.0,559.0,1405.0,368.0,1416.0,926.0,38.0,524.0,391.0,363,0.3101077824001378,1,38.78265912858348,-9.144959061158517,-0.7071067811865472,-0.7071067811865479,69.0,15,0,10.0,2.0,17633.0,11.565423033927983,6502.0,1710.9,55.9,140.5,36.8,141.6,92.6,3.8,52.4,39.1,1763.3
6434,1,0,0,2,100166.0,3145.0,952.0,12.0,291.0,934.0,1190.0,85.0,637.0,261.0,527,0.2990422666771443,1,38.73275312112673,-9.160589876587348,-0.8660254037844384,-0.5000000000000004,26.0,22,0,10.200000000000045,1.0,3782.0,11.621385173165727,9820.196078431329,308.33333333333195,93.33333333333292,1.1764705882352888,28.529411764705756,91.56862745097999,116.66666666666615,8.333333333333297,62.45098039215659,25.58823529411753,370.7843137254885
6435,0,0,1,3,7958.0,503.0,376.0,153.0,105.0,648.0,148.0,179.0,185.0,1048.0,29,0.8601331305161632,1,38.740639540795975,-9.166568802646909,-0.8660254037844384,-0.5000000000000004,38.0,17,1,16.0,0.0,688.0,9.391995039782433,497.375,31.4375,23.5,9.5625,6.5625,40.5,9.25,11.1875,11.5625,65.5,43.0
6448,2,1,2,4,27293.0,3975.0,862.0,750.0,1611.0,834.0,2857.0,977.0,511.0,147.0,244,0.07637505261020078,1,38.73191083833792,-9.123619243546724,-0.4999999999999998,-0.8660254037844388,43.0,22,1,18.0,3.0,4486.0,10.698830245410743,1516.2777777777778,220.83333333333334,47.888888888888886,41.666666666666664,89.5,46.333333333333336,158.72222222222223,54.27777777777778,28.38888888888889,8.166666666666666,249.22222222222223
6454,1,0,1,1,7166.0,32069.000000000004,108.0,178.0,751.0,864.0,1948.0,1196.0,390.0,63.0,233,0.2576363200371768,1,38.76776087307472,-9.132430737860734,1.249000902703301e-16,-1.0,71.0,15,0,9.0,1.0,32459.000000000004,11.254064058326641,796.2222222222222,3563.2222222222226,12.0,19.77777777777778,83.44444444444444,96.0,216.44444444444446,132.88888888888889,43.333333333333336,7.0,3606.555555555556
6469,6,2,0,2,17886.0,4953.0,723.0,905.0,2208.0,1418.0,2642.0,1067.0,349.0,643.0,544,0.2881475130843615,1,38.740795856712936,-9.173427234937938,-0.2588190451025208,-0.9659258262890683,42.0,15,1,9.0,8.0,5302.0,10.547890817857143,1987.3333333333333,550.3333333333334,80.33333333333333,100.55555555555556,245.33333333333334,157.55555555555554,293.55555555555554,118.55555555555556,38.77777777777778,71.44444444444444,589.1111111111111
6538,5,4,0,6,26053.0,5537.0,1104.0,1359.0,1620.0,2375.0,1224.0,676.0,339.0,174.0,405,0.3405039681305422,1,38.72053809869361,-9.19133087148096,0.49999999999999994,-0.8660254037844387,79.0,17,1,8.0,9.0,5876.0,10.74371763779732,3256.625,692.125,138.0,169.875,202.5,296.875,153.0,84.5,42.375,21.75,734.5
6553,1,0,0,5,46506.0,1155.0,312.0,842.0,670.0,1968.0,2067.0,317.0,433.0,141.0,428,0.5072688696712045,1,38.73597002023863,-9.12725708924238,0.8660254037844387,-0.49999999999999983,58.0,15,1,13.0,1.0,1588.0,10.933106969717286,3577.3846153846152,88.84615384615384,24.0,64.76923076923077,51.53846153846154,151.3846153846154,159.0,24.384615384615383,33.30769230769231,10.846153846153847,122.15384615384616
6567,0,0,0,1,20190.0,1442.0,1318.0,354.0,5.0,955.0,832.0,1306.0,2203.0,458.0,175,0.10798080146064298,1,38.766278837024366,-9.171237187378894,0.9659258262890684,-0.25881904510252063,36.0,22,1,9.0,0.0,3645.0,10.395405548374491,2243.3333333333335,160.22222222222223,146.44444444444446,39.333333333333336,0.5555555555555556,106.11111111111111,92.44444444444444,145.11111111111111,244.77777777777777,50.888888888888886,405.0
6577,0,1,2,1,452.99999999999636,21470.0,180.79999999999995,670.0,1642.0,1417.0,841.0,742.0,1487.0,416.0,160,0.162894138039619,1,38.76592780221733,-9.173402851050994,-0.25881904510252157,0.9659258262890681,38.0,12,1,9.0,1.0,22957.0,10.864307956989531,50.33333333333293,2385.5555555555557,20.088888888888885,74.44444444444444,182.44444444444446,157.44444444444446,93.44444444444444,82.44444444444444,165.22222222222223,46.22222222222222,2550.777777777778
6581,1,0,1,1,26726.0,11893.0,148.0,217.0,77.0,920.0,1014.0,416.0,552.0,197.0,84,0.8368395562312088,1,38.72560134139633,-9.13854138475757,-0.4999999999999998,-0.8660254037844388,67.0,22,0,5.0,1.0,12445.0,10.907899045805411,5345.2,2378.6,29.6,43.4,15.4,184.0,202.8,83.2,110.4,39.4,2489.0
6656,1,2,2,3,46102.0,1948.0,287.0,1185.0,35.0,1234.0,783.0,1238.0,213.0,583.0,338,0.2428086211318571,1,38.76888276784154,-9.15224248166242,1.0,5.551115123125783e-17,64.0,22,1,17.0,3.0,2161.0,10.9289913693836,2711.8823529411766,114.58823529411765,16.88235294117647,69.70588235294117,2.0588235294117645,72.58823529411765,46.05882352941177,72.82352941176471,12.529411764705882,34.294117647058826,127.11764705882354
6670,3,1,3,3,18972.0,3476.0,1182.0,795.0,1629.0,1501.0,642.0,838.0,321.0,914.0,243,0.2155604495451199,1,38.74719502275043,-9.121510005958491,0.25881904510252096,-0.9659258262890682,54.0,15,1,24.0,4.0,3797.0,10.436113806260972,790.5,144.83333333333334,49.25,33.125,67.875,62.541666666666664,26.75,34.916666666666664,13.375,38.083333333333336,158.20833333333334
6695,0,0,2,1,13984.0,16904.0,102.0,1102.0,649.0,1156.0,1041.0,157.0000000000001,1818.0,35.0,88,0.3478435153158369,1,38.77746091615344,-9.201812347423012,-0.7071067811865477,0.7071067811865471,70.0,12,1,7.0,0.0,18722.0,10.927214644012448,1997.7142857142858,2414.8571428571427,14.571428571428571,157.42857142857142,92.71428571428571,165.14285714285714,148.71428571428572,22.428571428571445,259.7142857142857,5.0,2674.5714285714284
6739,2,3,1,3,13551.0,4124.0,298.0,762.0,2377.0,1599.0,1820.0,1033.0,1876.0,343.0,413,0.0896921693166654,1,38.72269744827893,-9.118454149710992,0.8660254037844387,-0.49999999999999983,35.0,15,0,12.0,5.0,6000.0,10.42774259661378,1129.25,343.6666666666667,24.833333333333332,63.5,198.08333333333334,133.25,151.66666666666666,86.08333333333333,156.33333333333334,28.583333333333332,500.0
6777,1,1,2,5,41604.0,2596.0,364.0,1039.0,947.0,890.0,1405.0,2364.0,2164.0,455.0,345,0.2811512712181245,1,38.76597329755554,-9.177379100909434,-0.9659258262890683,0.2588190451025203,84.0,22,1,10.0,2.0,4760.0,10.978302244634175,4160.4,259.6,36.4,103.9,94.7,89.0,140.5,236.4,216.4,45.5,476.0
6787,6,5,2,6,10152.0,5247.0,368.0,685.0,1805.0,499.0,2366.0,1409.0,487.0,550.0,231,0.2338883947922539,1,38.76102880765004,-9.160965349008402,-0.2588190451025208,-0.9659258262890683,44.0,17,0,7.0,11.0,5734.0,10.285445178842252,1450.2857142857142,749.5714285714286,52.57142857142857,97.85714285714286,257.85714285714283,71.28571428571429,338.0,201.28571428571428,69.57142857142857,78.57142857142857,819.1428571428571
6858,4,3,0,3,27908.0,3935.0,918.0,802.0,2039.0,1223.0,1293.0,975.0,2000.0,640.0,299,0.2716695276754327,1,38.74410970846579,-9.172879641689274,-0.7071067811865472,-0.7071067811865479,73.0,15,1,18.0,7.0,5935.0,10.772036570424822,1550.4444444444443,218.61111111111111,51.0,44.55555555555556,113.27777777777777,67.94444444444444,71.83333333333333,54.166666666666664,111.11111111111111,35.55555555555556,329.72222222222223
6871,1,1,0,3,61537.0,2032.0,296.0,964.0,725.0,1299.0,1420.0,2713.0,1367.0,262.0,434,0.3480358502703455,1,38.78316364255181,-9.168393431806646,0.8660254037844387,-0.49999999999999983,69.0,22,1,10.0,2.0,3399.0,11.238685968214936,6153.7,203.2,29.6,96.4,72.5,129.9,142.0,271.3,136.7,26.2,339.9
6945,2,2,0,3,2083.0000000000036,861.0,1398.0,569.0,63.0,87.0,200.0,1699.0,1661.0,526.0,187,0.08016780485788921,1,38.77457585873059,-9.069537245820095,0.9659258262890684,-0.25881904510252063,42.0,22,0,11.0,4.0,2522.0,9.364776725280603,189.3636363636367,78.27272727272727,127.0909090909091,51.72727272727273,5.7272727272727275,7.909090909090909,18.181818181818183,154.45454545454547,151.0,47.81818181818182,229.27272727272728
6962,1,2,3,6,35131.0,3357.0,870.0,737.0,1586.0,2423.0,157.0000000000001,1407.0,421.0,84.0,267,0.06879360537955931,1,38.768372540566446,-9.147232151087966,0.25881904510252096,-0.9659258262890682,63.0,22,0,11.0,3.0,3778.0,10.81881782331516,3193.7272727272725,305.1818181818182,79.0909090909091,67.0,144.1818181818182,220.27272727272728,14.272727272727282,127.9090909090909,38.27272727272727,7.636363636363637,343.45454545454544
6973,0,4,0,4,19929.0,5715.0,442.0,870.0,2881.0,1391.0,1465.0,1176.0,391.0,394.0,241,0.2656216884871673,1,38.74816397538939,-9.131305034449907,0.8660254037844387,-0.49999999999999983,37.0,22,0,5.0,4.0,6106.0,10.615481020892434,3985.8,1143.0,88.4,174.0,576.2,278.2,293.0,235.2,78.2,78.8,1221.2
6996,1,5,0,6,17098.0,3703.0,1986.0,969.0,303.0,2398.0,1066.0,1040.0,275.0,733.0,304,0.1579628809352317,1,38.74681139377049,-9.19598400908614,0.7071067811865476,-0.7071067811865475,38.0,17,1,15.0,6.0,3978.0,10.420792142399828,1139.8666666666666,246.86666666666667,132.4,64.6,20.2,159.86666666666667,71.06666666666666,69.33333333333333,18.333333333333332,48.86666666666667,265.2
7066,0,1,0,2,11329.0,25916.0,816.0,347.0,817.0,860.0,111.99999999999989,825.0,816.0,157.0,306,1.0,1,38.76388306724661,-9.172899435131388,-0.7071067811865477,0.7071067811865471,30.0,22,0,5.0,1.0,26732.0,11.137911964317892,2265.8,5183.2,163.2,69.4,163.4,172.0,22.399999999999977,165.0,163.2,31.4,5346.4
7193,1,2,0,5,14339.0,5456.0,2079.0,550.0,1844.0,1961.0,2976.0,1207.0,422.00000000000006,721.0,366,0.270701068418846,1,38.74362041440481,-9.138497735695625,0.8660254037844387,-0.49999999999999983,36.0,15,0,8.0,3.0,5878.0,10.530334661338841,1792.375,682.0,259.875,68.75,230.5,245.125,372.0,150.875,52.75000000000001,90.125,734.75
7196,3,0,0,1,12210.0,1327.0,2230.0,700.0,170.0,303.0,137.0,1791.0,1341.0,194.0,130,0.08143868643772312,1,38.7470957937423,-9.154517176991634,0.49999999999999994,-0.8660254037844387,78.0,22,1,8.0,3.0,2668.0,10.046375040084676,1526.25,165.875,278.75,87.5,21.25,37.875,17.125,223.875,167.625,24.25,333.5
7208,0,0,0,1,55853.0,8041.0,513.0,631.0,1214.0,407.0,1520.0,993.0,640.0,280.0,241,1.0,1,38.746976314326474,-9.14041798391418,-0.8660254037844386,0.5000000000000001,24.000000000000004,17,0,7.599999999999909,0.0,8681.0,11.274338272162165,7349.078947368509,1058.0263157894863,67.50000000000081,83.02631578947468,159.73684210526508,53.55263157894801,200.0000000000024,130.65789473684367,84.21052631579047,36.84210526315834,1142.2368421052768
7247,0,0,0,2,50411.0,6025.0,184.0,654.0,639.0,1207.0,489.0,25.0,339.0,286.0,37,0.8461774992287938,1,38.76069281182525,-9.14174234039655,0.25881904510252096,-0.9659258262890682,38.0,17,1,8.0,0.0,6364.0,11.10682015197464,6301.375,753.125,23.0,81.75,79.875,150.875,61.125,3.125,42.375,35.75,795.5
7263,3,0,2,1,10618.0,12655.0,274.0,516.0,1330.0,1308.0,1478.0,23.0,1357.0,442.0,124,0.034523624398988484,1,38.77011936536559,-9.193421185024512,-0.9659258262890683,0.2588190451025203,37.0,12,0,6.0,3.0,14012.0,10.692263044109481,1769.6666666666667,2109.1666666666665,45.666666666666664,86.0,221.66666666666666,218.0,246.33333333333334,3.8333333333333335,226.16666666666666,73.66666666666667,2335.3333333333335
7336,0,1,2,4,11411.0,57.0,589.0,218.99999999999994,176.0,999.0,395.0,302.0,1753.0,259.0,17,0.8119094144396312,1,38.74596488911917,-9.136350406319728,-0.9659258262890683,-0.25881904510252063,84.0,22,1,5.0,1.0,1810.0,9.796514626532023,2282.2,11.4,117.8,43.79999999999999,35.2,199.8,79.0,60.4,350.6,51.8,362.0
7371,1,2,0,4,11629.0,7429.0,401.0,814.0,1780.0,2348.0,958.0,584.0,435.0,399.0,394,0.3162199861084861,0,38.72326665538926,-9.12675598357904,0.7071067811865476,-0.7071067811865475,84.0,22,0,16.0,3.0,7864.0,10.452822097730225,726.8125,464.3125,25.0625,50.875,111.25,146.75,59.875,36.5,27.1875,24.9375,491.5
7482,6,1,0,6,18639.0,5338.0,655.0,1039.0,2442.0,1916.0,654.0,1307.0,338.0,342.0,580,0.1842948081939334,1,38.74693653138987,-9.130907771162873,0.7071067811865476,-0.7071067811865475,60.0,17,0,16.0,7.0,5676.0,10.554431576877635,1164.9375,333.625,40.9375,64.9375,152.625,119.75,40.875,81.6875,21.125,21.375,354.75
7494,0,0,1,2,38191.0,13707.0,12.0,241.00000000000006,550.0,282.0,513.0,318.0,356.0,353.0,451,0.6913150576543707,1,38.729985280798296,-9.159294277699203,0.8660254037844387,-0.49999999999999983,66.0,17,0,10.0,0.0,14063.0,11.135858291382576,3819.1,1370.7,1.2,24.100000000000005,55.0,28.2,51.3,31.8,35.6,35.3,1406.3
7509,2,0,0,1,6417.0,15851.0,198.0,545.0,1223.0,906.0,2361.0,154.9999999999999,1711.0,515.0,15,0.2318759875782787,1,38.747460384751164,-9.180934362723518,-0.8660254037844386,0.5000000000000001,39.0,12,0,11.0,2.0,17562.0,10.767326424407859,583.3636363636364,1441.0,18.0,49.54545454545455,111.18181818181819,82.36363636363636,214.63636363636363,14.090909090909081,155.54545454545453,46.81818181818182,1596.5454545454545
7586,0,1,1,1,6297.0,11673.0,250.0,628.0,1040.0,194.0,337.0,236.0,1551.0,999.0,122,0.256247908785799,1,38.737903088504545,-9.175701067831625,-0.7071067811865477,0.7071067811865471,57.0,12,1,12.0,1.0,13224.0,10.503147890002609,524.75,972.75,20.833333333333332,52.333333333333336,86.66666666666667,16.166666666666668,28.083333333333332,19.666666666666668,129.25,83.25,1102.0
7692,1,2,1,3,12932.0,143.0,2050.0,671.0,226.0,307.0,157.0000000000001,1640.0,1650.0,360.0,181,0.178585828540818,1,38.757876512847936,-9.167998026862126,1.0,5.551115123125783e-17,32.0,15,1,9.0,3.0,1793.0,9.995610841411933,1436.888888888889,15.88888888888889,227.77777777777777,74.55555555555556,25.11111111111111,34.111111111111114,17.444444444444457,182.22222222222223,183.33333333333334,40.0,199.22222222222223
7730,3,3,0,5,36510.0,4246.0,685.0,1580.0,1545.0,2030.0,1929.0,1896.0,474.0,515.0,426,0.2454111176360028,1,38.71376062764305,-9.122248779220271,0.25881904510252096,-0.9659258262890682,57.0,15,1,12.0,6.0,4720.0,10.93544352356233,3042.5,353.8333333333333,57.083333333333336,131.66666666666666,128.75,169.16666666666666,160.75,158.0,39.5,42.916666666666664,393.3333333333333
7820,1,0,1,1,6295.0,7971.0,52.0,1508.0,1083.0,1194.0,250.0,100.0,1615.0,285.0,191,0.4704324818523259,1,38.77709323972813,-9.2011056111348,-0.9659258262890683,0.2588190451025203,74.0,12,1,6.0,1.0,9586.0,10.30695065797362,1049.1666666666667,1328.5,8.666666666666666,251.33333333333334,180.5,199.0,41.666666666666664,16.666666666666668,269.1666666666667,47.5,1597.6666666666667
7908,0,0,0,2,15866.0,12066.0,1179.0,64.0,307.0,808.0,15.0,1338.0,322.0,61.0,342,0.5248451925322649,1,38.717365357315664,-9.184138619249593,-0.7071067811865472,-0.7071067811865479,72.0,22,1,6.0,0.0,12388.0,10.701332529203802,2644.3333333333335,2011.0,196.5,10.666666666666666,51.166666666666664,134.66666666666666,2.5,223.0,53.666666666666664,10.166666666666666,2064.6666666666665
7944,4,4,1,2,19643.0,4328.0,576.0,597.0,1781.0,1586.0,780.0,911.0,1652.0,32.0,518,0.4675844578927951,1,38.752539885858525,-9.14065111788881,0.8660254037844387,-0.49999999999999983,68.0,15,0,9.0,8.0,5980.0,10.541835299379235,2182.5555555555557,480.8888888888889,64.0,66.33333333333333,197.88888888888889,176.22222222222223,86.66666666666667,101.22222222222223,183.55555555555554,3.5555555555555554,664.4444444444445
7992,6,2,1,1,28675.0,5294.0,812.0,1269.0,1000.0,2502.0,384.0,663.0,166.0,355.0,105,0.22799788532492163,1,38.74812492294695,-9.144900839531756,0.7071067811865476,-0.7071067811865475,75.0,22,1,22.0,8.0,5460.0,10.74894801164928,1303.409090909091,240.63636363636363,36.90909090909091,57.68181818181818,45.45454545454545,113.72727272727273,17.454545454545453,30.136363636363637,7.545454545454546,16.136363636363637,248.1818181818182
8015,1,1,1,4,13248.0,1131.0,351.0,155.0,144.0,477.0,420.0,1154.0,1981.0,161.99999999999997,63,0.9715617670809908,1,38.78564683556205,-9.117403000100945,-0.4999999999999998,-0.8660254037844388,60.0,22,1,5.0,2.0,3112.0,10.0139550055621,2649.6,226.2,70.2,31.0,28.8,95.4,84.0,230.8,396.2,32.39999999999999,622.4
8061,0,0,0,1,7301.0,3618.0,17.0,851.0,866.0,915.0,433.0,128.0,3688.0,298.0,99,0.3814359030276285,1,38.76745267969961,-9.186920560018716,-0.8660254037844386,0.5000000000000001,71.0,12,1,11.0,0.0,7306.0,10.143370219854614,663.7272727272727,328.90909090909093,1.5454545454545454,77.36363636363636,78.72727272727273,83.18181818181819,39.36363636363637,11.636363636363637,335.27272727272725,27.09090909090909,664.1818181818181
8087,1,1,2,4,83318.0,2676.0,334.0,628.0,698.0,1097.0,1477.0,1301.0,474.99999999999994,325.0,424,0.3759492336529753,1,38.74992444542435,-9.119227373895685,-0.9659258262890683,0.2588190451025203,82.0,15,0,11.0,2.0,3151.0,11.466682553795492,7574.363636363636,243.27272727272728,30.363636363636363,57.09090909090909,63.45454545454545,99.72727272727273,134.27272727272728,118.27272727272727,43.18181818181818,29.545454545454547,286.45454545454544
8165,1,3,1,4,54490.0,2796.0,908.0,1560.0,2119.0,1138.0,969.0,1113.0,391.0,522.0,50,0.1393442574170313,1,38.75804713966553,-9.14358406787109,1.249000902703301e-16,-1.0,83.0,15,1,12.0,4.0,3187.0,11.144669432644335,4540.833333333333,233.0,75.66666666666667,130.0,176.58333333333334,94.83333333333333,80.75,92.75,32.583333333333336,43.5,265.5833333333333
8168,0,0,2,2,11291.0,10271.0,91.0,419.0,2002.0,1187.0,1523.0,430.0,1231.0,4.0,218,0.2005594952696479,1,38.72929537920909,-9.159298588992424,0.8660254037844387,-0.49999999999999983,67.0,12,0,10.0,0.0,11502.0,10.595434012519554,1129.1,1027.1,9.1,41.9,200.2,118.7,152.3,43.0,123.1,0.4,1150.2
8187,1,0,1,1,45746.0,114.0,718.0,396.0,207.0000000000001,542.0,2069.0,796.0,640.0,265.0,45,0.7238214346389057,1,38.70875386080604,-9.135653512249988,-0.7071067811865472,-0.7071067811865479,52.0,15,0,5.0,1.0,754.0,10.863756891582494,9149.2,22.8,143.6,79.2,41.40000000000002,108.4,413.8,159.2,128.0,53.0,150.8
8220,1,0,2,1,59380.0,9310.0,13.0,781.0,254.9999999999999,928.0,1464.0,673.0,662.0,295.0,363,0.5269213297533858,1,38.73976919756659,-9.195930114351093,-0.4999999999999998,-0.8660254037844388,31.0,17,1,5.0,1.0,9972.0,11.335400386659815,11876.0,1862.0,2.6,156.2,50.99999999999998,185.6,292.8,134.6,132.4,59.0,1994.4
8271,1,0,1,4,35373.0,3605.0,265.0,892.0,1095.0,971.0,680.0,1739.0,2174.0,493.0,111,0.8472850266540857,1,38.743949009616635,-9.190851285877462,0.7071067811865476,-0.7071067811865475,66.0,15,1,18.0,1.0,5779.0,10.879310545111617,1965.1666666666667,200.27777777777777,14.722222222222221,49.55555555555556,60.833333333333336,53.94444444444444,37.77777777777778,96.61111111111111,120.77777777777777,27.38888888888889,321.05555555555554
8285,1,3,1,5,41277.0,5274.0,1146.0,1126.0,2635.0,1759.0,1953.0,253.0,416.0,233.0,485,0.1541303009578964,1,38.75808507134126,-9.14863119297227,0.25881904510252096,-0.9659258262890682,33.0,15,1,12.0,4.0,5690.0,11.031059758648459,3439.75,439.5,95.5,93.83333333333333,219.58333333333334,146.58333333333334,162.75,21.083333333333332,34.666666666666664,19.416666666666668,474.1666666666667
8310,0,0,1,1,14451.0,12564.0,83.0,519.0,1170.0,1040.0,623.0,212.0,3315.0,150.0,97,0.2249617390704035,1,38.73712036549944,-9.196475489405415,0.8660254037844387,-0.49999999999999983,82.0,12,0,6.0,0.0,15879.0,10.819918274611197,2408.5,2094.0,13.833333333333334,86.5,195.0,173.33333333333334,103.83333333333333,35.333333333333336,552.5,25.0,2646.5
8328,0,1,2,2,9009.0,339.0,213.0,92.0,132.0,550.0,164.0,776.0,2302.0,486.0,17,0.7893352047644611,1,38.764322843294266,-9.13782876183698,-0.4999999999999998,-0.8660254037844388,70.0,15,0,19.0,1.0,2641.0,9.723463354790857,474.1578947368421,17.842105263157894,11.210526315789474,4.842105263157895,6.947368421052632,28.94736842105263,8.631578947368421,40.8421052631579,121.15789473684211,25.57894736842105,139.0
8344,1,0,1,5,54767.0,1213.0,310.0,682.0,564.0,832.0,1413.0,3287.0,259.0,210.0,204,0.3867381413030973,1,38.715219928319925,-9.189644695021164,-0.9659258262890683,-0.25881904510252063,63.0,22,0,17.0,1.0,1472.0,11.082296383198514,3221.5882352941176,71.3529411764706,18.235294117647058,40.11764705882353,33.1764705882353,48.94117647058823,83.11764705882354,193.35294117647058,15.235294117647058,12.352941176470589,86.58823529411765
8355,3,3,1,8,35846.0,4389.0,886.0,1717.0,1839.0,2249.0,1336.0,1141.0,449.99999999999994,247.0,204,0.2743250548874939,1,38.71060087935263,-9.195518744997788,-0.7071067811865472,-0.7071067811865479,53.0,15,0,13.0,6.0,4839.0,10.913996959649264,2757.3846153846152,337.61538461538464,68.15384615384616,132.07692307692307,141.46153846153845,173.0,102.76923076923077,87.76923076923077,34.61538461538461,19.0,372.2307692307692
8368,5,2,1,7,21152.0,5354.0,673.0,858.0,2794.0,1419.0,1845.0,1393.0,314.0,133.0,178,0.3045467995553667,1,38.73089189890147,-9.136312788639628,0.9659258262890684,-0.25881904510252063,80.0,22,0,12.0,7.0,5668.0,10.635951595473024,1762.6666666666667,446.1666666666667,56.083333333333336,71.5,232.83333333333334,118.25,153.75,116.08333333333333,26.166666666666668,11.083333333333334,472.3333333333333
8439,5,3,0,3,40336.0,7295.0,659.0,842.0,36.0,1670.0,1346.0,467.00000000000006,293.0,845.0,163,0.1195725514665952,1,38.74679160066012,-9.150116577096648,0.49999999999999994,-0.8660254037844387,52.0,17,1,10.0,8.0,7588.0,11.024806743739308,4033.6,729.5,65.9,84.2,3.6,167.0,134.6,46.7,29.3,84.5,758.8
8463,1,1,0,1,13038.000000000002,1839.0,1890.0,460.0,513.0,86.0,149.0,1135.0,230.0,895.0,99,0.013209186819023555,1,38.749722025417455,-9.19611973856398,-0.7071067811865472,-0.7071067811865479,59.0,22,1,13.0,2.0,2069.0,10.012566147562366,1002.923076923077,141.46153846153845,145.3846153846154,35.38461538461539,39.46153846153846,6.615384615384615,11.461538461538462,87.3076923076923,17.692307692307693,68.84615384615384,159.15384615384616
8488,0,0,1,1,29651.0,9660.0,143.0,281.0,641.0,496.9999999999999,643.0,961.0,800.0,849.0,175,0.04185684236433235,1,38.75690286450947,-9.172253086438548,0.8660254037844387,-0.49999999999999983,48.0,15,1,5.0,0.0,10460.0,10.90755103814573,5930.2,1932.0,28.6,56.2,128.2,99.39999999999998,128.6,192.2,160.0,169.8,2092.0
8506,0,1,0,1,21681.0,18225.0,85.0,876.0,1268.0,716.0,84.0,181.0,386.0,212.0,111,0.11826745773019068,1,38.77715521068008,-9.13157105288432,0.8660254037844387,-0.49999999999999983,79.0,15,0,7.0,1.0,18611.0,11.040133953188832,3097.285714285714,2603.5714285714284,12.142857142857142,125.14285714285714,181.14285714285714,102.28571428571429,12.0,25.857142857142858,55.142857142857146,30.285714285714285,2658.714285714286
8531,1,0,2,4,3330.0000000000036,3360.0,190.0,561.0,881.0,886.0,273.0,2695.0,310.0,648.0,210,0.6635660158784722,1,38.736871335408566,-9.14836175487759,-0.7071067811865472,-0.7071067811865479,48.0,17,0,13.0,1.0,3670.0,9.729431740159207,256.1538461538464,258.46153846153845,14.615384615384615,43.15384615384615,67.76923076923077,68.15384615384616,21.0,207.30769230769232,23.846153846153847,49.84615384615385,282.3076923076923
8613,0,1,5,1,39847.0,11570.0,491.79999999999995,319.0,1198.0,2199.0,1416.0,1327.0,470.00000000000006,200.0,103,0.33038989249987566,1,38.75011770009359,-9.193237939079491,-0.2588190451025208,-0.9659258262890683,50.0,22,1,10.0,1.0,12040.0,11.171544399740034,3984.7,1157.0,49.17999999999999,31.9,119.8,219.9,141.6,132.7,47.00000000000001,20.0,1204.0
8618,1,0,1,2,26277.0,16054.0,338.0,367.0,974.0,356.0,355.0000000000001,190.0,576.0,40.0,114,0.5256316132242529,1,38.72816056385171,-9.152448744306463,-0.8660254037844386,0.5000000000000001,28.0,22,1,8.0,1.0,16630.0,11.037434809491726,3284.625,2006.75,42.25,45.875,121.75,44.5,44.375000000000014,23.75,72.0,5.0,2078.75
8657,1,0,0,1,8494.0,13585.0,272.0,584.0,36.0,875.0,1262.0,690.0,976.0,454.0,336,0.0996885001585831,1,38.73546638812723,-9.168489310496652,0.8660254037844387,-0.49999999999999983,30.0,15,1,5.0,1.0,14561.0,10.640412355441962,1698.8,2717.0,54.4,116.8,7.2,175.0,252.4,138.0,195.2,90.8,2912.2
8691,4,2,1,6,29314.0,6038.0,250.0,1243.0,2419.0,1557.0,1472.6,561.0,668.4,365.0,353,0.05254702920820309,1,38.72939482688535,-9.11787784995862,0.25881904510252096,-0.9659258262890682,28.0,22,1,0.0,6.0,6706.4,10.831615942052165,29314.0,6038.0,250.0,1243.0,2419.0,1557.0,1472.6,561.0,668.4,365.0,6706.4
8724,3,3,1,2,26911.0,6055.0,1239.0,625.0,1139.0,2050.0,921.0,1094.0,338.0,1099.0,355,0.3151493313977783,1,38.756044719539105,-9.19096836757574,0.7071067811865476,-0.7071067811865475,83.0,22,1,10.0,6.0,6393.0,10.776139827380453,2691.1,605.5,123.9,62.5,113.9,205.0,92.1,109.4,33.8,109.9,639.3
8757,1,0,0,3,7070.0,26596.0,148.0,632.0,888.0,714.0,1069.0,422.0,1782.0,287.0,40,0.0864753492420603,1,38.72482286248287,-9.14708408807671,-0.8660254037844386,0.5000000000000001,46.0,12,1,12.0,1.0,28378.0,11.127071789411104,589.1666666666666,2216.3333333333335,12.333333333333334,52.666666666666664,74.0,59.5,89.08333333333333,35.166666666666664,148.5,23.916666666666668,2364.8333333333335
8759,1,0,0,4,7929.0,87.0,689.0,270.0,329.0,1081.0,849.0,512.0,192.0,976.0,201,0.1321250623306119,1,38.731360227839254,-9.162226487884196,0.7071067811865476,-0.7071067811865475,84.0,22,1,14.0,1.0,279.0,9.487517459782817,566.3571428571429,6.214285714285714,49.214285714285715,19.285714285714285,23.5,77.21428571428571,60.642857142857146,36.57142857142857,13.714285714285714,69.71428571428571,19.928571428571427
8851,1,1,1,5,74748.0,2376.0,300.0,1219.0,522.0,789.0,685.0,2715.0,453.0,255.0,254,0.7546628221175365,1,38.75275382487898,-9.187791795921132,-0.4999999999999998,-0.8660254037844388,40.0,17,0,17.0,2.0,2829.0,11.37242124717682,4396.941176470588,139.76470588235293,17.647058823529413,71.70588235294117,30.705882352941178,46.411764705882355,40.294117647058826,159.7058823529412,26.647058823529413,15.0,166.41176470588235
8870,0,0,2,1,6880.0,6974.0,345.0,465.0,1499.0,802.0,330.0,101.0,3272.0,592.0,115,0.399987386050689,1,38.743387774635465,-9.199394867757904,-0.4999999999999998,-0.8660254037844388,76.0,12,1,12.0,0.0,10246.0,10.357965022348246,573.3333333333334,581.1666666666666,28.75,38.75,124.91666666666667,66.83333333333333,27.5,8.416666666666666,272.6666666666667,49.333333333333336,853.8333333333334
8902,1,0,0,4,16908.0,3342.0,667.0,344.0,1115.0,348.0000000000001,677.0,115.0,20.999999999999886,904.0,189,0.6554371831612298,1,38.70548131884503,-9.11799870185593,-0.8660254037844384,-0.5000000000000004,49.0,17,0,5.0,1.0,3363.0,10.232971139621664,3381.6,668.4,133.4,68.8,223.0,69.60000000000002,135.4,23.0,4.199999999999977,180.8,672.6
8981,1,3,3,3,89227.0,3405.0,426.0,396.0,426.0,549.0,992.0,489.0,57.000000000000114,508.0,41,0.3029490842604869,1,38.75010575995244,-9.173601939459022,-0.9659258262890683,-0.25881904510252063,83.0,15,0,11.0,4.0,3462.0,11.51230527269075,8111.545454545455,309.54545454545456,38.72727272727273,36.0,38.72727272727273,49.90909090909091,90.18181818181819,44.45454545454545,5.181818181818192,46.18181818181818,314.72727272727275
8983,3,3,1,4,46259.0,4405.0,731.0,1192.0,2370.0,1976.0,3064.0,972.0,766.0,671.0,277,0.3324951001694131,1,38.77063175647167,-9.18268545271065,0.9659258262890684,-0.25881904510252063,79.0,17,1,5.0,6.0,5171.0,11.121037765275751,9251.8,881.0,146.2,238.4,474.0,395.2,612.8,194.4,153.2,134.2,1034.2
9067,0,3,0,1,49412.0,4303.0,433.0,680.0,1964.0,2890.0,1218.0,416.0,479.0,544.0,409,0.1672706897757266,1,38.77576100580159,-9.125828864297269,0.25881904510252096,-0.9659258262890682,76.0,15,1,15.0,3.0,4782.0,11.114267138074986,3294.133333333333,286.8666666666667,28.866666666666667,45.333333333333336,130.93333333333334,192.66666666666666,81.2,27.733333333333334,31.933333333333334,36.266666666666666,318.8
9068,1,1,1,5,50458.0,6040.0,262.0,685.0,486.0,1020.0,1439.0,2398.0,1593.0,303.0,349,0.159856901972782,1,38.74841464941934,-9.1193791284301,-0.4999999999999998,-0.8660254037844388,75.0,22,1,13.0,2.0,7633.0,11.188828339816398,3881.3846153846152,464.61538461538464,20.153846153846153,52.69230769230769,37.38461538461539,78.46153846153847,110.6923076923077,184.46153846153845,122.53846153846153,23.307692307692307,587.1538461538462
9095,2,4,0,4,24892.0,5841.0,727.0,990.0,1471.0,2104.0,2734.0,1153.0,560.0,884.0,268,0.2229081104235894,1,38.73478481854679,-9.117734551488043,0.7071067811865476,-0.7071067811865475,55.0,22,1,5.0,6.0,6401.0,10.773901871142757,4978.4,1168.2,145.4,198.0,294.2,420.8,546.8,230.6,112.0,176.8,1280.2
9110,0,2,1,4,19434.0,6240.0,609.0,688.0,903.0,1735.2,2721.0,1651.0,302.0,257.0,293,0.2202851345458665,1,38.77907537185243,-9.138073062595009,0.7071067811865476,-0.7071067811865475,26.0,15,0,9.799999999999955,2.0,6542.0,10.623354557795455,1983.0612244898052,636.7346938775539,62.14285714285743,70.20408163265338,92.14285714285757,177.06122448979676,277.65306122449107,168.46938775510282,30.816326530612386,26.22448979591849,667.5510204081663
9125,1,2,3,1,14134.0,3055.0,174.0,277.0,790.0,1484.0,583.0,761.0,1698.0,343.0,50,0.7373136812387555,1,38.78184471443076,-9.183538634755047,0.9659258262890684,-0.25881904510252063,63.0,17,0,10.0,3.0,4753.0,10.241850857103556,1413.4,305.5,17.4,27.7,79.0,148.4,58.3,76.1,169.8,34.3,475.3
9130,0,0,2,2,6176.000000000004,21008.0,187.0,398.0,715.0,422.0,1370.0,401.99999999999994,1350.0,543.0,60,0.4040507157173493,1,38.75201128849774,-9.151268889197866,-0.9659258262890683,-0.25881904510252063,33.0,12,1,12.0,0.0,22358.0,10.913814926336666,514.666666666667,1750.6666666666667,15.583333333333334,33.166666666666664,59.583333333333336,35.166666666666664,114.16666666666667,33.49999999999999,112.5,45.25,1863.1666666666667
9142,1,0,1,2,189.99999999999636,13123.0,509.0,116.0,281.9999999999999,1271.0,888.0,1713.0,395.0,391.0,266,0.8135443634865329,1,38.76380094264372,-9.126157810102349,-0.7071067811865477,0.7071067811865471,50.0,22,0,5.0,1.0,13518.0,10.38582110490087,37.999999999999275,2624.6,101.8,23.2,56.39999999999998,254.2,177.6,342.6,79.0,78.2,2703.6
9199,0,1,2,1,7901.0,10676.0,90.0,400.0,748.0,1456.0,1970.0,157.0000000000001,1442.0,773.0,85,0.3415788684175145,1,38.72361271966407,-9.180204325786413,-0.7071067811865472,-0.7071067811865479,37.0,12,0,11.0,1.0,12118.0,10.538263819769744,718.2727272727273,970.5454545454545,8.181818181818182,36.36363636363637,68.0,132.36363636363637,179.0909090909091,14.272727272727282,131.0909090909091,70.27272727272727,1101.6363636363637
9204,1,1,1,4,81959.0,4300.0,175.0,1345.0,571.0,830.0,859.0,1148.0,315.0,264.0,210,0.8536878583818512,1,38.768951278269014,-9.150606768905694,-0.4999999999999998,-0.8660254037844388,25.0,17,0,12.200000000000045,2.0,4615.0,11.476074741172214,6717.950819672106,352.4590163934413,14.344262295081913,110.24590163934386,46.803278688524415,68.03278688524564,70.40983606557351,94.09836065573735,25.819672131147446,21.639344262295,378.27868852458874
9248,1,1,0,1,73837.0,14249.0,882.0,273.0,940.0,918.0,968.0,1188.0,762.0,200.0,1,0.62347622902552,1,38.72411467187251,-9.186912946967682,-0.2588190451025208,-0.9659258262890683,83.0,15,1,7.0,2.0,15011.0,11.601201874801632,10548.142857142857,2035.5714285714287,126.0,39.0,134.28571428571428,131.14285714285714,138.28571428571428,169.71428571428572,108.85714285714286,28.571428571428573,2144.4285714285716
9268,3,3,1,1,9022.0,4904.0,1098.0,558.0,1115.0,2055.0,2188.0,296.0,1266.0,604.0,384,0.5131120629842019,1,38.74848772817712,-9.17646923458354,0.49999999999999994,-0.8660254037844387,56.0,17,1,13.0,6.0,6170.0,10.284557503809571,694.0,377.2307692307692,84.46153846153847,42.92307692307692,85.76923076923077,158.07692307692307,168.30769230769232,22.76923076923077,97.38461538461539,46.46153846153846,474.61538461538464
9279,1,0,1,1,35517.0,21356.0,930.0,294.0,344.0,1035.0,638.0,344.0,476.0,261.0,166,0.2933101181088457,1,38.77275916991131,-9.184887785075354,0.25881904510252096,-0.9659258262890682,78.0,17,1,13.0,1.0,21832.0,11.326933179286812,2732.076923076923,1642.7692307692307,71.53846153846153,22.615384615384617,26.46153846153846,79.61538461538461,49.07692307692308,26.46153846153846,36.61538461538461,20.076923076923077,1679.3846153846155
9307,0,0,0,1,52857.0,22037.0,451.0,528.0,159.0,756.0,695.0,954.0,790.0,348.6,293,0.7857689739981115,1,38.74861791049106,-9.192424447657578,0.9659258262890684,-0.25881904510252063,24.000000000000004,15,1,9.0,0.0,22827.0,11.536677147219578,5873.0,2448.5555555555557,50.111111111111114,58.666666666666664,17.666666666666668,84.0,77.22222222222223,106.0,87.77777777777777,38.733333333333334,2536.3333333333335
9384,5,3,1,4,19890.0,4070.0,859.0,713.0,1722.0,1611.0,1423.0,1348.0,2412.0,503.0,183,0.10598302591087538,1,38.754800033335975,-9.137011088766176,0.25881904510252096,-0.9659258262890682,85.0,15,0,13.0,8.0,6482.0,10.622156270326151,1530.0,313.0769230769231,66.07692307692308,54.84615384615385,132.46153846153845,123.92307692307692,109.46153846153847,103.6923076923077,185.53846153846155,38.69230769230769,498.61538461538464
9398,3,2,1,4,16200.0,6557.0,617.0,856.0,2189.0,1839.6,3172.0,523.0,374.0,223.0,426,0.1587190918383345,1,38.72042656046322,-9.16710226223208,0.25881904510252096,-0.9659258262890682,58.0,17,1,17.0,5.0,6931.0,10.583615347508685,952.9411764705883,385.70588235294116,36.294117647058826,50.35294117647059,128.76470588235293,108.21176470588235,186.58823529411765,30.764705882352942,22.0,13.117647058823529,407.70588235294116
9468,1,1,1,2,29974.0,6005.0,601.0,1048.0,1748.0,2805.0,2331.0,1114.0,465.99999999999994,843.0,315,0.2956146088094226,1,38.7340660319658,-9.168401750336596,0.34494897427831794,-0.9009967675098245,37.0,22,1,15.0,2.0,6471.0,10.88569710249957,1998.2666666666667,400.3333333333333,40.06666666666667,69.86666666666666,116.53333333333333,187.0,155.4,74.26666666666667,31.066666666666663,56.2,431.4
9491,1,0,0,5,52664.0,2927.0000000000005,272.0,1666.0,422.0,1324.0,1514.0,1335.0,284.0,321.0,343,0.19168339522244576,1,38.72537023780944,-9.11999247788919,-0.8660254037844384,-0.5000000000000004,45.0,17,0,17.0,1.0,3211.0000000000005,11.09651568181252,3097.8823529411766,172.17647058823533,16.0,98.0,24.823529411764707,77.88235294117646,89.05882352941177,78.52941176470588,16.705882352941178,18.88235294117647,188.8823529411765
9509,1,0,2,1,8676.0,13345.0,171.0,288.0,191.0,443.0,764.0,536.0,410.99999999999994,421.0,152,0.3584768201096345,1,38.75992115643709,-9.163346442078764,-0.41815405503520586,0.24142135623730943,32.0,22,0,13.0,1.0,13756.0,10.57139384523028,667.3846153846154,1026.5384615384614,13.153846153846153,22.153846153846153,14.692307692307692,34.07692307692308,58.76923076923077,41.23076923076923,31.61538461538461,32.38461538461539,1058.1538461538462
9571,1,1,0,5,16661.0,351.0,33.0,467.0,738.0,559.0,646.0,496.0,22.0,933.0,305,0.0593729078091052,1,38.73527421105617,-9.146426363852862,0.49999999999999994,-0.8660254037844387,45.0,22,0,8.0,2.0,373.0,9.96552294345558,2082.625,43.875,4.125,58.375,92.25,69.875,80.75,62.0,2.75,116.625,46.625
9622,1,0,2,3,18507.0,3109.0,426.0,1641.0,373.0,948.0,1651.0,1306.0,1579.0,342.0,379,0.052713252763298524,1,38.710362531959355,-9.177170682216673,-0.8660254037844386,0.5000000000000001,27.0,22,1,0.0,1.0,4688.0,10.450770459312455,18507.0,3109.0,426.0,1641.0,373.0,948.0,1651.0,1306.0,1579.0,342.0,4688.0
9650,1,2,1,4,44432.0,3696.0,676.0,912.0,1028.0,693.0,1512.0,2985.0,294.0,314.0,256,0.7775736417081531,1,38.78638384369992,-9.127679933819213,0.25881904510252096,-0.9659258262890682,39.0,15,1,11.0,3.0,3990.0,11.01094394985813,4039.2727272727275,336.0,61.45454545454545,82.9090909090909,93.45454545454545,63.0,137.45454545454547,271.3636363636364,26.727272727272727,28.545454545454547,362.72727272727275
9656,1,1,1,1,27868.0,4533.0,1501.0,326.0,1029.0,1163.0,180.0,523.0,546.0,379.0,554,0.3533552396040934,1,38.7876241267498,-9.1254864591092,-1.0,-1.6653345369377348e-16,44.0,15,0,6.0,2.0,5079.0,10.671927717131505,4644.666666666667,755.5,250.16666666666666,54.333333333333336,171.5,193.83333333333334,30.0,87.16666666666667,91.0,63.166666666666664,846.5
9692,4,4,0,1,24020.0,4844.0,429.0,964.0,2545.0,1826.0,422.0,2253.0,328.0,53.0,173,0.1243841634995636,1,38.75674011669098,-9.180527921302826,0.3931851652578138,-0.8810166830088986,73.0,17,0,9.0,8.0,5172.0,10.665624271244136,2668.8888888888887,538.2222222222222,47.666666666666664,107.11111111111111,282.77777777777777,202.88888888888889,46.888888888888886,250.33333333333334,36.44444444444444,5.888888888888889,574.6666666666666
9793,2,1,1,4,26055.0,5129.0,366.0,147.0,622.0,1095.0,504.0,1523.0,1749.0,208.0,240,0.8333895433017924,1,38.73991759679414,-9.124544189784512,0.8660254037844387,-0.49999999999999983,42.0,17,1,20.0,3.0,6878.0,10.698220633849886,1302.75,256.45,18.3,7.35,31.1,54.75,25.2,76.15,87.45,10.4,343.9
9846,0,1,0,2,7682.0,923.0,31.0,214.0,1587.0,1299.0,153.0,475.0,2126.0,463.0,94,0.301908227864356,1,38.72609875506876,-9.143500239132385,-0.8660254037844386,0.5000000000000001,55.0,12,0,8.0,1.0,3049.0,9.798293689657623,960.25,115.375,3.875,26.75,198.375,162.375,19.125,59.375,265.75,57.875,381.125
9883,3,2,0,1,39662.0,4674.0,1215.0,495.0,2611.0,1892.0,1706.0,1163.0,469.0,512.0,360,0.009336548622264518,1,38.71851128940232,-9.192689192598031,0.9659258262890684,-0.25881904510252063,85.0,22,1,19.0,5.0,5143.0,10.994454019595349,2087.4736842105262,246.0,63.94736842105263,26.05263157894737,137.42105263157896,99.57894736842105,89.78947368421052,61.21052631578947,24.68421052631579,26.94736842105263,270.6842105263158
9908,3,1,2,4,49104.0,2887.0000000000005,511.0,617.0,1799.0,753.0,1187.0,569.0,400.0,95.0,278,0.006376000309168572,1,38.72603628384382,-9.171044809548146,-0.2588190451025208,-0.9659258262890683,47.0,22,1,22.0,4.0,3287.0000000000005,11.022065853845115,2232.0,131.22727272727275,23.227272727272727,28.045454545454547,81.77272727272727,34.22727272727273,53.95454545454545,25.863636363636363,18.181818181818183,4.318181818181818,149.40909090909093
10011,1,1,0,2,7264.0,1302.0,786.0,212.0,14.0,974.0,483.0,314.0,1982.0,671.0,175,0.10614610846495448,1,38.75108453000932,-9.159206698122834,0.8660254037844387,-0.49999999999999983,71.0,22,0,18.0,2.0,3284.0,9.757710052922787,403.55555555555554,72.33333333333333,43.666666666666664,11.777777777777779,0.7777777777777778,54.111111111111114,26.833333333333332,17.444444444444443,110.11111111111111,37.27777777777778,182.44444444444446
10088,1,1,1,1,28077.0,10887.0,843.0,144.0,138.0,1238.0,285.0,957.0,428.0,166.0,433,0.8902767125382416,1,38.753654062559995,-9.193386212273,-0.25881904510252157,0.9659258262890681,60.0,15,0,7.0,2.0,11315.0,10.905570585295168,4011.0,1555.2857142857142,120.42857142857143,20.571428571428573,19.714285714285715,176.85714285714286,40.714285714285715,136.71428571428572,61.142857142857146,23.714285714285715,1616.4285714285713
10127,1,0,2,3,63762.0,1176.0,705.0,271.0,589.0,953.0,1468.0,1335.0,674.0,404.0,119,1.0,1,38.74717032549909,-9.169137759188123,-1.0,-1.6653345369377348e-16,51.0,17,1,5.0,1.0,1850.0,11.200786752084456,12752.4,235.2,141.0,54.2,117.8,190.6,293.6,267.0,134.8,80.8,370.0
10226,1,0,0,1,76041.0,2135.0,1028.0,233.0,403.0,1097.0,798.0,208.0000000000001,939.0,646.0,205,0.6180090118430293,1,38.73569238772333,-9.14222672918762,-0.4999999999999998,-0.8660254037844388,63.0,17,0,5.0,1.0,3074.0,11.369089735982838,15208.2,427.0,205.6,46.6,80.6,219.4,159.6,41.60000000000002,187.8,129.2,614.8
10242,0,5,2,1,16195.0,4374.0,843.0,1290.0,1926.0,2779.0,1079.0,1157.0,352.0,153.0,380,0.2896565852068327,1,38.74687194191258,-9.142494962195183,0.25881904510252096,-0.9659258262890682,81.0,17,0,15.0,5.0,4726.0,10.459525519123666,1079.6666666666667,291.6,56.2,86.0,128.4,185.26666666666668,71.93333333333334,77.13333333333334,23.466666666666665,10.2,315.06666666666666
10372,6,0,1,1,30241.0,4260.0,1483.0,737.0,2108.0,1683.0,2647.0,1165.0,275.0,345.0,583,0.08515857583315445,1,38.74650593203281,-9.12646650749297,-0.2588190451025208,-0.9659258262890683,40.0,22,0,7.0,6.0,4535.0,10.809323826506423,4320.142857142857,608.5714285714286,211.85714285714286,105.28571428571429,301.14285714285717,240.42857142857142,378.14285714285717,166.42857142857142,39.285714285714285,49.285714285714285,647.8571428571429
10428,2,5,0,6,22369.0,7072.0,990.0,1521.0,1139.0,1776.0,1336.0,384.0,371.0,656.0,221,0.19654820088084,1,38.75288682335051,-9.175188033592471,0.49999999999999994,-0.8660254037844387,51.0,17,1,13.0,7.0,7443.0,10.715705827737088,1720.6923076923076,544.0,76.15384615384616,117.0,87.61538461538461,136.6153846153846,102.76923076923077,29.53846153846154,28.53846153846154,50.46153846153846,572.5384615384615
10497,1,1,1,1,39354.0,22561.0,18.0,719.0,309.0,622.0,970.0,1023.0,885.0,326.0,438,1.0,1,38.780312211516936,-9.181207690416988,0.7071067811865476,-0.7071067811865475,30.0,22,1,7.0,2.0,23446.0,11.410161575159668,5622.0,3223.0,2.5714285714285716,102.71428571428571,44.142857142857146,88.85714285714286,138.57142857142858,146.14285714285714,126.42857142857143,46.57142857142857,3349.4285714285716
10522,3,4,0,1,39329.0,6933.0,1372.0,928.0,2033.0,2396.0,1270.0,878.0,1194.0,194.0,261,0.2550398047813599,1,38.75953871508969,-9.156845137864662,-0.7071067811865472,-0.7071067811865479,39.0,17,0,16.0,7.0,8127.0,11.076820720729952,2458.0625,433.3125,85.75,58.0,127.0625,149.75,79.375,54.875,74.625,12.125,507.9375
10576,1,5,1,6,43005.0,4503.0,732.0,1387.0,1709.0,1786.0,1540.0,725.0,522.0,975.0,338,0.2263464392111613,1,38.72374985880326,-9.117114948656344,1.0,5.551115123125783e-17,49.0,17,0,10.0,6.0,5025.0,11.033436996513277,4300.5,450.3,73.2,138.7,170.9,178.6,154.0,72.5,52.2,97.5,502.5
10578,0,0,0,1,86596.0,1869.0,474.0,486.0,989.0,725.0,26.000000000000114,672.0,383.0,454.0,32,1.0,1,38.72503082480753,-9.132983702001226,0.49999999999999994,-0.8660254037844387,50.0,15,1,11.0,0.0,2252.0,11.460863454143258,7872.363636363636,169.9090909090909,43.09090909090909,44.18181818181818,89.9090909090909,65.9090909090909,2.363636363636374,61.09090909090909,34.81818181818182,41.27272727272727,204.72727272727272
10670,0,0,0,2,58244.0,1703.0,847.0,305.0,65.00000000000011,831.0,339.4,584.0,730.0,245.0,191,1.0,1,38.72547900534443,-9.187249007298652,0.25881904510252096,-0.9659258262890682,47.0,17,1,10.0,0.0,2433.0,11.102358363801697,5824.4,170.3,84.7,30.5,6.5000000000000115,83.1,33.94,58.4,73.0,24.5,243.3
10706,2,2,1,2,15475.0,3506.0,497.0,1262.0,777.0,2725.0,1254.0,776.0,510.0,152.0,309,0.036379782532733385,1,38.76587244056918,-9.192192802005156,0.7071067811865476,-0.7071067811865475,46.0,22,0,13.0,4.0,4016.0,10.340160587768485,1190.3846153846155,269.6923076923077,38.23076923076923,97.07692307692308,59.76923076923077,209.6153846153846,96.46153846153847,59.69230769230769,39.23076923076923,11.692307692307692,308.9230769230769
10708,0,1,0,1,4288.0,2692.9999999999995,759.0,529.0,1141.0,963.0,88.0,88.0,1085.0,301.0,310,0.1774264747654192,1,38.77065180264219,-9.15851465222255,-0.4999999999999998,-0.8660254037844388,41.0,22,1,5.0,1.0,3777.9999999999995,9.662307313735766,857.6,538.5999999999999,151.8,105.8,228.2,192.6,17.6,17.6,217.0,60.2,755.5999999999999
10711,1,0,0,1,32855.0,1525.0,442.0,520.0,182.0,891.0,883.0,1201.0,460.0,82.0,600,0.3978725246811801,1,38.73363466356046,-9.190415794809306,-0.8660254037844384,-0.5000000000000004,73.0,22,1,11.0,1.0,1985.0,10.621985665531742,2986.818181818182,138.63636363636363,40.18181818181818,47.27272727272727,16.545454545454547,81.0,80.27272727272727,109.18181818181819,41.81818181818182,7.454545454545454,180.45454545454547
10774,0,0,1,1,8584.0,19495.0,154.0,777.0,1311.0,1055.0,550.0,252.0,2288.4,504.0,58,0.1857388682385238,1,38.748727445067715,-9.172638504818732,-0.25881904510252157,0.9659258262890681,24.000000000000004,12,1,7.0,0.0,21783.4,10.946495513264633,1226.2857142857142,2785.0,22.0,111.0,187.28571428571428,150.71428571428572,78.57142857142857,36.0,326.9142857142857,72.0,3111.914285714286
10784,1,1,2,5,20918.0,2616.0,298.0,738.0,872.0,833.0,1118.0,1098.0,2048.0,410.0,178,0.4129654587366685,1,38.75806336506712,-9.16860544476126,-0.4999999999999998,-0.8660254037844388,69.0,22,0,11.0,2.0,4664.0,10.480494097961259,1901.6363636363637,237.8181818181818,27.09090909090909,67.0909090909091,79.27272727272727,75.72727272727273,101.63636363636364,99.81818181818181,186.1818181818182,37.27272727272727,424.0
10808,1,0,1,5,1452.0,107.00000000000091,43.0,417.0,652.0,695.0,159.9999999999999,1015.0,221.0,902.0,157,0.3426593499893542,1,38.809865325261256,-9.162591870883794,0.7071067811865476,-0.7071067811865475,82.0,15,0,8.0,1.0,328.0000000000009,8.698347400458186,181.5,13.375000000000114,5.375,52.125,81.5,86.875,19.999999999999986,126.875,27.625,112.75,41.000000000000114
10887,0,2,1,6,20947.0,5493.0,583.0,1144.0,873.0,2367.0,1041.0,805.0,269.0,458.0,229,0.2976896410375847,1,38.7848252382847,-9.123839532035856,0.25881904510252096,-0.9659258262890682,40.0,22,0,5.0,2.0,5762.0,10.59018900394601,4189.4,1098.6,116.6,228.8,174.6,473.4,208.2,161.0,53.8,91.6,1152.4
10891,2,3,3,2,49422.0,964.0,484.0,415.0,819.0,676.0,1650.0,181.0,176.0,594.0,79,0.3005994165946078,1,38.732054799736176,-9.209848888885256,-0.9659258262890683,0.2588190451025203,69.0,22,1,13.0,5.0,1140.0,10.94238522187658,3801.6923076923076,74.15384615384616,37.23076923076923,31.923076923076923,63.0,52.0,126.92307692307692,13.923076923076923,13.538461538461538,45.69230769230769,87.6923076923077
10990,5,1,1,1,45592.0,5549.0,1605.0,344.0,1915.0,973.0,1664.0,766.0,438.00000000000006,491.79999999999995,172,0.2771051767011849,1,38.720876212471346,-9.142211308454886,0.8660254037844387,-0.49999999999999983,77.0,15,0,18.0,6.0,5987.0,11.087142336773834,2532.8888888888887,308.27777777777777,89.16666666666667,19.11111111111111,106.38888888888889,54.05555555555556,92.44444444444444,42.55555555555556,24.333333333333336,27.32222222222222,332.6111111111111
10991,2,0,0,1,7735.0,18036.0,60.0,1084.0,1062.0,419.0,452.0,107.99999999999989,1474.0,227.0,141,0.4299161906512669,1,38.747025750820576,-9.161932747251168,0.8660254037844387,-0.49999999999999983,84.0,12,1,12.0,2.0,19510.0,10.823132652222856,644.5833333333334,1503.0,5.0,90.33333333333333,88.5,34.916666666666664,37.666666666666664,8.999999999999991,122.83333333333333,18.916666666666668,1625.8333333333333
11025,2,0,1,4,39356.0,2662.0,308.0,526.0,555.0,1003.0,959.0,248.0,215.0,232.0,504,0.119302213972003,1,38.74397760280283,-9.144837207288612,-0.4999999999999998,-0.8660254037844388,32.0,22,0,14.0,2.0,2877.0,10.798391202528636,2811.1428571428573,190.14285714285714,22.0,37.57142857142857,39.642857142857146,71.64285714285714,68.5,17.714285714285715,15.357142857142858,16.571428571428573,205.5
11026,1,1,2,4,5434.0,414.0000000000009,1276.0,721.0,88.0,85.0,126.0,3313.0,211.0,624.0,169,0.20870586426268767,1,38.73580564290752,-9.092402065243428,-0.2588190451025208,-0.9659258262890683,43.0,22,0,7.0,2.0,625.0000000000009,9.466376966592419,776.2857142857143,59.142857142857274,182.28571428571428,103.0,12.571428571428571,12.142857142857142,18.0,473.2857142857143,30.142857142857142,89.14285714285714,89.28571428571442
11127,5,2,1,1,33264.0,4637.0,896.0,1007.0,1565.0,2154.0,839.0,1109.0,360.0,151.0,500,0.1796180922170463,1,38.7762722271906,-9.18906518803799,1.249000902703301e-16,-1.0,32.0,22,1,4.0,7.0,4997.0,10.839188677930107,8316.0,1159.25,224.0,251.75,391.25,538.5,209.75,277.25,90.0,37.75,1249.25
11384,4,3,1,2,23336.0,5081.0,928.0,411.0,1910.0,2361.0,871.0,525.0,445.00000000000006,142.0,461,0.2631144269550413,1,38.755269609787696,-9.141214385782137,0.49999999999999994,-0.8660254037844387,85.0,22,0,20.0,7.0,5526.0,10.634339875274723,1166.8,254.05,46.4,20.55,95.5,118.05,43.55,26.25,22.250000000000004,7.1,276.3
11427,1,0,2,4,10784.0,1901.0,472.0,1172.0,582.0,1236.0,1389.0,3066.0,372.0,413.0,248,0.5369180975704707,1,38.7617862607548,-9.13883826272714,0.8660254037844387,-0.49999999999999983,39.0,17,0,15.0,1.0,2273.0,10.0715834020661,718.9333333333333,126.73333333333333,31.466666666666665,78.13333333333334,38.8,82.4,92.6,204.4,24.8,27.533333333333335,151.53333333333333
11522,8,2,1,4,21727.0,6424.0,222.0,197.0,2361.0,1450.0,496.0,121.0,331.0,628.0,450,0.1316908533200248,1,38.72705887168304,-9.142292573595908,0.25881904510252096,-0.9659258262890682,85.0,17,0,5.0,10.0,6755.0,10.61430273074948,4345.4,1284.8,44.4,39.4,472.2,290.0,99.2,24.2,66.2,125.6,1351.0
11526,5,4,0,6,16912.0,5658.0,973.0,638.0,1348.0,2412.0,1120.0,1079.0,333.0,255.0,115,0.1668211165041077,1,38.76535482694197,-9.142539764333772,0.8660254037844387,-0.49999999999999983,26.0,22,0,14.400000000000091,9.0,5991.0,10.511076844734427,1174.444444444437,392.9166666666642,67.56944444444402,44.30555555555527,93.61111111111052,167.49999999999895,77.77777777777729,74.93055555555509,23.124999999999854,17.708333333333222,416.041666666664
11556,0,1,0,5,13822.0,5181.0,586.0,629.0,2657.0,1146.0,2472.0,888.0,353.0,521.0,252,0.3861344873022098,1,38.78631143784436,-9.142269616803008,0.7071067811865476,-0.7071067811865475,64.0,22,0,21.0,1.0,5534.0,10.427920179708336,658.1904761904761,246.71428571428572,27.904761904761905,29.952380952380953,126.52380952380952,54.57142857142857,117.71428571428571,42.285714285714285,16.80952380952381,24.80952380952381,263.5238095238095
11574,4,1,1,1,28018.0,6050.0,1380.0,472.0,2429.0,894.0,777.0,863.0,1646.0,172.0,194,0.11955390565635382,1,38.74437017864204,-9.136992163988303,0.7071067811865476,-0.7071067811865475,50.0,15,1,15.0,5.0,7696.0,10.827706770732405,1867.8666666666666,403.3333333333333,92.0,31.466666666666665,161.93333333333334,59.6,51.8,57.53333333333333,109.73333333333333,11.466666666666667,513.0666666666667
11601,0,2,1,2,9820.0,775.0,1578.0,475.0,216.0,153.0,252.0,2269.0,34.0,917.0,166,0.2947065583591672,1,38.76764465109963,-9.08334165809134,0.8660254037844387,-0.49999999999999983,35.0,22,1,6.0,2.0,809.0,9.758403975346978,1636.6666666666667,129.16666666666666,263.0,79.16666666666667,36.0,25.5,42.0,378.1666666666667,5.666666666666667,152.83333333333334,134.83333333333334
11612,1,0,2,1,9558.0,23529.0,73.99999999999989,1145.0,1450.0,651.0,1036.0,58.0,1782.0,447.0,134,0.3161021470783198,1,38.729013485816424,-9.182169957619855,-0.5000000000000004,0.8660254037844385,85.0,12,0,9.0,1.0,25311.0,11.082788494056414,1062.0,2614.3333333333335,8.222222222222209,127.22222222222223,161.11111111111111,72.33333333333333,115.11111111111111,6.444444444444445,198.0,49.666666666666664,2812.3333333333335
11623,0,2,0,1,31931.0,4560.0,594.0,1090.0,908.0,2610.0,856.0,1746.0,496.0,106.0,283,0.3128242788501149,0,38.75648279722777,-9.174829438130471,0.7071067811865476,-0.7071067811865475,72.0,17,1,25.0,2.0,5056.0,10.81885786095054,1277.24,182.4,23.76,43.6,36.32,104.4,34.24,69.84,19.84,4.24,202.24
11635,0,0,1,2,126.00000000000364,15948.0,7.0,572.0,1896.0,972.0,1605.0,129.0,2111.0,186.0,69,0.2832601241177409,1,38.73614946472012,-9.165386349468546,-1.0,-1.6653345369377348e-16,49.0,12,1,13.0,0.0,18059.0,10.636143866190785,9.692307692307972,1226.7692307692307,0.5384615384615384,44.0,145.84615384615384,74.76923076923077,123.46153846153847,9.923076923076923,162.3846153846154,14.307692307692308,1389.1538461538462
11638,0,3,2,3,38815.0,4646.0,1084.0,832.0,1065.0,1543.0,1825.0,73.0,1446.0,259.0,174,0.1339760417953808,1,38.75289973788848,-9.18215612000378,1.249000902703301e-16,-1.0,38.0,15,1,12.0,3.0,6092.0,10.962683108840446,3234.5833333333335,387.1666666666667,90.33333333333333,69.33333333333333,88.75,128.58333333333334,152.08333333333334,6.083333333333333,120.5,21.583333333333332,507.6666666666667
11653,6,1,1,4,17889.0,5388.0,575.4,1637.0,2077.0,1074.0,2005.0,1411.0,246.0,324.0,271,0.0802010494918513,1,38.72373446972498,-9.18107012625201,1.0,5.551115123125783e-17,66.0,22,1,16.0,7.0,5634.0,10.552196834065503,1118.0625,336.75,35.9625,102.3125,129.8125,67.125,125.3125,88.1875,15.375,20.25,352.125
11739,0,1,0,1,15030.000000000002,23770.0,501.0,506.0,339.0,879.0,992.0,1096.0,702.0,488.0,320,0.3104614129146227,0,38.7226414987428,-9.187929503531018,0.7071067811865476,-0.7071067811865475,35.0,17,1,7.0,1.0,24472.0,11.13861012585428,2147.1428571428573,3395.714285714286,71.57142857142857,72.28571428571429,48.42857142857143,125.57142857142857,141.71428571428572,156.57142857142858,100.28571428571429,69.71428571428571,3496.0
11809,4,5,0,2,11630.0,4849.0,927.0,691.0,951.0,1801.0,1197.0,1010.0,335.0,978.0,280,0.4074650177801864,1,38.76988778765441,-9.135809080020852,1.0,5.551115123125783e-17,45.0,22,0,14.0,9.0,5184.0,10.293974377463579,830.7142857142857,346.35714285714283,66.21428571428571,49.357142857142854,67.92857142857143,128.64285714285714,85.5,72.14285714285714,23.928571428571427,69.85714285714286,370.2857142857143
11835,5,2,1,6,36414.0,6436.0,558.0,1032.0,2565.0,1599.0,2033.0,752.0,550.0,604.0,273,0.2254775032202267,1,38.75421329643135,-9.1422476104201,0.49999999999999994,-0.8660254037844387,30.0,15,0,9.0,7.0,6986.0,10.994235666147436,4046.0,715.1111111111111,62.0,114.66666666666667,285.0,177.66666666666666,225.88888888888889,83.55555555555556,61.111111111111114,67.11111111111111,776.2222222222222
11848,2,1,0,2,24345.0,1729.0,1343.0,779.0,79.0,32.0,137.0,2252.0,1780.0,644.0,67,0.13286703108292275,1,38.788095134156585,-9.183144815721716,0.8660254037844387,-0.49999999999999983,39.0,15,1,11.0,3.0,3509.0,10.50862285577286,2213.181818181818,157.1818181818182,122.0909090909091,70.81818181818181,7.181818181818182,2.909090909090909,12.454545454545455,204.72727272727272,161.8181818181818,58.54545454545455,319.0
11869,1,1,1,3,90381.0,464.0,260.0,525.0,1130.0,993.0,1417.0,422.0,295.0,436.0,283,0.2521311188722922,1,38.713602865007665,-9.184960369117883,-0.4999999999999998,-0.8660254037844388,54.0,22,1,13.0,2.0,759.0,11.483321561711648,6952.384615384615,35.69230769230769,20.0,40.38461538461539,86.92307692307692,76.38461538461539,109.0,32.46153846153846,22.692307692307693,33.53846153846154,58.38461538461539
11918,3,3,2,3,13390.0,5525.0,828.0,583.0,74.99999999999989,1509.0,1540.0,1165.0,1319.0,370.0,204,0.11068513870083752,1,38.74532019098342,-9.176972570399805,0.25881904510252096,-0.9659258262890682,56.0,17,1,7.0,6.0,6844.0,10.40876782924649,1912.857142857143,789.2857142857143,118.28571428571429,83.28571428571429,10.714285714285698,215.57142857142858,220.0,166.42857142857142,188.42857142857142,52.857142857142854,977.7142857142857
11982,1,0,0,5,44977.0,4191.0,325.79999999999995,1117.0,935.0,673.0,1276.0,2794.0,232.0,269.0,164,0.051029397873224525,1,38.7134459551804,-9.123555842312603,1.249000902703301e-16,-1.0,28.999999999999996,22,0,2.0,1.0,4423.0,11.022127933277403,22488.5,2095.5,162.89999999999998,558.5,467.5,336.5,638.0,1397.0,116.0,134.5,2211.5
12016,0,1,2,2,8736.0,17692.0,120.99999999999989,949.0,1842.0,827.0,1328.0,154.0,1746.0,664.0,110,0.2885898641759087,1,38.77681154179289,-9.195088087160729,-0.7071067811865477,0.7071067811865471,36.0,12,0,8.0,1.0,19438.0,10.887399549007759,1092.0,2211.5,15.124999999999986,118.625,230.25,103.375,166.0,19.25,218.25,83.0,2429.75
12026,6,1,1,3,34287.0,6194.0,547.0,244.0,1838.0,1577.0,1513.0,1364.0,408.0,1067.0,157,0.06170433433384681,1,38.78349458372925,-9.133641105074146,1.249000902703301e-16,-1.0,81.0,22,0,16.0,7.0,6602.0,10.92669359075441,2142.9375,387.125,34.1875,15.25,114.875,98.5625,94.5625,85.25,25.5,66.6875,412.625
12057,1,1,0,2,42276.0,10839.0,286.0,675.0,413.0,1552.0,194.0,1184.0,851.0,366.0,79,0.6975815708423703,0,38.73721964146212,-9.140824445278314,-0.2588190451025208,-0.9659258262890683,59.0,15,0,19.0,2.0,11690.0,11.16091107234222,2225.0526315789475,570.4736842105264,15.052631578947368,35.526315789473685,21.736842105263158,81.6842105263158,10.210526315789474,62.31578947368421,44.78947368421053,19.263157894736842,615.2631578947369
12080,1,1,1,1,11493.0,27833.0,1541.0,99.0,4.0,1363.0,1231.0,499.00000000000006,667.0,201.0,107,1.0,0,38.75503065537509,-9.154729046534127,-0.7071067811865472,-0.7071067811865479,58.0,17,0,7.0,2.0,28500.0,11.204115086898927,1641.857142857143,3976.1428571428573,220.14285714285714,14.142857142857142,0.5714285714285714,194.71428571428572,175.85714285714286,71.28571428571429,95.28571428571429,28.714285714285715,4071.4285714285716
12106,3,0,0,1,73855.0,2032.0,14.0,130.0,265.9999999999999,867.0,1202.0,147.0,582.0,234.0,11,0.5509597003720492,0,38.71070864803007,-9.117221670640108,-0.9659258262890683,-0.25881904510252063,84.0,15,1,5.0,3.0,2614.0,11.313791366116371,14771.0,406.4,2.8,26.0,53.199999999999974,173.4,240.4,29.4,116.4,46.8,522.8
12107,1,1,0,7,16735.0,1235.0,3337.0,882.0,272.0000000000001,57.0,43.0,923.0,116.0,637.0,130,0.2255605295902579,1,38.729947846570475,-9.18787586187308,0.8660254037844387,-0.49999999999999983,26.0,22,0,10.200000000000045,2.0,1351.0,10.149917850625528,1640.6862745097967,121.07843137254848,327.1568627450966,86.47058823529373,26.666666666666558,5.588235294117622,4.215686274509785,90.49019607843097,11.372549019607792,62.45098039215659,132.45098039215628
12133,0,0,0,1,10526.0,13226.0,77.00000000000011,344.0,1224.0,706.0,442.0,201.9999999999999,1515.0,1093.0,96,0.1996150651652751,1,38.7591304534169,-9.182910885179872,0.25881904510252096,-0.9659258262890682,51.0,12,0,10.0,0.0,14741.0,10.694147031910097,1052.6,1322.6,7.700000000000012,34.4,122.4,70.6,44.2,20.19999999999999,151.5,109.3,1474.1
12147,1,0,1,2,37030.0,10972.0,134.0,614.0,631.0,1096.0,165.0,8.0,554.0,257.0,416,0.6322794027050784,0,38.70815495118553,-9.135477288348415,1.0,5.551115123125783e-17,28.0,17,1,5.0,1.0,11526.0,11.0506995110403,7406.0,2194.4,26.8,122.8,126.2,219.2,33.0,1.6,110.8,51.4,2305.2
12204,5,2,1,1,43813.0,5124.0,435.0,1992.0,2108.0,2038.0,1842.0,444.0,399.0,469.0,345,0.2258040343077933,1,38.71805163527008,-9.122878395978502,1.249000902703301e-16,-1.0,68.0,17,1,16.0,7.0,5523.0,11.06957155631925,2738.3125,320.25,27.1875,124.5,131.75,127.375,115.125,27.75,24.9375,29.3125,345.1875
12302,1,0,0,2,61821.0,5539.0,998.0,352.0,509.0,840.0,26.000000000000114,1310.0,703.0,442.0,28,0.0772199333733084,0,38.78724588351369,-9.130402454048037,0.25881904510252096,-0.9659258262890682,30.0,15,1,5.0,1.0,6242.0,11.274452516530994,12364.2,1107.8,199.6,70.4,101.8,168.0,5.200000000000022,262.0,140.6,88.4,1248.4
12303,1,1,0,1,64178.0,16697.0,1433.0,507.0,739.0,630.0,1276.0,350.0,447.0,83.0,423,0.7724758374134464,0,38.7336832476276,-9.156177625896463,-0.8660254037844384,-0.5000000000000004,41.0,22,0,5.0,2.0,17144.0,11.54718195364832,12835.6,3339.4,286.6,101.4,147.8,126.0,255.2,70.0,89.4,16.6,3428.8
12316,2,2,3,2,61954.0,387.0000000000009,876.0,249.99999999999994,596.0,690.0,135.0,810.0,1476.0,600.0,46,0.5276964900388521,1,38.74304165896294,-9.149319158096644,-0.9659258262890683,-0.25881904510252063,83.0,15,0,9.0,4.0,1863.000000000001,11.151065674342785,6883.777777777777,43.0000000000001,97.33333333333333,27.77777777777777,66.22222222222223,76.66666666666667,15.0,90.0,164.0,66.66666666666667,207.0000000000001
12320,0,0,0,2,47579.0,11416.0,2564.0,700.0,908.0,519.0,774.0,137.9999999999999,572.0,241.0,170,0.6234415275217895,0,38.760394951111735,-9.117320790317187,0.8660254037844387,-0.49999999999999983,33.0,22,0,5.0,0.0,11988.0,11.25674205957782,9515.8,2283.2,512.8,140.0,181.6,103.8,154.8,27.599999999999977,114.4,48.2,2397.6
12328,0,1,1,1,9643.0,14870.0,21.0,507.0,1604.0,1198.0,569.0,58.0,1535.0,916.0,95,0.3450266650363378,1,38.73944883914521,-9.202130889903438,-0.25881904510252157,0.9659258262890681,63.0,12,0,13.0,1.0,16405.0,10.76483623614599,741.7692307692307,1143.8461538461538,1.6153846153846154,39.0,123.38461538461539,92.15384615384616,43.76923076923077,4.461538461538462,118.07692307692308,70.46153846153847,1261.923076923077
12419,1,0,1,2,69805.0,5003.0,258.0,529.0,327.0,779.0,2490.0,1113.0,332.0,401.0,295,0.7440743963238234,0,38.737368914545975,-9.177433100848996,-0.7071067811865477,0.7071067811865471,34.0,15,0,13.0,1.0,5335.0,11.366430405953848,5369.615384615385,384.84615384615387,19.846153846153847,40.69230769230769,25.153846153846153,59.92307692307692,191.53846153846155,85.61538461538461,25.53846153846154,30.846153846153847,410.38461538461536
12481,0,1,1,1,62481.0,23353.0,369.0,424.0,854.0,720.0,1065.0,438.0,580.0,347.0,108,1.0,0,38.77723117084845,-9.14517928334488,-0.9659258262890683,-0.25881904510252063,53.0,17,1,9.0,1.0,23933.0,11.648897626493444,6942.333333333333,2594.777777777778,41.0,47.111111111111114,94.88888888888889,80.0,118.33333333333333,48.666666666666664,64.44444444444444,38.55555555555556,2659.222222222222
12513,3,0,1,5,20196.0,3999.0,1194.0,871.0,1548.0,2838.0,1641.0,947.0,495.0,396.0,457,0.4334904343179462,1,38.718809640604825,-9.154280138138011,1.249000902703301e-16,-1.0,42.0,15,1,19.0,3.0,4494.0,10.561525555982506,1062.9473684210527,210.47368421052633,62.8421052631579,45.8421052631579,81.47368421052632,149.3684210526316,86.36842105263158,49.8421052631579,26.05263157894737,20.842105263157894,236.52631578947367
12549,1,1,1,2,23114.0,15898.0,806.0,386.0,481.0,1516.0,1804.0,994.0,366.0,139.0,454,0.5030513433432386,0,38.7819767579755,-9.185670637442948,-0.4999999999999998,-0.8660254037844388,46.0,17,0,5.0,2.0,16264.0,11.031156899470346,4622.8,3179.6,161.2,77.2,96.2,303.2,360.8,198.8,73.2,27.8,3252.8
12576,2,1,2,2,15116.0,1851.0,103.0,206.0,666.6,579.0,111.99999999999989,866.0,2052.0,247.0,105,0.08305112072714388,1,38.74837840035102,-9.15651786061177,-0.4999999999999998,-0.8660254037844388,30.0,12,0,5.0,3.0,3903.0,10.15434743308142,3023.2,370.2,20.6,41.2,133.32,115.8,22.399999999999977,173.2,410.4,49.4,780.6
12621,3,3,0,3,34319.0,3743.0,875.0,723.0,1838.0,2103.0,2415.0,517.0,714.8,804.0,408,0.2911557323400965,1,38.75563418412224,-9.166082562010486,0.49999999999999994,-0.8660254037844387,79.0,15,1,16.0,6.0,4457.8,10.868770332961597,2144.9375,233.9375,54.6875,45.1875,114.875,131.4375,150.9375,32.3125,44.675,50.25,278.6125
12633,0,5,0,1,15223.0,5718.0,875.0,315.0,1401.0,2455.0,1378.0,822.0,297.0,582.0,209,0.2174066426987421,1,38.77186772392032,-9.177595637797102,-0.2588190451025208,-0.9659258262890683,52.0,17,1,11.0,5.0,6015.0,10.465443457403726,1383.909090909091,519.8181818181819,79.54545454545455,28.636363636363637,127.36363636363636,223.1818181818182,125.27272727272727,74.72727272727273,27.0,52.90909090909091,546.8181818181819
12678,1,2,0,2,14765.999999999998,4489.0,868.0,614.0,1882.0,2345.0,2251.0,841.0,388.0,627.0,0,0.2328398701248607,1,38.78253912430861,-9.18703279342762,0.9659258262890684,-0.25881904510252063,37.0,22,1,11.0,3.0,4877.0,10.432614677472031,1342.3636363636363,408.09090909090907,78.9090909090909,55.81818181818182,171.0909090909091,213.1818181818182,204.63636363636363,76.45454545454545,35.27272727272727,57.0,443.3636363636364
12687,5,3,1,6,28870.0,4405.0,680.0,386.0,1671.0,1722.2,1728.0,725.0,1505.0,470.0,418,0.06213166850161689,1,38.76563838381645,-9.127493728293992,0.49999999999999994,-0.8660254037844387,37.0,22,1,7.0,8.0,5910.0,10.78048012825837,4124.285714285715,629.2857142857143,97.14285714285714,55.142857142857146,238.71428571428572,246.02857142857144,246.85714285714286,103.57142857142857,215.0,67.14285714285714,844.2857142857143
12689,0,0,1,2,72897.0,264.9999999999991,560.0,40.0,1417.0,1174.0,1425.0,1415.0,444.0,216.0,372,0.6091651188528281,0,38.74634838806544,-9.15581209474411,-0.8660254037844386,0.5000000000000001,68.0,22,0,5.0,0.0,708.9999999999991,11.296794766023805,14579.4,52.999999999999815,112.0,8.0,283.4,234.8,285.0,283.0,88.8,43.2,141.7999999999998
12940,6,6,0,2,25009.0,3595.0,1513.0,455.0,2340.0,2591.0,998.0,1104.0,347.0,262.0,307,0.1477992520570265,1,38.72249006787781,-9.180898014650833,0.7071067811865476,-0.7071067811865475,73.0,22,0,16.0,12.0,3942.0,10.649156023188173,1563.0625,224.6875,94.5625,28.4375,146.25,161.9375,62.375,69.0,21.6875,16.375,246.375
12943,0,1,4,2,1263.0,317.9999999999991,946.0,732.0,281.0,73.0,94.0,2628.0,208.0,752.0,46,0.1361625649166454,1,38.79008884803455,-9.107334465841756,-0.4999999999999998,-0.8660254037844388,34.0,22,1,9.0,1.0,525.9999999999991,8.964695555315458,140.33333333333334,35.33333333333323,105.11111111111111,81.33333333333333,31.22222222222222,8.11111111111111,10.444444444444445,292.0,23.11111111111111,83.55555555555556,58.44444444444434
13048,2,3,0,5,41181.0,6459.0,1256.0,1475.0,531.0,1572.0,1081.0,1458.0,444.0,75.0,283,0.1576416435682708,1,38.75910249996633,-9.145602866617104,0.49999999999999994,-0.8660254037844387,55.0,17,0,20.0,5.0,6903.0,11.041897311078303,2059.05,322.95,62.8,73.75,26.55,78.6,54.05,72.9,22.2,3.75,345.15
13195,4,0,0,1,31383.0,4300.0,1039.0,698.0,2353.0,1517.0,1052.0,971.0,250.0,585.0,87,0.09840110555813192,1,38.74374941933422,-9.192174489452569,0.25881904510252096,-0.9659258262890682,62.0,22,0,12.0,4.0,4550.0,10.793413774978955,2615.25,358.3333333333333,86.58333333333333,58.166666666666664,196.08333333333334,126.41666666666667,87.66666666666667,80.91666666666667,20.833333333333332,48.75,379.1666666666667
13199,3,1,1,2,33352.0,5785.0,763.0,942.0,1785.0,1617.0,1169.0,602.0,1714.0,93.0,317,0.2620277760755453,1,38.78586575478961,-9.180579723061102,1.249000902703301e-16,-1.0,70.0,17,1,10.0,4.0,7499.0,10.92092593841513,3335.2,578.5,76.3,94.2,178.5,161.7,116.9,60.2,171.4,9.3,749.9
13224,1,1,0,1,58359.0,5187.0,695.0,212.0,1417.0,1119.0,191.0,853.0,743.0,453.0,325,0.573869232522971,0,38.78679227082983,-9.193862253432032,-0.4999999999999998,-0.8660254037844388,26.0,22,0,5.0,2.0,5930.0,11.227374453527402,11671.8,1037.4,139.0,42.4,283.4,223.8,38.2,170.6,148.6,90.6,1186.0
13253,1,1,1,4,2220.0,1247.0,1228.0,833.0,196.0000000000001,374.0,199.0,2579.0,1604.0,609.0,55,0.1981221218186226,1,38.76943466747335,-9.151736898581207,-0.7071067811865472,-0.7071067811865479,52.0,15,1,8.0,2.0,2851.0,9.542589417753089,277.5,155.875,153.5,104.125,24.500000000000014,46.75,24.875,322.375,200.5,76.125,356.375
13335,2,5,1,5,13604.0,4054.0,1569.0,608.0,775.0,1337.0,887.0,973.0,1932.0,676.0,478,0.2607929609579549,1,38.72750979178665,-9.16436055081364,0.49999999999999994,-0.8660254037844387,80.0,17,0,20.0,7.0,5986.0,10.385975428270363,680.2,202.7,78.45,30.4,38.75,66.85,44.35,48.65,96.6,33.8,299.3
13340,0,1,2,2,7800.0,19983.0,691.0,449.0,727.0,859.0,840.0,344.0,621.0,353.0,164,1.0,0,38.77376907274644,-9.181254172196867,0.8660254037844387,-0.49999999999999983,75.0,17,0,10.0,1.0,20604.0,10.883166143790458,780.0,1998.3,69.1,44.9,72.7,85.9,84.0,34.4,62.1,35.3,2060.4
13365,1,1,0,2,41294.0,12158.0,725.0,368.0,449.0,1281.0,346.0,238.0,388.0,203.0,313,1.0,0,38.77591908308123,-9.138150834749258,-0.2628626279736929,-0.43460652149512324,49.0,22,1,13.0,2.0,12546.0,11.156207662970246,3176.4615384615386,935.2307692307693,55.76923076923077,28.307692307692307,34.53846153846154,98.53846153846153,26.615384615384617,18.307692307692307,29.846153846153847,15.615384615384615,965.0769230769231
13419,4,3,1,3,23450.0,4899.0,42.0,442.0,1538.0,2587.0,1908.0,662.0,478.0,512.0,501,0.1781619400046718,1,38.76558374226006,-9.183744692219744,0.7071067811865476,-0.7071067811865475,63.0,15,0,12.0,7.0,5377.0,10.642945635959324,1954.1666666666667,408.25,3.5,36.833333333333336,128.16666666666666,215.58333333333334,159.0,55.166666666666664,39.833333333333336,42.666666666666664,448.0833333333333
13541,1,0,1,2,26437.0,1800.0,556.0,400.0,67.0,988.0,1189.0,411.0,1936.0,124.0,123,0.09120496070678702,1,38.76009514525155,-9.163515443251208,0.8660254037844387,-0.49999999999999983,36.0,22,1,14.0,1.0,3736.0,10.535955422284223,1888.357142857143,128.57142857142858,39.714285714285715,28.571428571428573,4.785714285714286,70.57142857142857,84.92857142857143,29.357142857142858,138.28571428571428,8.857142857142858,266.85714285714283
13546,1,0,0,1,81320.0,9777.0,1196.0,129.0,756.0,1002.0,1066.0,231.0,563.0,410.0,98,0.403085250647526,0,38.77955969186983,-9.132577487611709,-0.2588190451025208,-0.9659258262890683,61.0,17,1,5.0,1.0,10340.0,11.578628932294423,16264.0,1955.4,239.2,25.8,151.2,200.4,213.2,46.2,112.6,82.0,2068.0
13597,0,0,1,1,241.99999999999636,14017.0,116.0,499.0,1927.0,1096.0,1167.0,358.0,1987.4,733.0,37,0.2319242743588199,1,38.722349241626496,-9.191556422187997,-0.9659258262890683,0.2588190451025203,76.0,12,0,8.0,0.0,16004.4,10.549223367946253,30.249999999999545,1752.125,14.5,62.375,240.875,137.0,145.875,44.75,248.425,91.625,2000.55
13604,5,2,0,1,42571.0,5259.0,595.0,834.0,1877.0,2595.0,717.0,1283.0,492.0,170.0,363,0.232656541851958,1,38.734479571320755,-9.160022432206883,0.49999999999999994,-0.8660254037844387,71.0,17,0,23.0,7.0,5751.0,11.037225643179612,1850.9130434782608,228.65217391304347,25.869565217391305,36.26086956521739,81.6086956521739,112.82608695652173,31.17391304347826,55.78260869565217,21.391304347826086,7.391304347826087,250.04347826086956
13616,4,1,2,5,57673.0,4624.0,1121.0,633.0,887.0,1753.0,463.0,945.0,316.0,139.0,335,0.2227575987475405,1,38.737662871790555,-9.144583274674533,0.7071067811865476,-0.7071067811865475,78.0,22,1,16.0,5.0,4940.0,11.204972655676087,3604.5625,289.0,70.0625,39.5625,55.4375,109.5625,28.9375,59.0625,19.75,8.6875,308.75
13673,0,0,2,5,19811.0,5048.0,418.0,837.0,2585.0,1455.0,788.0,1232.0,1775.0,453.0,301,0.2598734293294735,1,38.78129551903217,-9.134187035912865,1.249000902703301e-16,-1.0,43.0,22,0,11.0,0.0,6823.0,10.62682440425913,1801.0,458.90909090909093,38.0,76.0909090909091,235.0,132.27272727272728,71.63636363636364,112.0,161.36363636363637,41.18181818181818,620.2727272727273
13688,5,0,1,4,30151.0,5322.0,579.0,1070.0,885.0,1474.0,2496.0,539.0,493.00000000000006,292.0,247,0.2751481886321801,1,38.76881394657897,-9.18668581071022,0.25881904510252096,-0.9659258262890682,64.0,22,0,16.0,5.0,5815.0,10.80196048603731,1884.4375,332.625,36.1875,66.875,55.3125,92.125,156.0,33.6875,30.812500000000004,18.25,363.4375
13701,2,0,1,3,31103.0,5742.0,191.0,294.0,827.0,649.0,523.0,1703.0,294.0,850.0,185,0.6304429665729898,1,38.73693135953466,-9.17357480803628,1.249000902703301e-16,-1.0,52.0,15,0,19.0,2.0,6036.0,10.78338397321718,1637.0,302.2105263157895,10.052631578947368,15.473684210526315,43.526315789473685,34.1578947368421,27.526315789473685,89.63157894736842,15.473684210526315,44.73684210526316,317.6842105263158
13797,4,4,2,1,13900.0,5741.0,698.0,985.0,1619.0,1692.0,1864.0,718.0,2332.0,392.0,185,0.3611562147134597,1,38.73935648451539,-9.184677550744032,0.8660254037844387,-0.49999999999999983,66.0,15,0,7.0,8.0,8073.0,10.545736097662537,1985.7142857142858,820.1428571428571,99.71428571428571,140.71428571428572,231.28571428571428,241.71428571428572,266.2857142857143,102.57142857142857,333.14285714285717,56.0,1153.2857142857142
13819,0,0,2,1,1404.0,12371.0,9.0,434.0,1300.0,1014.0,1345.0,260.0,3455.0,246.0,127,0.2892602350967267,1,38.742142762455465,-9.182647752161763,-0.25881904510252157,0.9659258262890681,28.0,12,0,7.0,0.0,15826.0,10.536486560259796,200.57142857142858,1767.2857142857142,1.2857142857142858,62.0,185.71428571428572,144.85714285714286,192.14285714285714,37.142857142857146,493.57142857142856,35.142857142857146,2260.8571428571427
13866,1,1,1,6,15403.000000000002,1919.0,158.0,86.0,438.0,736.0,508.0,959.0,2020.0,330.0,52,0.9798659949079707,0,38.74126853067004,-9.14128934422742,-0.4999999999999998,-0.8660254037844388,52.0,22,1,5.0,2.0,3939.0,10.184786798018687,3080.6000000000004,383.8,31.6,17.2,87.6,147.2,101.6,191.8,404.0,66.0,787.8
13881,1,1,1,5,9454.0,1422.0,1401.0,445.0,170.0,17.0,90.00000000000011,2980.0,2116.0,682.0,113,0.09391887851007918,1,38.783634240117166,-9.165570182144602,0.49999999999999994,-0.8660254037844387,63.0,17,0,9.0,2.0,3538.0,10.01305918896542,1050.4444444444443,158.0,155.66666666666666,49.44444444444444,18.88888888888889,1.8888888888888888,10.000000000000012,331.1111111111111,235.11111111111111,75.77777777777777,393.1111111111111
14074,5,5,0,4,20438.0,8220.0,1314.0,1332.0,1420.0,1545.0,839.0,911.0,1299.0,294.0,152,0.19117468573845803,1,38.715817584699096,-9.125231912692174,1.249000902703301e-16,-1.0,82.0,22,0,16.0,10.0,9519.0,10.76070745483323,1277.375,513.75,82.125,83.25,88.75,96.5625,52.4375,56.9375,81.1875,18.375,594.9375
14129,5,1,1,2,24464.0,5446.0,487.0,1556.0,2091.0,2101.0,2315.0,1576.0,538.0,390.0,246,0.1966416394165199,1,38.72734063967025,-9.159077602338265,1.249000902703301e-16,-1.0,70.0,22,0,7.0,6.0,5984.0,10.75681718515505,3494.8571428571427,778.0,69.57142857142857,222.28571428571428,298.7142857142857,300.14285714285717,330.7142857142857,225.14285714285714,76.85714285714286,55.714285714285715,854.8571428571429
14166,1,1,2,3,19889.0,2885.9999999999995,1304.0,501.0,1755.0,1634.0,1247.0,1092.0,452.00000000000006,637.0,548,0.2371206760680807,1,38.71364449504971,-9.18578155636576,0.25881904510252096,-0.9659258262890682,84.0,15,1,9.0,2.0,3337.9999999999995,10.455531892118072,2209.8888888888887,320.66666666666663,144.88888888888889,55.666666666666664,195.0,181.55555555555554,138.55555555555554,121.33333333333333,50.22222222222223,70.77777777777777,370.88888888888886
14196,2,0,0,6,34650.0,4554.0,808.0,1032.0,1536.0,922.0,2416.0,750.0,444.0,326.0,249,0.1192553665041616,1,38.74079904341371,-9.174633419294643,-0.2588190451025208,-0.9659258262890683,30.0,17,0,3.0,2.0,4998.0,10.867367728003197,11550.0,1518.0,269.3333333333333,344.0,512.0,307.3333333333333,805.3333333333334,250.0,148.0,108.66666666666667,1666.0
14274,8,0,1,5,28903.0,4234.0,676.0,1347.0,2745.0,1649.0,1552.0,1016.0,350.0,95.0,258,0.07683063119006611,1,38.738716369198094,-9.123462415985774,-0.2588190451025208,-0.9659258262890683,52.0,22,0,16.0,8.0,4584.0,10.761131704977476,1806.4375,264.625,42.25,84.1875,171.5625,103.0625,97.0,63.5,21.875,5.9375,286.5
14309,2,3,0,10,19630.0,5108.0,1464.0,1489.0,1754.0,2467.0,1528.0,818.0,341.0,124.0,295,0.1574488832084729,0,38.709174102899624,-9.181219213784702,1.249000902703301e-16,-1.0,54.0,22,0,9.0,5.0,5449.0,10.600950407163676,2181.1111111111113,567.5555555555555,162.66666666666666,165.44444444444446,194.88888888888889,274.1111111111111,169.77777777777777,90.88888888888889,37.888888888888886,13.777777777777779,605.4444444444445
14372,1,1,4,2,48252.0,1958.0,417.0,954.0,940.0,1200.0,35.0,2804.0,316.0,383.0,282,0.1552330085674008,1,38.72308946367912,-9.175817234735868,-0.4999999999999998,-0.8660254037844388,62.0,17,0,18.0,2.0,2274.0,10.994302856902014,2680.6666666666665,108.77777777777777,23.166666666666668,53.0,52.22222222222222,66.66666666666667,1.9444444444444444,155.77777777777777,17.555555555555557,21.27777777777778,126.33333333333333
14396,2,2,0,3,9589.0,89.0,1692.0,864.0,119.00000000000011,336.0,66.0,2132.0,70.99999999999989,870.0,154,0.1555313053827661,1,38.76621109963292,-9.168188866716878,0.8660254037844387,-0.49999999999999983,46.0,22,1,5.0,4.0,159.9999999999999,9.67965626478542,1917.8,17.8,338.4,172.8,23.800000000000022,67.2,13.2,426.4,14.199999999999978,174.0,31.99999999999998
14443,1,0,0,2,9093.0,13148.0,1903.0,909.0,90.99999999999989,1082.0,42.000000000000114,535.0,742.0,581.0,73,1.0,0,38.76865650915078,-9.144335999784944,-0.5000000000000004,0.8660254037844385,43.0,15,0,5.0,1.0,13890.0,10.645829577276265,1818.6,2629.6,380.6,181.8,18.199999999999978,216.4,8.400000000000023,107.0,148.4,116.2,2778.0
14536,3,1,1,2,26235.0,15256.0,1428.0,574.0,2.0,1054.0,706.0,273.0,93.00000000000011,212.0,101,0.1790826585338939,0,38.77312578938386,-9.133696877275057,-0.25881904510252157,0.9659258262890681,35.0,22,0,5.0,4.0,15349.0,11.021624652135246,5247.0,3051.2,285.6,114.8,0.4,210.8,141.2,54.6,18.600000000000023,42.4,3069.8
14598,0,0,1,1,4588.0,7293.0,190.0,750.0,1308.0,310.0000000000001,1025.0,92.99999999999989,2875.0,500.0,246,0.3371720460326793,1,38.73493885898977,-9.15669773511153,-0.9659258262890683,0.2588190451025203,75.0,12,1,7.0,0.0,10168.0,10.278527816830314,655.4285714285714,1041.857142857143,27.142857142857142,107.14285714285714,186.85714285714286,44.2857142857143,146.42857142857142,13.285714285714269,410.7142857142857,71.42857142857143,1452.5714285714287
14668,1,1,0,1,8128.0,61.0,1481.0,648.0,100.0,174.0,5.0,2249.0,2009.0,369.0,100,0.0919001686815259,1,38.78314295258075,-9.07310797233016,0.7071067811865476,-0.7071067811865475,70.0,15,0,12.0,2.0,2070.0,9.758172721371269,677.3333333333334,5.083333333333333,123.41666666666667,54.0,8.333333333333334,14.5,0.4166666666666667,187.41666666666666,167.41666666666666,30.75,172.5
14669,1,1,1,4,15294.0,6120.0,329.0,452.0,1123.0,1014.0,425.0,746.0,2289.0,441.0,250,0.464306504191189,1,38.76180799265547,-9.134263514084244,0.8660254037844387,-0.49999999999999983,82.0,22,0,16.0,2.0,8409.0,10.508977693165527,955.875,382.5,20.5625,28.25,70.1875,63.375,26.5625,46.625,143.0625,27.5625,525.5625
14703,1,1,0,7,12234.0,3782.0,1827.0,597.0,396.0,251.80000000000007,26.000000000000114,561.0,186.0,900.0,51,0.013248188318379595,1,38.75033125093632,-9.144195957315745,-0.7071067811865472,-0.7071067811865479,49.0,15,1,11.0,2.0,3968.0,10.115764273139451,1112.1818181818182,343.8181818181818,166.0909090909091,54.27272727272727,36.0,22.890909090909098,2.363636363636374,51.0,16.90909090909091,81.81818181818181,360.72727272727275
14777,1,0,1,2,35711.0,5215.0,457.0,1247.0,2257.0,1107.0,1829.0,1153.0,1855.0,98.0,202,0.2770468632584919,1,38.77988968981023,-9.19343055896815,0.7071067811865476,-0.7071067811865475,74.0,15,0,5.0,1.0,7070.0,10.968198289528557,7142.2,1043.0,91.4,249.4,451.4,221.4,365.8,230.6,371.0,19.6,1414.0
14800,0,1,1,3,23789.0,1434.0,320.00000000000006,1671.0,563.0,1314.0,1064.0,715.0,152.0,370.0,151,0.6414460166229612,1,38.71759928031205,-9.127684771862672,0.8660254037844387,-0.49999999999999983,49.0,22,1,14.0,1.0,1586.0,10.403626274246973,1699.2142857142858,102.42857142857143,22.85714285714286,119.35714285714286,40.214285714285715,93.85714285714286,76.0,51.07142857142857,10.857142857142858,26.428571428571427,113.28571428571429
14808,1,1,1,1,74425.0,3038.9999999999995,223.0,438.0,836.0,984.0,990.0,1199.0,912.0,345.0,115,0.8683286319204297,0,38.77673943872503,-9.165650767662784,-0.9659258262890683,-0.25881904510252063,43.0,22,1,5.0,2.0,3950.9999999999995,11.377598174972668,14885.0,607.8,44.6,87.6,167.2,196.8,198.0,239.8,182.4,69.0,790.1999999999999
14858,1,4,1,3,47738.0,4869.0,979.0,1064.0,1555.0,2107.0,1505.0,528.0,991.0,958.0,343,0.3120280850141197,1,38.76458106729072,-9.171640004595163,0.49999999999999994,-0.8660254037844387,49.0,17,0,15.0,5.0,5860.0,11.129539802004944,3182.5333333333333,324.6,65.26666666666667,70.93333333333334,103.66666666666667,140.46666666666667,100.33333333333333,35.2,66.06666666666666,63.86666666666667,390.6666666666667
14871,0,0,1,2,22598.0,23109.0,183.0,382.0,278.0000000000001,632.0,1052.0,736.0,405.0,318.0,145,0.029541134134755787,0,38.76972088582311,-9.147339266204405,-0.7071067811865477,0.7071067811865471,85.0,17,0,19.0,0.0,23514.0,11.201059983595215,1189.3684210526317,1216.2631578947369,9.631578947368421,20.105263157894736,14.631578947368427,33.26315789473684,55.36842105263158,38.73684210526316,21.31578947368421,16.736842105263158,1237.578947368421
14924,2,1,2,4,38876.0,1201.0,303.0,1049.0,314.9999999999999,473.0,197.0,171.9999999999999,30.0,859.0,200,0.5745464712615846,0,38.798074365466285,-9.127889420796288,1.0,5.551115123125783e-17,76.0,22,0,15.0,3.0,1231.0,10.707885367893804,2591.733333333333,80.06666666666666,20.2,69.93333333333334,20.999999999999993,31.533333333333335,13.133333333333333,11.46666666666666,2.0,57.266666666666666,82.06666666666666
14935,0,1,0,6,23634.0,2948.0,549.0,117.0,2274.0,536.0,43.0,394.0,331.0,347.0,227,0.2673953504188031,0,38.74374482602394,-9.1191458089633,0.5181540550352057,-0.8009967675098244,64.0,15,1,7.0,1.0,3279.0,10.447351355378917,3376.285714285714,421.14285714285717,78.42857142857143,16.714285714285715,324.85714285714283,76.57142857142857,6.142857142857143,56.285714285714285,47.285714285714285,49.57142857142857,468.42857142857144
14978,3,5,0,1,12903.0,5338.0,731.0,1319.0,2976.0,1490.0,1350.0,995.0,549.0,345.0,328,0.07726816653331509,1,38.72551953026605,-9.163752938537904,0.7071067811865476,-0.7071067811865475,67.0,22,1,8.0,8.0,5887.0,10.430698205551442,1612.875,667.25,91.375,164.875,372.0,186.25,168.75,124.375,68.625,43.125,735.875
14999,0,0,2,1,3325.0,8445.0,310.0,584.0,848.0,807.0,1205.0,135.0,2660.0,89.0,195,0.1805569877758046,1,38.762740658628715,-9.148238256482957,-0.25881904510252157,0.9659258262890681,36.0,12,1,5.0,0.0,11105.0,10.292620006023395,665.0,1689.0,62.0,116.8,169.6,161.4,241.0,27.0,532.0,17.8,2221.0
15011,1,2,1,1,23001.0,5619.0,706.0,77.0,1106.0,599.0,1047.0,275.0,1646.0,395.0,145,0.3431642136613891,0,38.72354282021036,-9.119627228524852,-0.4999999999999998,-0.8660254037844388,79.0,22,0,11.0,3.0,7265.0,10.639143304545533,2091.0,510.8181818181818,64.18181818181819,7.0,100.54545454545455,54.45454545454545,95.18181818181819,25.0,149.63636363636363,35.90909090909091,660.4545454545455
15109,0,1,0,6,15172.0,1590.0,1313.0,255.0,66.0,89.0,2.0,726.0,1737.0,546.0,161,0.13931717623537992,1,38.75733953761388,-9.16706025658386,1.0,5.551115123125783e-17,27.0,17,1,8.0,1.0,3327.0,10.119566206128216,1896.5,198.75,164.125,31.875,8.25,11.125,0.25,90.75,217.125,68.25,415.875
15122,1,1,2,2,8513.0,18680.0,523.0,296.0,93.0,1305.0,1087.0,1200.0,817.0,26.0,275,0.5185111695617389,0,38.76037740790667,-9.18997980195161,-0.4999999999999998,-0.8660254037844388,82.0,17,0,12.0,2.0,19497.0,10.859729499912511,709.4166666666666,1556.6666666666667,43.583333333333336,24.666666666666668,7.75,108.75,90.58333333333333,100.0,68.08333333333333,2.1666666666666665,1624.75
15162,1,1,1,5,70865.0,4405.0,293.0,631.0,683.0,1435.0,1279.0,2517.0,297.0,307.0,236,0.8973991013414373,1,38.72274512895449,-9.149070947846266,1.249000902703301e-16,-1.0,25.0,22,1,9.799999999999955,2.0,4702.0,11.37842217163175,7231.122448979625,449.48979591836945,29.89795918367361,64.38775510204111,69.69387755102073,146.4285714285721,130.51020408163325,256.8367346938787,30.306122448979732,31.326530612245044,479.79591836734915
15170,1,0,0,5,26229.0,2134.0,776.0,179.0,460.0,466.0,242.0,321.0,142.0,900.0,342,0.6447950697729543,0,38.77857683824644,-9.130916374643132,-0.8660254037844384,-0.5000000000000004,75.0,15,1,5.0,1.0,2276.0,10.43781483608721,5245.8,426.8,155.2,35.8,92.0,93.2,48.4,64.2,28.4,180.0,455.2
15202,2,1,0,3,5343.999999999996,336.0,978.0,741.0,111.0,375.0,42.000000000000114,2266.0,18.000000000000114,928.0,115,0.15448311659757563,1,38.780486626793866,-9.109150599714477,1.0,5.551115123125783e-17,25.0,17,0,8.0,3.0,354.0000000000001,9.349580439067687,667.9999999999995,42.0,122.25,92.625,13.875,46.875,5.250000000000014,283.25,2.250000000000014,116.0,44.250000000000014
15207,3,0,0,3,51972.0,4428.0,484.0,530.0,411.0,1066.0,551.0,664.0,262.0,205.0,385,0.2567522439899383,1,38.72626029320065,-9.13444078815382,-0.8660254037844386,0.5000000000000001,38.0,15,1,17.0,3.0,4690.0,11.08619586155734,3057.176470588235,260.47058823529414,28.470588235294116,31.176470588235293,24.176470588235293,62.705882352941174,32.411764705882355,39.05882352941177,15.411764705882353,12.058823529411764,275.88235294117646
15226,2,2,2,5,17023.0,4700.0,1565.0,639.0,1484.0,2334.0,1482.0,701.0,495.0,130.0,77,0.3872500242833058,1,38.71976445894164,-9.14022990119662,0.49999999999999994,-0.8660254037844387,32.0,22,1,5.0,4.0,5195.0,10.484277575702958,3404.6,940.0,313.0,127.8,296.8,466.8,296.4,140.2,99.0,26.0,1039.0
15234,2,2,3,2,57843.0,2759.9999999999995,296.0,343.0,1342.0,418.0000000000001,315.0,1001.0,41.0,498.0,76,0.1943908971145856,1,38.77182065428354,-9.197467704057042,-0.4999999999999998,-0.8660254037844388,85.0,12,1,16.0,4.0,2800.9999999999995,11.122235662444218,3615.1875,172.49999999999997,18.5,21.4375,83.875,26.125000000000007,19.6875,62.5625,2.5625,31.125,175.06249999999997
15284,0,2,0,1,7773.0,12052.0,106.0,1170.0,927.0,1217.0,956.4,258.0,1186.0,68.0,132,0.3942474603572417,1,38.76083565444836,-9.188215374435144,-0.9659258262890683,-0.25881904510252063,26.0,12,1,9.0,2.0,13238.0,10.570095666858897,863.6666666666666,1339.111111111111,11.777777777777779,130.0,103.0,135.22222222222223,106.26666666666667,28.666666666666668,131.77777777777777,7.555555555555555,1470.888888888889
15379,2,1,1,2,12268.0,1166.0,1528.0,760.0,90.0,121.0,91.0,1099.0,2004.0,438.0,120,0.14661793175697083,1,38.7776492877201,-9.147346436578736,0.9659258262890684,-0.25881904510252063,82.0,22,1,10.0,3.0,3170.0,10.031704850336881,1226.8,116.6,152.8,76.0,9.0,12.1,9.1,109.9,200.4,43.8,317.0
15400,1,0,1,4,73045.0,3399.0,296.0,732.0,827.0,1144.0,1191.0,120.0,423.0,260.0,155,0.542325787468311,1,38.74802598220353,-9.12040253132592,-0.4999999999999998,-0.8660254037844388,85.0,22,0,21.0,1.0,3822.0,11.353460690319201,3478.3333333333335,161.85714285714286,14.095238095238095,34.857142857142854,39.38095238095238,54.476190476190474,56.714285714285715,5.714285714285714,20.142857142857142,12.380952380952381,182.0
15478,0,0,1,5,13148.000000000002,162.0,758.0,133.0,166.0,1161.0,292.0,747.0,11.000000000000114,1080.0,53,1.0,1,38.78378785144666,-9.143020367460014,-0.8660254037844384,-0.5000000000000004,48.0,12,1,16.0,0.0,173.0000000000001,9.788749875065704,821.7500000000001,10.125,47.375,8.3125,10.375,72.5625,18.25,46.6875,0.6875000000000071,67.5,10.812500000000007
15508,0,0,1,1,63616.0,6704.0,432.0,8.0,580.0,1207.0,1160.0,813.0,471.0,400.0,79,0.4726164044756448,0,38.759422144457965,-9.176231362370071,0.7071067811865476,-0.7071067811865475,80.0,15,1,5.0,0.0,7175.0,11.321365363942895,12723.2,1340.8,86.4,1.6,116.0,241.4,232.0,162.6,94.2,80.0,1435.0
15521,2,1,0,3,14099.0,122.0,2087.0,748.0,3.0,79.0,31.999999999999886,1783.0,164.0,923.0,137,0.3680007248577217,1,38.76648452579646,-9.121883458759148,-0.2588190451025208,-0.9659258262890683,79.0,22,1,11.0,3.0,286.0,9.919705330558962,1281.7272727272727,11.090909090909092,189.72727272727272,68.0,0.2727272727272727,7.181818181818182,2.909090909090899,162.0909090909091,14.909090909090908,83.9090909090909,26.0
15545,1,6,2,1,13761.0,4918.0,797.0,913.0,1178.0,2316.0,371.0,694.0,421.0,455.0,371,0.3498460292648866,1,38.73443867386069,-9.134996649659843,0.8660254037844387,-0.49999999999999983,26.0,17,0,14.799999999999955,7.0,5339.0,10.34701886145075,929.7972972973001,332.2972972972983,53.85135135135152,61.68918918918938,79.59459459459484,156.48648648648697,25.067567567567643,46.89189189189204,28.445945945946033,30.743243243243338,360.74324324324436
15546,2,3,1,5,3615.0,2657.0,323.0,414.0,1428.0,1036.0,403.0,230.0,1426.0,84.0,1,0.868302504360968,0,38.80115665234403,-9.203519955815205,-0.25881904510252157,0.9659258262890681,84.0,17,1,7.0,5.0,4083.0,9.6614159913364,516.4285714285714,379.57142857142856,46.142857142857146,59.142857142857146,204.0,148.0,57.57142857142857,32.857142857142854,203.71428571428572,12.0,583.2857142857143
15552,1,1,0,3,38036.0,2061.0,432.0,582.0,800.0,876.0,1409.0,2916.0,234.0,467.0,250,1.0,1,38.72806431828339,-9.183119278644682,0.7071067811865476,-0.7071067811865475,73.0,22,0,15.0,2.0,2295.0,10.821955911658057,2535.733333333333,137.4,28.8,38.8,53.333333333333336,58.4,93.93333333333334,194.4,15.6,31.133333333333333,153.0
15601,1,2,3,2,63162.0,6.0,156.0,431.0,685.0,1628.0,956.0,658.0,460.0,459.0,57,0.3600539242042344,1,38.76990018615051,-9.193870821630512,-0.8660254037844384,-0.5000000000000004,72.0,12,0,7.0,3.0,466.0,11.14284680553232,9023.142857142857,0.8571428571428571,22.285714285714285,61.57142857142857,97.85714285714286,232.57142857142858,136.57142857142858,94.0,65.71428571428571,65.57142857142857,66.57142857142857
15603,0,1,1,1,8656.0,8416.0,298.0,697.0,1173.0,899.0,943.0,302.0,3510.0,416.0,54,0.3432917922531169,1,38.74319279691653,-9.185397391950971,0.8660254037844387,-0.49999999999999983,61.0,12,0,8.0,1.0,11926.0,10.525058169606785,1082.0,1052.0,37.25,87.125,146.625,112.375,117.875,37.75,438.75,52.0,1490.75
15708,0,4,1,1,27818.0,5506.2,1296.0,1044.0,1860.0,2339.0,2189.0,1001.0,540.0,103.0,320,0.2358561032515643,1,38.78495059077571,-9.176256258473868,0.49999999999999994,-0.8660254037844387,25.0,15,0,11.799999999999955,4.0,6046.2,10.8146330704696,2357.4576271186534,466.6271186440696,109.83050847457669,88.47457627118678,157.62711864406842,198.22033898305162,185.5084745762719,84.8305084745766,45.76271186440695,8.728813559322068,512.3898305084765
15722,3,1,0,3,13739.999999999998,1401.0,1587.0,790.0,178.9999999999999,44.0,226.9999999999999,2071.0,6.0,1033.0,108,0.20197739570555237,1,38.73721800203041,-9.115770510578546,1.0,5.551115123125783e-17,85.0,22,1,5.0,4.0,1407.0,10.020648172309706,2747.9999999999995,280.2,317.4,158.0,35.799999999999976,8.8,45.39999999999998,414.2,1.2,206.6,281.4
15738,0,0,1,2,8708.0,6492.0,404.0,712.0,1494.0,1087.0,311.0,345.0,3291.0,221.0,43,0.2566550578306312,1,38.72675918461323,-9.144334485969908,-0.7071067811865477,0.7071067811865471,69.0,12,1,9.0,0.0,9783.0,10.399676582049104,967.5555555555555,721.3333333333334,44.888888888888886,79.11111111111111,166.0,120.77777777777777,34.55555555555556,38.333333333333336,365.6666666666667,24.555555555555557,1087.0
15831,3,1,0,3,17243.0,202.0,362.0,122.0,381.0,877.0,1209.0,1311.0,1566.0,736.0,211,0.1696492772025659,1,38.76644065930847,-9.172887019095365,1.0,5.551115123125783e-17,69.0,22,1,13.0,4.0,1768.0,10.157276693964725,1326.3846153846155,15.538461538461538,27.846153846153847,9.384615384615385,29.307692307692307,67.46153846153847,93.0,100.84615384615384,120.46153846153847,56.61538461538461,136.0
15861,1,1,0,1,18838.0,1229.0,2057.0,287.0,483.0,49.0,70.0,295.0,1886.0,138.0,102,0.07872582235487263,1,38.73273400613201,-9.15318918527058,0.8660254037844387,-0.49999999999999983,26.0,15,1,9.0,2.0,3115.0,10.255833138313632,2093.1111111111113,136.55555555555554,228.55555555555554,31.88888888888889,53.666666666666664,5.444444444444445,7.777777777777778,32.77777777777778,209.55555555555554,15.333333333333334,346.1111111111111
15885,0,0,1,1,48193.0,10087.0,326.0,313.0,509.0,1243.0,1600.0,1541.0,722.0,546.0,63,0.4651742924155113,0,38.72934769125644,-9.171829736195996,-0.8660254037844384,-0.5000000000000004,77.0,17,0,10.0,0.0,10809.0,11.237040202397958,4819.3,1008.7,32.6,31.3,50.9,124.3,160.0,154.1,72.2,54.6,1080.9
15959,1,1,0,2,20023.0,5257.0,522.0,1173.0,1742.0,740.0,1453.0,392.0,2230.0,754.0,243,0.1394587988543736,0,38.764814546951655,-9.130940282199434,0.25881904510252096,-0.9659258262890682,45.0,22,1,14.0,2.0,7487.0,10.640029415415263,1430.2142857142858,375.5,37.285714285714285,83.78571428571429,124.42857142857143,52.857142857142854,103.78571428571429,28.0,159.28571428571428,53.857142857142854,534.7857142857143
15986,4,3,0,1,5198.0,4333.0,627.0,1198.0,2370.0,1206.0,566.0,1524.0,449.99999999999994,58.0,344,0.3700082486648632,1,38.7754852412125,-9.163643818424124,0.49999999999999994,-0.8660254037844387,69.0,17,0,5.0,7.0,4783.0,10.012969563153126,1039.6,866.6,125.4,239.6,474.0,241.2,113.2,304.8,89.99999999999999,11.6,956.6
16004,0,1,0,1,6727.000000000004,17287.0,334.0,1486.0,1105.0,1381.0,789.0,345.0,1401.0,264.0,6,0.1340393303270853,1,38.75931822892595,-9.160385484130089,-0.8660254037844386,0.5000000000000001,32.0,12,0,14.0,1.0,18688.0,10.81593089268139,480.5000000000003,1234.7857142857142,23.857142857142858,106.14285714285714,78.92857142857143,98.64285714285714,56.357142857142854,24.642857142857142,100.07142857142857,18.857142857142858,1334.857142857143
16030,1,1,1,2,7105.0,10597.0,756.0,953.0,804.0,1459.0,935.0,1046.0,1278.8,329.0,367,0.8078875217098097,0,38.751974105624086,-9.168839298511031,-0.9659258262890683,-0.25881904510252063,77.0,17,1,8.0,2.0,11875.8,10.522439064789465,888.125,1324.625,94.5,119.125,100.5,182.375,116.875,130.75,159.85,41.125,1484.475
16068,0,1,1,4,37621.0,2912.0,233.0,853.0,425.0,1350.0,795.0,1754.0,2009.0,439.0,351,0.7219831222221723,1,38.714171079976886,-9.138092174910486,1.249000902703301e-16,-1.0,28.0,22,0,0.0,1.0,4921.0,10.883935482853596,37621.0,2912.0,233.0,853.0,425.0,1350.0,795.0,1754.0,2009.0,439.0,4921.0
16220,0,0,1,4,3181.0,340.0,1498.0,458.0,98.00000000000011,90.0,10.000000000000114,1852.0,2020.0,485.0,191,0.1952231356718913,1,38.73873597716603,-9.181268315545662,1.249000902703301e-16,-1.0,68.0,15,1,14.0,0.0,2360.0,9.424887076064874,227.21428571428572,24.285714285714285,107.0,32.714285714285715,7.000000000000008,6.428571428571429,0.7142857142857224,132.28571428571428,144.28571428571428,34.642857142857146,168.57142857142858
16235,6,4,2,4,33696.0,8277.0,52.0,695.0,1159.0,1972.0,606.0,1165.0,404.0,1077.0,321,0.1396420679216622,1,38.71675211545792,-9.117212106305528,0.8660254037844387,-0.49999999999999983,36.0,15,0,15.0,10.0,8681.0,10.964484505409542,2246.4,551.8,3.466666666666667,46.333333333333336,77.26666666666667,131.46666666666667,40.4,77.66666666666667,26.933333333333334,71.8,578.7333333333333
16256,2,5,2,5,47472.0,6427.0,196.0,401.0,2300.0,1561.0,1861.0,692.0,253.0,535.0,345,0.1873246115190921,1,38.76679548194623,-9.15197943421315,1.249000902703301e-16,-1.0,26.0,22,1,12.400000000000091,7.0,6680.0,11.132821038927247,3828.3870967741655,518.3064516128994,15.80645161290311,32.33870967741912,185.4838709677406,125.88709677419263,150.08064516128923,55.80645161290282,20.403225806451463,43.145161290322264,538.7096774193509
16266,4,4,0,7,34341.0,5024.0,1101.0,1112.0,620.0,2509.0,458.0,460.0,512.0,215.0,104,0.1935022768540837,1,38.71802253368404,-9.196089885924536,0.8660254037844387,-0.49999999999999983,62.0,22,0,15.0,8.0,5536.0,10.856862100640145,2289.4,334.93333333333334,73.4,74.13333333333334,41.333333333333336,167.26666666666668,30.533333333333335,30.666666666666668,34.13333333333333,14.333333333333334,369.06666666666666
16277,0,1,0,3,5592.0,211.9999999999991,15.0,119.0,149.0,745.0,374.0,666.0,27.999999999999886,902.0,86,1.0,1,38.71460958173604,-9.124318778688282,-0.4999999999999998,-0.8660254037844388,50.0,12,1,7.0,1.0,239.99999999999898,9.10974625674048,798.8571428571429,30.285714285714157,2.142857142857143,17.0,21.285714285714285,106.42857142857143,53.42857142857143,95.14285714285714,3.9999999999999836,128.85714285714286,34.28571428571414
16297,2,0,2,4,8083.0,1409.0,945.0,931.0,789.0,1436.0,880.0,1434.0,1974.0,189.0,328,0.3491526655930405,0,38.77063546160201,-9.20144470060072,-0.4999999999999998,-0.8660254037844388,37.0,15,0,9.0,2.0,3383.0,9.973666387157374,898.1111111111111,156.55555555555554,105.0,103.44444444444444,87.66666666666667,159.55555555555554,97.77777777777777,159.33333333333334,219.33333333333334,21.0,375.8888888888889
16337,1,1,0,2,20930.0,533.0,1209.0,314.0,112.99999999999989,234.0,145.0,1653.0,107.00000000000011,999.0,151,0.137119842809039,1,38.76635668770342,-9.073627797333415,0.7071067811865476,-0.7071067811865475,74.0,15,1,12.0,2.0,640.0000000000001,10.19906338710701,1744.1666666666667,44.416666666666664,100.75,26.166666666666668,9.416666666666657,19.5,12.083333333333334,137.75,8.916666666666677,83.25,53.33333333333334
16447,3,2,0,1,35060.0,5814.0,1255.0,324.0,746.0,1402.0,1895.0,921.0,1168.0,320.0,206,0.1256761432609141,1,38.719520481186905,-9.1524377232849,0.7071067811865476,-0.7071067811865475,38.0,22,1,19.0,5.0,6982.0,10.931104967046613,1845.2631578947369,306.0,66.05263157894737,17.05263157894737,39.26315789473684,73.78947368421052,99.73684210526316,48.473684210526315,61.473684210526315,16.842105263157894,367.4736842105263
16490,0,0,0,2,8521.0,21202.000000000004,1283.0,59.0,238.9999999999999,622.0,784.0,1001.0,911.0,160.0,198,0.7724161533285296,0,38.75272700446011,-9.152668191144429,-0.8660254037844386,0.5000000000000001,76.0,17,0,6.0,0.0,22113.000000000004,10.948980318873577,1420.1666666666667,3533.6666666666674,213.83333333333334,9.833333333333334,39.833333333333314,103.66666666666667,130.66666666666666,166.83333333333334,151.83333333333334,26.666666666666668,3685.5000000000005
16630,1,1,0,1,48163.0,8380.0,591.0,545.0,115.0,973.0,1243.0,631.0,608.0,211.0,442,1.0,0,38.71472914711096,-9.195794802518064,-0.8660254037844384,-0.5000000000000004,27.0,22,0,7.2000000000000455,2.0,8988.0,11.162644322761924,6689.305555555513,1163.8888888888816,82.08333333333282,75.69444444444396,15.972222222222122,135.13888888888803,172.6388888888878,87.63888888888833,84.44444444444392,29.30555555555537,1248.3333333333255
16686,1,0,1,4,14687.0,602.0,277.0,636.0,150.9999999999999,75.0,149.0,2407.0,1611.0,240.0,169,0.09251225185860651,1,38.74299189268557,-9.087998005324982,0.49999999999999994,-0.8660254037844387,26.0,15,1,8.0,1.0,2213.0,10.045377663535744,1835.875,75.25,34.625,79.5,18.874999999999986,9.375,18.625,300.875,201.375,30.0,276.625
16701,0,0,0,1,25454.0,11592.0,203.0,620.0,420.0,911.0,1124.0,48.000000000000114,748.0,549.0,422,0.40870185926031033,0,38.75378166552086,-9.11952387659698,-0.9659258262890683,-0.25881904510252063,54.0,22,1,5.0,0.0,12340.0,10.896924493586937,5090.8,2318.4,40.6,124.0,84.0,182.2,224.8,9.600000000000023,149.6,109.8,2468.0
16728,3,3,1,3,31608.0,4860.0,408.0,894.0,2141.0,1545.0,1280.0,974.0,1728.0,694.0,320,0.1971214996350791,1,38.72189964125795,-9.132472517079895,0.49999999999999994,-0.8660254037844387,82.0,15,1,24.0,6.0,6588.0,10.872769137130032,1317.0,202.5,17.0,37.25,89.20833333333333,64.375,53.333333333333336,40.583333333333336,72.0,28.916666666666668,274.5
16748,3,0,1,1,13286.0,18313.000000000004,1352.0,381.0,460.0,762.0,1374.4,307.0,453.0,524.0,458,0.411155954089591,0,38.77101610207827,-9.18983691109776,-0.4999999999999998,-0.8660254037844388,80.0,17,0,5.0,3.0,18766.000000000004,10.932739044898394,2657.2,3662.600000000001,270.4,76.2,92.0,152.4,274.88,61.4,90.6,104.8,3753.2000000000007
16772,1,2,1,4,7046.0,58.0,1414.0,403.0,234.0000000000001,383.0000000000001,254.0,1310.0,1834.0,503.0,92,0.1496091022035694,0,38.77327798684917,-9.18862066386366,-0.4999999999999998,-0.8660254037844388,86.0,22,0,9.0,3.0,1892.0,9.637697426500445,782.8888888888889,6.444444444444445,157.11111111111111,44.77777777777778,26.000000000000014,42.55555555555557,28.22222222222222,145.55555555555554,203.77777777777777,55.888888888888886,210.22222222222223
16826,5,4,1,3,29175.0,5016.0,1010.0,1748.0,1534.0,1381.0,1039.0,369.0,219.0,614.0,259,0.1798025255006221,1,38.779687423856856,-9.143281202615425,1.249000902703301e-16,-1.0,40.0,17,0,13.0,9.0,5235.0,10.765132006630253,2244.230769230769,385.84615384615387,77.6923076923077,134.46153846153845,118.0,106.23076923076923,79.92307692307692,28.384615384615383,16.846153846153847,47.23076923076923,402.6923076923077
17002,2,1,2,5,28569.0,4581.0,230.0,1194.0,2484.0,715.0,993.0,1002.0,410.99999999999994,218.0,459,0.012053990967366479,1,38.786289756885274,-9.123604027621964,0.25881904510252096,-0.9659258262890682,55.0,17,0,8.0,3.0,4992.0,10.72304709545051,3571.125,572.625,28.75,149.25,310.5,89.375,124.125,125.25,51.37499999999999,27.25,624.0
17008,1,0,1,2,62013.0,142.0,875.0,299.0,569.2000000000002,936.0,265.0,1509.0,408.0,630.0,199,1.0,0,38.7094748428019,-9.16347984317023,-0.4999999999999998,-0.8660254037844388,55.0,17,0,8.0,1.0,550.0,11.13015878727027,7751.625,17.75,109.375,37.375,71.15000000000002,117.0,33.125,188.625,51.0,78.75,68.75
17038,1,2,0,4,59498.0,4238.0,320.00000000000006,776.0,1506.0,1066.0,1158.0,1653.0,350.0,191.0,494,0.6710666519229743,1,38.7666405698179,-9.127227150054717,-0.8660254037844384,-0.5000000000000004,84.0,17,0,15.0,3.0,4588.0,11.229832844852254,3966.5333333333333,282.53333333333336,21.333333333333336,51.733333333333334,100.4,71.06666666666666,77.2,110.2,23.333333333333332,12.733333333333333,305.8666666666667
17112,3,3,0,3,24687.0,5728.0,729.0,865.0,2507.0,1524.0,849.0,1333.0,317.0,828.0,263,0.2629091277008226,1,38.7459420369727,-9.127955699729576,0.25881904510252096,-0.9659258262890682,27.0,17,0,0.0,6.0,6045.0,10.723553686653267,24687.0,5728.0,729.0,865.0,2507.0,1524.0,849.0,1333.0,317.0,828.0,6045.0
17170,0,1,2,4,76398.0,4753.0,250.0,477.0,843.0,1237.0,1276.0,925.0,384.6,354.0,282,1.0,1,38.767431553540945,-9.183482503668689,-0.4999999999999998,-0.8660254037844388,42.0,22,0,19.0,1.0,5137.6,11.429937256899777,4020.9473684210525,250.1578947368421,13.157894736842104,25.105263157894736,44.36842105263158,65.10526315789474,67.15789473684211,48.68421052631579,20.242105263157896,18.63157894736842,270.40000000000003
17302,0,0,2,1,8778.0,26211.0,5.0,792.0,957.0,661.0,714.0,39.0,1608.0,235.0,185,0.415519429307261,1,38.736937860462845,-9.180091379949396,-0.5000000000000004,0.8660254037844385,47.0,12,1,6.0,0.0,27819.0,11.12461241567963,1463.0,4368.5,0.8333333333333334,132.0,159.5,110.16666666666667,119.0,6.5,268.0,39.166666666666664,4636.5
17348,3,3,1,2,25857.0,4414.0,821.0,649.0,3704.0,1131.0,1321.0,1360.0,467.0,436.0,324,0.241190085438049,1,38.74422705664572,-9.140110748111615,0.7071067811865476,-0.7071067811865475,28.999999999999996,17,1,2.0,6.0,4881.0,10.715350666801058,12928.5,2207.0,410.5,324.5,1852.0,565.5,660.5,680.0,233.5,218.0,2440.5
17391,2,1,2,4,31388.0,4566.0,1295.0,511.0,1357.0,1828.0,1912.0,109.0,410.99999999999994,161.99999999999997,520,0.1395851435617267,1,38.78312325497859,-9.178271645469463,0.25881904510252096,-0.9659258262890682,58.0,22,1,5.0,3.0,4977.0,10.789669530973297,6277.6,913.2,259.0,102.2,271.4,365.6,382.4,21.8,82.19999999999999,32.39999999999999,995.4
17392,1,2,0,6,8980.0,930.0,1.0,620.0,94.0,728.0,376.0,640.0,91.99999999999989,882.0,18,0.5355046135386872,1,38.76634099923124,-9.135417593940268,0.7071067811865476,-0.7071067811865475,45.0,12,0,18.0,3.0,1021.9999999999999,9.572619582634747,498.8888888888889,51.666666666666664,0.05555555555555555,34.44444444444444,5.222222222222222,40.44444444444444,20.88888888888889,35.55555555555556,5.1111111111111045,49.0,56.77777777777777
17403,1,1,2,1,5165.0,11513.0,450.0,765.0,1701.0,846.0,572.0,1521.0,121.0,124.0,152,0.9147378596726476,0,38.73094510696678,-9.12798933219785,-0.4999999999999998,-0.8660254037844388,70.0,17,1,5.0,2.0,11634.0,10.446189678949377,1033.0,2302.6,90.0,153.0,340.2,169.2,114.4,304.2,24.2,24.8,2326.8
17422,2,5,0,3,16408.0,4559.0,1047.0,784.0,2631.0,2250.0,1690.0,819.0,368.0,694.0,370,0.2162853043664145,1,38.7538343066999,-9.14963001666727,0.49999999999999994,-0.8660254037844387,36.0,15,1,11.0,7.0,4927.0,10.49620647826158,1491.6363636363637,414.45454545454544,95.18181818181819,71.27272727272727,239.1818181818182,204.54545454545453,153.63636363636363,74.45454545454545,33.45454545454545,63.09090909090909,447.90909090909093
17505,3,4,2,3,47061.0,5865.0,518.0,1517.0,1307.0,1604.0,2496.0,1328.0,486.00000000000006,581.0,339,0.0675640180391151,1,38.744183680342736,-9.174742165646077,0.25881904510252096,-0.9659258262890682,27.0,15,0,6.0,7.0,6351.0,11.143527062898457,7843.5,977.5,86.33333333333333,252.83333333333334,217.83333333333334,267.3333333333333,416.0,221.33333333333334,81.00000000000001,96.83333333333333,1058.5
17571,5,6,1,4,28923.0,5993.0,1011.0,673.0,3334.0,1871.0,69.0,1599.0,277.0,675.0,274,0.2917858689419925,1,38.76149624219162,-9.159004064536798,0.8660254037844387,-0.49999999999999983,70.0,15,1,18.0,11.0,6270.0,10.833602291003352,1606.8333333333333,332.94444444444446,56.166666666666664,37.388888888888886,185.22222222222223,103.94444444444444,3.8333333333333335,88.83333333333333,15.38888888888889,37.5,348.3333333333333
17653,0,0,1,1,12553.0,5276.0,146.0,608.0,1155.0,657.0,1474.0,151.0,1201.0,863.0,102,0.3543084234079692,1,38.767529463775695,-9.174720704372412,0.8660254037844387,-0.49999999999999983,51.0,12,0,14.0,0.0,6477.0,10.327512686165203,896.6428571428571,376.85714285714283,10.428571428571429,43.42857142857143,82.5,46.92857142857143,105.28571428571429,10.785714285714286,85.78571428571429,61.642857142857146,462.64285714285717
17667,0,1,1,1,3448.0000000000036,19626.0,548.0,229.0,55.0,403.0,1850.0,616.0,433.0,56.0,468,0.09772585864101363,0,38.72213397310632,-9.1818324195786,0.7071067811865476,-0.7071067811865475,57.0,15,0,8.0,1.0,20059.0,10.764772845373553,431.00000000000045,2453.25,68.5,28.625,6.875,50.375,231.25,77.0,54.125,7.0,2507.375
17804,2,0,2,2,11366.0,2829.0,257.0,234.00000000000006,775.0,627.0,271.0,513.0,1869.0,652.0,97,0.1812255282043462,0,38.74821334057803,-9.157575783761503,0.7071067811865476,-0.7071067811865475,33.0,12,1,9.0,2.0,4698.0,10.089635114163611,1262.888888888889,314.3333333333333,28.555555555555557,26.000000000000007,86.11111111111111,69.66666666666667,30.11111111111111,57.0,207.66666666666666,72.44444444444444,522.0
17822,1,1,0,8,3889.0,2958.9999999999995,1939.0,287.0,388.0,48.0,47.0,755.0,2223.0,341.0,48,0.2196883553746914,1,38.746330638222474,-9.125100078780228,-0.8660254037844386,0.5000000000000001,33.0,17,1,5.0,2.0,5182.0,9.801399454452342,777.8,591.8,387.8,57.4,77.6,9.6,9.4,151.0,444.6,68.2,1036.4
17924,0,0,1,6,18388.0,2184.0,1638.0,397.0,107.0,335.0,23.000000000000114,2058.0,1506.0,398.0,67,0.2117789454768189,1,38.73181416147241,-9.165764599197235,1.249000902703301e-16,-1.0,42.0,17,0,10.0,0.0,3690.0,10.332831934434235,1838.8,218.4,163.8,39.7,10.7,33.5,2.3000000000000114,205.8,150.6,39.8,369.0
17943,1,0,0,1,18202.0,13208.0,701.0,710.0,678.0,798.0,660.0,1414.0,682.0,332.0,360,0.03285931299478062,0,38.759776003780416,-9.153145417897878,-0.8660254037844386,0.5000000000000001,30.0,22,0,5.0,1.0,13890.0,10.844978085432025,3640.4,2641.6,140.2,142.0,135.6,159.6,132.0,282.8,136.4,66.4,2778.0
17964,0,2,0,1,6581.0,4341.0,618.0,1194.0,2447.0,1715.0,1842.0,1362.0,390.0,100.0,345,0.2207044455762812,1,38.72197575137053,-9.194892268205008,0.49999999999999994,-0.8660254037844387,75.0,22,0,11.0,2.0,4731.0,10.139428862080198,598.2727272727273,394.6363636363636,56.18181818181818,108.54545454545455,222.45454545454547,155.9090909090909,167.45454545454547,123.81818181818181,35.45454545454545,9.090909090909092,430.09090909090907
17977,0,1,1,2,11679.0,16584.0,80.0,731.0,597.0,873.0,661.0,220.0,2652.9999999999995,408.0,73,0.2871617933168666,1,38.72751614051633,-9.19680617824372,-0.9659258262890683,0.2588190451025203,36.0,12,0,6.0,1.0,19237.0,10.891615108028965,1946.5,2764.0,13.333333333333334,121.83333333333333,99.5,145.5,110.16666666666667,36.666666666666664,442.1666666666666,68.0,3206.1666666666665
18053,2,2,3,2,50926.0,5544.0,874.0,344.0,594.0,1366.0,675.0,825.0,43.000000000000114,438.0,65,0.4338975558991027,1,38.72993995550438,-9.19998699205258,-0.7071067811865472,-0.7071067811865479,78.0,12,1,16.0,4.0,5587.0,11.115681470708637,3182.875,346.5,54.625,21.5,37.125,85.375,42.1875,51.5625,2.687500000000007,27.375,349.1875
18054,5,3,1,1,18490.0,4577.0,276.0,898.0,1172.0,826.0,1953.0,1917.0,235.0,431.0,550,0.05920008968492957,1,38.75233873325893,-9.158065012693514,0.49999999999999994,-0.8660254037844387,80.0,22,0,21.0,8.0,4812.0,10.479763781364658,880.4761904761905,217.95238095238096,13.142857142857142,42.76190476190476,55.80952380952381,39.333333333333336,93.0,91.28571428571429,11.19047619047619,20.523809523809526,229.14285714285714
18099,0,1,1,1,85988.0,12494.0,745.0,712.0,1252.0,885.0,1390.0,10.0,887.0,243.0,216,0.1704274983311253,0,38.75352903223904,-9.125692057021064,-0.9659258262890683,-0.25881904510252063,51.0,15,0,8.0,1.0,13381.0,11.67833820336127,10748.5,1561.75,93.125,89.0,156.5,110.625,173.75,1.25,110.875,30.375,1672.625
18205,0,0,0,1,3133.0000000000036,7396.0,102.0,450.0,1192.0,805.0,1143.0,323.0,1741.0,939.0,105,0.2524991413771402,1,38.75420434489146,-9.199008876340695,-0.5000000000000004,0.8660254037844385,62.0,12,1,5.0,0.0,9137.0,10.17967885827241,626.6000000000007,1479.2,20.4,90.0,238.4,161.0,228.6,64.6,348.2,187.8,1827.4
18222,1,1,1,5,40336.0,2103.0,287.0,843.0,1120.0,1015.0,1048.0,525.0,2214.0,249.0,57,0.2529399709044637,1,38.74024341992267,-9.15209054662025,0.8660254037844387,-0.49999999999999983,75.0,22,0,12.0,2.0,4317.0,10.897812823215625,3361.3333333333335,175.25,23.916666666666668,70.25,93.33333333333333,84.58333333333333,87.33333333333333,43.75,184.5,20.75,359.75
18224,3,2,0,4,15208.000000000002,473.0,717.0,153.0,85.99999999999989,1029.0,396.0,427.0,1026.0,192.0,51,0.9494955148564879,1,38.72886366856865,-9.166697014633138,0.8660254037844387,-0.49999999999999983,51.0,12,0,7.0,5.0,1499.0,9.962086594839064,2172.571428571429,67.57142857142857,102.42857142857143,21.857142857142858,12.285714285714269,147.0,56.57142857142857,61.0,146.57142857142858,27.428571428571427,214.14285714285714
18338,3,1,1,7,22493.0,5272.0,1207.0,449.0,1512.0,1614.0,2726.0,1604.0,506.0,326.0,170,0.1726579449338302,1,38.78692888492043,-9.140387692001992,0.8660254037844387,-0.49999999999999983,73.0,22,1,13.0,4.0,5778.0,10.68024031695087,1730.2307692307693,405.53846153846155,92.84615384615384,34.53846153846154,116.3076923076923,124.15384615384616,209.69230769230768,123.38461538461539,38.92307692307692,25.076923076923077,444.46153846153845
18348,1,1,1,1,2039.0,23511.0,80.0,377.0,339.0,1144.0,844.0,872.0,458.0,278.0,114,0.4964799195770022,0,38.72152242274111,-9.135809394650344,-0.4999999999999998,-0.8660254037844388,33.0,22,0,5.0,2.0,23969.0,10.895108366626053,407.8,4702.2,16.0,75.4,67.8,228.8,168.8,174.4,91.6,55.6,4793.8
18419,5,5,1,3,3342.0,2942.0,1159.0,1018.0,2109.0,1512.0,1335.0,1595.0,374.0,976.0,329,0.2812089008008822,1,38.72160886357633,-9.126310202567105,0.49999999999999994,-0.8660254037844387,65.0,15,1,7.0,10.0,3316.0,9.88730735630709,477.42857142857144,420.2857142857143,165.57142857142858,145.42857142857142,301.2857142857143,216.0,190.71428571428572,227.85714285714286,53.42857142857143,139.42857142857142,473.7142857142857
18723,2,4,1,1,28159.0,5432.0,1300.0,1189.0,1798.0,1371.0,2196.0,1851.0,429.00000000000006,879.0,412,0.1556555142110505,1,38.73760279769233,-9.159926000273332,0.7071067811865476,-0.7071067811865475,53.0,17,1,18.0,6.0,5861.0,10.829055121190493,1564.388888888889,301.77777777777777,72.22222222222223,66.05555555555556,99.88888888888889,76.16666666666667,122.0,102.83333333333333,23.833333333333336,48.833333333333336,325.6111111111111
18795,0,1,0,4,38787.0,5901.0,1108.0,466.0,2316.0,1850.0,1452.4,321.0,403.0,257.0,399,0.2247780869963744,1,38.73417421376607,-9.184334246481798,0.49999999999999994,-0.8660254037844387,69.0,15,0,9.0,1.0,6304.0,10.988109092177087,4309.666666666667,655.6666666666666,123.11111111111111,51.77777777777778,257.3333333333333,205.55555555555554,161.3777777777778,35.666666666666664,44.77777777777778,28.555555555555557,700.4444444444445
18948,1,0,0,6,14196.0,3330.0,2011.0,506.0,320.0,59.0,86.0,872.0,1855.0,554.2,82,0.1426508768463952,1,38.761970658370934,-9.128153164210447,-0.25881904510252157,0.9659258262890681,38.0,17,1,15.0,1.0,5185.0,10.274195570686288,946.4,222.0,134.06666666666666,33.733333333333334,21.333333333333332,3.933333333333333,5.733333333333333,58.13333333333333,123.66666666666667,36.94666666666667,345.6666666666667
19045,1,0,1,6,19520.0,10.0,1111.2,893.0,415.0,170.0000000000001,184.0,2963.0,509.00000000000006,536.0,222,0.011695325307007898,1,38.74265105306624,-9.107413278825003,-0.4999999999999998,-0.8660254037844388,41.0,22,0,11.0,1.0,519.0,10.197320668472416,1774.5454545454545,0.9090909090909091,101.01818181818182,81.18181818181819,37.72727272727273,15.454545454545466,16.727272727272727,269.3636363636364,46.27272727272728,48.72727272727273,47.18181818181818
19120,2,0,1,5,27990.0,4790.0,1065.0,1049.0,1907.0,1207.0,1690.0,1598.0,251.0,447.0,554,0.05584996953056892,1,38.7308559326773,-9.13898040402366,0.8660254037844387,-0.49999999999999983,79.0,17,1,20.0,2.0,5041.0,10.758668544943307,1399.5,239.5,53.25,52.45,95.35,60.35,84.5,79.9,12.55,22.35,252.05
19121,0,2,0,6,43823.0,5093.0,362.0,789.0,1165.0,2406.0,1802.0,829.0,425.0,136.0,441,0.1436919639258347,1,38.7606560278298,-9.171895719086008,1.249000902703301e-16,-1.0,55.0,15,1,19.0,2.0,5518.0,11.040502912487183,2306.4736842105262,268.05263157894734,19.05263157894737,41.526315789473685,61.31578947368421,126.63157894736842,94.84210526315789,43.63157894736842,22.36842105263158,7.157894736842105,290.42105263157896
19132,3,4,1,6,19126.0,6064.0,1127.0,793.0,1018.0,2300.0,1761.8,942.0,358.0,481.0,374,0.12286955414059131,1,38.78313773032666,-9.192066972642069,0.8660254037844387,-0.49999999999999983,73.0,22,0,13.0,7.0,6422.0,10.606431586825696,1471.2307692307693,466.46153846153845,86.6923076923077,61.0,78.3076923076923,176.92307692307693,135.52307692307693,72.46153846153847,27.53846153846154,37.0,494.0
19176,2,2,2,3,9684.0,1313.0,147.0,241.00000000000006,833.0,446.0,416.0,258.0,1480.0,144.0,34,0.8684942432687339,0,38.74856576623729,-9.156643654753289,0.25881904510252096,-0.9659258262890682,28.999999999999996,12,0,1.0,4.0,2793.0,9.784478765953926,9684.0,1313.0,147.0,241.00000000000006,833.0,446.0,416.0,258.0,1480.0,144.0,2793.0
19246,3,1,1,4,7672.0,4136.0,316.0,950.0,3167.0,907.0,643.0,925.0,402.0,326.0,288,0.03033785309819531,1,38.721980420690414,-9.129250076835351,0.49999999999999994,-0.8660254037844387,80.0,22,0,9.0,4.0,4538.0,10.085100525010166,852.4444444444445,459.55555555555554,35.111111111111114,105.55555555555556,351.8888888888889,100.77777777777777,71.44444444444444,102.77777777777777,44.666666666666664,36.22222222222222,504.22222222222223
19268,0,0,0,2,33527.0,21732.0,516.0,321.0,1556.0,1071.0,743.0,379.0,472.99999999999994,589.0,347,0.09904329833275288,0,38.7094045187964,-9.135398323401596,-0.8660254037844386,0.5000000000000001,27.0,15,0,9.0,0.0,22205.0,11.327956406634861,3725.222222222222,2414.6666666666665,57.333333333333336,35.666666666666664,172.88888888888889,119.0,82.55555555555556,42.111111111111114,52.55555555555555,65.44444444444444,2467.222222222222
19417,1,1,0,2,50853.0,14982.0,772.0,83.0,44.0,775.0,264.0,137.9999999999999,557.0,398.0,135,0.1586547636819538,0,38.71563902882842,-9.178347015289704,0.49999999999999994,-0.8660254037844387,76.0,12,1,7.0,2.0,15539.0,11.343393768104665,7264.714285714285,2140.285714285714,110.28571428571429,11.857142857142858,6.285714285714286,110.71428571428571,37.714285714285715,19.714285714285698,79.57142857142857,56.857142857142854,2219.8571428571427
19478,1,2,0,5,4687.0,6573.0,356.0,745.0,2671.0,1121.0,2169.0,1523.0,264.0,477.0,250,0.1013548016901974,1,38.73699282969884,-9.11671159561319,0.49999999999999994,-0.8660254037844387,71.0,22,1,13.0,3.0,6837.0,10.219173821397506,360.53846153846155,505.61538461538464,27.384615384615383,57.30769230769231,205.46153846153845,86.23076923076923,166.84615384615384,117.15384615384616,20.307692307692307,36.69230769230769,525.9230769230769
19525,2,1,2,2,11781.0,202.0,193.0,208.0,762.0,600.0,277.0,896.0,1953.0,469.0,57,0.4291328359266911,0,38.74720715424594,-9.157506780916442,0.49999999999999994,-0.8660254037844387,33.0,12,0,10.0,3.0,2155.0,9.878015886562459,1178.1,20.2,19.3,20.8,76.2,60.0,27.7,89.6,195.3,46.9,215.5
19554,1,1,1,2,393.99999999999636,3098.0,2088.0,367.0,182.0,73.0,83.0,1037.0,2238.0,213.0,61,0.1479038180840776,1,38.7116044859175,-9.17816243746757,-0.4999999999999998,-0.8660254037844388,40.0,15,0,18.0,2.0,5336.0,9.623112055266786,21.888888888888687,172.11111111111111,116.0,20.38888888888889,10.11111111111111,4.055555555555555,4.611111111111111,57.611111111111114,124.33333333333333,11.833333333333334,296.44444444444446
19614,1,1,1,2,6683.999999999996,11689.0,534.0,289.0,630.0,842.0,1988.0,139.9999999999999,570.0,460.0,271,0.7915825981956099,0,38.742057612004885,-9.19157775192958,-0.8660254037844384,-0.5000000000000004,76.0,12,1,10.0,2.0,12259.0,10.493660257468244,668.3999999999996,1168.9,53.4,28.9,63.0,84.2,198.8,13.99999999999999,57.0,46.0,1225.9
19628,2,0,1,1,23875.0,4476.0,1019.0,1359.0,2485.0,1084.0,1250.0,663.0,437.0,131.0,484,0.2131745047122876,1,38.70868594649682,-9.192535360917496,0.25881904510252096,-0.9659258262890682,82.0,15,0,10.0,2.0,4913.0,10.638088527988433,2387.5,447.6,101.9,135.9,248.5,108.4,125.0,66.3,43.7,13.1,491.3
19638,0,1,1,2,7051.0,14673.0,98.0,1260.0,1837.0,998.0,796.0,495.0,1659.6,331.0,128,0.3473675480902392,0,38.77506529970359,-9.149124192359771,-0.25881904510252157,0.9659258262890681,65.0,12,0,5.0,1.0,16332.6,10.726175046950614,1410.2,2934.6,19.6,252.0,367.4,199.6,159.2,99.0,331.91999999999996,66.2,3266.52
19647,1,1,0,5,5795.000000000004,2052.0,1684.0,496.0,198.0,236.0,161.0,2551.0,1708.0,279.0,39,0.1514551296504407,1,38.754495267276944,-9.151526019561649,-0.4999999999999998,-0.8660254037844388,78.0,15,1,12.0,2.0,3760.0,9.84802769533176,482.91666666666697,171.0,140.33333333333334,41.333333333333336,16.5,19.666666666666668,13.416666666666666,212.58333333333334,142.33333333333334,23.25,313.3333333333333
19699,2,2,5,6,24098.0,3015.0,80.0,955.0,2365.0,1574.0,1794.0,538.0,366.0,132.0,475,0.2314626279489207,1,38.73674644374576,-9.12141851459206,0.49999999999999994,-0.8660254037844387,24.000000000000004,22,1,10.0,4.0,3381.0,10.5531790651673,2409.8,301.5,8.0,95.5,236.5,157.4,179.4,53.8,36.6,13.2,338.1
19773,3,4,0,1,14013.000000000002,5074.0,1380.0,720.0,1138.0,1790.0,1172.0,884.0,412.0,483.0,516,0.12462148965588782,1,38.724531957252864,-9.127828340568035,-0.2588190451025208,-0.9659258262890683,24.000000000000004,17,1,5.0,7.0,5486.0,10.390624809288317,2802.6000000000004,1014.8,276.0,144.0,227.6,358.0,234.4,176.8,82.4,96.6,1097.2
19787,3,3,0,1,32709.0,4944.0,820.0,1757.0,1258.0,1007.0,571.0,1239.0,372.0,455.0,325,0.2035260254601352,1,38.72078463765302,-9.151334765765654,1.249000902703301e-16,-1.0,70.0,22,0,17.0,6.0,5316.0,10.828718203979754,1924.0588235294117,290.8235294117647,48.23529411764706,103.3529411764706,74.0,59.23529411764706,33.588235294117645,72.88235294117646,21.88235294117647,26.764705882352942,312.70588235294116
19826,1,0,1,2,77165.0,6060.0,322.4,665.0,270.0,818.0,397.0,274.0,578.0,301.0,422,0.7773187426843365,0,38.73863910490792,-9.177574256266732,0.8660254037844387,-0.49999999999999983,27.0,12,1,6.0,1.0,6638.0,11.445603339866071,12860.833333333334,1010.0,53.73333333333333,110.83333333333333,45.0,136.33333333333334,66.16666666666667,45.666666666666664,96.33333333333333,50.166666666666664,1106.3333333333333
19863,1,4,0,1,47559.0,2374.0000000000005,611.0,839.0,2081.0,2404.0,1886.0,2019.0,342.0,397.0,179,0.2152681067824229,1,38.70784294560766,-9.181404934981796,0.7071067811865476,-0.7071067811865475,36.0,17,1,10.0,5.0,2716.0000000000005,11.054518335650037,4755.9,237.40000000000003,61.1,83.9,208.1,240.4,188.6,201.9,34.2,39.7,271.6
19902,2,0,0,5,63504.0,3501.7999999999997,306.0,676.0,766.0,606.0,1383.0,1779.0,1929.0,299.0,308,0.5554971795430851,1,38.72297037774246,-9.178424617448348,1.249000902703301e-16,-1.0,39.0,17,0,13.0,2.0,5430.799999999999,11.292049341098421,4884.923076923077,269.36923076923074,23.53846153846154,52.0,58.92307692307692,46.61538461538461,106.38461538461539,136.84615384615384,148.3846153846154,23.0,417.7538461538461
19914,0,0,2,1,1692.0,6192.0,107.0,1044.0,1687.0,423.0,709.0,260.0,1531.0,880.0,59,0.2403880788375413,0,38.72885367656183,-9.15037598761825,-0.9659258262890683,0.2588190451025203,60.0,12,1,9.0,0.0,7723.0,10.010052342764158,188.0,688.0,11.88888888888889,116.0,187.44444444444446,47.0,78.77777777777777,28.88888888888889,170.11111111111111,97.77777777777777,858.1111111111111
19917,1,3,4,3,14302.0,2273.9999999999995,2123.0,387.0,433.0,47.0,58.000000000000114,1295.0,1836.0,160.0,92,0.09541977712495642,1,38.73998992265744,-9.158903762639063,0.8660254037844387,-0.49999999999999983,42.0,15,0,10.0,4.0,4110.0,10.204554644598032,1430.2,227.39999999999995,212.3,38.7,43.3,4.7,5.800000000000011,129.5,183.6,16.0,411.0
19955,0,2,1,3,5098.999999999996,16495.0,36.0,547.0,1255.0,903.0,857.0,92.0,1978.0,176.0,100,0.4032543168189325,0,38.757872092686945,-9.185842494614947,-0.8660254037844386,0.5000000000000001,26.0,12,1,5.0,2.0,18473.0,10.734481799788199,1019.7999999999993,3299.0,7.2,109.4,251.0,180.6,171.4,18.4,395.6,35.2,3694.6
19986,0,0,0,1,11395.0,8537.0,251.00000000000006,386.0,787.0,961.0,1034.0,356.0,3292.0,174.0,69,0.2262993557966725,0,38.72631661927828,-9.173840993435528,-0.9659258262890683,0.2588190451025203,78.0,12,1,6.0,0.0,11829.0,10.57139384523028,1899.1666666666667,1422.8333333333333,41.83333333333334,64.33333333333333,131.16666666666666,160.16666666666666,172.33333333333334,59.333333333333336,548.6666666666666,29.0,1971.5
19995,2,2,3,2,26337.0,640.0,296.0,468.0,772.0,794.0,801.0,652.0,2023.0,384.0,27,0.023882723393840177,1,38.71258123243148,-9.139757805504924,-0.8660254037844386,0.5000000000000001,86.0,12,1,10.0,4.0,2663.0,10.486568719482518,2633.7,64.0,29.6,46.8,77.2,79.4,80.1,65.2,202.3,38.4,266.3
20060,1,0,0,4,61014.0,1756.0,328.0,793.0,755.0,1367.0,1637.0,597.0,1669.0,402.0,241,0.3798177242032478,1,38.73919560485393,-9.129104693787635,-0.03643255096084343,-0.37320508075688785,53.0,22,1,14.0,1.0,3425.0,11.208354914960289,4358.142857142857,125.42857142857143,23.428571428571427,56.642857142857146,53.92857142857143,97.64285714285714,116.92857142857143,42.642857142857146,119.21428571428571,28.714285714285715,244.64285714285714
20061,8,1,0,1,32639.0,8595.0,562.0,1173.0,1357.0,2015.0,595.0,1491.0,1412.0,439.0,339,0.2745228793364623,0,38.74592247225019,-9.146965763066286,0.49999999999999994,-0.8660254037844387,31.0,17,0,3.0,9.0,10007.0,11.006855183288097,10879.666666666666,2865.0,187.33333333333334,391.0,452.3333333333333,671.6666666666666,198.33333333333334,497.0,470.6666666666667,146.33333333333334,3335.6666666666665
20132,0,1,2,5,13972.0,1123.0,85.0,232.0,305.0000000000001,192.0,183.0,166.0,544.0,1019.0,438,0.8833291456591663,0,38.70896904604333,-9.189182265061516,-0.9659258262890683,0.2588190451025203,70.0,12,0,5.0,1.0,1667.0,9.877605482822025,2794.4,224.6,17.0,46.4,61.00000000000002,38.4,36.6,33.2,108.8,203.8,333.4
20168,2,4,2,1,33625.0,6267.0,511.0,780.0,1963.0,1255.0,1001.0,949.0,249.0,1044.0,103,0.1465694650230479,1,38.73034658964896,-9.142799823099038,1.249000902703301e-16,-1.0,51.0,22,0,12.0,6.0,6516.0,10.899716371226633,2802.0833333333335,522.25,42.583333333333336,65.0,163.58333333333334,104.58333333333333,83.41666666666667,79.08333333333333,20.75,87.0,543.0
20199,1,0,0,2,12292.0,1189.0,1690.0,794.0,83.0,268.0,945.0,2533.0,2008.0,537.0,14,0.1793621660547843,1,38.73992413652919,-9.195333035974462,-0.8660254037844384,-0.5000000000000004,42.0,22,0,10.0,1.0,3197.0,10.147883659883789,1229.2,118.9,169.0,79.4,8.3,26.8,94.5,253.3,200.8,53.7,319.7
20277,1,1,0,6,18003.0,1697.0,319.0,282.0,78.0,556.0,513.0,1166.0,52.0,951.0,206,0.1795207995201062,0,38.76664194049125,-9.172822976952403,-0.4999999999999998,-0.8660254037844388,76.0,12,1,11.0,2.0,1749.0,10.141204395699798,1636.6363636363637,154.27272727272728,29.0,25.636363636363637,7.090909090909091,50.54545454545455,46.63636363636363,106.0,4.7272727272727275,86.45454545454545,159.0
20288,5,2,5,4,33093.0,4229.0,760.0,501.0,1897.0,1029.4,1393.0,622.0,408.0,858.0,314,0.2394128998981198,1,38.77321288520972,-9.188905685792845,1.249000902703301e-16,-1.0,55.0,22,0,19.0,7.0,4637.0,10.808280436770442,1741.7368421052631,222.57894736842104,40.0,26.36842105263158,99.84210526315789,54.178947368421056,73.3157894736842,32.73684210526316,21.473684210526315,45.1578947368421,244.05263157894737
20306,0,1,1,1,10958.0,693.0,858.0,266.0,375.0,1078.0,581.0,1579.0,2162.0,539.0,172,0.1028239512232893,1,38.76151686032863,-9.155708102751175,0.8660254037844387,-0.49999999999999983,82.0,22,0,6.0,1.0,2855.0,9.996294602122335,1826.3333333333333,115.5,143.0,44.333333333333336,62.5,179.66666666666666,96.83333333333333,263.1666666666667,360.3333333333333,89.83333333333333,475.8333333333333
20307,5,4,1,2,56584.0,5002.0,1154.0,777.0,993.0,1555.0,680.0,1708.0,458.99999999999994,585.0,188,0.2923434364407584,1,38.713797088308986,-9.171094549669355,1.249000902703301e-16,-1.0,60.0,22,1,20.0,9.0,5461.0,11.22469657637508,2829.2,250.1,57.7,38.85,49.65,77.75,34.0,85.4,22.949999999999996,29.25,273.05
20327,0,1,1,2,8591.0,10124.0,115.0,41.0,2257.0,1132.0,1748.0,129.0,1853.0,210.0,195,0.1365034753519845,0,38.735668270898046,-9.192984400721508,-0.7071067811865477,0.7071067811865471,78.0,12,1,5.0,1.0,11977.0,10.550014712460847,1718.2,2024.8,23.0,8.2,451.4,226.4,349.6,25.8,370.6,42.0,2395.4
20332,3,3,0,3,30328.0,4044.0,906.0,950.0,1879.0,1314.0,571.0,1084.0,353.0,324.0,567,0.3342342225827237,0,38.71036065710009,-9.136841866843666,1.0,5.551115123125783e-17,27.0,22,0,12.400000000000091,6.0,4397.0,10.739673908168612,2445.806451612885,326.1290322580621,73.06451612903172,76.6129032258059,151.53225806451502,105.96774193548309,46.04838709677386,87.41935483870904,28.467741935483662,26.129032258064324,354.5967741935458
20333,1,1,1,3,94276.0,299.0,323.0,309.0,879.0,1119.4,1162.0,1370.0,311.0,227.0,85,0.5499766134897586,1,38.763028924090975,-9.161708562155184,0.8660254037844387,-0.49999999999999983,67.0,15,1,14.0,2.0,610.0,11.521750410339386,6734.0,21.357142857142858,23.071428571428573,22.071428571428573,62.785714285714285,79.95714285714287,83.0,97.85714285714286,22.214285714285715,16.214285714285715,43.57142857142857
20342,7,0,2,3,31925.0,3172.9999999999995,2034.0,977.0,1116.0,1236.0,1370.0,616.0,462.0,367.0,511,0.2683975231376059,1,38.74557141777821,-9.165504843147122,0.8660254037844387,-0.49999999999999983,33.0,22,1,9.0,7.0,3634.9999999999995,10.756028785246324,3547.222222222222,352.5555555555555,226.0,108.55555555555556,124.0,137.33333333333334,152.22222222222223,68.44444444444444,51.333333333333336,40.77777777777778,403.88888888888886
20372,6,3,1,6,27533.0,4145.0,795.0,879.0,2623.0,807.0,1904.0,1046.0,528.0,299.0,101,0.2245111708246313,1,38.74206863343334,-9.15406969688445,1.249000902703301e-16,-1.0,59.0,22,1,11.0,9.0,4673.0,10.719582187930941,2503.0,376.8181818181818,72.27272727272727,79.9090909090909,238.45454545454547,73.36363636363636,173.0909090909091,95.0909090909091,48.0,27.181818181818183,424.8181818181818
20437,4,0,1,3,28578.0,4069.0,1899.0,954.0,1703.0,2240.0,978.0,606.0,328.0,626.0,593,0.3213445793635656,1,38.746641840262505,-9.155544313357026,0.25881904510252096,-0.9659258262890682,40.0,17,0,10.0,4.0,4397.0,10.7446020495594,2857.8,406.9,189.9,95.4,170.3,224.0,97.8,60.6,32.8,62.6,439.7
20475,3,2,0,1,38108.0,5178.0,1530.0,1378.0,2360.0,1337.0,1221.0,1222.0,371.0,575.0,165,0.1756558159529095,1,38.71304105770013,-9.135363992961077,0.25881904510252096,-0.9659258262890682,65.0,17,0,12.0,5.0,5549.0,10.982407207858502,3175.6666666666665,431.5,127.5,114.83333333333333,196.66666666666666,111.41666666666667,101.75,101.83333333333333,30.916666666666668,47.916666666666664,462.4166666666667
20504,3,4,1,7,28802.0,5831.0,503.0,1645.0,2019.0,1292.0,980.0,1649.0,211.0,262.0,248,0.2751233736102161,1,38.742292131506495,-9.13482099792204,0.49999999999999994,-0.8660254037844387,65.0,22,0,16.0,7.0,6042.0,10.80440065236596,1800.125,364.4375,31.4375,102.8125,126.1875,80.75,61.25,103.0625,13.1875,16.375,377.625
20511,3,0,1,5,33562.0,6524.0,347.0,799.0,1198.0,1811.0,1459.0,1296.0,2328.0,520.0,275,0.20901572332687307,1,38.772859278348214,-9.161491308718965,0.49999999999999994,-0.8660254037844387,36.0,22,1,9.0,3.0,8852.0,10.98014389718478,3729.1111111111113,724.8888888888889,38.55555555555556,88.77777777777777,133.11111111111111,201.22222222222223,162.11111111111111,144.0,258.6666666666667,57.77777777777778,983.5555555555555
20558,2,4,0,3,22506.0,5640.0,758.0,749.0,384.0,1886.0,1382.0,612.0,305.0,863.0,255,0.20277889883777325,1,38.711705907933265,-9.149302595860432,1.0,5.551115123125783e-17,84.0,22,0,8.0,6.0,5945.0,10.62208315754966,2813.25,705.0,94.75,93.625,48.0,235.75,172.75,76.5,38.125,107.875,743.125
20576,2,1,2,3,56116.0,2960.0000000000005,234.0,760.0,894.0,142.0,167.0,725.0,447.0,455.0,367,0.6349953152172194,1,38.74129079657477,-9.18429666349124,-0.7071067811865472,-0.7071067811865479,38.0,22,0,21.0,3.0,3407.0000000000005,11.102065832544756,2672.190476190476,140.95238095238096,11.142857142857142,36.19047619047619,42.57142857142857,6.761904761904762,7.9523809523809526,34.523809523809526,21.285714285714285,21.666666666666668,162.23809523809527
20627,0,0,0,4,76191.0,1887.0,382.0,518.0,737.0,1075.0,1444.0,1718.0,247.0,384.0,166,0.4375012212874867,1,38.77205801904413,-9.14800722491576,-0.4999999999999998,-0.8660254037844388,79.0,22,0,17.0,0.0,2134.0,11.370416753676897,4481.823529411765,111.0,22.470588235294116,30.470588235294116,43.35294117647059,63.23529411764706,84.94117647058823,101.05882352941177,14.529411764705882,22.58823529411765,125.52941176470588
20691,0,1,1,2,53151.0,11088.0,185.0,767.0,958.0,845.0,1588.0,662.0,625.0,456.0,159,0.5945056052782832,0,38.72193139830079,-9.163090611159008,0.25881904510252096,-0.9659258262890682,81.0,12,1,5.0,1.0,11713.0,11.314950022936017,10630.2,2217.6,37.0,153.4,191.6,169.0,317.6,132.4,125.0,91.2,2342.6
20696,2,0,1,5,91438.0,2705.0,297.0,950.0,767.0,1100.0,1244.8,965.0,171.0,307.0,330,0.1752759195026193,1,38.76295179606433,-9.1490051697479,-0.7313193047939452,0.17527151156243803,73.0,17,1,11.0,2.0,2876.0,11.54075267177799,8312.545454545454,245.9090909090909,27.0,86.36363636363636,69.72727272727273,100.0,113.16363636363636,87.72727272727273,15.545454545454545,27.90909090909091,261.45454545454544
20789,0,0,1,3,46220.0,5597.0,680.0,713.0,2643.0,1996.0,1982.0,813.0,606.0,364.0,233,0.1582186755958324,1,38.76292611573151,-9.14260622189303,0.33813413953613164,-0.7527605765303287,32.0,17,0,14.0,0.0,6203.0,11.124582925418785,3301.4285714285716,399.7857142857143,48.57142857142857,50.92857142857143,188.78571428571428,142.57142857142858,141.57142857142858,58.07142857142857,43.285714285714285,26.0,443.07142857142856
20801,4,1,2,6,25970.0,4762.0,747.0,554.0,1911.0,1885.0,863.0,889.0,346.0,925.0,312,0.273356060059547,1,38.73666358584315,-9.174217072057894,0.9659258262890684,-0.25881904510252063,26.0,22,1,7.7999999999999545,5.0,5108.0,10.691058156211511,3329.487179487199,610.5128205128241,95.76923076923133,71.02564102564143,245.00000000000142,241.66666666666808,110.64102564102629,113.97435897435965,44.35897435897462,118.58974358974429,654.8717948717987
20870,1,0,0,1,39958.0,6068.0,1325.0,41.0,225.0,898.0,929.0,25.0,2779.0,67.0,29,0.7646385132986162,0,38.73394813594707,-9.184991137875318,-0.8660254037844384,-0.5000000000000004,59.0,12,1,6.0,1.0,8847.0,11.021297710507762,6659.666666666667,1011.3333333333334,220.83333333333334,6.833333333333333,37.5,149.66666666666666,154.83333333333334,4.166666666666667,463.1666666666667,11.166666666666666,1474.5
20871,0,4,1,2,29692.0,5125.0,1317.0,821.0,2106.0,1488.0,1297.0,753.0,1629.0,433.0,315,0.2079865231095971,1,38.77452393029767,-9.13011853894797,0.49999999999999994,-0.8660254037844387,70.0,22,0,6.0,4.0,6754.0,10.847704687051122,4948.666666666667,854.1666666666666,219.5,136.83333333333334,351.0,248.0,216.16666666666666,125.5,271.5,72.16666666666667,1125.6666666666667
20943,2,0,2,2,8168.0,1106.0,238.0,953.0,811.0,353.0,644.0,240.0,40.0,1091.0,56,0.3448959745986377,0,38.747185850280864,-9.157465098577944,0.7071067811865476,-0.7071067811865475,35.0,12,0,5.0,2.0,1146.0,9.60177416667137,1633.6,221.2,47.6,190.6,162.2,70.6,128.8,48.0,8.0,218.2,229.2
21032,1,2,3,1,48200.0,3556.0,283.0,274.0,535.0,879.0,1250.0,328.0,45.0,257.0,49,0.3622660371611577,1,38.748836570256174,-9.151014037889684,-0.7071067811865477,0.7071067811865471,74.0,12,1,13.0,3.0,3601.0,10.988828836344187,3707.6923076923076,273.53846153846155,21.76923076923077,21.076923076923077,41.15384615384615,67.61538461538461,96.15384615384616,25.23076923076923,3.4615384615384617,19.76923076923077,277.0
21084,0,1,0,1,72279.00000000001,16824.0,581.0,291.0,24.0,1067.0,1706.0,371.0,791.0,497.0,339,0.3154029378216536,0,38.77835048021461,-9.195298859208275,0.49999999999999994,-0.8660254037844387,24.000000000000004,12,1,7.7999999999999545,1.0,17615.0,11.626673705108937,9266.538461538517,2156.9230769230894,74.48717948717992,37.30769230769253,3.076923076923095,136.7948717948726,218.71794871794998,47.56410256410284,101.410256410257,63.71794871794909,2258.3333333333467
21102,2,3,3,2,55107.0,145.9999999999991,695.0,515.0,443.0,1350.0,677.0,757.0,6.0,598.0,61,0.2277928639760336,1,38.70958155464075,-9.197519955810064,-0.8660254037844386,0.5000000000000001,62.0,12,1,13.0,5.0,151.9999999999991,11.009522227019875,4239.0,11.23076923076916,53.46153846153846,39.61538461538461,34.07692307692308,103.84615384615384,52.07692307692308,58.23076923076923,0.46153846153846156,46.0,11.692307692307622
21110,1,2,1,5,26920.0,3318.0,309.0,624.0,2842.0,1912.0,2370.0,1070.0,406.00000000000006,70.0,527,0.3445778364369679,1,38.770364990975445,-9.123482923162149,0.49999999999999994,-0.8660254037844387,55.0,22,1,11.0,3.0,3724.0,10.682032308608301,2447.2727272727275,301.6363636363636,28.09090909090909,56.72727272727273,258.3636363636364,173.8181818181818,215.45454545454547,97.27272727272727,36.909090909090914,6.363636363636363,338.54545454545456
21151,0,0,0,2,15621.999999999998,1091.0,91.0,235.0,208.0,797.0,847.0,722.0,187.0,1082.0,151,0.1441932703792524,1,38.757820713687806,-9.174001601745797,1.0,5.551115123125783e-17,49.0,17,1,16.0,0.0,1278.0,10.006089266196847,976.3749999999999,68.1875,5.6875,14.6875,13.0,49.8125,52.9375,45.125,11.6875,67.625,79.875
21158,0,0,1,2,6037.0,17243.0,21.0,1186.0,1128.0,983.0,1644.0,262.0,2514.0,391.0,97,0.2653265313093702,0,38.76196573492019,-9.193487663352784,-1.0,-1.6653345369377348e-16,57.0,12,0,9.0,0.0,19757.0,10.84285007197804,670.7777777777778,1915.888888888889,2.3333333333333335,131.77777777777777,125.33333333333333,109.22222222222223,182.66666666666666,29.11111111111111,279.3333333333333,43.44444444444444,2195.222222222222
21238,1,1,1,4,85936.0,6013.0,313.0,828.0,832.0,1193.8,1705.0,639.0,315.0,316.0,298,0.4208645624793924,1,38.783392852457105,-9.12143009908712,-0.4999999999999998,-0.8660254037844388,53.0,22,1,11.0,2.0,6328.0,11.55617459162082,7812.363636363636,546.6363636363636,28.454545454545453,75.27272727272727,75.63636363636364,108.52727272727272,155.0,58.09090909090909,28.636363636363637,28.727272727272727,575.2727272727273
21307,0,3,1,5,9648.0,1055.0,292.0,87.0,83.0,1022.0,341.0,432.99999999999994,1995.0,359.0,112,0.7125732580358823,1,38.71915191030484,-9.174489127651412,-0.4999999999999998,-0.8660254037844388,27.0,12,0,5.0,3.0,3050.0,9.818256408173468,1929.6,211.0,58.4,17.4,16.6,204.4,68.2,86.6,399.0,71.8,610.0
21358,3,2,0,2,47772.0,5482.0,725.0,1152.0,1274.0,1947.0,1064.4,1224.0,383.0,424.0,500,0.2778996139633673,1,38.77416077376508,-9.132671417378088,-0.7071067811865472,-0.7071067811865479,64.0,17,0,16.0,5.0,5865.0,11.117114604282898,2985.75,342.625,45.3125,72.0,79.625,121.6875,66.525,76.5,23.9375,26.5,366.5625
21372,5,1,1,1,44671.0,3824.0,662.0,1173.0,2439.0,1268.0,500.0,1036.0,225.0,245.0,124,0.1701875428882332,1,38.77430067353016,-9.14414434104492,-0.2588190451025208,-0.9659258262890683,28.999999999999996,17,1,2.0,6.0,4049.0,11.003648641194088,22335.5,1912.0,331.0,586.5,1219.5,634.0,250.0,518.0,112.5,122.5,2024.5
21410,1,1,2,4,44959.0,13244.0,573.0,228.0,1862.0,878.0,10.000000000000114,244.0,38.0,239.0,220,0.5033720822910545,0,38.711332149058606,-9.194981038614374,-0.5000000000000004,0.8660254037844385,71.0,12,1,6.0,2.0,13282.0,11.2326558522339,7493.166666666667,2207.3333333333335,95.5,38.0,310.3333333333333,146.33333333333334,1.6666666666666856,40.666666666666664,6.333333333333333,39.833333333333336,2213.6666666666665
21436,1,1,1,6,54228.0,5787.0,80.0,1187.0,806.0,1012.0,715.0,1466.0,1832.0,362.0,172,0.6944179286042165,1,38.745613080321355,-9.14364967965418,1.0,5.551115123125783e-17,39.0,17,1,17.0,2.0,7619.0,11.22650925763968,3189.8823529411766,340.4117647058824,4.705882352941177,69.82352941176471,47.411764705882355,59.529411764705884,42.05882352941177,86.23529411764706,107.76470588235294,21.294117647058822,448.1764705882353
21443,0,0,1,2,14638.0,8015.0,457.0,412.0,1564.0,1218.0,1208.0,822.0,720.0,31.0,600,1.0,0,38.77131848397581,-9.141424410398011,-0.5000000000000004,0.8660254037844385,78.0,12,1,7.0,0.0,8735.0,10.540619782899379,2091.1428571428573,1145.0,65.28571428571429,58.857142857142854,223.42857142857142,174.0,172.57142857142858,117.42857142857143,102.85714285714286,4.428571428571429,1247.857142857143
21519,1,1,1,1,71304.0,13658.0,791.0,190.0,76.00000000000011,900.0,1000.8,458.0,336.0,207.0,335,0.5782742777765362,0,38.76030288074011,-9.177912913160146,-0.7071067811865472,-0.7071067811865479,75.0,12,0,9.0,2.0,13994.0,11.541666457168125,7922.666666666667,1517.5555555555557,87.88888888888889,21.11111111111111,8.444444444444457,100.0,111.19999999999999,50.888888888888886,37.333333333333336,23.0,1554.888888888889
21533,1,0,0,2,32541.0,11257.0,706.0,509.0,339.0,1101.0,199.0,115.0,838.0,267.0,328,0.6776129379243996,0,38.747330826997285,-9.132847922192123,0.8660254037844387,-0.49999999999999983,74.0,12,1,13.0,1.0,12095.0,11.001566365598094,2503.153846153846,865.9230769230769,54.30769230769231,39.15384615384615,26.076923076923077,84.6923076923077,15.307692307692308,8.846153846153847,64.46153846153847,20.53846153846154,930.3846153846154
21540,0,0,0,2,5927.0,17749.0,159.0,613.0,287.9999999999999,1078.0,1134.0,60.0,1677.0,708.0,100,0.1708284109225161,0,38.730953015753734,-9.18013116168717,-1.0,-1.6653345369377348e-16,80.0,12,1,10.0,0.0,19426.0,10.79589534394695,592.7,1774.9,15.9,61.3,28.79999999999999,107.8,113.4,6.0,167.7,70.8,1942.6
21549,3,2,2,4,16395.0,7115.0,723.0,1127.0,2239.0,2304.0,1382.0,330.0,344.0,173.0,72,0.1870426495893582,1,38.72168167453807,-9.15205211013659,0.49999999999999994,-0.8660254037844387,84.0,15,1,23.0,5.0,7459.0,10.586382356631722,712.8260869565217,309.3478260869565,31.434782608695652,49.0,97.34782608695652,100.17391304347827,60.08695652173913,14.347826086956522,14.956521739130435,7.521739130434782,324.30434782608694
21555,0,2,2,4,53654.0,3301.0,114.0,936.0,554.0,1040.0,127.99999999999989,2446.0,196.0,404.0,263,0.5339047916593136,1,38.75808244561166,-9.136021257831697,-0.5000000000000004,0.8660254037844385,35.0,17,0,14.0,2.0,3497.0,11.10150767475264,3832.4285714285716,235.78571428571428,8.142857142857142,66.85714285714286,39.57142857142857,74.28571428571429,9.142857142857135,174.71428571428572,14.0,28.857142857142858,249.78571428571428
21572,0,0,2,1,5333.0,23355.0,198.0,444.0,1325.0,1012.0,822.0,72.0,2126.0,276.0,99,0.3612528039745006,0,38.748844915503696,-9.16300858615691,-0.7071067811865477,0.7071067811865471,48.0,12,0,11.0,0.0,25481.0,11.009489139636091,484.8181818181818,2123.181818181818,18.0,40.36363636363637,120.45454545454545,92.0,74.72727272727273,6.545454545454546,193.27272727272728,25.09090909090909,2316.4545454545455
21580,0,1,0,6,6919.0,4483.0,2294.0,471.0,339.0,30.0,41.0,502.0,1768.0,386.0,112,0.11217563795689817,1,38.756950762623426,-9.195008534132333,-0.9659258262890683,-0.25881904510252063,35.0,17,1,14.0,1.0,6251.0,10.064117198461096,494.2142857142857,320.2142857142857,163.85714285714286,33.642857142857146,24.214285714285715,2.142857142857143,2.9285714285714284,35.857142857142854,126.28571428571429,27.571428571428573,446.5
21632,0,1,1,1,58640.0,6647.0,433.0,433.0,608.0,817.0,744.0,1275.0,675.0,211.0,138,0.8282419008551158,0,38.78195757498265,-9.164658396464574,-0.7071067811865472,-0.7071067811865479,62.0,12,1,9.0,1.0,7322.0,11.261973828015448,6515.555555555556,738.5555555555555,48.111111111111114,48.111111111111114,67.55555555555556,90.77777777777777,82.66666666666667,141.66666666666666,75.0,23.444444444444443,813.5555555555555
21647,2,0,1,7,31275.0,4834.6,1139.0,423.0,1564.0,2475.0,1091.0,633.0,539.0,303.0,275,0.175041958536626,1,38.75202357397829,-9.160717557166414,-0.08284271247461905,-0.26356744903915663,24.000000000000004,15,1,10.0,2.0,5373.6,10.81277783836554,3127.5,483.46000000000004,113.9,42.3,156.4,247.5,109.1,63.3,53.9,30.3,537.36
21651,0,2,1,4,21443.0,3224.0,170.0,1327.0,898.0,1397.0,2724.0,1238.0,490.0,760.0,345,0.1107402850049887,1,38.76277582734019,-9.191871531724097,0.9659258262890684,-0.25881904510252063,53.0,17,1,10.0,2.0,3714.0,10.529051581772277,2144.3,322.4,17.0,132.7,89.8,139.7,272.4,123.8,49.0,76.0,371.4
21661,6,1,1,6,18130.0,5137.0,733.0,1145.0,745.0,2400.0,1565.0,1577.0,520.0,521.0,229,0.2706526818341627,1,38.77486324685121,-9.154448460247837,-0.2588190451025208,-0.9659258262890683,82.0,15,1,15.0,7.0,5657.0,10.548782878576425,1208.6666666666667,342.46666666666664,48.86666666666667,76.33333333333333,49.666666666666664,160.0,104.33333333333333,105.13333333333334,34.666666666666664,34.733333333333334,377.1333333333333
21709,2,2,0,4,7970.0,5580.0,523.0,931.0,740.0,652.0,626.0,456.0,2260.0,421.0,500,0.2057185785633602,1,38.76695686452746,-9.17837831495579,0.7071067811865476,-0.7071067811865475,85.0,22,0,18.0,4.0,7840.0,10.239959789157341,442.77777777777777,310.0,29.055555555555557,51.72222222222222,41.111111111111114,36.22222222222222,34.77777777777778,25.333333333333332,125.55555555555556,23.38888888888889,435.55555555555554
21807,2,2,1,6,33251.0,3142.0,622.0,661.0,1391.0,1299.0,2653.0,997.0,425.0,74.0,165,0.2127854834689238,1,38.77079145498048,-9.137658878588592,1.249000902703301e-16,-1.0,85.0,22,0,9.0,4.0,3567.0,10.780683963269196,3694.5555555555557,349.1111111111111,69.11111111111111,73.44444444444444,154.55555555555554,144.33333333333334,294.77777777777777,110.77777777777777,47.22222222222222,8.222222222222221,396.3333333333333
21828,1,1,1,6,14034.0,3208.0,2052.0,805.0,160.0,177.0,95.99999999999989,2407.0,162.0,892.0,99,0.2474188733072604,1,38.756502321679555,-9.187814742157824,0.49999999999999994,-0.8660254037844387,46.0,22,0,9.0,2.0,3370.0,10.21698355988089,1559.3333333333333,356.44444444444446,228.0,89.44444444444444,17.77777777777778,19.666666666666668,10.666666666666654,267.44444444444446,18.0,99.11111111111111,374.44444444444446
21964,1,4,0,3,20174.0,3414.0,726.0,1458.0,2492.0,1931.0,1680.0,1158.0,383.0,455.0,109,0.2053475955226519,1,38.72457575769358,-9.160935068838054,1.0,5.551115123125783e-17,79.0,17,1,17.0,5.0,3797.0,10.536592754010393,1186.7058823529412,200.8235294117647,42.705882352941174,85.76470588235294,146.58823529411765,113.58823529411765,98.82352941176471,68.11764705882354,22.529411764705884,26.764705882352942,223.35294117647058
21976,1,0,0,4,78856.0,4299.0,308.0,1454.0,746.0,1056.0,1385.0,1625.0,134.0,206.0,260,0.5701337595375708,1,38.77791406337274,-9.131666161914993,-0.25881904510252157,0.9659258262890681,85.0,15,0,18.0,1.0,4433.0,11.456386859009685,4380.888888888889,238.83333333333334,17.11111111111111,80.77777777777777,41.44444444444444,58.666666666666664,76.94444444444444,90.27777777777777,7.444444444444445,11.444444444444445,246.27777777777777
21977,0,0,1,2,69876.0,20089.0,514.0,228.0,761.0,973.0,1272.0,921.0,644.0,227.0,20,0.4929913656952135,0,38.7159020165445,-9.168214314498076,-0.8660254037844384,-0.5000000000000004,58.0,12,1,12.0,0.0,20733.0,11.663403695316589,5823.0,1674.0833333333333,42.833333333333336,19.0,63.416666666666664,81.08333333333333,106.0,76.75,53.666666666666664,18.916666666666668,1727.75
21982,0,0,2,4,4093.0,22418.0,11.0,418.0,1593.0,1002.0,1255.0,17.0,1075.0,336.0,77,0.2974107957252017,0,38.73725956533886,-9.16648503526248,-0.5000000000000004,0.8660254037844385,76.0,12,1,9.0,0.0,23493.0,10.927950842567915,454.77777777777777,2490.8888888888887,1.2222222222222223,46.44444444444444,177.0,111.33333333333333,139.44444444444446,1.8888888888888888,119.44444444444444,37.333333333333336,2610.3333333333335
21993,0,1,1,1,27661.0,17394.0,1080.0,239.0,1272.0,670.0,672.0,137.0,540.0,398.0,317,0.3185012014871987,0,38.73967510564904,-9.191176087085774,-0.25881904510252157,0.9659258262890681,41.0,12,0,12.0,1.0,17934.0,11.127233571961003,2305.0833333333335,1449.5,90.0,19.916666666666668,106.0,55.833333333333336,56.0,11.416666666666666,45.0,33.166666666666664,1494.5
21995,3,3,2,4,27477.0,5379.0,535.0,1364.0,2201.0,923.0,1387.0,953.0,442.0,137.0,518,0.3072900054803356,1,38.74483689385875,-9.119417227418989,0.25881904510252096,-0.9659258262890682,70.0,22,0,14.0,6.0,5821.0,10.749784912589748,1962.642857142857,384.2142857142857,38.214285714285715,97.42857142857143,157.21428571428572,65.92857142857143,99.07142857142857,68.07142857142857,31.571428571428573,9.785714285714286,415.7857142857143
22000,0,1,0,2,5467.0,10774.0,26.999999999999886,411.0,683.0,640.0,1953.0,81.0,3227.0,236.0,251,0.2121055886390309,0,38.72674604452303,-9.145320977413686,-0.25881904510252157,0.9659258262890681,39.0,12,0,5.0,1.0,14001.0,10.53212287826962,1093.4,2154.8,5.399999999999977,82.2,136.6,128.0,390.6,16.2,645.4,47.2,2800.2
22107,1,1,2,5,64644.0,3014.0000000000005,76.0,626.0,1062.0,734.0,808.0,2443.0,1550.0,79.0,377,0.2308780678395943,1,38.72994318711916,-9.118745179589611,-0.8660254037844384,-0.5000000000000004,57.0,17,0,22.0,2.0,4564.0,11.284781934567633,2938.3636363636365,137.00000000000003,3.4545454545454546,28.454545454545453,48.27272727272727,33.36363636363637,36.72727272727273,111.04545454545455,70.45454545454545,3.590909090909091,207.45454545454547
22118,1,0,0,2,55130.0,13434.0,188.0,309.0,963.0,1089.0,1335.0,1186.0,660.0,230.0,176,0.2836703508258117,0,38.732289208177235,-9.175252898863684,0.8660254037844387,-0.49999999999999983,65.0,12,1,11.0,1.0,14094.0,11.392101560555307,5011.818181818182,1221.2727272727273,17.09090909090909,28.09090909090909,87.54545454545455,99.0,121.36363636363636,107.81818181818181,60.0,20.90909090909091,1281.2727272727273
22243,0,0,0,1,15415.0,10118.0,223.0,724.0,1256.0,775.0,2192.0,82.0,2932.0,200.0,52,0.3267646363127537,0,38.73356308192857,-9.17310649281157,-0.9659258262890683,0.2588190451025203,43.0,12,0,5.0,0.0,13050.0,10.757221797744021,3083.0,2023.6,44.6,144.8,251.2,155.0,438.4,16.4,586.4,40.0,2610.0
22285,0,0,2,2,12476.0,7377.0,8.0,508.0,742.0,628.0,874.0,186.0,3497.0,186.0,173,0.2734153367280336,0,38.76271666776317,-9.176119119799845,-0.7071067811865477,0.7071067811865471,80.0,12,0,9.0,0.0,10874.0,10.528275589332711,1386.2222222222222,819.6666666666666,0.8888888888888888,56.44444444444444,82.44444444444444,69.77777777777777,97.11111111111111,20.666666666666668,388.55555555555554,20.666666666666668,1208.2222222222222
22301,1,1,1,1,27815.0,28726.0,711.0,574.0,372.0,923.0,159.9999999999999,551.0,392.0,200.0,213,0.7555096221319446,0,38.75114734301445,-9.194046155465582,-0.8660254037844384,-0.5000000000000004,81.0,12,1,15.0,2.0,29118.0,11.40247423581265,1854.3333333333333,1915.0666666666666,47.4,38.266666666666666,24.8,61.53333333333333,10.666666666666659,36.733333333333334,26.133333333333333,13.333333333333334,1941.2
22323,2,0,3,2,63451.0,2243.0,360.0,433.0,1596.0,1305.0,1025.0,1064.0,25.000000000000114,528.0,3,0.2836090467032227,1,38.78268964910811,-9.185889181734163,-0.7071067811865477,0.7071067811865471,65.0,12,1,15.0,2.0,2268.0,11.215852771665077,4230.066666666667,149.53333333333333,24.0,28.866666666666667,106.4,87.0,68.33333333333333,70.93333333333334,1.6666666666666743,35.2,151.2
22494,0,6,1,4,28062.0,3697.0,362.0,861.0,2677.0,1740.0,676.0,1494.0,481.99999999999994,302.0,392,0.2351897795963671,1,38.784224160305605,-9.182063806353865,0.8660254037844387,-0.49999999999999983,38.0,17,1,12.0,6.0,4179.0,10.70398576635862,2338.5,308.0833333333333,30.166666666666668,71.75,223.08333333333334,145.0,56.333333333333336,124.5,40.166666666666664,25.166666666666668,348.25
22508,1,1,0,3,56713.0,4680.0,470.0,107.0,192.0,1550.0,1068.0,589.0,735.0,329.0,497,0.7240023644293648,0,38.784837257134626,-9.136115784761488,0.8660254037844387,-0.49999999999999983,81.0,12,0,8.0,2.0,5415.0,11.182321973525834,7089.125,585.0,58.75,13.375,24.0,193.75,133.5,73.625,91.875,41.125,676.875
22578,1,1,0,9,31342.0,6510.0,637.0,1147.0,2368.0,1857.0,295.0,870.0,431.00000000000006,273.0,141,0.1989803107077345,1,38.74294358919934,-9.189793011896803,1.249000902703301e-16,-1.0,58.0,15,0,18.0,2.0,6941.0,10.871839284036742,1741.2222222222222,361.6666666666667,35.388888888888886,63.72222222222222,131.55555555555554,103.16666666666667,16.38888888888889,48.333333333333336,23.944444444444446,15.166666666666666,385.6111111111111
22706,2,0,2,3,10762.0,559.0,234.0,99.0,1129.0,520.0,135.0,137.9999999999999,1511.0,434.0,76,0.5966955335725517,0,38.74804737140467,-9.157321899633846,0.9659258262890684,-0.25881904510252063,28.0,12,0,7.0,2.0,2070.0,9.775199532234597,1537.4285714285713,79.85714285714286,33.42857142857143,14.142857142857142,161.28571428571428,74.28571428571429,19.285714285714285,19.714285714285698,215.85714285714286,62.0,295.7142857142857
22732,2,0,2,2,7252.0,129.0,182.0,249.99999999999994,702.0,501.0,151.0,509.0,1595.0,293.0,78,1.0,0,38.74727487169762,-9.157167102296237,0.49999999999999994,-0.8660254037844387,33.0,12,0,10.0,2.0,1724.0,9.494691904331507,725.2,12.9,18.2,24.999999999999993,70.2,50.1,15.1,50.9,159.5,29.3,172.4
22786,1,0,1,5,22448.0,4177.0,1233.0,499.0,496.0,748.0,402.0,580.0,105.0,1224.0,89,0.1369535622495751,0,38.76166089729254,-9.105031992700432,-0.9659258262890683,-0.25881904510252063,33.0,12,0,13.0,1.0,4282.0,10.496676266727242,1726.7692307692307,321.3076923076923,94.84615384615384,38.38461538461539,38.15384615384615,57.53846153846154,30.923076923076923,44.61538461538461,8.076923076923077,94.15384615384616,329.38461538461536
22856,2,2,3,2,58377.0,1997.5999999999995,770.0,440.0,370.0,935.0,1429.0,743.0,304.0,501.0,87,0.21962144352502372,1,38.71639067944261,-9.154236006744553,-0.5000000000000004,0.8660254037844385,78.0,12,0,12.0,4.0,2301.5999999999995,11.129748128920507,4864.75,166.4666666666666,64.16666666666667,36.666666666666664,30.833333333333332,77.91666666666667,119.08333333333333,61.916666666666664,25.333333333333332,41.75,191.79999999999995
22896,0,0,0,2,8344.0,19733.0,212.0,579.0,1359.0,502.0,528.0,124.0,2455.4,387.0,92,0.2806992269137342,0,38.727921091306705,-9.176733716902962,-1.0,-1.6653345369377348e-16,86.0,12,0,11.0,0.0,22188.4,10.940451362091425,758.5454545454545,1793.909090909091,19.272727272727273,52.63636363636363,123.54545454545455,45.63636363636363,48.0,11.272727272727273,223.21818181818182,35.18181818181818,2017.1272727272728
22922,0,3,0,1,8647.0,3920.2,29.0,434.0,772.0,1217.0,468.0,73.0,2055.0,181.0,182,0.1617774460353125,0,38.729440578566745,-9.164261649870442,-0.4999999999999998,-0.8660254037844388,57.0,12,0,11.0,3.0,5975.2,10.07628052286358,786.0909090909091,356.3818181818182,2.6363636363636362,39.45454545454545,70.18181818181819,110.63636363636364,42.54545454545455,6.636363636363637,186.8181818181818,16.454545454545453,543.1999999999999
22932,3,1,1,5,9488.0,928.0,853.0,651.0,905.0,687.0,87.0,135.0,474.0,851.0,215,0.7772778784352212,0,38.71006469252802,-9.099523987507231,-0.4999999999999998,-0.8660254037844388,52.0,12,1,13.0,4.0,1402.0,9.70880997353259,729.8461538461538,71.38461538461539,65.61538461538461,50.07692307692308,69.61538461538461,52.84615384615385,6.6923076923076925,10.384615384615385,36.46153846153846,65.46153846153847,107.84615384615384
23045,2,1,0,5,12124.0,1230.0,704.0,1467.0,198.0,8.0,74.00000000000011,1603.0,29.000000000000114,513.0,63,0.07692283366513408,1,38.78213249962456,-9.16577070645125,1.0,5.551115123125783e-17,31.0,22,1,11.0,3.0,1259.0,9.863186255762603,1102.1818181818182,111.81818181818181,64.0,133.36363636363637,18.0,0.7272727272727273,6.727272727272737,145.72727272727272,2.636363636363647,46.63636363636363,114.45454545454545
23104,0,2,1,3,31038.0,3898.0,587.0,557.0,3221.0,1490.0,1264.0,622.0,435.0,348.0,293,0.020954983682860195,1,38.78440607574608,-9.142476271792546,0.49999999999999994,-0.8660254037844387,82.0,15,0,11.0,2.0,4333.0,10.774655387588322,2821.6363636363635,354.3636363636364,53.36363636363637,50.63636363636363,292.8181818181818,135.45454545454547,114.9090909090909,56.54545454545455,39.54545454545455,31.636363636363637,393.90909090909093
23106,5,3,1,10,21682.0,4819.0,284.0,619.0,2072.0,1742.0,2464.0,1000.0,2380.0,681.0,165,0.1784003061565128,1,38.77864017619454,-9.118859909983904,0.49999999999999994,-0.8660254037844387,73.0,22,1,16.0,8.0,7199.0,10.713150299185491,1355.125,301.1875,17.75,38.6875,129.5,108.875,154.0,62.5,148.75,42.5625,449.9375
23157,1,1,0,5,56054.0,5413.0,273.00000000000006,712.0,437.0,1467.0,575.0,465.99999999999994,2236.0,319.0,403,0.455140935451933,1,38.722993488740805,-9.179072124198068,1.0,5.551115123125783e-17,24.000000000000004,22,0,12.799999999999955,2.0,7649.0,11.233238016844151,4379.2187500000155,422.8906250000015,21.32812500000008,55.6250000000002,34.14062500000012,114.60937500000041,44.921875000000156,36.40625000000013,174.68750000000063,24.92187500000009,597.5781250000022
23165,4,3,1,4,33707.0,6824.0,116.0,1396.0,847.0,2549.0,493.0,754.0,405.0,370.0,297,0.23421288021250647,1,38.71116084513339,-9.14104530704823,-0.4999999999999998,-0.8660254037844388,26.0,15,0,9.599999999999909,7.0,7229.0,10.909454441052057,3511.1458333333667,710.8333333333401,12.083333333333448,145.41666666666805,88.2291666666675,265.5208333333359,51.354166666667155,78.54166666666741,42.1875000000004,38.541666666667034,753.0208333333404
23173,0,0,1,2,45324.0,2815.0,362.0,439.0,26.0,587.0,800.0,169.9999999999999,569.0,192.0,265,0.537457363658147,0,38.73071984076284,-9.181213877881865,-0.5000000000000004,0.8660254037844385,72.0,12,0,11.0,0.0,3384.0,10.909052100154165,4120.363636363636,255.9090909090909,32.90909090909091,39.90909090909091,2.3636363636363638,53.36363636363637,72.72727272727273,15.454545454545444,51.72727272727273,17.454545454545453,307.6363636363636
23181,2,0,2,6,27119.0,2446.0,259.0,275.0,767.0,585.0,261.0,676.0,1595.0,269.0,72,0.8759258194353006,0,38.75299981727448,-9.160392907021118,1.249000902703301e-16,-1.0,40.0,12,0,7.0,2.0,4041.0,10.55304850493315,3874.1428571428573,349.42857142857144,37.0,39.285714285714285,109.57142857142857,83.57142857142857,37.285714285714285,96.57142857142857,227.85714285714286,38.42857142857143,577.2857142857143
23240,1,1,0,1,7363.0,21016.000000000004,261.0,293.0,368.0,886.0,986.0,77.0,357.0,316.0,23,1.0,0,38.73620826710857,-9.11863647527341,-0.7071067811865472,-0.7071067811865479,69.0,12,1,7.0,2.0,21373.000000000004,10.88363532339163,1051.857142857143,3002.2857142857147,37.285714285714285,41.857142857142854,52.57142857142857,126.57142857142857,140.85714285714286,11.0,51.0,45.142857142857146,3053.2857142857147
23298,1,1,1,2,65942.0,600.0,1327.0,476.0,248.0,543.0,456.0,645.0,521.0,263.0,41,0.3429191273592062,0,38.74541034045705,-9.126422931579446,0.7071067811865476,-0.7071067811865475,51.0,12,0,12.0,2.0,1121.0,11.186405539398242,5495.166666666667,50.0,110.58333333333333,39.666666666666664,20.666666666666668,45.25,38.0,53.75,43.416666666666664,21.916666666666668,93.41666666666667
23418,0,0,2,2,61710.0,17455.0,294.99999999999994,216.0,351.20000000000005,1877.0,109.00000000000011,1220.0,931.0,127.0,41,0.4565679002610349,0,38.77517316127607,-9.17520222363299,-0.4999999999999998,-0.8660254037844388,33.0,12,0,7.0,0.0,18386.0,11.539355104640537,8815.714285714286,2493.5714285714284,42.14285714285713,30.857142857142858,50.17142857142858,268.14285714285717,15.571428571428587,174.28571428571428,133.0,18.142857142857142,2626.5714285714284
23436,0,1,1,2,49012.0,7375.0,587.0,18.0,343.0,1223.0,1180.0,681.0,685.0,23.0,313,1.0,0,38.762467057631,-9.172901481309273,-0.8660254037844384,-0.5000000000000004,48.0,12,1,11.0,1.0,8060.0,11.144582716163814,4455.636363636364,670.4545454545455,53.36363636363637,1.6363636363636365,31.181818181818183,111.18181818181819,107.27272727272727,61.90909090909091,62.27272727272727,2.090909090909091,732.7272727272727
23475,2,3,1,7,11421.0,4491.0,1342.0,855.0,2454.0,901.0,931.0,786.0,342.0,454.0,192,0.1611044348348591,1,38.755524793821145,-9.176767088122928,0.7071067811865476,-0.7071067811865475,48.0,22,0,17.0,5.0,4833.0,10.26851253764627,671.8235294117648,264.1764705882353,78.94117647058823,50.294117647058826,144.35294117647058,53.0,54.76470588235294,46.23529411764706,20.11764705882353,26.705882352941178,284.29411764705884
23482,1,1,3,2,41192.0,4682.0,499.0,386.0,285.0,1279.0,609.0,8.0,165.0,921.0,145,0.1835661764994793,1,38.73423194053326,-9.164426473741845,-0.9659258262890683,0.2588190451025203,82.0,12,0,16.0,2.0,4847.0,10.912794926976803,2574.5,292.625,31.1875,24.125,17.8125,79.9375,38.0625,0.5,10.3125,57.5625,302.9375
23487,1,0,1,3,62978.0,5442.0,384.0,653.0,482.0,998.0,338.0,216.0,481.0,132.0,33,0.8376335121370555,1,38.70887881572385,-9.15626858476107,-0.4999999999999998,-0.8660254037844388,31.0,15,0,4.0,1.0,5923.0,11.264823015614823,15744.5,1360.5,96.0,163.25,120.5,249.5,84.5,54.0,120.25,33.0,1480.75
23526,2,2,1,2,32136.0,5615.0,810.0,945.0,2209.0,1115.0,1846.0,806.0,2323.0,15.0,264,0.2371659236471064,1,38.773193831445695,-9.153990412546598,0.25881904510252096,-0.9659258262890682,60.0,17,0,11.0,4.0,7938.0,10.92879411127072,2921.4545454545455,510.45454545454544,73.63636363636364,85.9090909090909,200.8181818181818,101.36363636363636,167.8181818181818,73.27272727272727,211.1818181818182,1.3636363636363635,721.6363636363636
23588,1,1,1,1,80776.0,1804.0,15.0,398.0,993.0,1315.0,701.0,507.0,697.0,313.0,20,0.8147387250303681,0,38.768094959046415,-9.16669057119777,-0.4999999999999998,-0.8660254037844388,78.0,12,1,11.0,2.0,2501.0,11.407798255427746,7343.272727272727,164.0,1.3636363636363635,36.18181818181818,90.27272727272727,119.54545454545455,63.72727272727273,46.09090909090909,63.36363636363637,28.454545454545453,227.36363636363637
23627,3,1,1,2,43243.0,7586.8,205.0,879.0,439.0,2331.0,733.0,917.0,407.0,593.0,323,0.3126256484419168,1,38.760597650617775,-9.12106027097745,1.249000902703301e-16,-1.0,78.0,17,0,11.0,4.0,7993.8,11.087185197940398,3931.181818181818,689.709090909091,18.636363636363637,79.9090909090909,39.90909090909091,211.9090909090909,66.63636363636364,83.36363636363636,37.0,53.90909090909091,726.709090909091
23643,2,3,3,2,59946.0,1882.0,577.0,938.0,591.0,595.0,1148.0,695.0,470.00000000000006,692.0,40,0.2053528647774462,1,38.7852727086387,-9.13965089468583,-0.7071067811865472,-0.7071067811865479,67.0,12,0,16.0,5.0,2352.0,11.154634930954094,3746.625,117.625,36.0625,58.625,36.9375,37.1875,71.75,43.4375,29.375000000000004,43.25,147.0
23700,1,2,2,1,13620.0,92.99999999999909,9.0,267.0,287.9999999999999,1000.0,798.0,260.0,83.0,1136.0,147,0.16650563565248927,1,38.76363240890372,-9.147690783885276,0.9659258262890684,-0.25881904510252063,27.0,17,1,10.400000000000091,3.0,175.9999999999991,9.783069799056989,1309.6153846153732,8.942307692307526,0.8653846153846079,25.6730769230767,27.692307692307438,96.15384615384531,76.73076923076856,24.99999999999978,7.980769230769161,109.23076923076827,16.92307692307669
23711,1,1,0,1,30320.0,11890.0,878.0,194.0,58.0,569.0,1382.0,729.0,808.0,244.0,145,0.5078388556143986,0,38.78544937556985,-9.164242573433912,-0.4999999999999998,-0.8660254037844388,25.0,12,0,8.200000000000045,2.0,12698.0,10.998275872479747,3697.5609756097356,1449.999999999992,107.07317073170672,23.658536585365724,7.073170731707278,69.39024390243864,168.53658536585272,88.90243902438975,98.53658536585311,29.756097560975444,1548.536585365845
23730,0,0,1,5,39002.0,3203.0,281.80000000000007,916.0,858.0,1108.0,812.0,3114.0,385.0,334.0,262,0.2966937698140324,1,38.76551221592126,-9.13461686416671,-0.4999999999999998,-0.8660254037844388,57.0,12,0,17.0,0.0,3588.0,10.889356584500465,2294.235294117647,188.41176470588235,16.5764705882353,53.88235294117647,50.470588235294116,65.17647058823529,47.76470588235294,183.1764705882353,22.647058823529413,19.647058823529413,211.05882352941177
23791,0,2,0,5,14628.0,5859.0,1261.0,1320.0,2501.0,1036.0,1672.0,1776.0,429.00000000000006,537.0,255,0.24020402041570377,1,38.77546793156194,-9.159787284705237,0.7071067811865476,-0.7071067811865475,52.0,12,1,11.0,2.0,6288.0,10.526963059846754,1329.8181818181818,532.6363636363636,114.63636363636364,120.0,227.36363636363637,94.18181818181819,152.0,161.45454545454547,39.00000000000001,48.81818181818182,571.6363636363636
23809,0,0,0,2,11881.0,12269.0,80.0,572.0,1133.0,417.0,1017.0,148.0,2894.0,285.0,144,0.0901126907061201,0,38.733759438144055,-9.161190313154016,-0.25881904510252157,0.9659258262890681,85.0,12,0,11.0,0.0,15163.0,10.733348556411896,1080.090909090909,1115.3636363636363,7.2727272727272725,52.0,103.0,37.90909090909091,92.45454545454545,13.454545454545455,263.09090909090907,25.90909090909091,1378.4545454545455
23817,1,2,3,3,62659.0,1061.0,619.0,391.0,396.0,963.0,617.0,442.0,252.0,432.0,106,0.3222864940310139,1,38.76126250284319,-9.145343126103072,-0.9659258262890683,-0.25881904510252063,82.0,12,1,8.0,3.0,1313.0,11.143975490155883,7832.375,132.625,77.375,48.875,49.5,120.375,77.125,55.25,31.5,54.0,164.125
23894,0,1,1,4,101806.0,3526.0,468.0,952.0,635.0,1291.0,990.0,1528.0,204.0,581.0,238,0.9912576943108833,1,38.756170331955715,-9.130935419141991,0.8660254037844387,-0.49999999999999983,40.0,12,1,19.0,1.0,3730.0,11.658859624311793,5358.210526315789,185.57894736842104,24.63157894736842,50.10526315789474,33.421052631578945,67.94736842105263,52.10526315789474,80.42105263157895,10.736842105263158,30.57894736842105,196.31578947368422
23897,2,1,2,4,36120.0,2459.0,377.0,1693.0,572.0,887.0,390.0,1756.0,170.0,332.0,254,0.603939011990089,1,38.755457678304154,-9.11771424685601,0.9659258262890684,-0.25881904510252063,85.0,12,1,15.0,3.0,2629.0,10.766082105406422,2408.0,163.93333333333334,25.133333333333333,112.86666666666666,38.13333333333333,59.13333333333333,26.0,117.06666666666666,11.333333333333334,22.133333333333333,175.26666666666668
23967,2,1,0,3,15333.999999999998,1383.0,1912.0,702.0,544.0,3.0,7.000000000000114,1603.0,142.0,955.0,154,0.2267547965223189,0,38.76084915878217,-9.078171250641152,-0.2588190451025208,-0.9659258262890683,64.0,22,1,16.0,3.0,1525.0,10.090423446880829,958.3749999999999,86.4375,119.5,43.875,34.0,0.1875,0.4375000000000071,100.1875,8.875,59.6875,95.3125
23988,2,1,1,5,44696.0,1895.0,158.0,637.0,724.0,822.0,1257.0,1424.0,367.0,952.0,311,0.2603787686505001,1,38.71120044955071,-9.1738518329302,-0.7071067811865472,-0.7071067811865479,84.0,12,1,10.0,3.0,2262.0,10.918627648452452,4469.6,189.5,15.8,63.7,72.4,82.2,125.7,142.4,36.7,95.2,226.2
24060,3,1,0,3,18046.0,5014.0,958.2,784.0,2296.0,1269.0,648.0,484.00000000000006,277.0,33.0,523,0.07953731098924727,1,38.73764058126607,-9.12400746532136,0.7395953267715892,-0.534606521495123,47.0,12,0,13.0,4.0,5291.0,10.465990596903747,1388.1538461538462,385.6923076923077,73.70769230769231,60.30769230769231,176.6153846153846,97.61538461538461,49.84615384615385,37.23076923076923,21.307692307692307,2.5384615384615383,407.0
24090,4,0,1,2,41842.0,5001.0,1001.0,609.0,2504.0,1181.0,1543.0,1211.0,409.0,512.2,131,0.3403265839467256,1,38.76762271127271,-9.13862786375196,0.49999999999999994,-0.8660254037844387,39.0,12,0,10.0,4.0,5410.0,11.022297815177222,4184.2,500.1,100.1,60.9,250.4,118.1,154.3,121.1,40.9,51.220000000000006,541.0
24201,0,2,2,1,4791.0,3892.0,451.0,285.0,1299.0,1384.0,878.0,167.0,1552.0,197.0,216,0.2060324395406649,0,38.76917581280229,-9.171260519121782,-0.9659258262890683,-0.25881904510252063,78.0,12,1,7.0,2.0,5444.0,9.920393832602487,684.4285714285714,556.0,64.42857142857143,40.714285714285715,185.57142857142858,197.71428571428572,125.42857142857143,23.857142857142858,221.71428571428572,28.142857142857142,777.7142857142857
24206,2,0,2,2,10895.0,301.0,134.0,139.0,806.0,493.9999999999999,742.0,180.0,1627.0,353.0,67,0.7460981636975269,0,38.74795556874815,-9.15671510462362,0.9659258262890684,-0.25881904510252063,33.0,12,1,11.0,2.0,1928.0,9.775654181026242,990.4545454545455,27.363636363636363,12.181818181818182,12.636363636363637,73.27272727272727,44.9090909090909,67.45454545454545,16.363636363636363,147.9090909090909,32.09090909090909,175.27272727272728
24220,1,1,1,4,55877.0,64.0,282.0,424.0,663.0,1156.0,826.0,2417.0,396.0,726.0,146,0.2718739950134824,1,38.75775357288725,-9.123250512145368,0.8660254037844387,-0.49999999999999983,28.0,12,0,0.0,2.0,460.0,11.055514217838875,55877.0,64.0,282.0,424.0,663.0,1156.0,826.0,2417.0,396.0,726.0,460.0
24292,2,0,1,4,35545.0,5880.0,940.0,952.0,1810.0,1386.0,1245.0,1271.0,1087.6,845.0,265,0.28972006212967,1,38.77507778314861,-9.118510625512693,0.25881904510252096,-0.9659258262890682,61.0,12,1,10.0,2.0,6967.6,10.966994116527314,3554.5,588.0,94.0,95.2,181.0,138.6,124.5,127.1,108.75999999999999,84.5,696.76
24344,2,4,1,4,20094.0,5649.0,973.0,629.0,1709.0,1139.0,2144.0,509.0,341.0,925.0,359,0.3025625341443187,1,38.75105847150035,-9.18751282664489,1.249000902703301e-16,-1.0,63.0,12,0,15.0,6.0,5990.0,10.59920642346389,1339.6,376.6,64.86666666666666,41.93333333333333,113.93333333333334,75.93333333333334,142.93333333333334,33.93333333333333,22.733333333333334,61.666666666666664,399.3333333333333
24378,0,1,5,3,46436.0,4096.0,885.0,522.0,1778.0,1845.0,2330.0,343.0,2063.0,354.0,186,0.2293473291898883,1,38.74977046393264,-9.169446624237503,0.8660254037844387,-0.49999999999999983,40.0,12,0,19.0,1.0,6159.0,11.109637984109838,2444.0,215.57894736842104,46.578947368421055,27.473684210526315,93.57894736842105,97.10526315789474,122.63157894736842,18.05263157894737,108.57894736842105,18.63157894736842,324.1578947368421
24398,1,1,0,6,24604.0,3042.0,250.0,254.0,719.0,181.0,1470.0,887.0,47.0,450.0,523,0.2173635496040072,0,38.76672766332422,-9.123738389485377,0.25881904510252096,-0.9659258262890682,41.0,12,1,6.0,2.0,3089.0,10.462931897204566,4100.666666666667,507.0,41.666666666666664,42.333333333333336,119.83333333333333,30.166666666666668,245.0,147.83333333333334,7.833333333333333,75.0,514.8333333333334
24401,2,2,2,3,34300.0,4409.0,453.0,312.0,2160.0,1890.0,2558.0,878.0,270.0,208.0,381,0.336717816405628,1,38.78272799657809,-9.129270691602583,0.8660254037844387,-0.49999999999999983,80.0,12,1,14.0,4.0,4679.0,10.861265657517102,2450.0,314.92857142857144,32.357142857142854,22.285714285714285,154.28571428571428,135.0,182.71428571428572,62.714285714285715,19.285714285714285,14.857142857142858,334.2142857142857
24402,0,0,0,2,10784.0,1211.0,63.0,199.99999999999994,1465.0,211.0000000000001,238.0,750.0,1491.0,53.0,92,1.0,0,38.73427992215446,-9.167724636465357,-0.8660254037844386,0.5000000000000001,26.0,12,1,6.2000000000000455,0.0,2702.0,9.86104966983816,1739.3548387096646,195.32258064515986,10.161290322580571,32.25806451612878,236.29032258064342,34.0322580645159,38.38709677419327,120.96774193548299,240.48387096774016,8.54838709677413,435.80645161290005
24477,0,1,1,1,3037.9999999999964,10694.0,370.0,1025.0,292.9999999999999,60.0,621.0,1658.0,747.0,264.0,15,1.0,0,38.76430950098176,-9.139445291576347,-0.2588190451025208,-0.9659258262890683,61.0,12,0,12.0,1.0,11441.0,10.315994475433339,253.16666666666637,891.1666666666666,30.833333333333332,85.41666666666667,24.416666666666657,5.0,51.75,138.16666666666666,62.25,22.0,953.4166666666666
24478,3,4,1,5,23033.0,5121.0,1259.0,517.0,2427.0,761.0,813.0,103.0,386.0,336.0,219,0.06567954992811881,1,38.72803229175008,-9.126976409667986,0.25881904510252096,-0.9659258262890682,27.0,12,1,0.0,7.0,5507.0,10.603213048456196,23033.0,5121.0,1259.0,517.0,2427.0,761.0,813.0,103.0,386.0,336.0,5507.0
24557,3,5,0,1,16920.0,4480.0,1139.0,1402.0,1409.0,2789.0,1838.0,729.0,208.0,526.0,411,0.2472962175305358,1,38.784370084776896,-9.181911789569613,0.7071067811865476,-0.7071067811865475,76.0,12,0,14.0,8.0,4688.0,10.494851145928589,1208.5714285714287,320.0,81.35714285714286,100.14285714285714,100.64285714285714,199.21428571428572,131.28571428571428,52.07142857142857,14.857142857142858,37.57142857142857,334.85714285714283
24654,3,1,0,3,23665.0,6349.0,976.0,812.0,384.0,1411.0,2623.0,574.0,405.0,110.0,268,0.11715748712507379,1,38.72461595429688,-9.126687205947787,-0.4999999999999998,-0.8660254037844388,75.0,12,1,21.0,4.0,6754.0,10.693398401528382,1126.904761904762,302.3333333333333,46.476190476190474,38.666666666666664,18.285714285714285,67.19047619047619,124.9047619047619,27.333333333333332,19.285714285714285,5.238095238095238,321.6190476190476
24739,3,3,0,6,17898.0,6321.0,848.0,1551.0,833.0,2146.0,793.0,1313.0,422.00000000000006,218.0,198,0.1088151620074865,1,38.77834112544473,-9.134644951010609,0.49999999999999994,-0.8660254037844387,49.0,12,1,26.0,6.0,6743.0,10.57354520987104,688.3846153846154,243.1153846153846,32.61538461538461,59.65384615384615,32.03846153846154,82.53846153846153,30.5,50.5,16.230769230769234,8.384615384615385,259.34615384615387
24808,1,2,1,4,7444.0,907.0,332.0,245.00000000000006,892.0,996.0,430.0,1316.0,156.0,96.0,524,0.7023096987808428,0,38.71609060498603,-9.173100396023214,-0.4999999999999998,-0.8660254037844388,73.0,12,1,10.0,3.0,1063.0,9.538060131459494,744.4,90.7,33.2,24.500000000000007,89.2,99.6,43.0,131.6,15.6,9.6,106.3
24909,3,0,0,1,8102.0,9494.0,42.0,735.0,1032.0,981.0,1466.0,378.0,1323.0,313.0,54,0.2291802289779779,0,38.73148865435527,-9.19885202912909,-0.8660254037844386,0.5000000000000001,84.0,12,1,7.0,3.0,10817.0,10.454033764497051,1157.4285714285713,1356.2857142857142,6.0,105.0,147.42857142857142,140.14285714285714,209.42857142857142,54.0,189.0,44.714285714285715,1545.2857142857142
24916,4,4,0,5,7231.0,7419.0,357.0,1478.0,1762.0,1454.0,1176.0,1068.0,170.0,513.0,337,0.05412629947683617,1,38.735671849837416,-9.16724849268422,0.9659258262890684,-0.25881904510252063,62.0,12,0,7.0,8.0,7589.0,10.316193052299786,1033.0,1059.857142857143,51.0,211.14285714285714,251.71428571428572,207.71428571428572,168.0,152.57142857142858,24.285714285714285,73.28571428571429,1084.142857142857
24918,0,0,2,2,3559.0,23521.0,333.0,365.0,1192.0,1000.0,1021.0,30.0,1389.0,346.0,190,0.03173006338936918,0,38.77404770634637,-9.18686884226478,-0.25881904510252157,0.9659258262890681,75.0,12,1,6.0,0.0,24910.0,10.962440365141921,593.1666666666666,3920.1666666666665,55.5,60.833333333333336,198.66666666666666,166.66666666666666,170.16666666666666,5.0,231.5,57.666666666666664,4151.666666666667
24920,1,0,1,4,14472.0,2339.0,465.0,731.0,772.0,970.0,1159.0,1409.0,1909.0,459.0,332,0.011959710519713673,1,38.75930586766859,-9.140401643480846,-0.5000000000000004,0.8660254037844385,37.0,12,1,13.0,1.0,4248.0,10.272772653189536,1113.2307692307693,179.92307692307693,35.76923076923077,56.23076923076923,59.38461538461539,74.61538461538461,89.15384615384616,108.38461538461539,146.84615384615384,35.30769230769231,326.7692307692308
24923,2,1,2,2,9522.0,1446.0,178.99999999999994,194.0,220.0,653.0,464.0,736.0,1953.0,21.0,81,0.596298968818946,0,38.74721103834599,-9.156530842563166,0.49999999999999994,-0.8660254037844387,35.0,12,0,14.0,3.0,3399.0,9.840973647146885,680.1428571428571,103.28571428571429,12.785714285714281,13.857142857142858,15.714285714285714,46.642857142857146,33.142857142857146,52.57142857142857,139.5,1.5,242.78571428571428
24938,2,3,2,4,38988.0,6281.0,714.0,1451.0,1448.0,1733.0,904.0,806.0,501.0,666.0,141,0.1925200679204287,1,38.74319003256915,-9.175395757091112,-0.4999999999999998,-0.8660254037844388,76.0,12,0,13.0,5.0,6782.0,11.006672703049372,2999.076923076923,483.15384615384613,54.92307692307692,111.61538461538461,111.38461538461539,133.30769230769232,69.53846153846153,62.0,38.53846153846154,51.23076923076923,521.6923076923077
24948,1,0,2,3,23846.0,2171.0,225.0,743.0,401.0,1295.0,1311.0,2794.0,303.0,424.0,168,0.7687723629798594,1,38.78113467544033,-9.172810590996608,0.49999999999999994,-0.8660254037844387,65.0,12,1,15.0,1.0,2474.0,10.49094082853701,1589.7333333333333,144.73333333333332,15.0,49.53333333333333,26.733333333333334,86.33333333333333,87.4,186.26666666666668,20.2,28.266666666666666,164.93333333333334
24985,1,0,1,4,17662.0,370.0,1534.0,605.0,154.0,14.0,62.0,2696.0,1704.0,459.0,91,0.2243986287561685,0,38.7846970664721,-9.17029382685914,-0.4999999999999998,-0.8660254037844388,81.0,15,0,10.0,1.0,2074.0,10.2159232113291,1766.2,37.0,153.4,60.5,15.4,1.4,6.2,269.6,170.4,45.9,207.4
25053,2,2,1,6,31151.0,4510.0,709.0,1082.0,2362.0,1060.0,778.0,246.0,299.0,12.0,215,0.09717294583843972,1,38.72624425058536,-9.159443588699006,1.249000902703301e-16,-1.0,36.0,12,1,12.0,4.0,4809.0,10.758307054322177,2595.9166666666665,375.8333333333333,59.083333333333336,90.16666666666667,196.83333333333334,88.33333333333333,64.83333333333333,20.5,24.916666666666668,1.0,400.75
25099,2,2,0,4,17931.0,4959.0,1437.0,676.0,1819.0,1116.0,323.0000000000001,823.2,433.0,547.0,551,0.2409946602529957,1,38.74006923200596,-9.183510191162098,-0.4999999999999998,-0.8660254037844388,38.0,12,0,18.0,4.0,5392.0,10.476081614299577,996.1666666666666,275.5,79.83333333333333,37.55555555555556,101.05555555555556,62.0,17.94444444444445,45.733333333333334,24.055555555555557,30.38888888888889,299.55555555555554
25177,1,1,1,3,83374.00000000001,2635.0,428.0,483.0,476.0,873.0,788.0,1047.0,259.0,388.0,382,0.4710755319811431,1,38.78395591003503,-9.117365209903138,-0.9659258262890683,0.2588190451025203,82.0,12,1,12.0,2.0,2894.0,11.447276994733667,6947.833333333335,219.58333333333334,35.666666666666664,40.25,39.666666666666664,72.75,65.66666666666667,87.25,21.583333333333332,32.333333333333336,241.16666666666666
25196,0,1,0,1,11934.0,9144.0,235.0,606.0,702.0,952.0,1087.0,17.0,3102.0,382.0,127,0.3428538641652361,0,38.74789714136282,-9.18941765051705,-0.9659258262890683,-0.25881904510252063,47.0,12,0,11.0,1.0,12246.0,10.606783064147889,1084.909090909091,831.2727272727273,21.363636363636363,55.09090909090909,63.81818181818182,86.54545454545455,98.81818181818181,1.5454545454545454,282.0,34.72727272727273,1113.2727272727273
25236,2,2,3,1,14496.000000000002,2177.0,117.0,614.0,768.0,1120.0,1660.0,68.0,1529.0,547.0,139,0.2253992823824782,1,38.721225590064904,-9.20613198670727,-0.8660254037844384,-0.5000000000000004,72.0,12,1,11.0,4.0,3706.0,10.196269100532607,1317.818181818182,197.9090909090909,10.636363636363637,55.81818181818182,69.81818181818181,101.81818181818181,150.9090909090909,6.181818181818182,139.0,49.72727272727273,336.90909090909093
25244,0,1,1,4,7808.0,278.9999999999991,2435.0,496.0,279.0,135.0000000000001,25.0,2096.0,1956.0,453.0,61,0.11519181580039478,0,38.751606214188634,-9.165458648365028,-0.4999999999999998,-0.8660254037844388,81.0,15,1,7.0,1.0,2234.999999999999,9.809066976916636,1115.4285714285713,39.857142857142726,347.85714285714283,70.85714285714286,39.857142857142854,19.285714285714302,3.5714285714285716,299.42857142857144,279.42857142857144,64.71428571428571,319.28571428571416
25276,1,1,1,2,14032.0,549.0,1164.0,643.0,684.0,0.0,97.0,2400.0,1550.0,504.0,103,0.02308451021664487,0,38.744189920243315,-9.115787384797558,1.249000902703301e-16,-1.0,33.0,22,0,11.0,2.0,2099.0,10.074200320662365,1275.6363636363637,49.90909090909091,105.81818181818181,58.45454545454545,62.18181818181818,0.0,8.818181818181818,218.1818181818182,140.9090909090909,45.81818181818182,190.8181818181818
25335,1,2,0,4,56709.0,1858.0,261.0,319.0,382.0,721.0,1629.0,2052.0,302.0,521.0,372,0.3158878657491243,1,38.76725310028352,-9.168591306659152,0.8660254037844387,-0.49999999999999983,47.0,12,1,19.0,3.0,2160.0,11.111178436230475,2984.684210526316,97.78947368421052,13.736842105263158,16.789473684210527,20.105263157894736,37.94736842105263,85.73684210526316,108.0,15.894736842105264,27.42105263157895,113.6842105263158
25414,5,4,0,1,34147.0,4839.0,796.0,1206.0,2625.0,482.0000000000001,2148.0,1265.0,501.0,197.0,322,0.1265916309531729,1,38.73483057117898,-9.155272246846984,0.9659258262890684,-0.25881904510252063,68.0,12,1,12.0,9.0,5340.0,10.888315051897617,2845.5833333333335,403.25,66.33333333333333,100.5,218.75,40.16666666666668,179.0,105.41666666666667,41.75,16.416666666666668,445.0
25415,0,0,2,4,29504.0,2013.0,204.00000000000006,1450.0,629.0,710.0,773.0,2068.8,378.0,175.0,247,0.7086768192993878,1,38.76521573857566,-9.1524335350609,0.25881904510252096,-0.9659258262890682,62.0,12,0,18.0,0.0,2391.0,10.604027340315572,1639.111111111111,111.83333333333333,11.333333333333336,80.55555555555556,34.94444444444444,39.44444444444444,42.94444444444444,114.93333333333334,21.0,9.722222222222221,132.83333333333334
25431,0,4,1,2,22810.0,4931.0,262.0,1077.0,1515.0,1952.0,1148.0,195.0,395.0,906.0,416,0.11012471907598298,1,38.74256086801653,-9.155479806017915,0.9659258262890684,-0.25881904510252063,47.0,12,0,19.0,4.0,5326.0,10.609501598802897,1200.5263157894738,259.5263157894737,13.789473684210526,56.68421052631579,79.73684210526316,102.73684210526316,60.421052631578945,10.263157894736842,20.789473684210527,47.68421052631579,280.3157894736842
25473,0,0,2,1,7440.0,10032.0,203.0,946.0,1397.0,404.0,1279.0,77.0,2612.0,2.0,185,0.1813886545412439,0,38.76315428637755,-9.176509981058478,-0.2588190451025208,-0.9659258262890683,36.0,12,1,6.0,0.0,12644.0,10.519672691959444,1240.0,1672.0,33.833333333333336,157.66666666666666,232.83333333333334,67.33333333333333,213.16666666666666,12.833333333333334,435.3333333333333,0.3333333333333333,2107.3333333333335
25475,2,1,1,2,30047.0,5796.0,907.0,1515.0,1968.0,740.0,1127.0,779.0,320.0,493.0,299,0.2671851183445416,1,38.74907176513216,-9.17930722704611,1.249000902703301e-16,-1.0,32.0,12,0,13.0,3.0,6116.0,10.815950969575896,2311.3076923076924,445.84615384615387,69.76923076923077,116.53846153846153,151.3846153846154,56.92307692307692,86.6923076923077,59.92307692307692,24.615384615384617,37.92307692307692,470.46153846153845
25580,4,0,1,4,16750.0,2068.0,225.99999999999994,1485.0,433.0,964.0,1342.0,20.0,323.0,292.0,164,0.2074594542503039,1,38.78526970453723,-9.118845312183185,-0.2588190451025208,-0.9659258262890683,41.0,12,1,14.0,4.0,2391.0,10.177134086023445,1196.4285714285713,147.71428571428572,16.14285714285714,106.07142857142857,30.928571428571427,68.85714285714286,95.85714285714286,1.4285714285714286,23.071428571428573,20.857142857142858,170.78571428571428
25603,1,0,1,5,18906.0,4212.0,554.0,660.0,2378.0,2092.0,1217.0,1034.0,553.0,508.0,230,0.2887954905480046,1,38.75768276045714,-9.128214792547055,0.25881904510252096,-0.9659258262890682,69.0,12,0,9.0,1.0,4765.0,10.51542467767053,2100.6666666666665,468.0,61.55555555555556,73.33333333333333,264.22222222222223,232.44444444444446,135.22222222222223,114.88888888888889,61.44444444444444,56.44444444444444,529.4444444444445
25617,1,1,1,1,51204.0,1045.0,303.0,94.0,542.0,588.0,1409.0,54.0,569.0,439.0,249,0.3368277697620144,0,38.736073792113395,-9.121816265634711,-0.4999999999999998,-0.8660254037844388,33.0,12,1,10.0,2.0,1614.0,10.965816144126991,5120.4,104.5,30.3,9.4,54.2,58.8,140.9,5.4,56.9,43.9,161.4
25630,1,1,1,1,46219.0,18452.0,374.0,741.0,430.0,1512.0,583.0,607.0,535.0,216.0,454,0.9522621586620641,0,38.77968919867558,-9.188705924373917,-0.7071067811865477,0.7071067811865471,80.0,12,0,11.0,2.0,18987.0,11.392530270595945,4201.727272727273,1677.4545454545455,34.0,67.36363636363636,39.09090909090909,137.45454545454547,53.0,55.18181818181818,48.63636363636363,19.636363636363637,1726.090909090909
25659,0,0,1,1,27500.0,11489.0,1076.0,920.0,871.0,1006.0,1679.0,765.0,640.0,428.0,325,0.7560088066148233,0,38.771318613964326,-9.145425940043596,-1.0,-1.6653345369377348e-16,75.0,12,1,14.0,0.0,12129.0,10.976850406950787,1964.2857142857142,820.6428571428571,76.85714285714286,65.71428571428571,62.214285714285715,71.85714285714286,119.92857142857143,54.642857142857146,45.714285714285715,30.571428571428573,866.3571428571429
25671,7,2,1,3,48318.0,3378.0,1160.6,463.0,744.0,1976.0,1267.0,483.00000000000006,394.0,472.0,346,0.1667514763603633,1,38.70782572546734,-9.144140203271702,0.7071067811865476,-0.7071067811865475,83.0,12,0,16.0,9.0,3772.0,11.041778782688214,3019.875,211.125,72.5375,28.9375,46.5,123.5,79.1875,30.187500000000004,24.625,29.5,235.75
25719,0,2,0,2,67286.0,1224.0,111.0,643.0,490.0,909.0,1839.0,408.0,476.0,428.0,160,0.5260692764165305,0,38.7126054649817,-9.181615082305036,-0.8660254037844386,0.5000000000000001,68.0,12,1,8.0,2.0,1700.0,11.232086591000442,8410.75,153.0,13.875,80.375,61.25,113.625,229.875,51.0,59.5,53.5,212.5
25764,2,2,0,2,20566.0,5154.0,582.0,1018.0,2120.0,2437.0,1246.0,859.0,330.0,486.0,148,0.1039940448194557,1,38.74957814663085,-9.167549407712563,0.25881904510252096,-0.9659258262890682,86.0,12,0,12.0,4.0,5484.0,10.603684822708555,1713.8333333333333,429.5,48.5,84.83333333333333,176.66666666666666,203.08333333333334,103.83333333333333,71.58333333333333,27.5,40.5,457.0
25777,0,1,1,1,67657.0,9558.0,905.0,469.0,67.0,1330.0,671.0,1164.0,805.0,425.0,218,0.9865675324189134,0,38.78533568255463,-9.166776786583988,-0.9659258262890683,-0.25881904510252063,34.0,12,1,5.0,1.0,10363.0,11.444807210893938,13531.4,1911.6,181.0,93.8,13.4,266.0,134.2,232.8,161.0,85.0,2072.6
25912,1,1,1,5,78308.0,3389.0,253.0,962.0,883.0,1382.0,337.0,6.0,462.0,473.0,275,0.4170442276594697,1,38.71062598152474,-9.13326810314162,-0.4999999999999998,-0.8660254037844388,55.0,12,1,15.0,2.0,3851.0,11.41097025578045,5220.533333333334,225.93333333333334,16.866666666666667,64.13333333333334,58.86666666666667,92.13333333333334,22.466666666666665,0.4,30.8,31.533333333333335,256.73333333333335
26004,1,0,1,1,71305.0,1582.0,873.0,396.0,130.0000000000001,816.0,73.0,618.0,525.0,142.0,145,0.043047642046923795,0,38.72112019300769,-9.121360966969393,-0.7071067811865472,-0.7071067811865479,47.0,12,0,11.0,1.0,2107.0,11.27171977083761,6482.272727272727,143.8181818181818,79.36363636363636,36.0,11.818181818181829,74.18181818181819,6.636363636363637,56.18181818181818,47.72727272727273,12.909090909090908,191.54545454545453
26028,2,1,1,5,57795.0,6007.0,327.0,479.0,499.0,1494.0,1428.0,351.0,318.0,384.0,381,0.1427621136738313,1,38.76555521125156,-9.147630663179282,-0.7071067811865477,0.7071067811865471,28.0,12,0,0.0,3.0,6325.0,11.230668649163512,57795.0,6007.0,327.0,479.0,499.0,1494.0,1428.0,351.0,318.0,384.0,6325.0
26060,1,1,2,3,81342.0,2457.0,348.0,892.0,1642.0,1095.0,1010.0,1805.0,414.0,290.0,215,0.2711712892938356,1,38.75372608949101,-9.13217273420271,-0.4999999999999998,-0.8660254037844388,54.0,12,1,12.0,2.0,2871.0,11.452825080717266,6778.5,204.75,29.0,74.33333333333333,136.83333333333334,91.25,84.16666666666667,150.41666666666666,34.5,24.166666666666668,239.25
26080,1,1,0,1,52575.0,16320.0,275.0,27.0,500.0,1144.0,1510.0,1747.0,623.0,199.0,106,0.5455283186115145,0,38.721538770724784,-9.177324389398215,-0.8660254037844386,0.5000000000000001,60.0,12,0,9.0,2.0,16943.0,11.428064501456026,5841.666666666667,1813.3333333333333,30.555555555555557,3.0,55.55555555555556,127.11111111111111,167.77777777777777,194.11111111111111,69.22222222222223,22.11111111111111,1882.5555555555557
26095,4,0,1,2,44436.0,5802.0,953.0,616.0,1174.0,1550.0,1561.0,767.0,336.0,558.0,600,0.21417134710730176,1,38.74279753999615,-9.166547547585102,0.49999999999999994,-0.8660254037844387,31.0,12,0,12.0,4.0,6138.0,11.064949436909847,3703.0,483.5,79.41666666666667,51.333333333333336,97.83333333333333,129.16666666666666,130.08333333333334,63.916666666666664,28.0,46.5,511.5
26118,6,0,0,3,47947.0,5657.0,590.0,742.0,644.0,1337.0,117.0,105.0,471.0,710.0,470,0.383080731440927,1,38.772410589252786,-9.1228237149161,0.7071067811865476,-0.7071067811865475,82.0,12,1,26.0,6.0,6128.0,11.073629492343159,1844.1153846153845,217.57692307692307,22.692307692307693,28.53846153846154,24.76923076923077,51.42307692307692,4.5,4.038461538461538,18.115384615384617,27.307692307692307,235.69230769230768
26122,6,2,0,2,18882.0,3535.0,759.0,857.0,2164.0,2044.0,2372.0,642.0,447.0,46.0,79,0.2207780701011397,1,38.73483409633469,-9.145106395727042,1.0,5.551115123125783e-17,75.0,12,0,17.0,8.0,3982.0,10.483773938311225,1110.7058823529412,207.94117647058823,44.64705882352941,50.411764705882355,127.29411764705883,120.23529411764706,139.52941176470588,37.76470588235294,26.294117647058822,2.7058823529411766,234.23529411764707
26153,4,0,1,3,28626.0,5942.0,1070.0,1332.0,1690.0,1602.0,1627.0,471.0,2384.0,284.0,328,0.1934592781768038,1,38.78101400168779,-9.194184882277538,1.0,5.551115123125783e-17,73.0,12,0,13.0,4.0,8326.0,10.884722973050666,2202.0,457.0769230769231,82.3076923076923,102.46153846153847,130.0,123.23076923076923,125.15384615384616,36.23076923076923,183.3846153846154,21.846153846153847,640.4615384615385
26209,1,1,1,1,46422.0,12374.0,93.0,507.0,254.0,1187.0,796.0,1774.0,728.0,129.0,431,0.1558297809497295,0,38.737065960346385,-9.16549677349166,-0.8660254037844384,-0.5000000000000004,73.0,12,0,12.0,2.0,13102.0,11.256315612072857,3868.5,1031.1666666666667,7.75,42.25,21.166666666666668,98.91666666666667,66.33333333333333,147.83333333333334,60.666666666666664,10.75,1091.8333333333333
26244,0,0,1,2,7275.0,13089.0,21.0,236.0,1448.0,2010.0,104.0,328.0,2038.0,583.0,58,0.4637313723464066,0,38.76655023364671,-9.156321392875906,-0.9659258262890683,-0.25881904510252063,38.0,12,1,6.0,0.0,15127.0,10.651596291170048,1212.5,2181.5,3.5,39.333333333333336,241.33333333333334,335.0,17.333333333333332,54.666666666666664,339.6666666666667,97.16666666666667,2521.1666666666665
26281,0,1,0,3,47033.0,2898.0,1370.0,1156.0,1716.0,1725.0,1930.0,592.0,307.0,3.0,369,0.1362145637418039,1,38.75434653060637,-9.191648006982913,1.249000902703301e-16,-1.0,49.0,12,1,13.0,1.0,3205.0,11.033856872817429,3617.923076923077,222.92307692307693,105.38461538461539,88.92307692307692,132.0,132.69230769230768,148.46153846153845,45.53846153846154,23.615384615384617,0.23076923076923078,246.53846153846155
26609,1,0,2,1,12762.0,5910.0,594.0,898.0,1899.0,1372.0,2469.0,670.0,361.0,212.0,278,0.11429291959846638,1,38.74986817878672,-9.130215482623374,0.9659258262890684,-0.25881904510252063,43.0,12,1,16.0,1.0,6271.0,10.416879879499433,797.625,369.375,37.125,56.125,118.6875,85.75,154.3125,41.875,22.5625,13.25,391.9375
26630,1,0,1,1,12105.0,1173.0,801.5999999999999,571.0,609.0,904.0,187.0,1704.0,2241.0,504.0,219,0.7729291809802521,0,38.76956715020926,-9.18297198272396,-0.9659258262890683,-0.25881904510252063,32.0,12,0,7.0,1.0,3414.0,10.09471103601413,1729.2857142857142,167.57142857142858,114.5142857142857,81.57142857142857,87.0,129.14285714285714,26.714285714285715,243.42857142857142,320.14285714285717,72.0,487.7142857142857
26648,1,1,1,5,92498.0,4210.0,593.0,702.0,659.0,885.0,1507.0,3376.0,321.0,567.0,257,0.366263416079519,1,38.737556389545,-9.155123875050377,-0.2588190451025208,-0.9659258262890683,28.0,12,0,0.0,2.0,4531.0,11.606871077812757,92498.0,4210.0,593.0,702.0,659.0,885.0,1507.0,3376.0,321.0,567.0,4531.0
26698,5,3,1,2,12769.0,5298.0,766.0,1271.0,2492.0,1410.0,1916.0,360.0,2057.0,454.0,175,0.2672616437004075,1,38.77828024047536,-9.180347624729384,0.7071067811865476,-0.7071067811865475,79.0,12,0,11.0,8.0,7355.0,10.495404564687007,1160.8181818181818,481.6363636363636,69.63636363636364,115.54545454545455,226.54545454545453,128.1818181818182,174.1818181818182,32.72727272727273,187.0,41.27272727272727,668.6363636363636
26731,2,0,2,2,8239.0,736.0,189.0,274.0,718.0,404.0,287.0,678.0,2074.0,187.0,86,0.6297189069448732,0,38.7470761829468,-9.157178043886192,1.0,5.551115123125783e-17,35.0,12,0,8.0,2.0,2810.0,9.71697723512072,1029.875,92.0,23.625,34.25,89.75,50.5,35.875,84.75,259.25,23.375,351.25
26799,1,0,2,3,28151.0,4564.0,739.0,973.0,1260.0,1926.0,2606.0,740.0,393.0,207.0,284,0.1687955987219457,1,38.7576593472999,-9.139150649272768,-0.4999999999999998,-0.8660254037844388,42.0,12,1,6.0,1.0,4957.0,10.747573116161046,4691.833333333333,760.6666666666666,123.16666666666667,162.16666666666666,210.0,321.0,434.3333333333333,123.33333333333333,65.5,34.5,826.1666666666666
26901,2,0,2,4,9461.0,5097.0,495.0,1112.0,478.0,1291.0,1332.0,943.0,2258.0,625.0,448,0.3526903164440529,1,38.78136220186414,-9.166251486413593,0.8660254037844387,-0.49999999999999983,78.0,12,1,16.0,2.0,7355.0,10.32377558953593,591.3125,318.5625,30.9375,69.5,29.875,80.6875,83.25,58.9375,141.125,39.0625,459.6875
26987,1,1,1,5,2923.0,2556.0,2161.0,209.0,439.0,66.0,141.0000000000001,644.0,2230.0,328.0,62,0.09256558953238192,0,38.745792553876214,-9.157489382066084,0.8660254037844387,-0.49999999999999983,60.0,12,0,9.0,2.0,4786.0,9.710145492458707,324.77777777777777,284.0,240.11111111111111,23.22222222222222,48.77777777777778,7.333333333333333,15.666666666666679,71.55555555555556,247.77777777777777,36.44444444444444,531.7777777777778
26994,3,4,1,4,26887.0,5151.0,507.0,1717.0,685.0,1853.0,1495.0,619.0,421.0,393.0,404,0.2261046225886848,1,38.785140124950914,-9.16802588770098,0.770674230225704,-0.6242640687119284,85.0,12,1,12.0,7.0,5572.0,10.721084386282662,2240.5833333333335,429.25,42.25,143.08333333333334,57.083333333333336,154.41666666666666,124.58333333333333,51.583333333333336,35.083333333333336,32.75,464.3333333333333
27046,0,0,1,1,5284.999999999996,20302.0,1398.0,224.0,379.0,270.0,341.0,228.0,449.99999999999994,385.0,202,0.2838752311190465,0,38.78398498561983,-9.140640041145662,0.7071067811865476,-0.7071067811865475,58.0,12,0,10.0,0.0,20752.0,10.820078239419281,528.4999999999997,2030.2,139.8,22.4,37.9,27.0,34.1,22.8,44.99999999999999,38.5,2075.2
27066,1,1,1,6,74943.0,5631.0,375.0,484.0,698.0,743.0,955.0,1248.0,206.0,95.0,310,0.219637849595038,0,38.7779384660948,-9.124184750727936,-0.25881904510252157,0.9659258262890681,82.0,12,0,18.0,2.0,5837.0,11.420985599271363,4163.5,312.8333333333333,20.833333333333332,26.88888888888889,38.77777777777778,41.27777777777778,53.05555555555556,69.33333333333333,11.444444444444445,5.277777777777778,324.27777777777777
27078,0,0,1,2,28341.0,9838.0,1375.0,602.0,238.0,1096.0,1164.0,354.0,1733.0,480.0,261,1.0,0,38.781766403146854,-9.196464583896947,-1.0,-1.6653345369377348e-16,55.0,12,0,9.0,0.0,11571.0,10.94716835767802,3149.0,1093.111111111111,152.77777777777777,66.88888888888889,26.444444444444443,121.77777777777777,129.33333333333334,39.333333333333336,192.55555555555554,53.333333333333336,1285.6666666666667
27182,2,1,0,1,2216.9999999999964,553.0,1641.0,1114.0,178.9999999999999,0.0,71.0,2116.0,1453.0,327.0,30,0.2483662256756662,0,38.763583554583875,-9.144440496463382,-0.4999999999999998,-0.8660254037844388,37.0,15,1,7.0,3.0,2006.0,9.365462008843483,316.7142857142852,79.0,234.42857142857142,159.14285714285714,25.571428571428555,0.0,10.142857142857142,302.2857142857143,207.57142857142858,46.714285714285715,286.57142857142856
27219,2,4,3,2,69047.0,1323.0,140.0,249.99999999999994,775.0,1071.0,1751.0,277.0,68.00000000000011,313.0,133,0.2508551223650215,0,38.71759874685137,-9.200401536822852,-0.2588190451025208,-0.9659258262890683,67.0,12,0,15.0,6.0,1391.0,11.243829593994127,4603.133333333333,88.2,9.333333333333334,16.666666666666664,51.666666666666664,71.4,116.73333333333333,18.466666666666665,4.533333333333341,20.866666666666667,92.73333333333333
27260,1,2,2,5,47825.0,5326.0,347.0,1171.0,478.0,934.0,597.0,1406.0,1311.0,444.0,125,0.4083596605256178,1,38.78542222803179,-9.143926185036095,-0.4999999999999998,-0.8660254037844388,61.0,12,0,12.0,3.0,6637.0,11.104611302157315,3985.4166666666665,443.8333333333333,28.916666666666668,97.58333333333333,39.833333333333336,77.83333333333333,49.75,117.16666666666667,109.25,37.0,553.0833333333334
27294,2,1,2,5,73414.0,2269.0,272.0,747.0,677.0,1013.0,428.0,1762.0,293.0,434.0,240,0.022788939370208927,1,38.735262222604064,-9.188047857178196,-0.8660254037844386,0.5000000000000001,86.0,12,0,15.0,3.0,2562.0,11.337047106123133,4894.266666666666,151.26666666666668,18.133333333333333,49.8,45.13333333333333,67.53333333333333,28.533333333333335,117.46666666666667,19.533333333333335,28.933333333333334,170.8
27365,2,2,0,4,3574.0,128.0,727.0,1123.0,566.0,808.0,577.0,504.0,1752.0,300.0,142,0.8986240263000733,0,38.767678459736686,-9.04142709905413,0.7071067811865476,-0.7071067811865475,84.0,12,1,11.0,4.0,1880.0,9.387649386946594,324.90909090909093,11.636363636363637,66.0909090909091,102.0909090909091,51.45454545454545,73.45454545454545,52.45454545454545,45.81818181818182,159.27272727272728,27.272727272727273,170.9090909090909
27391,1,1,1,2,1755.0,2313.9999999999995,2044.0,186.0,483.0,64.0,49.0,952.0,1970.0,437.0,102,0.07549877651174491,0,38.756703421584305,-9.121504629399103,0.25881904510252096,-0.9659258262890682,77.0,12,1,10.0,2.0,4284.0,9.584589972931425,175.5,231.39999999999995,204.4,18.6,48.3,6.4,4.9,95.2,197.0,43.7,428.4
27514,0,0,0,2,56097.0,4970.0,404.0,574.0,567.0,1175.0,2252.0,1193.0,1150.6,224.0,93,0.4601618850354017,0,38.711873874079096,-9.145981855720828,-0.9659258262890683,0.2588190451025203,76.0,12,1,6.0,0.0,6120.6,11.221612809922082,9349.5,828.3333333333334,67.33333333333333,95.66666666666667,94.5,195.83333333333334,375.3333333333333,198.83333333333334,191.76666666666665,37.333333333333336,1020.1
27529,0,3,0,6,19654.0,5243.0,465.0,857.0,3117.0,1936.0,782.0,701.0,256.0,524.0,195,0.1612216679005009,0,38.77752187480821,-9.172079848460582,0.49999999999999994,-0.8660254037844387,41.0,12,0,14.0,3.0,5499.0,10.572213958554391,1403.857142857143,374.5,33.214285714285715,61.214285714285715,222.64285714285714,138.28571428571428,55.857142857142854,50.07142857142857,18.285714285714285,37.42857142857143,392.7857142857143
27573,0,1,0,3,40801.0,5855.0,181.0,1058.0,2627.0,1600.0,18.0,558.0,218.0,268.0,228,0.1815460649256985,0,38.76457778924648,-9.157123187701782,0.7071067811865476,-0.7071067811865475,42.0,12,1,14.0,1.0,6073.0,10.989656070979896,2914.3571428571427,418.2142857142857,12.928571428571429,75.57142857142857,187.64285714285714,114.28571428571429,1.2857142857142858,39.857142857142854,15.571428571428571,19.142857142857142,433.7857142857143
27608,0,0,2,7,9010.0,223.0,244.0,343.0,857.0,327.0,1079.0,675.0,36.000000000000114,902.0,89,0.7518725709371785,0,38.7735860257563,-9.10215329745663,-0.8660254037844384,-0.5000000000000004,47.0,12,0,8.0,0.0,259.0000000000001,9.543664802306665,1126.25,27.875,30.5,42.875,107.125,40.875,134.875,84.375,4.500000000000014,112.75,32.375000000000014
27618,8,3,1,2,34688.0,6410.0,25.0,940.0,2443.0,2011.0,2212.0,496.99999999999994,359.0,328.0,91,0.3573042949262711,0,38.74366511909528,-9.144966521426676,1.0,5.551115123125783e-17,43.0,12,0,14.0,11.0,6769.0,10.945229621126595,2477.714285714286,457.85714285714283,1.7857142857142858,67.14285714285714,174.5,143.64285714285714,158.0,35.49999999999999,25.642857142857142,23.428571428571427,483.5
27652,2,4,2,6,29102.0,6482.0,1758.0,633.0,1748.0,2751.0,1272.0,1208.0,502.00000000000006,161.00000000000003,241,0.1482469194418686,0,38.71570206189658,-9.127338533647576,0.9659258262890684,-0.25881904510252063,71.0,12,0,16.0,6.0,6984.0,10.87050942081664,1818.875,405.125,109.875,39.5625,109.25,171.9375,79.5,75.5,31.375000000000004,10.062500000000002,436.5
27692,2,2,0,2,29914.0,5892.0,620.0,392.0,2315.0,682.0,1197.0,201.9999999999999,309.0,530.0,255,0.1064493525996062,0,38.74352791965322,-9.11968710289096,0.25881904510252096,-0.9659258262890682,82.0,12,1,18.0,4.0,6201.0,10.784254728341237,1661.888888888889,327.3333333333333,34.44444444444444,21.77777777777778,128.61111111111111,37.888888888888886,66.5,11.222222222222216,17.166666666666668,29.444444444444443,344.5
27788,2,1,2,2,9780.0,602.0,275.0,136.0,534.0,556.0,726.0,441.0,1935.0,142.0,43,0.3256630971429284,0,38.74724177588361,-9.157059844109163,0.8660254037844387,-0.49999999999999983,30.0,12,0,3.0,3.0,2537.0,9.779340559793246,3260.0,200.66666666666666,91.66666666666667,45.333333333333336,178.0,185.33333333333334,242.0,147.0,645.0,47.333333333333336,845.6666666666666
27789,0,3,1,7,48672.0,4549.0,292.0,508.0,2203.0,1962.0,920.0,518.0,614.0,177.0,383,0.36782431875595,0,38.78621473680522,-9.13274465041836,-0.4999999999999998,-0.8660254037844388,37.0,12,0,16.0,3.0,5163.0,11.091010801730992,3042.0,284.3125,18.25,31.75,137.6875,122.625,57.5,32.375,38.375,11.0625,322.6875
27790,0,1,2,2,8861.0,23607.0,129.0,621.0,1230.0,521.0,1317.0,168.0,1403.0,263.0,76,0.5547032113193979,0,38.725448495403384,-9.143647704079184,-1.0,-1.6653345369377348e-16,71.0,12,0,8.0,1.0,25010.0,11.052967211565694,1107.625,2950.875,16.125,77.625,153.75,65.125,164.625,21.0,175.375,32.875,3126.25
27801,3,0,0,6,31426.0,5347.0,989.0,1123.0,2309.0,2270.0,422.0,1483.0,339.0,81.0,362,0.2436441397231195,0,38.718976654976125,-9.1786400871723,0.25881904510252096,-0.9659258262890682,24.000000000000004,12,0,11.799999999999955,3.0,5686.0,10.848870958613556,2663.220338983061,453.13559322034075,83.81355932203422,95.16949152542409,195.67796610169566,192.37288135593295,35.76271186440692,125.6779661016954,28.728813559322145,6.864406779661043,481.8644067796629
27849,0,2,0,2,16941.0,881.0,981.0,757.0,218.0000000000001,338.0,71.0,2625.0,1763.0,491.0,168,0.00818998045106728,0,38.789611155793395,-9.088017736010114,0.49999999999999994,-0.8660254037844387,40.0,12,1,11.0,2.0,2644.0,10.22958472526072,1540.090909090909,80.0909090909091,89.18181818181819,68.81818181818181,19.818181818181827,30.727272727272727,6.454545454545454,238.63636363636363,160.27272727272728,44.63636363636363,240.36363636363637
27908,1,1,0,2,26932.0,4714.0,170.0,784.0,612.0,914.0,1125.0,3311.0,248.0,382.0,357,0.7355464971386902,1,38.72655002486402,-9.188014990327588,0.8660254037844387,-0.49999999999999983,73.0,12,1,15.0,2.0,4962.0,10.695461449902902,1795.4666666666667,314.26666666666665,11.333333333333334,52.266666666666666,40.8,60.93333333333333,75.0,220.73333333333332,16.533333333333335,25.466666666666665,330.8
27923,1,0,1,4,17788.0,5608.0,324.0,1483.0,688.0,1044.0,478.0,1237.0,121.0,456.0,208,0.67084322996607,1,38.771781252479386,-9.119078877166336,0.25881904510252096,-0.9659258262890682,62.0,12,0,16.0,1.0,5729.0,10.461874013730402,1111.75,350.5,20.25,92.6875,43.0,65.25,29.875,77.3125,7.5625,28.5,358.0625
27940,2,1,0,4,25156.0,5464.0,564.0,1121.0,1756.0,1372.0,1509.0,543.0,373.0,1040.0,356,0.2511730294859614,0,38.7695968420176,-9.118637165264246,1.249000902703301e-16,-1.0,67.0,12,0,7.0,3.0,5837.0,10.708533825593483,3593.714285714286,780.5714285714286,80.57142857142857,160.14285714285714,250.85714285714286,196.0,215.57142857142858,77.57142857142857,53.285714285714285,148.57142857142858,833.8571428571429
28063,1,0,1,3,1885.0,41.00000000000091,1409.0,731.0,210.9999999999999,11.0,42.000000000000114,2385.0,1503.0,533.0,117,0.142069361876238,0,38.762457189227376,-9.179310501772845,0.9659258262890684,-0.25881904510252063,34.0,12,1,10.0,1.0,1544.000000000001,9.239510749275963,188.5,4.100000000000091,140.9,73.1,21.099999999999987,1.1,4.200000000000012,238.5,150.3,53.3,154.4000000000001
28122,0,1,2,2,8901.0,4520.0,156.0,315.0,1285.0,1206.0,456.0,6.0,1629.0,993.0,161,0.1923826757365512,0,38.72739110889851,-9.173045215577956,-0.25881904510252157,0.9659258262890681,47.0,12,1,13.0,1.0,6149.0,10.151011472575716,684.6923076923077,347.6923076923077,12.0,24.23076923076923,98.84615384615384,92.76923076923077,35.07692307692308,0.46153846153846156,125.3076923076923,76.38461538461539,473.0
28124,1,3,0,2,3844.0,1880.0,244.0,414.0,1117.0,742.0,1380.0,330.0,1671.0,182.0,107,0.2272429109685588,0,38.75477012172036,-9.167736112100336,0.8660254037844387,-0.49999999999999983,77.0,12,1,9.0,4.0,3551.0,9.639261556120688,427.1111111111111,208.88888888888889,27.11111111111111,46.0,124.11111111111111,82.44444444444444,153.33333333333334,36.666666666666664,185.66666666666666,20.22222222222222,394.55555555555554
28125,1,1,0,1,61868.0,9025.0,351.0,61.0,851.0,695.0,450.0,993.0,516.0,292.0,268,0.548935255678541,0,38.78450571586339,-9.196481535378767,-0.2588190451025208,-0.9659258262890683,40.0,12,1,5.0,2.0,9541.0,11.346209504954661,12373.6,1805.0,70.2,12.2,170.2,139.0,90.0,198.6,103.2,58.4,1908.2
28173,1,0,0,3,9349.0,1415.0,1418.0,745.0,199.9999999999999,64.0,772.0,2536.0,1685.0,303.0,50,0.06499689631779249,0,38.78779438988526,-9.14298458350091,-0.2588190451025208,-0.9659258262890683,39.0,12,0,10.0,1.0,3100.0,9.979892883738533,934.9,141.5,141.8,74.5,19.99999999999999,6.4,77.2,253.6,168.5,30.3,310.0
28231,3,0,2,2,22870.0,7471.0,879.0,772.0,1847.0,1778.0,932.0,594.0,2078.0,403.0,444,0.16982740423595402,0,38.719627963043095,-9.160145556599062,0.25881904510252096,-0.9659258262890682,49.0,12,1,6.0,3.0,9549.0,10.80312030751414,3811.6666666666665,1245.1666666666667,146.5,128.66666666666666,307.8333333333333,296.3333333333333,155.33333333333334,99.0,346.3333333333333,67.16666666666667,1591.5
28267,0,0,1,1,99112.0,5442.0,802.0,437.0,631.0,1817.0,1249.0,704.0,465.0,196.0,392,0.5077759848346219,0,38.78211066717133,-9.16181693661359,-0.4999999999999998,-0.8660254037844388,47.0,12,0,8.0,0.0,5907.0,11.667901518368703,12389.0,680.25,100.25,54.625,78.875,227.125,156.125,88.0,58.125,24.5,738.375
28298,1,1,1,2,92803.0,14824.0,930.0,366.0,380.0,256.0,709.0,163.0,846.0,450.0,231,0.2791091527660665,0,38.71159653732855,-9.195255801991484,0.9659258262890684,-0.25881904510252063,58.0,12,0,6.0,2.0,15670.0,11.75507132340985,15467.166666666666,2470.6666666666665,155.0,61.0,63.333333333333336,42.666666666666664,118.16666666666667,27.166666666666668,141.0,75.0,2611.6666666666665
28421,5,6,0,4,42423.0,3383.0,595.0,861.0,979.0,1963.0,1208.0,1185.0,327.0,40.0,501,0.4024675198340335,0,38.74345990302908,-9.145425171414256,0.8660254037844387,-0.49999999999999983,26.0,12,1,6.0,11.0,3710.0,10.94508847537573,7070.5,563.8333333333334,99.16666666666667,143.5,163.16666666666666,327.1666666666667,201.33333333333334,197.5,54.5,6.666666666666667,618.3333333333334
28422,0,1,0,2,89287.0,17378.0,662.0,649.0,167.0,1115.2,1037.0,1768.0,506.0,362.0,184,0.591024070068874,0,38.70792250325345,-9.144992538986097,-0.519615242270663,-0.4863703305156275,38.0,12,0,18.0,1.0,17884.0,11.78154856354707,4960.388888888889,965.4444444444445,36.77777777777778,36.05555555555556,9.277777777777779,61.955555555555556,57.611111111111114,98.22222222222223,28.11111111111111,20.11111111111111,993.5555555555555
28452,1,1,1,4,22440.0,725.0,69.0,370.0,662.0,225.0,204.0,1027.0,451.0,1032.0,223,0.5404296494048244,0,38.72879867100655,-9.190641737139131,1.0,5.551115123125783e-17,27.0,12,0,0.0,2.0,1176.0,10.253510420394482,22440.0,725.0,69.0,370.0,662.0,225.0,204.0,1027.0,451.0,1032.0,1176.0
28465,0,0,2,2,10601.0,22025.0,178.99999999999994,560.0,803.0,836.0,715.0,166.0,1048.0,753.0,71,0.3307496685302504,0,38.745674409078866,-9.152433736098144,-0.25881904510252157,0.9659258262890681,59.0,12,0,8.0,0.0,23073.0,11.01468695670971,1325.125,2753.125,22.374999999999993,70.0,100.375,104.5,89.375,20.75,131.0,94.125,2884.125
28522,3,5,1,2,4570.0,4946.0,971.0,1457.0,1895.0,602.0,656.0,1464.0,569.0,899.0,238,0.07989353532410148,0,38.76125223280156,-9.13811445718488,0.7071067811865476,-0.7071067811865475,75.0,12,0,23.0,8.0,5515.0,10.066668762677654,198.69565217391303,215.04347826086956,42.21739130434783,63.34782608695652,82.3913043478261,26.17391304347826,28.52173913043478,63.65217391304348,24.73913043478261,39.08695652173913,239.7826086956522
28551,3,3,2,1,7219.0,5002.0,423.0,220.0,2418.0,1047.0,838.0,1365.0,472.99999999999994,188.0,464,0.2461237730826283,0,38.74202827382168,-9.17950170715454,0.8660254037844387,-0.49999999999999983,53.0,12,1,18.0,6.0,5475.0,10.113302673639005,401.05555555555554,277.8888888888889,23.5,12.222222222222221,134.33333333333334,58.166666666666664,46.55555555555556,75.83333333333333,26.277777777777775,10.444444444444445,304.1666666666667
28605,0,3,1,1,27644.0,8334.400000000001,905.0,951.0,674.0,981.0,606.0,95.00000000000011,471.0,312.0,507,0.1630909248821812,0,38.74929792454393,-9.117145515951451,0.25881904510252096,-0.9659258262890682,42.0,12,1,24.0,3.0,8805.400000000001,10.81536455823573,1151.8333333333333,347.2666666666667,37.708333333333336,39.625,28.083333333333332,40.875,25.25,3.958333333333338,19.625,13.0,366.8916666666667
28696,3,5,0,1,22921.0,4156.0,538.0,1635.0,1161.0,1093.0,1052.0,802.0,438.00000000000006,100.0,320,0.1620796700849119,0,38.767419972389824,-9.195663797657856,0.49999999999999994,-0.8660254037844387,50.0,12,1,13.0,8.0,4594.0,10.558179726714524,1763.1538461538462,319.6923076923077,41.38461538461539,125.76923076923077,89.3076923076923,84.07692307692308,80.92307692307692,61.69230769230769,33.69230769230769,7.6923076923076925,353.38461538461536
28753,3,6,1,4,34869.0,5842.0,1036.0,1426.0,2316.0,672.0,1522.0,995.0,237.0,168.0,501,0.2736759443725143,0,38.77479032251669,-9.169389833606536,0.7071067811865476,-0.7071067811865475,50.0,12,0,12.0,9.0,6079.0,10.918047717665434,2905.75,486.8333333333333,86.33333333333333,118.83333333333333,193.0,56.0,126.83333333333333,82.91666666666667,19.75,14.0,506.5833333333333
28810,2,2,3,2,42091.0,1560.0,5.0,148.0,660.0,926.0,484.0,871.0,1310.0,482.0,64,0.2627272517920799,0,38.73432095664698,-9.171436480649584,0.25881904510252096,-0.9659258262890682,81.0,12,1,16.0,4.0,2870.0,10.84754908135564,2630.6875,97.5,0.3125,9.25,41.25,57.875,30.25,54.4375,81.875,30.125,179.375
28869,0,0,0,5,77686.0,5747.0,242.0,783.0,979.0,1172.0,2410.0,344.0,287.0,463.0,289,0.760854155541199,1,38.72606892899424,-9.194979402202923,0.8660254037844387,-0.49999999999999983,34.0,12,0,10.0,0.0,6034.0,11.473643949968553,7768.6,574.7,24.2,78.3,97.9,117.2,241.0,34.4,28.7,46.3,603.4
28888,3,2,2,4,4677.000000000004,5286.0,1860.9999999999995,863.0,2316.0,741.0,1959.0,1179.0,451.0,530.0,301,0.1460359485601829,0,38.75750148202679,-9.181318995969097,0.49999999999999994,-0.8660254037844387,53.0,12,0,18.0,5.0,5737.0,10.150386692204734,259.83333333333354,293.6666666666667,103.38888888888886,47.94444444444444,128.66666666666666,41.166666666666664,108.83333333333333,65.5,25.055555555555557,29.444444444444443,318.72222222222223
28904,1,3,1,5,34128.0,6434.0,374.0,1021.0,2366.0,1329.0,911.0,500.0,221.0,14.0,164,0.1600144048120264,0,38.75440860556314,-9.144879873229057,-0.2588190451025208,-0.9659258262890683,55.0,12,0,10.0,4.0,6655.0,10.89588711066259,3412.8,643.4,37.4,102.1,236.6,132.9,91.1,50.0,22.1,1.4,665.5
28955,4,5,1,3,17988.0,7855.0,1161.0,1077.0,377.0,1776.0,1276.0,137.0,513.0,844.0,299,0.332191876169766,0,38.7589546615777,-9.151978468281907,0.25881904510252096,-0.9659258262890682,60.0,12,0,25.0,9.0,8368.0,10.630383773142448,719.52,314.2,46.44,43.08,15.08,71.04,51.04,5.48,20.52,33.76,334.72
29007,1,1,1,2,5292.0,9848.0,515.0,659.0,504.0,342.0000000000001,1245.0,1016.0,868.0,233.0,326,0.9956087199281494,0,38.71301217428853,-9.17110499954774,0.49999999999999994,-0.8660254037844387,79.0,12,1,8.0,2.0,10716.0,10.349422593198005,661.5,1231.0,64.375,82.375,63.0,42.750000000000014,155.625,127.0,108.5,29.125,1339.5
29025,0,1,0,2,25576.0,1673.0,741.0,782.0,5.0,138.0000000000001,270.80000000000007,2356.0,907.0,642.0,124,0.33978261015638306,0,38.76821483053082,-9.168009203674508,0.49999999999999994,-0.8660254037844387,54.0,12,0,14.0,1.0,2580.0,10.482115739653336,1826.857142857143,119.5,52.92857142857143,55.857142857142854,0.35714285714285715,9.857142857142865,19.34285714285715,168.28571428571428,64.78571428571429,45.857142857142854,184.28571428571428
29030,0,0,2,1,7193.0,11707.0,61.0,634.0,1069.0,816.0,856.0,365.0,3032.0,508.0,187,0.2004035638987158,0,38.744411960015896,-9.149688530000336,-0.9659258262890683,0.2588190451025203,39.0,12,1,15.0,0.0,14739.0,10.620863823642551,479.53333333333336,780.4666666666667,4.066666666666666,42.266666666666666,71.26666666666667,54.4,57.06666666666667,24.333333333333332,202.13333333333333,33.86666666666667,982.6
29058,0,0,1,1,9437.0,19190.0,128.0,903.0,883.0,1185.0,1818.0,162.0,1811.0,448.0,153,0.05770008113373287,0,38.74830346226416,-9.201621093289786,-0.9659258262890683,0.2588190451025203,65.0,12,0,9.0,0.0,21001.0,10.950227431793527,1048.5555555555557,2132.222222222222,14.222222222222221,100.33333333333333,98.11111111111111,131.66666666666666,202.0,18.0,201.22222222222223,49.77777777777778,2333.4444444444443
29090,0,1,1,1,30389.0,17042.0,636.0,251.0,96.0,1474.0,987.0,360.0,442.99999999999994,652.0,318,0.5087301125400826,0,38.76457986287845,-9.191682046758745,0.8660254037844387,-0.49999999999999983,27.0,12,0,8.0,1.0,17485.0,11.153618488843147,3798.625,2130.25,79.5,31.375,12.0,184.25,123.375,45.0,55.37499999999999,81.5,2185.625
29107,5,3,1,6,53747.0,4735.0,641.0,905.0,963.0,1523.0,2115.0,333.0,465.99999999999994,64.0,253,0.1398747637836711,0,38.74883537340099,-9.187553808465765,1.249000902703301e-16,-1.0,40.0,12,1,14.0,8.0,5201.0,11.166115982653952,3839.0714285714284,338.2142857142857,45.785714285714285,64.64285714285714,68.78571428571429,108.78571428571429,151.07142857142858,23.785714285714285,33.285714285714285,4.571428571428571,371.5
29135,3,1,1,3,31158.0,4859.0,934.0,1790.0,1372.0,1817.0,2332.0,938.0,334.0,23.0,180,0.1956323369050845,0,38.720623858297245,-9.140357052245175,0.49999999999999994,-0.8660254037844387,38.0,12,0,15.0,4.0,5193.0,10.834686601143401,2077.2,323.93333333333334,62.266666666666666,119.33333333333333,91.46666666666667,121.13333333333334,155.46666666666667,62.53333333333333,22.266666666666666,1.5333333333333334,346.2
29215,4,0,1,2,51148.0,4984.0,402.0,816.0,1032.0,1536.0,1520.0,674.0,369.0,132.0,387,0.1623142040207985,0,38.758532514592986,-9.188280923647692,1.249000902703301e-16,-1.0,68.0,12,0,8.0,4.0,5353.0,11.126777572247295,6393.5,623.0,50.25,102.0,129.0,192.0,190.0,84.25,46.125,16.5,669.125
29311,4,4,1,4,33667.0,4525.0,779.0,697.0,718.0,1505.0,334.0,811.0,2397.0,728.0,432,0.1673164748001157,0,38.7733426880693,-9.11933187270619,-0.7071067811865472,-0.7071067811865479,66.0,12,1,14.0,8.0,6922.0,10.87963084355714,2404.785714285714,323.2142857142857,55.642857142857146,49.785714285714285,51.285714285714285,107.5,23.857142857142858,57.92857142857143,171.21428571428572,52.0,494.42857142857144
29352,0,1,0,3,17015.0,111.0,370.0,114.0,96.99999999999989,871.0,98.99999999999989,476.0,2038.0,8.0,9,0.7333260573547525,1,38.76985334077127,-9.11977628169318,0.49999999999999994,-0.8660254037844387,82.0,12,1,5.0,1.0,2149.0,10.058309435627498,3403.0,22.2,74.0,22.8,19.399999999999977,174.2,19.799999999999976,95.2,407.6,1.6,429.8
29378,2,1,0,1,7409.0,5859.0,365.0,1272.0,1604.0,2475.0,1501.0,376.0,280.0,415.0,75,0.1532398175744912,0,38.73574438375799,-9.165531577417251,-0.4999999999999998,-0.8660254037844388,48.0,12,0,7.0,3.0,6139.0,10.22904327741599,1058.4285714285713,837.0,52.142857142857146,181.71428571428572,229.14285714285714,353.57142857142856,214.42857142857142,53.714285714285715,40.0,59.285714285714285,877.0
29381,0,3,1,1,22907.0,5528.0,1610.0,963.0,2631.0,2477.0,1317.0,353.0,506.0,463.0,326,0.3778218682310115,0,38.75790776956225,-9.143063375354874,1.249000902703301e-16,-1.0,41.0,12,0,13.0,3.0,6034.0,10.709740179201345,1762.076923076923,425.2307692307692,123.84615384615384,74.07692307692308,202.3846153846154,190.53846153846155,101.3076923076923,27.153846153846153,38.92307692307692,35.61538461538461,464.15384615384613
29452,1,0,1,4,70740.0,3836.2000000000003,260.0,978.0,1019.0,1178.0,1415.0,2990.0,447.0,257.0,216,0.634377600567193,1,38.75545372139624,-9.180249121603602,-0.25881904510252157,0.9659258262890681,49.0,12,1,16.0,1.0,4283.200000000001,11.378300903625876,4421.25,239.76250000000002,16.25,61.125,63.6875,73.625,88.4375,186.875,27.9375,16.0625,267.70000000000005
29541,2,4,1,8,42851.0,4266.0,1193.0,665.0,2435.0,918.0,1373.0,687.0,432.0,377.0,121,0.1793235103244258,0,38.73543304513127,-9.143790757253766,-0.4999999999999998,-0.8660254037844388,78.0,12,1,16.0,6.0,4698.0,11.00036500391052,2678.1875,266.625,74.5625,41.5625,152.1875,57.375,85.8125,42.9375,27.0,23.5625,293.625
29599,3,2,1,1,27991.0,4778.0,1479.0,554.0,1147.0,2135.0,2497.0,1516.0,905.1999999999999,205.0,149,0.4075207235984544,0,38.71109537883804,-9.1640195669897,-0.2588190451025208,-0.9659258262890683,84.0,12,0,17.0,5.0,5683.2,10.797356790875522,1646.5294117647059,281.05882352941177,87.0,32.588235294117645,67.47058823529412,125.58823529411765,146.88235294117646,89.17647058823529,53.24705882352941,12.058823529411764,334.3058823529412
29611,1,0,1,2,11663.0,158.9999999999991,1539.0,613.0,13.0,79.0,153.0,2074.0,1925.0,327.0,73,0.1748571097933122,0,38.77742669467423,-9.102666155827109,0.49999999999999994,-0.8660254037844387,65.0,12,1,10.0,1.0,2083.999999999999,9.934501606065297,1166.3,15.89999999999991,153.9,61.3,1.3,7.9,15.3,207.4,192.5,32.7,208.39999999999992
29704,1,0,1,7,26525.0,1613.0,980.0,178.0,877.0,851.0,847.0,602.0,292.0,180.0,544,0.3809903080955769,0,38.77404108900171,-9.110743105323074,-0.8660254037844384,-0.5000000000000004,71.0,12,0,11.0,1.0,1905.0,10.458837110181584,2411.3636363636365,146.63636363636363,89.0909090909091,16.181818181818183,79.72727272727273,77.36363636363636,77.0,54.72727272727273,26.545454545454547,16.363636363636363,173.1818181818182
29709,3,0,0,1,23490.0,5636.0,1142.0,490.0,533.0,2344.0,1059.0,1145.0,630.0,69.0,379,0.1906763938538457,0,38.73218298014995,-9.12431970289977,0.7071067811865476,-0.7071067811865475,41.0,12,0,14.0,3.0,6266.0,10.664410197176586,1677.857142857143,402.57142857142856,81.57142857142857,35.0,38.07142857142857,167.42857142857142,75.64285714285714,81.78571428571429,45.0,4.928571428571429,447.57142857142856
29999,0,0,1,1,56420.0,19869.0,1294.0,294.0,573.0,1125.0,435.0,31.000000000000114,253.0,395.0,347,0.4290382115194839,0,38.74706519018938,-9.179607434305536,0.8660254037844387,-0.49999999999999983,65.0,12,0,13.0,0.0,20122.0,11.521012675152848,4340.0,1528.3846153846155,99.53846153846153,22.615384615384617,44.07692307692308,86.53846153846153,33.46153846153846,2.3846153846153935,19.46153846153846,30.384615384615383,1547.8461538461538
30024,0,0,2,4,59870.0,6978.0,304.0,594.0,903.0,1556.0,1430.0,2153.0,414.0,303.0,282,0.46368039597147614,1,38.73641476229941,-9.137375619717046,-1.0,-1.6653345369377348e-16,70.0,12,0,13.0,0.0,7392.0,11.313229849518567,4605.384615384615,536.7692307692307,23.384615384615383,45.69230769230769,69.46153846153847,119.6923076923077,110.0,165.6153846153846,31.846153846153847,23.307692307692307,568.6153846153846
30057,3,6,2,2,23047.0,3950.0,1215.0,437.0,2732.0,1520.0,1736.0,1142.0,281.0,689.0,123,0.2879559895368442,0,38.72309890536413,-9.140335446552442,0.8660254037844387,-0.49999999999999983,84.0,12,0,17.0,9.0,4231.0,10.620863823642551,1355.7058823529412,232.35294117647058,71.47058823529412,25.705882352941178,160.7058823529412,89.41176470588235,102.11764705882354,67.17647058823529,16.529411764705884,40.529411764705884,248.88235294117646
30058,1,1,1,6,11522.0,2392.0,2001.0,474.0,388.0,31.0,44.0,1311.0,161.0,907.0,35,0.11496047988282121,0,38.74117652472344,-9.1930895599391,-0.4999999999999998,-0.8660254037844388,48.0,12,1,15.0,2.0,2553.0,9.988976938551543,768.1333333333333,159.46666666666667,133.4,31.6,25.866666666666667,2.066666666666667,2.933333333333333,87.4,10.733333333333333,60.46666666666667,170.2
30063,1,2,2,4,27658.0,1395.0,345.0,1605.0,529.0,1028.0,1136.0,650.0,328.0,818.0,265,0.250320045263616,1,38.7476546609197,-9.150187371563442,1.0,5.551115123125783e-17,67.0,12,1,16.0,3.0,1723.0,10.52449405531839,1728.625,87.1875,21.5625,100.3125,33.0625,64.25,71.0,40.625,20.5,51.125,107.6875
30112,0,2,1,1,6504.0,20200.0,99.0,523.0,1305.0,1042.0,1274.0,191.0000000000001,1600.0,482.0,78,0.1810408887346062,0,38.73645588543712,-9.147550895390356,-0.8660254037844386,0.5000000000000001,49.0,12,0,10.0,2.0,21800.0,10.915470209522413,650.4,2020.0,9.9,52.3,130.5,104.2,127.4,19.100000000000012,160.0,48.2,2180.0
30124,1,1,0,5,55353.0,1407.0,215.0,804.0,876.0,1042.0,51.0,197.0,266.0,278.0,300,0.4352972468760258,1,38.74009799134089,-9.14916736107024,-1.0,-1.6653345369377348e-16,25.0,12,0,11.200000000000045,2.0,1673.0,11.037515246425192,4942.232142857123,125.62499999999949,19.196428571428495,71.785714285714,78.2142857142854,93.03571428571391,4.55357142857141,17.589285714285644,23.749999999999904,24.82142857142847,149.3749999999994
30145,0,0,0,1,16796.0,35299.0,103.0,586.0,280.0,1567.0,925.0,461.0,685.0,261.0,330,0.5259215077802312,0,38.74259035096689,-9.121971675235637,0.49999999999999994,-0.8660254037844387,81.0,12,1,7.0,0.0,35984.0,11.439795475973503,2399.4285714285716,5042.714285714285,14.714285714285714,83.71428571428571,40.0,223.85714285714286,132.14285714285714,65.85714285714286,97.85714285714286,37.285714285714285,5140.571428571428
30183,5,2,1,5,37961.0,4184.0,495.0,322.0,2450.0,2379.0,710.0,366.0,557.0,414.0,223,0.2794403382955517,0,38.780721314252254,-9.168427601125506,0.49999999999999994,-0.8660254037844387,55.0,12,1,21.0,7.0,4741.0,10.90742279426233,1807.6666666666667,199.23809523809524,23.571428571428573,15.333333333333334,116.66666666666667,113.28571428571429,33.80952380952381,17.428571428571427,26.523809523809526,19.714285714285715,225.76190476190476
30199,1,1,0,2,38426.0,1596.0,570.0,297.0,133.0,733.0,646.0,582.0,37.0,1122.0,171,0.3029462307266061,0,38.759857479329185,-9.150578969583655,1.0,5.551115123125783e-17,64.0,12,0,12.0,2.0,1633.0,10.73151521528989,3202.1666666666665,133.0,47.5,24.75,11.083333333333334,61.083333333333336,53.833333333333336,48.5,3.0833333333333335,93.5,136.08333333333334
30210,0,2,1,5,8064.0,808.0,146.0,1446.0,616.0,1056.0,649.0,1002.0,2112.0,382.0,275,0.4542045594563668,1,38.75179348180496,-9.16855617491948,0.8660254037844387,-0.49999999999999983,39.0,12,1,11.0,2.0,2920.0,9.86276971925757,733.0909090909091,73.45454545454545,13.272727272727273,131.45454545454547,56.0,96.0,59.0,91.0909090909091,192.0,34.72727272727273,265.45454545454544
30249,5,6,1,2,25266.0,5315.0,686.0,801.0,1709.0,1831.0,2171.0,516.0,2612.0,217.0,153,0.211326574397292,0,38.71084124976669,-9.157476635952138,0.49999999999999994,-0.8660254037844387,49.0,12,0,5.0,11.0,7927.0,10.800636238881916,5053.2,1063.0,137.2,160.2,341.8,366.2,434.2,103.2,522.4,43.4,1585.4
30281,1,0,1,4,41118.0,1457.0,297.0,1207.0,894.0,1123.0,473.0,2642.0,1931.0,250.0,291,0.8798306236767615,1,38.76804640271459,-9.188373399707492,-1.0,-1.6653345369377348e-16,33.0,12,0,5.0,1.0,3388.0,10.911098697487983,8223.6,291.4,59.4,241.4,178.8,224.6,94.6,528.4,386.2,50.0,677.6
30327,0,0,2,2,9874.0,4255.0,1045.0,1300.0,2493.0,2112.0,875.0,848.0,284.0,378.0,326,0.1295672064666352,0,38.72385902253619,-9.192331285864668,0.9659258262890684,-0.25881904510252063,39.0,12,0,17.0,0.0,4539.0,10.240102636097088,580.8235294117648,250.2941176470588,61.470588235294116,76.47058823529412,146.64705882352942,124.23529411764706,51.470588235294116,49.88235294117647,16.705882352941178,22.235294117647058,267.0
30341,4,3,1,1,43755.0,5468.0,494.0,1255.0,1072.0,2355.0,1655.0,150.0,2435.0,472.0,271,0.09912840984367027,0,38.74675145142076,-9.121871214797938,0.8660254037844387,-0.49999999999999983,70.0,12,1,22.0,7.0,7903.0,11.112671753912597,1988.8636363636363,248.54545454545453,22.454545454545453,57.04545454545455,48.72727272727273,107.04545454545455,75.22727272727273,6.818181818181818,110.68181818181819,21.454545454545453,359.22727272727275
30359,2,0,0,1,13303.0,5607.0,5.0,719.0,1871.0,1158.6,730.0,256.0,1781.0,637.0,138,0.2027329959640108,0,38.71825442682659,-9.189734971373978,-1.0,-1.6653345369377348e-16,38.0,12,1,12.0,2.0,7388.0,10.418004355510472,1108.5833333333333,467.25,0.4166666666666667,59.916666666666664,155.91666666666666,96.55,60.833333333333336,21.333333333333332,148.41666666666666,53.083333333333336,615.6666666666666
30376,3,2,0,1,17836.0,4750.0,1291.0,451.0,2261.0,1401.0,22.0,1085.0,554.0,558.0,119,0.2422514230022385,0,38.759898605727976,-9.190575815085516,1.249000902703301e-16,-1.0,53.0,12,0,17.0,5.0,5304.0,10.47768226391878,1049.1764705882354,279.4117647058824,75.94117647058823,26.529411764705884,133.0,82.41176470588235,1.2941176470588236,63.8235294117647,32.588235294117645,32.8235294117647,312.0
30456,3,3,2,5,31851.0,3641.0,1182.0,1766.0,815.0,1828.0,631.0,1382.0,304.0,402.0,520,0.3260633043560105,0,38.77108859772264,-9.12259353014156,0.25881904510252096,-0.9659258262890682,79.0,12,0,20.0,6.0,3945.0,10.77369246021493,1592.55,182.05,59.1,88.3,40.75,91.4,31.55,69.1,15.2,20.1,197.25
30505,4,0,1,7,14721.0,5322.0,1045.0,949.0,2110.0,2418.0,747.0,1016.0,286.0,171.0,184,0.16407318794480089,0,38.71184427116387,-9.1424238024659,0.49999999999999994,-0.8660254037844387,63.0,12,1,6.0,4.0,5608.0,10.445637409544144,2453.5,887.0,174.16666666666666,158.16666666666666,351.6666666666667,403.0,124.5,169.33333333333334,47.666666666666664,28.5,934.6666666666666
30523,5,2,1,8,58729.0,6460.0,1343.0,402.0,1317.0,1843.0,1523.0,1129.0,441.0,710.0,432,0.395021639089337,0,38.744379206993024,-9.190506261907338,0.8660254037844387,-0.49999999999999983,30.0,12,0,2.0,7.0,6901.0,11.299719868194977,29364.5,3230.0,671.5,201.0,658.5,921.5,761.5,564.5,220.5,355.0,3450.5
30558,4,3,0,6,20430.0,4851.0,929.0,1405.0,1664.0,1150.0,91.0,836.0,510.0,377.0,505,0.248524836999068,0,38.71836569027131,-9.14540387997521,0.25881904510252096,-0.9659258262890682,66.0,12,0,6.0,7.0,5361.0,10.534892299260504,3405.0,808.5,154.83333333333334,234.16666666666666,277.3333333333333,191.66666666666666,15.166666666666666,139.33333333333334,85.0,62.833333333333336,893.5
30635,6,3,1,5,19396.0,4930.0,479.0,1581.0,1470.0,1845.0,1696.0,881.0,1049.4,637.0,348,0.2050595550612221,0,38.72883619477673,-9.121685260831851,0.7071067811865476,-0.7071067811865475,68.0,12,1,20.0,9.0,5979.4,10.595253780019142,969.8,246.5,23.95,79.05,73.5,92.25,84.8,44.05,52.470000000000006,31.85,298.96999999999997
30647,0,1,1,5,26451.0,5646.0,975.0,339.0,2514.0,1117.0,433.0,296.0,296.80000000000007,233.0,360,0.0997163286387352,0,38.73234171820893,-9.129147376199487,0.7071067811865476,-0.7071067811865475,33.0,12,1,14.0,1.0,5942.8,10.697488609091028,1889.357142857143,403.2857142857143,69.64285714285714,24.214285714285715,179.57142857142858,79.78571428571429,30.928571428571427,21.142857142857142,21.200000000000006,16.642857142857142,424.4857142857143
30654,0,3,0,4,56065.0,5430.0,1198.0,552.0,1983.0,1137.0,1617.0,330.0,979.0,127.0,223,0.2718167104445628,0,38.73141456209005,-9.182216246013844,0.25881904510252096,-0.9659258262890682,75.0,12,1,15.0,3.0,6409.0,11.236222896561456,3737.6666666666665,362.0,79.86666666666666,36.8,132.2,75.8,107.8,22.0,65.26666666666667,8.466666666666667,427.26666666666665
30694,2,5,0,4,22521.0,4384.0,1430.0,552.0,1647.0,1750.0,873.0,1213.0,360.0,905.0,201,0.3264047683562183,0,38.717576375265054,-9.158110308569656,-0.2588190451025208,-0.9659258262890683,58.0,12,1,20.0,7.0,4744.0,10.606089891866828,1126.05,219.2,71.5,27.6,82.35,87.5,43.65,60.65,18.0,45.25,237.2
30773,1,0,1,2,13892.999999999998,16787.0,767.0,513.0,619.0,1366.0,971.0,124.99999999999989,753.0,630.0,126,0.8439202679104201,0,38.77245929847457,-9.192656247598636,-0.9659258262890683,-0.25881904510252063,37.0,12,0,7.0,1.0,17540.0,10.896090967259447,1984.7142857142856,2398.1428571428573,109.57142857142857,73.28571428571429,88.42857142857143,195.14285714285714,138.71428571428572,17.85714285714284,107.57142857142857,90.0,2505.714285714286
30793,1,0,1,1,14072.000000000002,2146.0,2427.0,441.0,351.0,44.0,66.0,845.0,1603.0,154.0,101,0.1742697315565878,0,38.71372766052799,-9.193528081602384,-0.4999999999999998,-0.8660254037844388,38.0,12,0,12.0,1.0,3749.0,10.161959636903632,1172.6666666666667,178.83333333333334,202.25,36.75,29.25,3.6666666666666665,5.5,70.41666666666667,133.58333333333334,12.833333333333334,312.4166666666667
30800,1,5,0,3,27509.0,5186.0,666.0,952.0,2357.0,1546.0,1157.0,671.0,520.0,510.0,410,0.03359896570740878,0,38.73155348772657,-9.12927716871567,0.8660254037844387,-0.49999999999999983,85.0,12,1,23.0,6.0,5706.0,10.753232416566384,1196.0434782608695,225.47826086956522,28.956521739130434,41.391304347826086,102.47826086956522,67.21739130434783,50.30434782608695,29.17391304347826,22.608695652173914,22.17391304347826,248.08695652173913
30835,0,1,0,1,36923.0,11040.0,483.0,556.0,402.0,954.0,1719.0,1132.0,723.0,320.0,341,0.6161978131399986,0,38.74573583927295,-9.137764735617754,0.25881904510252096,-0.9659258262890682,67.0,12,0,12.0,1.0,11763.0,11.097652415870979,3076.9166666666665,920.0,40.25,46.333333333333336,33.5,79.5,143.25,94.33333333333333,60.25,26.666666666666668,980.25
30838,0,1,1,2,75237.0,7102.0,839.0,73.0,456.0,826.0,1184.0,327.0,419.0,290.0,122,0.5423081089855534,0,38.70831860993325,-9.172344023520765,-0.4999999999999998,-0.8660254037844388,30.0,12,0,11.0,1.0,7521.0,11.453971322126558,6839.727272727273,645.6363636363636,76.27272727272727,6.636363636363637,41.45454545454545,75.0909090909091,107.63636363636364,29.727272727272727,38.09090909090909,26.363636363636363,683.7272727272727
30842,1,1,2,2,976.0,24029.0,1462.0,384.0,864.0,371.0,383.0,128.0,590.4,424.0,483,0.5906090095896497,0,38.74672936564898,-9.178779258844989,-0.4999999999999998,-0.8660254037844388,24.000000000000004,12,0,7.0,2.0,24619.4,10.901022731244435,139.42857142857142,3432.714285714286,208.85714285714286,54.857142857142854,123.42857142857143,53.0,54.714285714285715,18.285714285714285,84.34285714285714,60.57142857142857,3517.057142857143
30855,0,0,0,5,13908.0,83.0,1335.0,460.0,183.9999999999999,343.0,17.0,2157.0,2008.0,838.0,115,0.2106583145963702,0,38.77040169773704,-9.18456066349767,0.49999999999999994,-0.8660254037844387,60.0,12,1,11.0,0.0,2091.0,10.061559107106623,1264.3636363636363,7.545454545454546,121.36363636363636,41.81818181818182,16.727272727272716,31.181818181818183,1.5454545454545454,196.0909090909091,182.54545454545453,76.18181818181819,190.0909090909091
30874,4,3,2,3,7816.0,4656.2,1188.0,459.0,1883.0,1968.0,2417.0,898.0,387.0,438.0,264,0.2258125037215611,0,38.77054972522806,-9.157753906385222,0.49999999999999994,-0.8660254037844387,46.0,12,0,5.0,7.0,5043.2,10.209294374846456,1563.2,931.24,237.6,91.8,376.6,393.6,483.4,179.6,77.4,87.6,1008.64
30875,1,1,0,2,6581.0,18410.0,847.0,1073.0,697.0,844.0,378.0,300.0,814.0,274.0,407,0.581363572205801,0,38.78675059028801,-9.1437538587618,-1.0,-1.6653345369377348e-16,35.0,12,0,12.0,2.0,19224.0,10.808575769902289,548.4166666666666,1534.1666666666667,70.58333333333333,89.41666666666667,58.083333333333336,70.33333333333333,31.5,25.0,67.83333333333333,22.833333333333332,1602.0
30880,1,1,2,3,7141.0,4953.0,2021.0,286.0,458.0,40.0,15.999999999999886,597.0,1690.0,184.0,85,0.12448897620399602,0,38.71815499068447,-9.169379325429489,0.25881904510252096,-0.9659258262890682,85.0,12,1,15.0,2.0,6643.0,10.087058328730514,476.06666666666666,330.2,134.73333333333332,19.066666666666666,30.533333333333335,2.6666666666666665,1.066666666666659,39.8,112.66666666666667,12.266666666666667,442.8666666666667
30905,1,0,0,1,8797.0,13359.0,30.000000000000114,552.0,1397.0,1049.0,1249.3999999999999,6.0,2509.0,840.0,130,0.2165866602238735,0,38.74761251914617,-9.173813672569883,-0.6146264369941973,0.1317837245195781,63.0,12,1,7.0,1.0,15868.0,10.728920975843133,1256.7142857142858,1908.4285714285713,4.285714285714302,78.85714285714286,199.57142857142858,149.85714285714286,178.48571428571427,0.8571428571428571,358.42857142857144,120.0,2266.8571428571427
30931,0,1,0,1,928.9999999999964,22376.0,595.0,636.0,253.0,333.0,1002.0,852.0,706.0,149.0,180,0.5034346472608006,0,38.721706609715774,-9.17211556625134,-0.25881904510252157,0.9659258262890681,26.0,12,0,5.0,1.0,23082.0,10.837893213835454,185.79999999999927,4475.2,119.0,127.2,50.6,66.6,200.4,170.4,141.2,29.8,4616.4
30953,3,1,0,2,41841.0,5662.4,853.0,995.0,2315.0,1728.0,1547.0,909.0,469.0,617.0,268,0.1786471101617642,0,38.71154719688182,-9.161444828969705,0.8660254037844387,-0.49999999999999983,72.0,12,0,12.0,4.0,6131.4,11.051981472998175,3486.75,471.8666666666666,71.08333333333333,82.91666666666667,192.91666666666666,144.0,128.91666666666666,75.75,39.083333333333336,51.416666666666664,510.95
31015,3,2,1,5,26310.0,3810.0,1302.0,1009.0,2758.0,822.0,1767.0,1075.0,358.0,635.0,186,0.3342618933656032,0,38.74430199918007,-9.157463353952368,0.49999999999999994,-0.8660254037844387,54.0,12,1,13.0,5.0,4168.0,10.692285763895006,2023.8461538461538,293.0769230769231,100.15384615384616,77.61538461538461,212.15384615384616,63.23076923076923,135.92307692307693,82.6923076923077,27.53846153846154,48.84615384615385,320.61538461538464
31026,2,4,0,5,21113.0,5908.0,739.0,960.0,1868.0,2113.0,852.0,567.6,1632.0,282.0,237,0.1464326509116124,0,38.73864671662323,-9.1778874604517,1.249000902703301e-16,-1.0,37.0,12,0,7.0,6.0,7540.0,10.682252639656593,3016.1428571428573,844.0,105.57142857142857,137.14285714285714,266.85714285714283,301.85714285714283,121.71428571428571,81.08571428571429,233.14285714285714,40.285714285714285,1077.142857142857
31030,0,2,1,3,60816.0,8032.0,853.0,636.0,1002.0,628.0,1468.0,1005.0,226.0,262.0,10,0.30882558758354745,1,38.751871434339144,-9.186968167098374,-0.25881904510252157,0.9659258262890681,70.0,12,1,19.0,2.0,8258.0,11.328846364600997,3200.842105263158,422.7368421052632,44.89473684210526,33.473684210526315,52.73684210526316,33.05263157894737,77.26315789473684,52.89473684210526,11.894736842105264,13.789473684210526,434.63157894736844
31131,5,5,0,3,29357.0,6554.0,661.0,730.0,1393.0,2025.0,1640.0,1376.0,433.99999999999994,1023.0,422,0.2675140469888061,0,38.76895144677869,-9.129083429109482,0.25881904510252096,-0.9659258262890682,62.0,12,1,11.0,10.0,6988.0,10.86249288681782,2668.818181818182,595.8181818181819,60.09090909090909,66.36363636363636,126.63636363636364,184.0909090909091,149.0909090909091,125.0909090909091,39.454545454545446,93.0,635.2727272727273
31161,1,1,1,5,30772.0,1295.0,335.0,928.0,342.0,872.0,686.0,1880.0,1820.0,536.0,310,0.4180783383235628,1,38.73586270443325,-9.121390960524604,0.7071067811865476,-0.7071067811865475,27.0,12,1,0.0,2.0,3115.0,10.659186907753037,30772.0,1295.0,335.0,928.0,342.0,872.0,686.0,1880.0,1820.0,536.0,3115.0
31165,0,1,1,1,30401.0,13291.0,230.0,474.0,149.0,748.0,1839.0,372.0,414.0,241.0,258,0.3683184527405923,0,38.77881941469339,-9.164766393580624,0.49999999999999994,-0.8660254037844387,59.0,12,0,14.0,1.0,13705.0,11.032709870648077,2171.5,949.3571428571429,16.428571428571427,33.857142857142854,10.642857142857142,53.42857142857143,131.35714285714286,26.571428571428573,29.571428571428573,17.214285714285715,978.9285714285714
31218,1,0,3,2,51551.0,1934.0,1058.0,289.0,1118.0,960.0,141.0000000000001,463.0,296.0,503.0,43,0.2834035867271634,0,38.72610191772019,-9.167899936283725,0.49999999999999994,-0.8660254037844387,62.0,12,1,13.0,1.0,2230.0,11.01112565241155,3965.4615384615386,148.76923076923077,81.38461538461539,22.23076923076923,86.0,73.84615384615384,10.846153846153856,35.61538461538461,22.76923076923077,38.69230769230769,171.53846153846155
31230,1,1,1,6,15141.0,1371.0,1906.0,401.0,404.0,42.0,63.0,1051.0,1922.0,69.0,72,0.1394270979433627,0,38.777841232148816,-9.13171484587109,-0.7071067811865472,-0.7071067811865479,48.0,12,0,10.0,2.0,3293.0,10.152844510666242,1514.1,137.1,190.6,40.1,40.4,4.2,6.3,105.1,192.2,6.9,329.3
31288,1,1,0,1,33457.0,13086.0,124.00000000000011,653.0,118.0,965.0,1190.0,1044.0,570.0,396.0,159,0.987279175443559,0,38.777320265856446,-9.168122733033917,-0.8660254037844386,0.5000000000000001,27.0,12,1,4.400000000000091,2.0,13656.0,11.086134570147312,7603.86363636348,2974.0909090908476,28.181818181817626,148.40909090908784,26.818181818181262,219.3181818181773,270.45454545453987,237.27272727272236,129.54545454545186,89.99999999999814,3103.6363636362994
31296,1,1,1,1,14475.0,578.0,1618.0,395.0,57.0,102.0,87.0,3050.0,2166.0,451.0,68,0.1366692917388384,0,38.73626036710638,-9.113358132096664,0.49999999999999994,-0.8660254037844387,59.0,12,0,10.0,2.0,2744.0,10.155179687254753,1447.5,57.8,161.8,39.5,5.7,10.2,8.7,305.0,216.6,45.1,274.4
31443,1,1,1,1,28600.0,23044.0,1160.0,805.0,731.0,1530.0,451.0,1316.0,666.0,299.0,150,0.4132217355521655,0,38.75285691036929,-9.14154085052686,0.7071067811865476,-0.7071067811865475,41.0,12,1,19.0,2.0,23710.0,11.31828433287873,1505.2631578947369,1212.842105263158,61.05263157894737,42.36842105263158,38.473684210526315,80.52631578947368,23.736842105263158,69.26315789473684,35.05263157894737,15.736842105263158,1247.8947368421052
31449,2,0,2,6,46626.0,6297.0,368.0,663.0,781.0,1114.0,1602.0,1266.0,335.0,418.0,162,0.0677058368435311,1,38.78609146172862,-9.132123816367802,1.249000902703301e-16,-1.0,31.0,12,0,12.0,2.0,6632.0,11.098969410588996,3885.5,524.75,30.666666666666668,55.25,65.08333333333333,92.83333333333333,133.5,105.5,27.916666666666668,34.833333333333336,552.6666666666666
31452,1,1,0,2,8922.0,21735.0,99.0,415.0,1078.0,460.0,1606.0,436.00000000000006,470.00000000000006,421.0,244,0.6163569151904217,0,38.73785932137592,-9.14396267029075,0.49999999999999994,-0.8660254037844387,82.0,12,1,7.0,2.0,22205.0,10.965574159854787,1274.5714285714287,3105.0,14.142857142857142,59.285714285714285,154.0,65.71428571428571,229.42857142857142,62.28571428571429,67.14285714285715,60.142857142857146,3172.1428571428573
31503,0,0,0,1,12493.999999999998,20880.000000000004,152.0,536.0,1106.0,828.0,1168.0,232.0,2097.4,410.0,41,0.2240718266249337,0,38.72911917367232,-9.15865406846184,-0.9659258262890683,-0.25881904510252063,24.000000000000004,12,0,10.599999999999909,0.0,22977.400000000005,11.049012052647571,1178.6792452830289,1969.8113207547342,14.339622641509557,50.56603773584949,104.33962264151033,78.11320754717048,110.18867924528396,21.886792452830377,197.8679245283036,38.6792452830192,2167.6792452830377
31523,4,2,3,4,24554.0,4753.0,1457.0,1153.0,1235.0,950.0,2447.0,945.0,292.0,67.0,305,0.1978296455261022,0,38.73482007235931,-9.156336758310182,0.25881904510252096,-0.9659258262890682,44.0,12,0,13.0,6.0,5045.0,10.666603794621116,1888.7692307692307,365.61538461538464,112.07692307692308,88.6923076923077,95.0,73.07692307692308,188.23076923076923,72.6923076923077,22.46153846153846,5.153846153846154,388.0769230769231
31629,0,1,0,1,9921.0,15540.0,149.0,1341.0,1289.0,1357.0,1039.0,262.0,2894.0,247.0,22,0.09667370562017147,0,38.75113451854037,-9.143758005711874,-0.7071067811865477,0.7071067811865471,69.0,12,0,12.0,1.0,18434.0,10.868073087813588,826.75,1295.0,12.416666666666666,111.75,107.41666666666667,113.08333333333333,86.58333333333333,21.833333333333332,241.16666666666666,20.583333333333332,1536.1666666666667
31630,1,1,0,3,34336.0,2947.0000000000005,284.0,884.0,530.0,1478.0,242.0,390.0,1322.0,498.0,346,0.9271508009518801,1,38.73526094820232,-9.186171722600555,-0.7071067811865472,-0.7071067811865479,74.0,12,1,10.0,2.0,4269.0,10.761746548158834,3433.6,294.70000000000005,28.4,88.4,53.0,147.8,24.2,39.0,132.2,49.8,426.9
31769,4,1,0,2,14975.0,5713.0,1202.0,717.0,2671.0,1265.0,2221.0,855.0,600.0,462.0,209,0.1552249622339057,0,38.785654490641434,-9.127715536528273,0.7071067811865476,-0.7071067811865475,34.0,12,1,9.0,5.0,6313.0,10.518538047359652,1663.888888888889,634.7777777777778,133.55555555555554,79.66666666666667,296.77777777777777,140.55555555555554,246.77777777777777,95.0,66.66666666666667,51.333333333333336,701.4444444444445
31774,2,0,0,1,30875.0,5400.0,798.0,1179.0,2312.0,2258.0,2602.0,1297.0,622.0,28.0,350,0.16220138177887708,0,38.72583697607442,-9.12906528401345,0.49999999999999994,-0.8660254037844387,42.0,12,1,22.0,2.0,6022.0,10.885453659084916,1403.409090909091,245.45454545454547,36.27272727272727,53.59090909090909,105.0909090909091,102.63636363636364,118.27272727272727,58.95454545454545,28.272727272727273,1.2727272727272727,273.72727272727275
31874,1,3,2,3,49875.0,4850.0,724.0,1411.0,1299.0,1057.0,890.0,769.0,179.0,50.0,271,0.220995983446677,0,38.71308616919,-9.155515176998172,0.25881904510252096,-0.9659258262890682,67.0,12,0,7.0,4.0,5029.0,11.09943826575915,7125.0,692.8571428571429,103.42857142857143,201.57142857142858,185.57142857142858,151.0,127.14285714285714,109.85714285714286,25.571428571428573,7.142857142857143,718.4285714285714
31892,0,0,1,3,70537.0,1255.0,406.0,947.0,618.0,792.0,735.0,2834.0,279.0,407.0,267,0.9180304308980227,1,38.709593682565,-9.135667879041268,-0.4999999999999998,-0.8660254037844388,39.0,12,1,16.0,0.0,1534.0,11.294085141475854,4408.5625,78.4375,25.375,59.1875,38.625,49.5,45.9375,177.125,17.4375,25.4375,95.875
31894,3,5,0,1,29736.0,3798.0,1000.0,637.0,1174.0,1739.0,813.0,1324.0,432.0,52.0,502,0.3222678318776246,0,38.75069451735821,-9.12814821853261,0.49999999999999994,-0.8660254037844387,36.0,12,0,17.0,8.0,4230.0,10.71299453421227,1749.1764705882354,223.41176470588235,58.8235294117647,37.470588235294116,69.05882352941177,102.29411764705883,47.8235294117647,77.88235294117646,25.41176470588235,3.0588235294117645,248.8235294117647
31980,2,5,0,5,22190.0,6182.0,988.0,1203.0,2539.0,1501.0,443.0,866.0,347.0,64.0,331,0.1270796959406986,0,38.72526304531388,-9.142222691204797,0.25881904510252096,-0.9659258262890682,64.0,12,0,11.0,7.0,6529.0,10.665530933243835,2017.2727272727273,562.0,89.81818181818181,109.36363636363636,230.8181818181818,136.45454545454547,40.27272727272727,78.72727272727273,31.545454545454547,5.818181818181818,593.5454545454545
32027,0,0,1,2,49066.0,13691.0,484.0,35.0,426.0,832.0,319.0,810.0,501.0,297.0,172,0.4850400884803776,0,38.72896903539613,-9.141924005918291,0.2946463524932714,-0.5931851652578136,75.0,12,1,14.0,0.0,14192.0,11.297923679347642,3504.714285714286,977.9285714285714,34.57142857142857,2.5,30.428571428571427,59.42857142857143,22.785714285714285,57.857142857142854,35.785714285714285,21.214285714285715,1013.7142857142857
32058,0,0,2,4,45501.0,15700.0,213.0,470.0,214.0,708.0,140.0,761.0,573.0,135.0,25,0.5637819611026708,0,38.78184750845006,-9.14320840097602,1.249000902703301e-16,-1.0,50.0,12,1,12.0,0.0,16273.0,11.298357537656326,3791.75,1308.3333333333333,17.75,39.166666666666664,17.833333333333332,59.0,11.666666666666666,63.416666666666664,47.75,11.25,1356.0833333333333
32090,2,5,2,1,5543.0,5156.0,853.0,506.0,2166.0,1333.0,608.0,827.0,1650.0,628.0,394,0.2896614345293585,0,38.733436197772534,-9.122422386808934,0.49999999999999994,-0.8660254037844387,71.0,12,0,12.0,7.0,6806.0,10.168808978749206,461.9166666666667,429.6666666666667,71.08333333333333,42.166666666666664,180.5,111.08333333333333,50.666666666666664,68.91666666666667,137.5,52.333333333333336,567.1666666666666
32112,3,3,0,4,4910.999999999996,4959.0,387.0,750.0,1774.0,1813.0,1437.0,226.0,493.00000000000006,440.0,541,0.3518119908990316,0,38.74706643366713,-9.159949896317476,0.8660254037844387,-0.49999999999999983,52.0,12,0,13.0,6.0,5452.0,10.027606032372521,377.7692307692305,381.46153846153845,29.76923076923077,57.69230769230769,136.46153846153845,139.46153846153845,110.53846153846153,17.384615384615383,37.92307692307693,33.84615384615385,419.38461538461536
32138,0,0,1,2,2019.0,1666.0,160.0,297.0,1109.0,1261.0,1118.0,31.000000000000114,3220.0,190.0,137,0.2212321676280484,0,38.76580687680105,-9.183114907914874,-0.8660254037844386,0.5000000000000001,55.0,12,1,16.0,0.0,4886.0,9.677715549868227,126.1875,104.125,10.0,18.5625,69.3125,78.8125,69.875,1.937500000000007,201.25,11.875,305.375
32173,0,0,1,2,4386.0,6006.0,157.00000000000006,199.00000000000006,568.0,688.0,237.0000000000001,575.0,3576.0,316.0,168,0.033695211588543494,0,38.76389248040672,-9.147650035173625,-0.25881904510252157,0.9659258262890681,44.0,12,1,12.0,0.0,9582.0,10.176981954277059,365.5,500.5,13.083333333333337,16.58333333333334,47.333333333333336,57.333333333333336,19.75000000000001,47.916666666666664,298.0,26.333333333333332,798.5
32178,2,0,2,3,10292.0,526.0,290.0,230.00000000000006,370.0,428.0,277.9999999999999,627.0,1906.0,271.0,33,0.8152937078308012,0,38.74771387806094,-9.15573942323,0.8078116022520109,-0.4663902460147013,35.0,12,1,5.0,2.0,2432.0,9.77854771798028,2058.4,105.2,58.0,46.000000000000014,74.0,85.6,55.59999999999998,125.4,381.2,54.2,486.4
32189,2,1,2,2,10100.0,1567.0,283.0,272.00000000000006,571.0,587.0,173.0000000000001,208.0000000000001,1900.0,541.0,38,0.8002672257067117,0,38.74743638269931,-9.157492712126086,0.7071067811865476,-0.7071067811865475,30.0,12,0,5.0,3.0,3467.0,9.886849911383104,2020.0,313.4,56.6,54.40000000000001,114.2,117.4,34.60000000000002,41.60000000000002,380.0,108.2,693.4
32218,1,1,0,3,4282.0,5314.0,1244.0,48.0,2283.0,1254.0,357.9999999999999,680.0,429.00000000000006,317.0,269,0.5235525279637945,0,38.72602209122152,-9.149710892099357,0.49999999999999994,-0.8660254037844387,76.0,12,1,5.0,2.0,5743.0,9.996659083423923,856.4,1062.8,248.8,9.6,456.6,250.8,71.59999999999998,136.0,85.80000000000001,63.4,1148.6
32224,1,1,1,1,13143.0,1767.0,3282.0,360.0,418.0,30.0,133.0,1004.0,205.0,802.0,70,0.040834211908362505,0,38.77181300116964,-9.195816166770616,-0.9659258262890683,-0.25881904510252063,39.0,12,0,14.0,2.0,1972.0,10.048323556581577,938.7857142857143,126.21428571428571,234.42857142857142,25.714285714285715,29.857142857142858,2.142857142857143,9.5,71.71428571428571,14.642857142857142,57.285714285714285,140.85714285714286
32232,7,2,0,2,35220.0,3161.0,99.0,480.0,1977.0,1723.0,892.0,1829.0,1158.0,676.0,353,0.2336915199352218,0,38.756611673382395,-9.156974983287109,0.7071067811865476,-0.7071067811865475,60.0,12,1,13.0,9.0,4319.0,10.850016467470892,2709.230769230769,243.15384615384616,7.615384615384615,36.92307692307692,152.07692307692307,132.53846153846155,68.61538461538461,140.69230769230768,89.07692307692308,52.0,332.2307692307692
32245,0,1,2,6,49180.0,4867.0,150.0,748.0,808.0,690.0,1245.0,2658.0,394.0,392.0,182,0.4030569912365599,1,38.71688726513958,-9.140885140344984,0.7071067811865476,-0.7071067811865475,25.0,12,1,3.400000000000091,1.0,5261.0,11.1033619699359,14464.705882352555,1431.4705882352557,44.11764705882235,219.99999999999412,237.64705882352305,202.9411764705828,366.1764705882255,781.764705882332,115.88235294117337,115.29411764705574,1547.352941176429
32442,0,0,0,1,70223.0,901.0,371.0,395.0,540.0,867.0,1307.0,1774.0,545.0,516.0,206,0.7390360100449499,0,38.77551822628628,-9.14912308383846,-0.4999999999999998,-0.8660254037844388,69.0,12,0,11.0,0.0,1446.0,11.27575905129245,6383.909090909091,81.9090909090909,33.72727272727273,35.90909090909091,49.09090909090909,78.81818181818181,118.81818181818181,161.27272727272728,49.54545454545455,46.90909090909091,131.45454545454547
32469,1,1,1,6,14898.0,1553.0,496.0,272.00000000000006,706.0,853.0,533.0,92.0,84.0,1154.0,267,0.3247801254469222,0,38.69603084602045,-9.155450633669698,-0.4999999999999998,-0.8660254037844388,69.0,12,0,9.0,2.0,1637.0,10.011399809730523,1655.3333333333333,172.55555555555554,55.111111111111114,30.22222222222223,78.44444444444444,94.77777777777777,59.22222222222222,10.222222222222221,9.333333333333334,128.22222222222223,181.88888888888889
32494,4,4,0,3,14525.0,7054.0,817.0,1868.0,1726.0,1528.0,1883.0,1014.0,433.0,7.0,228,0.3292088090959263,0,38.77909488930246,-9.132877485531916,0.49999999999999994,-0.8660254037844387,57.0,12,0,10.0,8.0,7487.0,10.554327260799823,1452.5,705.4,81.7,186.8,172.6,152.8,188.3,101.4,43.3,0.7,748.7
32545,1,1,0,4,31248.0,3514.0,300.0,710.0,779.0,864.0,730.4000000000001,1761.0,193.0,952.0,22,0.7646300380154001,1,38.7866377966953,-9.14122806704566,-0.4999999999999998,-0.8660254037844388,60.0,12,0,14.0,2.0,3707.0,10.709056757510279,2232.0,251.0,21.428571428571427,50.714285714285715,55.642857142857146,61.714285714285715,52.17142857142858,125.78571428571429,13.785714285714286,68.0,264.7857142857143
32609,1,3,3,2,44693.0,856.0,439.0,145.0,354.0,577.0,1208.0,622.0,1183.0,610.0,36,0.3640393597453598,0,38.76845910399289,-9.19591731347936,-0.25881904510252157,0.9659258262890681,65.0,12,0,17.0,4.0,2039.0,10.872882937297062,2629.0,50.35294117647059,25.823529411764707,8.529411764705882,20.823529411764707,33.94117647058823,71.05882352941177,36.588235294117645,69.58823529411765,35.88235294117647,119.94117647058823
32667,0,0,1,1,14409.0,18438.0,6.0,292.0,1341.0,488.0000000000001,572.0,34.0,2782.0,478.0,127,0.251197482592167,0,38.72406163190783,-9.184757678261969,-0.25881904510252157,0.9659258262890681,42.0,12,1,8.0,0.0,21220.0,11.003115991415362,1801.125,2304.75,0.75,36.5,167.625,61.000000000000014,71.5,4.25,347.75,59.75,2652.5
32761,6,3,1,3,32778.0,5069.0,1289.0,588.0,2704.0,1902.0,2309.0,1660.0,376.0,700.0,326,0.2770522944303702,0,38.787307631283994,-9.136270721779866,0.7071067811865476,-0.7071067811865475,72.0,12,0,20.0,9.0,5445.0,10.911828611208097,1638.9,253.45,64.45,29.4,135.2,95.1,115.45,83.0,18.8,35.0,272.25
32763,1,0,1,1,6148.999999999996,12714.0,297.0,862.0,1071.0,309.0,1283.0,147.0,1284.0,814.0,64,0.1442665138142279,0,38.7369355488858,-9.172720260402969,1.249000902703301e-16,-1.0,39.0,12,1,5.0,1.0,13998.0,10.569494753143834,1229.7999999999993,2542.8,59.4,172.4,214.2,61.8,256.6,29.4,256.8,162.8,2799.6
32819,0,0,1,1,10411.0,17207.0,428.0,166.0,751.0,409.0,588.0,306.0,832.0,112.0,437,0.3762151881113169,0,38.774035067762,-9.12382983465016,1.0,5.551115123125783e-17,37.0,12,1,16.0,0.0,18039.0,10.804664646600235,650.6875,1075.4375,26.75,10.375,46.9375,25.5625,36.75,19.125,52.0,7.0,1127.4375
32826,2,1,3,1,17945.0,10128.0,896.0,474.0,156.0,718.0,1361.0,319.0,593.0,445.0,120,0.9255171149998047,0,38.71897304322408,-9.139757376989726,0.49999999999999994,-0.8660254037844387,63.0,12,0,13.0,3.0,10721.0,10.686406878987126,1380.3846153846155,779.0769230769231,68.92307692307692,36.46153846153846,12.0,55.23076923076923,104.6923076923077,24.53846153846154,45.61538461538461,34.23076923076923,824.6923076923077
32830,1,1,0,5,94442.0,1517.0,303.0,415.0,687.0,1285.0,778.0,552.0,391.0,385.0,341,0.3256187052452339,1,38.73196533525792,-9.171605970800382,0.49999999999999994,-0.8660254037844387,62.0,12,1,17.0,2.0,1908.0,11.539216798924297,5555.411764705882,89.23529411764706,17.823529411764707,24.41176470588235,40.411764705882355,75.58823529411765,45.76470588235294,32.470588235294116,23.0,22.647058823529413,112.23529411764706
32872,0,3,0,2,2948.0,3877.0,278.0,508.0,1693.0,745.0,1315.0,242.0,1578.0,157.0,66,0.2424042158794835,0,38.77559435125226,-9.187335335079911,-0.8660254037844384,-0.5000000000000004,32.0,12,0,10.0,3.0,5455.0,9.841452561616595,294.8,387.7,27.8,50.8,169.3,74.5,131.5,24.2,157.8,15.7,545.5
33017,4,2,0,2,29969.0,6355.0,464.0,1251.0,2430.0,1885.0,1460.0,60.999999999999886,331.0,55.0,109,0.2392569725637582,0,38.73774796466099,-9.194356900430718,1.0,5.551115123125783e-17,69.0,12,1,5.0,6.0,6686.0,10.83856078370965,5993.8,1271.0,92.8,250.2,486.0,377.0,292.0,12.199999999999978,66.2,11.0,1337.2
33056,1,1,4,5,79990.0,4618.0,476.0,483.0,809.0,1065.0,738.0,1134.0,426.0,271.0,443,0.1804345068181397,1,38.74481649955527,-9.146331985370225,-0.8660254037844384,-0.5000000000000004,26.0,12,1,9.0,2.0,5044.0,11.462210950425726,8887.777777777777,513.1111111111111,52.888888888888886,53.666666666666664,89.88888888888889,118.33333333333333,82.0,126.0,47.333333333333336,30.11111111111111,560.4444444444445
33071,2,1,0,3,59184.0,178.0,299.0,28.0,371.0,889.0,470.0,1077.0,165.0,403.0,57,0.4546802192380505,0,38.72870063842856,-9.20905721808541,0.49999999999999994,-0.8660254037844387,84.0,12,0,12.0,3.0,343.0,11.057345315430217,4932.0,14.833333333333334,24.916666666666668,2.3333333333333335,30.916666666666668,74.08333333333333,39.166666666666664,89.75,13.75,33.583333333333336,28.583333333333332
33086,0,1,0,2,41760.0,10827.0,320.00000000000006,725.0,964.0,989.0,1654.0,506.0,433.99999999999994,217.0,154,0.9527975568377554,0,38.77483585422466,-9.161575538304298,0.8660254037844387,-0.49999999999999983,66.0,12,1,5.0,1.0,11261.0,11.151352832626403,8352.0,2165.4,64.00000000000001,145.0,192.8,197.8,330.8,101.2,86.79999999999998,43.4,2252.2
33140,0,2,1,1,45808.0,6751.0,688.0,1404.0,1336.0,1680.0,591.0,812.0,381.0,240.0,411,0.056929997240360686,0,38.76276239326783,-9.14786273452037,0.49999999999999994,-0.8660254037844387,77.0,12,1,10.0,2.0,7132.0,11.109817576435741,4580.8,675.1,68.8,140.4,133.6,168.0,59.1,81.2,38.1,24.0,713.2
33153,1,1,0,3,60534.0,4535.0,457.0,928.0,789.0,1127.0,1519.0,405.0,1140.0,34.0,250,0.5165670157152469,0,38.77829645899605,-9.116597593209548,1.249000902703301e-16,-1.0,77.0,12,0,7.0,2.0,5675.0,11.25342908419022,8647.714285714286,647.8571428571429,65.28571428571429,132.57142857142858,112.71428571428571,161.0,217.0,57.857142857142854,162.85714285714286,4.857142857142857,810.7142857142857
33224,5,2,1,3,56417.0,4201.0,561.0,782.0,1320.0,1770.0,2167.0,1250.0,381.0,390.0,215,0.0489592636989411,0,38.77910180772091,-9.165851044722029,0.8660254037844387,-0.49999999999999983,76.0,12,1,6.0,7.0,4582.0,11.209412069145728,9402.833333333334,700.1666666666666,93.5,130.33333333333334,220.0,295.0,361.1666666666667,208.33333333333334,63.5,65.0,763.6666666666666
33249,3,3,1,2,33459.0,6505.0,669.0,644.0,348.0,1860.0,1556.0,334.0,1748.0,543.0,535,0.08535164425150249,0,38.771824203320286,-9.162764151646288,1.249000902703301e-16,-1.0,81.0,12,0,12.0,6.0,8253.0,10.931677376907691,2788.25,542.0833333333334,55.75,53.666666666666664,29.0,155.0,129.66666666666666,27.833333333333332,145.66666666666666,45.25,687.75
33260,1,2,0,2,62690.0,400.0000000000009,18.0,316.0,391.0,906.0,1454.0,1024.0,77.0,729.0,77,0.2482868428268302,0,38.74232597120282,-9.201240128139585,-0.4999999999999998,-0.8660254037844388,61.0,12,1,11.0,3.0,477.0000000000009,11.134340818267278,5699.090909090909,36.363636363636445,1.6363636363636365,28.727272727272727,35.54545454545455,82.36363636363636,132.1818181818182,93.0909090909091,7.0,66.27272727272727,43.363636363636445
33280,0,0,0,2,9186.0,731.0,21.0,112.0,1585.0,233.0,801.0,698.0,1618.0,294.0,71,1.0,0,38.72606952799759,-9.167079934371175,-0.8660254037844386,0.5000000000000001,25.0,12,1,7.599999999999909,0.0,2349.0,9.777300552285743,1208.6842105263302,96.18421052631695,2.7631578947368753,14.736842105263333,208.55263157894987,30.657894736842472,105.39473684210652,91.842105263159,212.89473684210782,38.68421052631625,309.07894736842474
33335,3,6,1,6,36273.0,5868.0,2119.0,771.0,2320.0,2372.0,906.0,788.0,335.0,578.0,401,0.128197817068193,0,38.756942400096115,-9.15401588656782,0.25881904510252096,-0.9659258262890682,26.0,12,1,11.0,9.0,6203.0,10.977363060971824,3297.5454545454545,533.4545454545455,192.63636363636363,70.0909090909091,210.9090909090909,215.63636363636363,82.36363636363636,71.63636363636364,30.454545454545453,52.54545454545455,563.9090909090909
33355,0,2,1,5,40885.0,2104.0,557.0,513.0,383.0,800.0,1154.0,723.0,286.0,918.0,154,1.0,0,38.815392854178555,-9.122929137249873,-0.4999999999999998,-0.8660254037844388,54.0,12,1,12.0,2.0,2390.0,10.833957285583553,3407.0833333333335,175.33333333333334,46.416666666666664,42.75,31.916666666666668,66.66666666666667,96.16666666666667,60.25,23.833333333333332,76.5,199.16666666666666
33425,1,1,0,1,30952.0,4718.0,169.0,556.0,2746.0,434.0,1457.0,1134.0,472.0,415.0,361,0.1635873971667382,0,38.721806171101385,-9.158557252153807,0.7071067811865476,-0.7071067811865475,85.0,12,1,13.0,2.0,5190.0,10.784026746703134,2380.923076923077,362.9230769230769,13.0,42.76923076923077,211.23076923076923,33.38461538461539,112.07692307692308,87.23076923076923,36.30769230769231,31.923076923076923,399.2307692307692
33471,2,0,1,5,12660.0,2575.0,573.0,28.0,1102.0,771.0,1059.0,1213.0,289.0,584.0,555,0.019113234587351258,0,38.76857995772245,-9.12495211930131,1.249000902703301e-16,-1.0,67.0,12,0,12.0,2.0,2864.0,10.074031693706946,1055.0,214.58333333333334,47.75,2.3333333333333335,91.83333333333333,64.25,88.25,101.08333333333333,24.083333333333332,48.666666666666664,238.66666666666666
33477,1,0,0,5,15497.0,155.0,1938.0,698.0,237.0,317.0,12.999999999999886,1694.0,110.0,929.0,202,0.2825967393760327,0,38.79060586147445,-9.09197481001077,1.0,5.551115123125783e-17,39.0,12,0,11.0,1.0,265.0,9.992139250130691,1408.8181818181818,14.090909090909092,176.1818181818182,63.45454545454545,21.545454545454547,28.818181818181817,1.1818181818181714,154.0,10.0,84.45454545454545,24.09090909090909
33539,1,0,1,3,13993.0,285.0,1504.0,727.0,96.99999999999989,87.0,152.0,2198.0,1858.0,358.0,0,0.1511492962829026,0,38.735818300875366,-9.12287561694508,-0.4999999999999998,-0.8660254037844388,64.0,12,0,5.0,1.0,2143.0,10.060619498256424,2798.6,57.0,300.8,145.4,19.399999999999977,17.4,30.4,439.6,371.6,71.6,428.6
33550,1,2,0,3,40096.0,3962.0,252.0,795.0,2905.0,1406.0,1283.0,1092.0,295.0,70.0,223,0.059822774518223376,0,38.75855040504339,-9.187720385375684,-0.2588190451025208,-0.9659258262890683,27.0,12,0,14.400000000000091,3.0,4257.0,10.940472633633293,2784.444444444427,275.13888888888715,17.49999999999989,55.20833333333299,201.73611111110984,97.63888888888827,89.09722222222166,75.83333333333286,20.486111111110983,4.8611111111110805,295.6249999999981
33583,1,1,0,6,4266.999999999996,2170.0,1399.0,738.0,177.0,135.0000000000001,311.0,2827.0,44.0,937.0,139,0.1487758547525994,0,38.739959252932906,-9.14605250653903,-0.4999999999999998,-0.8660254037844388,70.0,12,1,7.0,2.0,2214.0,9.630365631415676,609.5714285714281,310.0,199.85714285714286,105.42857142857143,25.285714285714285,19.285714285714302,44.42857142857143,403.85714285714283,6.285714285714286,133.85714285714286,316.2857142857143
33597,0,0,2,4,34395.0,3142.0,292.0,449.0,952.0,934.0,913.0,2017.0,1714.0,310.0,326,0.2405792285752725,1,38.71865399926953,-9.15301488139016,-0.4999999999999998,-0.8660254037844388,25.0,12,0,13.400000000000091,0.0,4856.0,10.8192781593686,2566.791044776102,234.47761194029692,21.791044776119254,33.50746268656694,71.0447761194025,69.70149253731296,68.13432835820849,150.52238805970046,127.91044776119317,23.134328358208798,362.3880597014901
33692,4,0,2,3,17544.0,5667.0,786.0,798.0,1225.0,1965.0,811.0,1197.0,231.0,918.0,526,0.3730268789629952,0,38.71089232934216,-9.16339805615728,-0.4999999999999998,-0.8660254037844388,81.0,12,1,14.0,4.0,5898.0,10.519780686235853,1253.142857142857,404.7857142857143,56.142857142857146,57.0,87.5,140.35714285714286,57.92857142857143,85.5,16.5,65.57142857142857,421.2857142857143
33752,5,6,1,4,18183.0,4892.0,1394.0,276.00000000000006,1573.0,2609.0,1689.0,1073.0,407.0,511.0,465,0.2123642870117543,0,38.73804280027366,-9.135354354191495,0.49999999999999994,-0.8660254037844387,80.0,12,1,17.0,11.0,5299.0,10.542891070586126,1069.5882352941176,287.7647058823529,82.0,16.23529411764706,92.52941176470588,153.47058823529412,99.3529411764706,63.11764705882353,23.941176470588236,30.058823529411764,311.70588235294116
33753,1,0,1,6,21159.0,2443.0,59.0,31.0,753.0,737.0,744.0,189.0000000000001,386.0,336.0,513,0.6559415107772417,0,38.781361370897,-9.136806310727502,-0.8660254037844386,0.5000000000000001,70.0,12,1,7.0,1.0,2829.0,10.2977905959381,3022.714285714286,349.0,8.428571428571429,4.428571428571429,107.57142857142857,105.28571428571429,106.28571428571429,27.000000000000018,55.142857142857146,48.0,404.14285714285717
33762,1,0,1,1,15494.0,5279.0,1509.0,1213.0,2010.0,1122.0,2401.0,1256.0,629.0,632.0,311,0.2319555716331463,0,38.783505648993994,-9.17121860808762,0.25881904510252096,-0.9659258262890682,67.0,12,0,17.0,1.0,5908.0,10.530868792320454,911.4117647058823,310.52941176470586,88.76470588235294,71.3529411764706,118.23529411764706,66.0,141.23529411764707,73.88235294117646,37.0,37.1764705882353,347.52941176470586
33827,0,1,0,1,71316.0,6884.0,586.0,738.0,573.0,708.0,142.0,475.0,301.0,356.0,324,0.2182197136476268,0,38.78222083012951,-9.175485002281109,-0.25881904510252157,0.9659258262890681,67.0,12,0,5.0,1.0,7185.0,11.399364752747061,14263.2,1376.8,117.2,147.6,114.6,141.6,28.4,95.0,60.2,71.2,1437.0
33886,2,3,1,6,24977.0,5067.2,1370.0,1160.0,2589.0,2147.0,2479.0,1636.0,472.99999999999994,98.0,170,0.3283805968955282,0,38.74192478186044,-9.183376906760673,0.25881904510252096,-0.9659258262890682,71.0,12,0,15.0,5.0,5540.2,10.769272048631883,1665.1333333333334,337.81333333333333,91.33333333333333,77.33333333333333,172.6,143.13333333333333,165.26666666666668,109.06666666666666,31.533333333333328,6.533333333333333,369.34666666666664
34068,5,4,1,5,39649.0,4237.0,996.0,976.0,742.0,2035.0,1145.0,349.0,1668.0,454.0,154,0.1849334098739334,0,38.750780447984354,-9.194680850208782,0.7071067811865476,-0.7071067811865475,35.0,12,0,8.0,9.0,5905.0,10.97090152903382,4956.125,529.625,124.5,122.0,92.75,254.375,143.125,43.625,208.5,56.75,738.125
34135,1,2,1,2,239.0,6583.0,569.0,313.0,1210.0,1044.0,1018.0,1366.0,449.0,340.0,524,1.0,0,38.767106085169274,-9.119777099119498,0.49999999999999994,-0.8660254037844387,65.0,12,1,12.0,3.0,7032.0,9.911654115202522,19.916666666666668,548.5833333333334,47.416666666666664,26.083333333333332,100.83333333333333,87.0,84.83333333333333,113.83333333333333,37.416666666666664,28.333333333333332,586.0
34278,1,0,1,1,54054.0,14879.0,112.0,449.0,659.0,954.0,1472.0,622.0,2063.0,198.0,222,0.2917417293159211,0,38.776243579771176,-9.127373986833414,0.25881904510252096,-0.9659258262890682,67.0,12,1,11.0,1.0,16942.0,11.433936368719857,4914.0,1352.6363636363637,10.181818181818182,40.81818181818182,59.90909090909091,86.72727272727273,133.8181818181818,56.54545454545455,187.54545454545453,18.0,1540.1818181818182
34309,0,1,5,1,6258.0,22935.0,6.0,448.0,1513.0,994.0,472.0,20.0,1488.0,346.0,59,0.2491148712687978,0,38.76873429255698,-9.162844678898445,-0.8660254037844386,0.5000000000000001,84.0,12,1,8.0,1.0,24423.0,10.983664279048552,782.25,2866.875,0.75,56.0,189.125,124.25,59.0,2.5,186.0,43.25,3052.875
34353,2,4,1,2,9892.0,4188.0,856.0,811.0,728.0,2541.0,1527.0,1643.0,335.0,231.0,446,0.403709347811279,0,38.71027431116525,-9.171573676136,0.8660254037844387,-0.49999999999999983,69.0,12,1,14.0,6.0,4523.0,10.213762473640543,706.5714285714286,299.14285714285717,61.142857142857146,57.92857142857143,52.0,181.5,109.07142857142857,117.35714285714286,23.928571428571427,16.5,323.07142857142856
34401,3,2,2,5,16964.0,4201.0,1291.0,909.0,1616.0,2233.0,2410.0,410.0,280.0,157.99999999999997,232,0.1951210557288885,0,38.72695602043418,-9.15503113541226,0.25881904510252096,-0.9659258262890682,39.0,12,1,5.0,5.0,4481.0,10.461788190326306,3392.8,840.2,258.2,181.8,323.2,446.6,482.0,82.0,56.0,31.599999999999994,896.2
34446,1,0,1,4,35174.0,4085.0,431.0,542.0,547.0,1397.0,887.0,1658.0,223.0,129.0,542,0.2533262937458782,0,38.7486343996642,-9.137322313557224,0.8660254037844387,-0.49999999999999983,75.0,12,0,16.0,1.0,4308.0,10.8073412643066,2198.375,255.3125,26.9375,33.875,34.1875,87.3125,55.4375,103.625,13.9375,8.0625,269.25
34481,0,0,1,4,2960.0,1783.0,2014.0,398.0,98.00000000000011,81.0,35.0,1917.0,1987.0,751.0,178,0.1529852960319605,0,38.79032730384545,-9.081420125651052,-0.8660254037844386,0.5000000000000001,60.0,12,1,7.0,0.0,3770.0,9.667448713236185,422.85714285714283,254.71428571428572,287.7142857142857,56.857142857142854,14.000000000000016,11.571428571428571,5.0,273.85714285714283,283.85714285714283,107.28571428571429,538.5714285714286
34576,1,1,0,2,38755.0,1205.0,172.0,50.0,1649.0,834.0,607.0,1028.0,887.0,774.0,314,0.17149912178568422,0,38.75570515104143,-9.156907617154834,0.8660254037844387,-0.49999999999999983,57.0,12,0,9.0,2.0,2092.0,10.780080657551737,4306.111111111111,133.88888888888889,19.11111111111111,5.555555555555555,183.22222222222223,92.66666666666667,67.44444444444444,114.22222222222223,98.55555555555556,86.0,232.44444444444446
34578,3,1,0,1,2690.9999999999964,14953.0,137.0,699.0,1086.0,763.0,650.0,149.0,1986.0,83.0,80,0.2221793207082384,0,38.771155171005184,-9.192714997639822,-0.5000000000000004,0.8660254037844385,80.0,12,0,8.0,4.0,16939.0,10.60005388114173,336.37499999999955,1869.125,17.125,87.375,135.75,95.375,81.25,18.625,248.25,10.375,2117.375
34628,0,3,0,1,26966.0,1606.1999999999998,1878.0,231.0,309.0,217.0000000000001,648.0,626.0,1949.0,312.0,196,0.3199843853752314,0,38.73527952702021,-9.140844510538638,0.9659258262890684,-0.25881904510252063,69.0,12,1,10.0,3.0,3555.2,10.5531633988392,2696.6,160.61999999999998,187.8,23.1,30.9,21.70000000000001,64.8,62.6,194.9,31.2,355.52
34629,0,1,1,2,5627.000000000004,19789.0,365.0,1327.0,1414.0,1380.0,984.0,137.0,1891.0,9.0,144,0.11126887866168278,0,38.719238900262205,-9.147825739142634,0.8660254037844387,-0.49999999999999983,24.000000000000004,12,0,8.200000000000045,1.0,21680.0,10.907862419122868,686.2195121951186,2413.292682926816,44.512195121950974,161.82926829268203,172.43902439024293,168.29268292682835,119.99999999999933,16.70731707317064,230.6097560975597,1.09756097560975,2643.902439024376
34670,1,0,1,4,82953.0,1807.0,441.0,354.0,893.0,1103.0,1538.0,361.0,536.0,410.0,162,0.7988257320820635,0,38.71840793133692,-9.16108801048028,0.7071067811865476,-0.7071067811865475,76.0,12,0,10.0,1.0,2343.0,11.437555157945452,8295.3,180.7,44.1,35.4,89.3,110.3,153.8,36.1,53.6,41.0,234.3
34679,0,1,2,2,6994.0,15138.0,271.0,498.0,937.0,1138.0,604.0,83.0,3057.0,410.0,128,0.2926877628872387,0,38.743866678018094,-9.18635667623524,-0.9659258262890683,0.2588190451025203,78.0,12,1,7.0,1.0,18195.0,10.764815106334996,999.1428571428571,2162.5714285714284,38.714285714285715,71.14285714285714,133.85714285714286,162.57142857142858,86.28571428571429,11.857142857142858,436.7142857142857,58.57142857142857,2599.285714285714
34680,2,0,0,1,7360.0,2394.0000000000005,2106.0,760.0,193.0,21.0,18.0,1326.0,1645.0,420.0,62,0.1389458615906537,0,38.74382634501567,-9.17989178548277,1.249000902703301e-16,-1.0,41.0,12,0,8.0,2.0,4039.0000000000005,9.917538375758788,920.0,299.25000000000006,263.25,95.0,24.125,2.625,2.25,165.75,205.625,52.5,504.87500000000006
34768,1,3,0,2,10130.0,7170.0,291.0,1349.0,1300.0,857.0,1305.0,1126.0,300.0,414.0,500,0.024184211211501383,0,38.7245335594166,-9.15834150551822,0.49999999999999994,-0.8660254037844387,53.0,12,1,10.0,4.0,7470.0,10.364481970436772,1013.0,717.0,29.1,134.9,130.0,85.7,130.5,112.6,30.0,41.4,747.0
34789,3,1,1,1,4534.0,3710.0,1683.0,370.0,428.0,69.0,7.000000000000114,334.0,2249.0,114.0,68,0.0520506002670334,0,38.78579306673267,-9.151682477036736,1.0,5.551115123125783e-17,57.0,12,1,13.0,4.0,5959.0,9.876013575535373,348.7692307692308,285.38461538461536,129.46153846153845,28.46153846153846,32.92307692307692,5.3076923076923075,0.5384615384615472,25.692307692307693,173.0,8.76923076923077,458.38461538461536
34804,0,1,0,1,3504.0,13213.0,174.0,184.99999999999994,709.0,992.0,1376.0,3.0,3186.0,103.0,162,0.2064654139550872,0,38.72364850661185,-9.18533101436999,-0.7071067811865477,0.7071067811865471,71.0,12,1,6.0,1.0,16399.0,10.592752205831848,584.0,2202.1666666666665,29.0,30.833333333333325,118.16666666666667,165.33333333333334,229.33333333333334,0.5,531.0,17.166666666666668,2733.1666666666665
34818,2,2,1,3,6521.0,1234.0,1799.0,717.0,187.0,315.9999999999999,83.39999999999986,1920.0,25.000000000000114,901.0,165,0.08297249373384669,0,38.739072014070345,-9.110163086987573,-0.4999999999999998,-0.8660254037844388,52.0,12,1,14.0,4.0,1259.0,9.613362498433206,465.7857142857143,88.14285714285714,128.5,51.214285714285715,13.357142857142858,22.571428571428562,5.9571428571428475,137.14285714285714,1.7857142857142938,64.35714285714286,89.92857142857143
34819,1,0,2,1,5392.0,11997.0,58.0,565.0,681.0,659.0,502.0,92.0,2398.0,91.0,238,0.3104485076049451,0,38.77186086361696,-9.163658658654576,-0.5000000000000004,0.8660254037844385,35.0,12,1,11.0,1.0,14395.0,10.51409516084895,490.1818181818182,1090.6363636363637,5.2727272727272725,51.36363636363637,61.90909090909091,59.90909090909091,45.63636363636363,8.363636363636363,218.0,8.272727272727273,1308.6363636363637
34820,1,3,1,1,29089.0,18548.0,424.0,244.0,365.0,1319.0,98.0,1186.0,344.0,265.0,453,0.502926444276254,0,38.76655272380079,-9.14438012774929,1.249000902703301e-16,-1.0,57.0,12,1,5.0,4.0,18892.0,11.1672611099801,5817.8,3709.6,84.8,48.8,73.0,263.8,19.6,237.2,68.8,53.0,3778.4
34851,2,1,4,4,2384.0,1200.0,1476.0,523.0,90.0,58.0,78.0,1725.0,1246.0,715.0,135,0.125135974396883,0,38.77604711203903,-9.162195923719016,0.7071067811865476,-0.7071067811865475,37.0,12,0,16.0,3.0,2446.0,9.387816877106937,149.0,75.0,92.25,32.6875,5.625,3.625,4.875,107.8125,77.875,44.6875,152.875
34877,0,0,0,2,4560.0,308.0000000000009,627.0,43.0,171.0,834.0,190.0,1140.0,1806.0,664.0,64,0.7286438533843566,1,38.75982881641618,-9.135643215553626,0.7071067811865476,-0.7071067811865475,63.0,12,1,17.0,0.0,2114.000000000001,9.430118265814091,268.2352941176471,18.117647058823582,36.88235294117647,2.5294117647058822,10.058823529411764,49.05882352941177,11.176470588235293,67.05882352941177,106.23529411764706,39.05882352941177,124.35294117647064
34902,0,0,0,2,4780.0,15393.0,172.0,789.0,1423.0,647.0,920.0,48.000000000000114,3357.0,15.0,136,0.3562605377331074,0,38.74202729754883,-9.16759551375036,0.8660254037844387,-0.49999999999999983,45.0,12,0,13.0,0.0,18750.0,10.742789242882148,367.6923076923077,1184.076923076923,13.23076923076923,60.69230769230769,109.46153846153847,49.76923076923077,70.76923076923077,3.692307692307701,258.2307692307692,1.1538461538461537,1442.3076923076924
34918,1,1,2,1,27528.0,5937.0,566.0,503.0,741.0,1574.0,1041.0,628.0,403.0,193.0,594,0.1831354600282304,0,38.72307139149672,-9.190820340421071,1.249000902703301e-16,-1.0,68.0,12,0,8.0,2.0,6340.0,10.724478104555958,3441.0,742.125,70.75,62.875,92.625,196.75,130.125,78.5,50.375,24.125,792.5
34931,5,2,1,8,30919.0,5594.0,1432.0,1441.0,1744.0,1869.0,632.0,1034.0,490.99999999999994,35.0,246,0.293972913232209,0,38.754640056354674,-9.16275559776174,0.9659258262890684,-0.25881904510252063,81.0,12,1,18.0,7.0,6085.0,10.84499758754313,1717.7222222222222,310.77777777777777,79.55555555555556,80.05555555555556,96.88888888888889,103.83333333333333,35.111111111111114,57.44444444444444,27.277777777777775,1.9444444444444444,338.05555555555554
35008,0,1,0,2,46302.0,4386.0,825.0,960.0,1064.0,1261.0,2125.0,287.0,259.0,363.0,344,0.2743941270446677,0,38.76004370031632,-9.1460197734877,0.25881904510252096,-0.9659258262890682,34.0,12,0,11.0,1.0,4645.0,11.04256977375795,4209.272727272727,398.72727272727275,75.0,87.27272727272727,96.72727272727273,114.63636363636364,193.1818181818182,26.09090909090909,23.545454545454547,33.0,422.27272727272725
35044,1,1,0,3,11421.0,4157.0,649.6,959.0,1520.0,2646.0,1307.0,979.0,458.99999999999994,564.0,292,0.2663675226958862,0,38.77339377013847,-9.18188850121312,0.9659258262890684,-0.25881904510252063,66.0,12,1,9.0,2.0,4616.0,10.284612152724462,1269.0,461.8888888888889,72.17777777777778,106.55555555555556,168.88888888888889,294.0,145.22222222222223,108.77777777777777,50.99999999999999,62.666666666666664,512.8888888888889
35113,1,1,0,2,17690.0,4529.0,670.0,441.0,2533.0,2234.0,1835.0,451.00000000000006,422.00000000000006,138.0,347,0.2710218097903669,0,38.70840663435992,-9.171464625993304,0.9659258262890684,-0.25881904510252063,43.0,12,1,14.0,2.0,4951.0,10.488353289010583,1263.5714285714287,323.5,47.857142857142854,31.5,180.92857142857142,159.57142857142858,131.07142857142858,32.214285714285715,30.142857142857146,9.857142857142858,353.64285714285717
35140,0,1,1,3,1418.0,1506.0,1824.0,180.99999999999994,424.0,5.0,111.99999999999989,740.0,2056.0,259.0,65,0.1320086662686491,0,38.767322806661575,-9.17418450132693,-0.4999999999999998,-0.8660254037844388,35.0,12,0,10.0,1.0,3562.0,9.399968503952575,141.8,150.6,182.4,18.099999999999994,42.4,0.5,11.199999999999989,74.0,205.6,25.9,356.2
35146,3,2,0,2,38168.0,4193.0,749.0,847.0,1581.0,2473.0,1555.0,377.0,338.0,39.0,155,0.2718073666048728,0,38.7255954691934,-9.191925440024802,0.8660254037844387,-0.49999999999999983,59.0,12,0,16.0,5.0,4531.0,10.912393928119744,2385.5,262.0625,46.8125,52.9375,98.8125,154.5625,97.1875,23.5625,21.125,2.4375,283.1875
35157,2,0,0,3,4303.000000000004,905.0,2255.0,525.0,25.0,190.0,165.0,1521.0,2128.0,513.0,131,0.11405235769128988,0,38.732303915332814,-9.141263542083934,0.9659258262890684,-0.25881904510252063,48.0,12,1,12.0,2.0,3033.0,9.652715834104445,358.58333333333366,75.41666666666667,187.91666666666666,43.75,2.0833333333333335,15.833333333333334,13.75,126.75,177.33333333333334,42.75,252.75
35178,0,0,0,1,1414.0000000000036,13487.0,269.0,1357.0,1153.0,674.0,298.0,60.999999999999886,2152.0,399.0,156,0.3458025774697257,0,38.77134727968568,-9.193226790154808,-0.7071067811865472,-0.7071067811865479,45.0,12,0,10.0,0.0,15639.0,10.516075225237657,141.40000000000038,1348.7,26.9,135.7,115.3,67.4,29.8,6.099999999999989,215.2,39.9,1563.9
35290,7,1,2,1,5122.0,4789.0,1288.0,732.0,1034.0,1801.0,2681.0,625.0,395.0,427.0,392,0.2478801238209668,0,38.71948634259034,-9.144199603824363,0.8660254037844387,-0.49999999999999983,68.0,12,0,5.0,8.0,5184.0,10.089095370321234,1024.4,957.8,257.6,146.4,206.8,360.2,536.2,125.0,79.0,85.4,1036.8
35297,3,0,0,5,25496.0,4735.0,930.0,932.0,2452.0,1264.0,711.0,627.0,369.0,275.0,254,0.4088600980490476,0,38.722097638541115,-9.166513382395216,0.25881904510252096,-0.9659258262890682,40.0,12,1,8.0,3.0,5104.0,10.66653386047574,3187.0,591.875,116.25,116.5,306.5,158.0,88.875,78.375,46.125,34.375,638.0
35298,0,1,0,2,6441.0,9508.0,137.79999999999995,636.0,635.0,893.0,820.0,347.0,3255.0,482.0,90,0.2866763599741728,0,38.747726791132955,-9.187923844902445,-1.0,-1.6653345369377348e-16,58.0,12,0,10.0,1.0,12763.0,10.489016114285707,644.1,950.8,13.779999999999996,63.6,63.5,89.3,82.0,34.7,325.5,48.2,1276.3
35383,1,2,1,4,39727.0,663.0,214.0,623.0,618.0,1119.0,1410.0,383.0,1325.0,298.0,64,0.4495918012720108,0,38.74953930898559,-9.155799307284854,-0.4999999999999998,-0.8660254037844388,42.0,12,0,14.0,3.0,1988.0,10.786614391631849,2837.6428571428573,47.357142857142854,15.285714285714286,44.5,44.142857142857146,79.92857142857143,100.71428571428571,27.357142857142858,94.64285714285714,21.285714285714285,142.0
35390,1,0,0,4,29084.0,5009.0,51.0,341.0,1467.0,1460.0,1463.0,1089.0,373.0,105.0,499,0.1871721163635884,0,38.7234132991893,-9.177367089497046,0.25881904510252096,-0.9659258262890682,64.0,12,1,6.0,1.0,5382.0,10.732585072707906,4847.333333333333,834.8333333333334,8.5,56.833333333333336,244.5,243.33333333333334,243.83333333333334,181.5,62.166666666666664,17.5,897.0
35395,2,0,2,5,14824.999999999998,4130.0,290.0,748.0,685.0,996.0,362.0,891.0,1962.0,485.0,287,0.1857028284251187,0,38.738322717128945,-9.13325434853284,-0.7071067811865472,-0.7071067811865479,50.0,12,1,18.0,2.0,6092.0,10.356694656629713,823.611111111111,229.44444444444446,16.11111111111111,41.55555555555556,38.05555555555556,55.333333333333336,20.11111111111111,49.5,109.0,26.944444444444443,338.44444444444446
35419,0,0,1,2,48108.0,7827.0,524.0,208.0,139.0,814.0,1166.0,154.9999999999999,905.0,100.0,81,0.5616369272932891,0,38.75872163707752,-9.119917024120715,-0.7071067811865477,0.7071067811865471,48.0,12,1,15.0,0.0,8732.0,11.137198754625853,3207.2,521.8,34.93333333333333,13.866666666666667,9.266666666666667,54.266666666666666,77.73333333333333,10.333333333333325,60.333333333333336,6.666666666666667,582.1333333333333
35424,0,0,1,2,11127.0,476.0,40.0,1199.0,1027.0,517.0,637.0,265.0,1251.0,773.0,113,0.3264510524207703,0,38.73260645786279,-9.1431400835449,0.8660254037844387,-0.49999999999999983,71.0,12,0,12.0,0.0,1727.0,9.854297308345357,927.25,39.666666666666664,3.3333333333333335,99.91666666666667,85.58333333333333,43.083333333333336,53.083333333333336,22.083333333333332,104.25,64.41666666666667,143.91666666666666
35451,3,3,1,4,51339.0,2994.0000000000005,77.00000000000011,1231.0,2629.0,2277.0,819.0,969.0,463.0,453.0,190,0.0591867996936527,0,38.71928642715847,-9.163959808317232,0.49999999999999994,-0.8660254037844387,36.0,12,1,15.0,6.0,3457.0000000000005,11.108095155334873,3422.6,199.60000000000002,5.133333333333341,82.06666666666666,175.26666666666668,151.8,54.6,64.6,30.866666666666667,30.2,230.4666666666667
35468,2,5,2,6,51637.0,4845.0,988.0,457.0,1114.0,1571.0,1868.0,1335.0,387.0,620.0,450,0.193091120166665,0,38.785855991100895,-9.182721193553872,1.249000902703301e-16,-1.0,49.0,12,1,13.0,7.0,5232.0,11.157035926805332,3972.076923076923,372.6923076923077,76.0,35.15384615384615,85.6923076923077,120.84615384615384,143.69230769230768,102.6923076923077,29.76923076923077,47.69230769230769,402.46153846153845
35490,2,1,1,2,39817.0,4052.0,411.0,582.0,410.0,626.0,386.0,2952.0,285.0,339.0,195,0.2811884779915146,0,38.77519907027443,-9.196396712412362,0.8660254037844387,-0.49999999999999983,59.0,12,1,14.0,3.0,4337.0,10.9003992863779,2844.0714285714284,289.42857142857144,29.357142857142858,41.57142857142857,29.285714285714285,44.714285714285715,27.571428571428573,210.85714285714286,20.357142857142858,24.214285714285715,309.7857142857143
35512,1,1,1,5,15155.999999999998,92.99999999999909,1430.0,340.0,351.0,80.0,65.0,1182.0,1734.0,715.0,173,0.2212078061783015,0,38.75239282419835,-9.14479712375939,0.25881904510252096,-0.9659258262890682,41.0,12,0,10.0,2.0,1826.999999999999,10.04211842070535,1515.6,9.299999999999908,143.0,34.0,35.1,8.0,6.5,118.2,173.4,71.5,182.6999999999999
35583,1,0,1,1,45521.0,18085.0,470.0,190.0,724.0,1134.0,998.0,1281.0,1531.0,84.0,419,0.5930747130281024,0,38.737591140446064,-9.144977311439597,0.7071067811865476,-0.7071067811865475,31.0,12,1,9.0,1.0,19616.0,11.403501147688939,5057.888888888889,2009.4444444444443,52.22222222222222,21.11111111111111,80.44444444444444,126.0,110.88888888888889,142.33333333333334,170.11111111111111,9.333333333333334,2179.5555555555557
35599,0,0,1,1,8716.0,1875.0,96.0,367.0,1152.0,819.0,290.0,84.0,3477.0,338.0,188,0.5192649921159254,0,38.737231351417655,-9.163063083098336,0.8660254037844387,-0.49999999999999983,54.0,12,1,11.0,0.0,5352.0,10.02424394117191,792.3636363636364,170.45454545454547,8.727272727272727,33.36363636363637,104.72727272727273,74.45454545454545,26.363636363636363,7.636363636363637,316.09090909090907,30.727272727272727,486.54545454545456
35614,2,0,1,1,10261.0,19663.0,34.0,466.0,2287.0,1240.0,1026.0,34.0,1383.0,81.0,6,0.1578451151036997,0,38.73770656166404,-9.181286422322652,-0.8660254037844386,0.5000000000000001,51.0,12,0,8.0,2.0,21046.0,10.959922762305052,1282.625,2457.875,4.25,58.25,285.875,155.0,128.25,4.25,172.875,10.125,2630.75
35633,3,3,2,2,14347.0,4246.0,772.0,713.0,1260.0,1808.0,1595.0,522.0,297.0,931.0,305,0.2480125926922606,0,38.743239130550485,-9.127512494605202,0.7071067811865476,-0.7071067811865475,49.0,12,0,11.0,6.0,4543.0,10.342870878847753,1304.2727272727273,386.0,70.18181818181819,64.81818181818181,114.54545454545455,164.36363636363637,145.0,47.45454545454545,27.0,84.63636363636364,413.0
35667,0,1,0,3,46879.0,3432.0,386.0,782.0,348.0,763.0,1074.0,1624.0,2045.0,303.0,183,0.7107743391425356,0,38.77651940402031,-9.129792646069388,-0.4999999999999998,-0.8660254037844388,32.0,12,0,14.0,1.0,5477.0,11.052697893967329,3348.5,245.14285714285714,27.571428571428573,55.857142857142854,24.857142857142858,54.5,76.71428571428571,116.0,146.07142857142858,21.642857142857142,391.2142857142857
35724,0,0,0,2,9453.0,890.0,92.0,138.0,2801.0,291.0,372.0,600.0,1371.0,185.0,51,0.7190916645205363,0,38.74934143073589,-9.16251089712703,-0.8660254037844386,0.5000000000000001,25.0,12,0,7.7999999999999545,0.0,2261.0,9.8230906154641,1211.923076923084,114.10256410256477,11.794871794871863,17.692307692307796,359.1025641025662,37.30769230769253,47.69230769230797,76.92307692307737,175.7692307692318,23.717948717948858,289.87179487179657
35728,1,1,1,8,30746.0,3746.0,1920.0,272.00000000000006,590.0,22.0,12.0,1259.0,2087.0,432.0,135,0.010156219474691697,0,38.71317440496576,-9.155003488486614,-0.9659258262890683,-0.25881904510252063,50.0,12,0,10.0,2.0,5833.0,10.756199302767412,3074.6,374.6,192.0,27.200000000000006,59.0,2.2,1.2,125.9,208.7,43.2,583.3
35936,1,1,2,3,58487.0,5718.0,340.0,1167.0,328.0,1121.0,991.0,619.0,191.0,433.0,419,0.8531711386413143,0,38.75973228797275,-9.177409161195383,0.49999999999999994,-0.8660254037844387,58.0,12,1,14.0,2.0,5909.0,11.229301812645948,4177.642857142857,408.42857142857144,24.285714285714285,83.35714285714286,23.428571428571427,80.07142857142857,70.78571428571429,44.214285714285715,13.642857142857142,30.928571428571427,422.07142857142856
35958,5,6,2,6,22706.0,5407.0,705.0,1016.0,2749.0,1522.0,1621.0,1311.0,460.0,86.0,377,0.149496613665626,0,38.742819512987126,-9.1464509361173,0.7071067811865476,-0.7071067811865475,28.999999999999996,12,0,2.0,11.0,5867.0,10.679389145388422,11353.0,2703.5,352.5,508.0,1374.5,761.0,810.5,655.5,230.0,43.0,2933.5
35975,1,1,0,2,6946.0,844.0,1892.0,677.0,167.9999999999999,116.0,261.9999999999999,2506.0,135.0,943.0,119,0.09120095872288231,0,38.73843475154978,-9.189489540908951,0.8660254037844387,-0.49999999999999983,57.0,12,1,7.0,2.0,979.0,9.646593300236665,992.2857142857143,120.57142857142857,270.2857142857143,96.71428571428571,23.999999999999982,16.571428571428573,37.42857142857141,358.0,19.285714285714285,134.71428571428572,139.85714285714286
35987,3,1,1,5,54574.0,5102.0,320.00000000000006,391.0,731.0,821.0,1508.0,1009.0,335.0,351.0,430,0.3968452084650528,0,38.76065416552335,-9.136086159807412,0.8660254037844387,-0.49999999999999983,38.0,12,1,6.0,4.0,5437.0,11.164502097229262,9095.666666666666,850.3333333333334,53.33333333333334,65.16666666666667,121.83333333333333,136.83333333333334,251.33333333333334,168.16666666666666,55.833333333333336,58.5,906.1666666666666
36002,0,1,0,4,51065.0,5187.0,343.0,941.0,1210.0,1212.0,1298.0,2323.0,250.0,258.0,315,0.008184088935323575,0,38.72733397208155,-9.160846591520428,0.8660254037844387,-0.49999999999999983,39.0,12,0,15.0,1.0,5437.0,11.149441679102166,3404.3333333333335,345.8,22.866666666666667,62.733333333333334,80.66666666666667,80.8,86.53333333333333,154.86666666666667,16.666666666666668,17.2,362.46666666666664
36016,6,1,0,2,33971.0,4411.0,538.0,802.0,1206.0,2312.0,492.0,1302.0,257.0,628.0,316,0.3580473983845804,0,38.7151848489101,-9.148362805749066,1.249000902703301e-16,-1.0,51.0,12,0,17.0,7.0,4668.0,10.831469672999868,1998.2941176470588,259.47058823529414,31.647058823529413,47.1764705882353,70.94117647058823,136.0,28.941176470588236,76.58823529411765,15.117647058823529,36.94117647058823,274.5882352941176
36034,0,2,1,2,21963.0,4754.0,1187.0,558.0,1881.0,2606.0,1601.0,1569.0,334.0,366.0,300,0.1716900121007373,0,38.77095324471335,-9.122461937584486,0.49999999999999994,-0.8660254037844387,34.0,12,0,7.0,2.0,5088.0,10.643232018472856,3137.5714285714284,679.1428571428571,169.57142857142858,79.71428571428571,268.7142857142857,372.2857142857143,228.71428571428572,224.14285714285714,47.714285714285715,52.285714285714285,726.8571428571429
36067,4,1,1,5,18866.0,5256.0,869.0,2015.0,287.9999999999999,1530.0,1209.0,1279.0,384.0,498.0,379,0.2980663981596988,0,38.715607412308366,-9.12210651899762,0.7071067811865476,-0.7071067811865475,61.0,12,0,8.0,5.0,5640.0,10.540989879128622,2358.25,657.0,108.625,251.875,35.999999999999986,191.25,151.125,159.875,48.0,62.25,705.0
36205,0,3,0,1,16597.0,4686.0,1201.0,702.0,1285.0,1569.0,1673.0,767.0,380.0,454.0,534,0.1288332115027148,0,38.77820266799264,-9.144648889350838,0.49999999999999994,-0.8660254037844387,40.0,12,1,9.0,3.0,5066.0,10.445259365192133,1844.111111111111,520.6666666666666,133.44444444444446,78.0,142.77777777777777,174.33333333333334,185.88888888888889,85.22222222222223,42.22222222222222,50.44444444444444,562.8888888888889
36246,0,2,0,1,10219.0,264.9999999999991,214.0,418.0,1311.0,1223.0,272.0000000000001,553.0,2805.9999999999995,551.0,173,0.1218277674545786,0,38.735045825421025,-9.1853266973261,-0.7071067811865472,-0.7071067811865479,64.0,12,1,6.0,2.0,3070.9999999999986,9.947695807200448,1703.1666666666667,44.166666666666515,35.666666666666664,69.66666666666667,218.5,203.83333333333334,45.33333333333335,92.16666666666667,467.6666666666666,91.83333333333333,511.8333333333331
36271,1,0,0,1,36058.0,6281.0,524.0,860.0,346.0,557.0,524.0,400.0,893.0,455.0,276,0.09814773049280401,0,38.71751824088093,-9.129801057340348,0.49999999999999994,-0.8660254037844387,86.0,12,0,5.0,1.0,7174.0,10.89809026446922,7211.6,1256.2,104.8,172.0,69.2,111.4,104.8,80.0,178.6,91.0,1434.8
36315,1,1,1,4,2718.0000000000036,639.0,130.0,252.0,156.9999999999999,615.0,253.0000000000001,332.0,1830.0,642.0,9,0.8755550505918883,0,38.725697509915,-9.13957823433138,-0.7071067811865472,-0.7071067811865479,77.0,12,1,19.0,2.0,2469.0,9.214133170214879,143.05263157894757,33.63157894736842,6.842105263157895,13.263157894736842,8.263157894736835,32.36842105263158,13.315789473684216,17.473684210526315,96.3157894736842,33.78947368421053,129.94736842105263
36317,1,3,0,2,17306.0,4645.0,625.0,1597.0,1311.0,1194.0,1763.0,473.0,415.00000000000006,430.0,386,0.183189166558588,0,38.729229175973465,-9.16644456174356,0.25881904510252096,-0.9659258262890682,31.0,12,1,3.0,4.0,5060.0,10.45794721332218,5768.666666666667,1548.3333333333333,208.33333333333334,532.3333333333334,437.0,398.0,587.6666666666666,157.66666666666666,138.33333333333334,143.33333333333334,1686.6666666666667
36331,0,0,1,2,4679.0,7772.0,96.0,634.0,1123.0,804.0,162.9999999999999,340.0,3278.0,163.0,55,0.2967096245691724,0,38.724642505313106,-9.202579605901107,1.249000902703301e-16,-1.0,51.0,12,0,9.0,0.0,11050.0,10.31238011354455,519.8888888888889,863.5555555555555,10.666666666666666,70.44444444444444,124.77777777777777,89.33333333333333,18.1111111111111,37.77777777777778,364.22222222222223,18.11111111111111,1227.7777777777778
36344,0,1,1,1,67239.0,1251.0,454.0,173.0,1069.0,787.0,935.0,933.0,575.0,365.0,171,0.8336413298839862,0,38.76942773859522,-9.147363490209347,-0.9659258262890683,-0.25881904510252063,77.0,12,1,5.0,1.0,1826.0,11.233317376674892,13447.8,250.2,90.8,34.6,213.8,157.4,187.0,186.6,115.0,73.0,365.2
36386,2,1,0,1,23946.0,76.0,896.0,253.00000000000006,67.0,842.0,368.0,769.0,1947.0,500.0,144,0.1393167925507118,0,38.748997019625016,-9.140729530923783,1.0,5.551115123125783e-17,48.0,12,0,15.0,3.0,2023.0,10.363693339301753,1596.4,5.066666666666666,59.733333333333334,16.86666666666667,4.466666666666667,56.13333333333333,24.533333333333335,51.266666666666666,129.8,33.333333333333336,134.86666666666667
36444,0,0,0,2,94939.0,15374.0,233.0,363.0,170.0,728.0,906.0,523.0,467.0,330.0,13,0.3457378999431442,0,38.74788132918587,-9.149782996730838,-0.8660254037844384,-0.5000000000000004,38.0,12,0,13.0,0.0,15841.0,11.774327728401529,7303.0,1182.6153846153845,17.923076923076923,27.923076923076923,13.076923076923077,56.0,69.6923076923077,40.23076923076923,35.92307692307692,25.384615384615383,1218.5384615384614
36456,1,0,2,3,8344.0,461.0,32.0,447.0,988.0,939.0,1262.0,3005.0,368.0,517.0,255,0.3368941193493257,0,38.776534446703586,-9.139965408670156,0.8660254037844387,-0.49999999999999983,64.0,12,1,8.0,1.0,829.0,9.752257603219848,1043.0,57.625,4.0,55.875,123.5,117.375,157.75,375.625,46.0,64.625,103.625
36525,1,1,1,7,14852.000000000002,2363.0,1067.0,649.0,779.0,239.0,1107.0,504.0,107.00000000000011,869.0,202,0.7179594617968956,0,38.74684179083122,-9.11937034067073,0.49999999999999994,-0.8660254037844387,59.0,12,0,6.0,2.0,2470.0,10.126911064657653,2475.3333333333335,393.8333333333333,177.83333333333334,108.16666666666667,129.83333333333334,39.833333333333336,184.5,84.0,17.833333333333353,144.83333333333334,411.6666666666667
36536,2,0,1,3,84376.0,661.0,225.99999999999994,620.0,779.0,942.0,516.0,1490.0,354.0,386.0,251,0.3015408339021876,0,38.72326241238796,-9.187250059958853,0.7071067811865476,-0.7071067811865475,47.0,12,0,11.0,2.0,1015.0,11.422628696989069,7670.545454545455,60.09090909090909,20.54545454545454,56.36363636363637,70.81818181818181,85.63636363636364,46.90909090909091,135.45454545454547,32.18181818181818,35.09090909090909,92.27272727272727
36642,3,2,6,7,24092.0,3415.0,1710.0,960.0,596.0,2480.0,608.0,1169.0,421.0,498.0,267,0.2000174417260246,0,38.75712930724772,-9.16992213530992,0.9659258262890684,-0.25881904510252063,52.0,12,0,15.0,5.0,3836.0,10.591270370596922,1606.1333333333334,227.66666666666666,114.0,64.0,39.733333333333334,165.33333333333334,40.53333333333333,77.93333333333334,28.066666666666666,33.2,255.73333333333332
36654,0,0,2,1,2393.0,15430.0,242.0,709.0,1618.0,1123.0,1147.0,243.0,3936.0,190.0,182,0.5074694578472216,0,38.76229432828894,-9.186389988530596,-0.2588190451025208,-0.9659258262890683,48.0,12,1,5.0,0.0,19366.0,10.745011633837091,478.6,3086.0,48.4,141.8,323.6,224.6,229.4,48.6,787.2,38.0,3873.2
36668,2,3,3,3,60012.0,48.0,592.0,236.0,573.0,1423.0,1062.0,772.0,42.0,298.0,187,0.1140258782262262,0,38.72949767478046,-9.137477429151948,-0.9659258262890683,-0.25881904510252063,81.0,12,0,20.0,5.0,90.0,11.084432233241024,3000.6,2.4,29.6,11.8,28.65,71.15,53.1,38.6,2.1,14.9,4.5
36681,3,3,3,1,14217.0,5414.0,799.0,1141.0,2410.0,695.0,1745.0,797.0,344.0,514.0,213,0.20346504767834708,0,38.73474757667736,-9.167870516605218,1.0,5.551115123125783e-17,68.0,12,1,16.0,6.0,5758.0,10.429251048666325,888.5625,338.375,49.9375,71.3125,150.625,43.4375,109.0625,49.8125,21.5,32.125,359.875
36703,1,2,0,2,17404.0,4667.0,875.0,996.0,2702.0,1314.0,1819.0,486.0,383.0,546.0,312,0.0027205296767692233,0,38.75921023556956,-9.142409936735335,0.7071067811865476,-0.7071067811865475,38.0,12,1,13.0,3.0,5050.0,10.498001538187674,1338.7692307692307,359.0,67.3076923076923,76.61538461538461,207.84615384615384,101.07692307692308,139.92307692307693,37.38461538461539,29.46153846153846,42.0,388.46153846153845
36705,1,1,1,5,4884.0,601.0,694.0,153.0,207.0000000000001,773.0,371.0,215.0,2048.0,87.0,52,0.930648273837269,0,38.774708354924734,-9.18006029084709,-0.7071067811865472,-0.7071067811865479,85.0,12,0,12.0,2.0,2649.0,9.448017793067429,407.0,50.083333333333336,57.833333333333336,12.75,17.25000000000001,64.41666666666667,30.916666666666668,17.916666666666668,170.66666666666666,7.25,220.75
36773,0,0,1,1,52019.0,24921.0,267.0,542.0,880.0,638.0,1444.0,423.0,337.0,193.0,47,0.990676776695701,0,38.713241726630024,-9.182969389283135,0.8660254037844387,-0.49999999999999983,31.0,12,1,14.0,0.0,25258.0,11.579864228220618,3715.6428571428573,1780.0714285714287,19.071428571428573,38.714285714285715,62.857142857142854,45.57142857142857,103.14285714285714,30.214285714285715,24.071428571428573,13.785714285714286,1804.142857142857
36850,0,1,0,2,214.0,4713.0,861.0,170.0,1238.0,1166.0,1308.0,805.0,393.0,258.0,501,0.3540536543889743,0,38.7197092160863,-9.123326915396795,0.25881904510252096,-0.9659258262890682,39.0,12,1,13.0,1.0,5106.0,9.694801486310846,16.46153846153846,362.53846153846155,66.23076923076923,13.076923076923077,95.23076923076923,89.6923076923077,100.61538461538461,61.92307692307692,30.23076923076923,19.846153846153847,392.7692307692308
36858,1,2,1,1,29945.0,1378.0,510.0,405.0,234.0000000000001,841.0,852.0,723.0,1744.0,409.0,57,0.09231160335121708,0,38.73353307401775,-9.143456462428263,1.0,5.551115123125783e-17,26.0,12,0,9.799999999999955,3.0,3122.0,10.600726350999327,3055.612244897973,140.61224489795984,52.04081632653085,41.32653061224509,23.877551020408287,85.81632653061264,86.93877551020448,73.77551020408197,177.95918367347022,41.734693877551216,318.57142857143003
36890,1,0,2,4,66626.0,4167.0,318.0,505.0,652.0,790.0,934.0,197.0,288.0,336.0,327,0.4102950038470278,0,38.70940929875762,-9.128248981905152,-1.0,-1.6653345369377348e-16,75.0,12,1,14.0,1.0,4455.0,11.280602410638725,4759.0,297.64285714285717,22.714285714285715,36.07142857142857,46.57142857142857,56.42857142857143,66.71428571428571,14.071428571428571,20.571428571428573,24.0,318.2142857142857
36948,1,0,2,4,29971.0,370.0,48.0,312.0,457.0,808.0,749.0,807.0,1152.0,914.0,283,0.7537633669829555,0,38.77744448320938,-9.171452288186634,-0.9659258262890683,-0.25881904510252063,78.0,12,0,9.0,1.0,1522.0,10.52166870060616,3330.1111111111113,41.111111111111114,5.333333333333333,34.666666666666664,50.77777777777778,89.77777777777777,83.22222222222223,89.66666666666667,128.0,101.55555555555556,169.11111111111111
36967,0,0,0,4,17860.0,1569.0,440.0,682.0,641.0,1413.0,1549.0,2635.0,394.0,305.0,295,0.638745644490849,0,38.74332942751199,-9.188830323214331,-0.4999999999999998,-0.8660254037844388,69.0,12,0,15.0,0.0,1963.0,10.290517098488607,1190.6666666666667,104.6,29.333333333333332,45.46666666666667,42.733333333333334,94.2,103.26666666666667,175.66666666666666,26.266666666666666,20.333333333333332,130.86666666666667
36977,1,1,0,2,53282.0,13842.0,559.0,622.0,1107.0,721.0,717.0,260.0,603.0,260.0,4,0.715142465849445,0,38.75473501264106,-9.137335983157202,0.49999999999999994,-0.8660254037844387,67.0,12,0,17.0,2.0,14445.0,11.366962838023465,3134.235294117647,814.2352941176471,32.88235294117647,36.588235294117645,65.11764705882354,42.411764705882355,42.1764705882353,15.294117647058824,35.470588235294116,15.294117647058824,849.7058823529412
36996,2,0,1,1,24013.0,7321.0,680.0,1257.0,2458.0,1133.0,1497.0,825.0,313.0,558.0,345,0.2102876866340508,0,38.71010828898405,-9.12288687500643,0.9659258262890684,-0.25881904510252063,68.0,12,1,15.0,2.0,7634.0,10.77247701129227,1600.8666666666666,488.06666666666666,45.333333333333336,83.8,163.86666666666667,75.53333333333333,99.8,55.0,20.866666666666667,37.2,508.93333333333334
37008,3,2,0,7,27364.0,4182.0,796.0,895.0,2527.0,1164.0,882.0,126.0,387.0,79.0,409,0.17155852759068066,0,38.73440475388433,-9.158539419461528,0.49999999999999994,-0.8660254037844387,81.0,12,0,16.0,5.0,4569.0,10.668304019786433,1710.25,261.375,49.75,55.9375,157.9375,72.75,55.125,7.875,24.1875,4.9375,285.5625
37043,2,2,0,5,20676.0,7004.0,1259.0,1455.0,1866.0,1128.0,766.0,908.0,464.0,599.0,376,0.3621109029093926,0,38.77297390917221,-9.173568020777203,0.7071067811865476,-0.7071067811865475,57.0,12,1,11.0,4.0,7468.0,10.682674805188459,1879.6363636363637,636.7272727272727,114.45454545454545,132.27272727272728,169.63636363636363,102.54545454545455,69.63636363636364,82.54545454545455,42.18181818181818,54.45454545454545,678.9090909090909
37116,2,1,0,5,31838.0,4838.0,903.0,772.0,2939.0,1223.0,1225.0,538.0,413.00000000000006,439.0,86,0.2390401240581903,0,38.749491078910246,-9.179452686907826,0.49999999999999994,-0.8660254037844387,39.0,12,1,19.0,3.0,5251.0,10.827349549906602,1675.6842105263158,254.6315789473684,47.526315789473685,40.63157894736842,154.68421052631578,64.36842105263158,64.47368421052632,28.31578947368421,21.73684210526316,23.105263157894736,276.36842105263156
37282,0,0,1,5,12217.0,2043.0,1469.0,391.0,291.0,84.0,34.0,2064.0,100.00000000000011,923.0,105,0.1346174036619241,0,38.74911684469497,-9.177979774573531,-0.4999999999999998,-0.8660254037844388,40.0,12,1,10.0,0.0,2143.0,9.987828700969878,1221.7,204.3,146.9,39.1,29.1,8.4,3.4,206.4,10.00000000000001,92.3,214.3
37338,1,1,0,5,4297.0,90.0,567.0,149.0,89.0,1035.0,517.0,78.00000000000011,2097.0,251.0,20,0.8871312917563838,0,38.7110499035518,-9.11918823438618,-0.26821627548042154,-0.7610365985079728,26.0,12,1,7.0,2.0,2187.0,9.337677620437377,613.8571428571429,12.857142857142858,81.0,21.285714285714285,12.714285714285714,147.85714285714286,73.85714285714286,11.142857142857158,299.57142857142856,35.857142857142854,312.42857142857144
37352,0,1,3,4,57991.0,5212.0,465.0,586.0,439.0,1093.0,560.0,196.0,275.0,323.0,254,0.3659117052815226,0,38.76186138476283,-9.152521736100065,0.7071067811865476,-0.7071067811865475,25.0,12,0,9.400000000000091,1.0,5487.0,11.193105801390558,6169.255319148877,554.4680851063777,49.4680851063825,62.34042553191429,46.70212765957402,116.27659574467972,59.574468085105806,20.851063829787034,29.255319148935886,34.36170212765924,583.7234042553135
37366,4,4,0,5,46822.0,6431.0,859.0,1130.0,2409.0,1266.0,1196.0,271.0,230.0,202.0,169,0.19434204502702213,0,38.76342868183483,-9.192277327319852,0.25881904510252096,-0.9659258262890682,62.0,12,1,14.0,8.0,6661.0,11.119556897809296,3344.4285714285716,459.35714285714283,61.357142857142854,80.71428571428571,172.07142857142858,90.42857142857143,85.42857142857143,19.357142857142858,16.428571428571427,14.428571428571429,475.7857142857143
37447,2,0,2,4,8691.0,1795.0,201.0,114.0,582.0,504.0,880.0,325.0,1932.0,168.0,20,0.5936855976809815,0,38.74801321512248,-9.15622130759207,1.249000902703301e-16,-1.0,28.0,12,0,1.0,2.0,3727.0,9.847974842605868,8691.0,1795.0,201.0,114.0,582.0,504.0,880.0,325.0,1932.0,168.0,3727.0
37484,0,3,0,1,27478.0,7382.0,546.0,1158.0,2377.0,1704.0,2101.0,785.0,465.99999999999994,659.2,247,0.1803119834612365,0,38.74140726316962,-9.163598347369868,0.7071067811865476,-0.7071067811865475,40.0,12,1,17.0,3.0,7848.0,10.868667491293872,1616.3529411764705,434.2352941176471,32.11764705882353,68.11764705882354,139.8235294117647,100.23529411764706,123.58823529411765,46.1764705882353,27.411764705882348,38.7764705882353,461.6470588235294
37514,0,0,2,5,22980.0,67.00000000000091,245.0,783.0,623.0,952.8,543.0,2477.0,1713.0,235.0,281,0.304867487226827,0,38.762569148501235,-9.186521199046812,-0.7071067811865477,0.7071067811865471,80.0,12,0,19.0,0.0,1780.000000000001,10.385907528921862,1209.4736842105262,3.526315789473732,12.894736842105264,41.21052631578947,32.78947368421053,50.147368421052626,28.57894736842105,130.3684210526316,90.15789473684211,12.368421052631579,93.68421052631584
37557,0,0,0,1,54154.0,8557.0,445.0,171.0,94.0,330.0,1318.0,389.0,640.0,535.0,413,0.09320289050142577,0,38.778696107246944,-9.141187343770508,-0.4999999999999998,-0.8660254037844388,48.0,12,1,7.0,0.0,9197.0,11.23626245900088,7736.285714285715,1222.4285714285713,63.57142857142857,24.428571428571427,13.428571428571429,47.142857142857146,188.28571428571428,55.57142857142857,91.42857142857143,76.42857142857143,1313.857142857143
37589,1,0,1,4,9727.0,180.0,2418.0,295.0,262.0,75.0,52.0,931.0,1911.0,253.0,80,0.08884302749315509,0,38.75823907159545,-9.12126578644641,-0.4999999999999998,-0.8660254037844388,80.0,12,0,14.0,1.0,2091.0,9.808957068689894,694.7857142857143,12.857142857142858,172.71428571428572,21.071428571428573,18.714285714285715,5.357142857142857,3.7142857142857144,66.5,136.5,18.071428571428573,149.35714285714286
37613,3,0,1,1,8646.0,17226.6,341.99999999999994,634.0,1523.0,876.0,722.0,205.0,1666.0,126.0,46,0.2327702728617093,0,38.74695722239894,-9.184019950560412,-0.25881904510252157,0.9659258262890681,82.0,12,1,11.0,3.0,18892.6,10.836835971331729,786.0,1566.0545454545454,31.090909090909086,57.63636363636363,138.45454545454547,79.63636363636364,65.63636363636364,18.636363636363637,151.45454545454547,11.454545454545455,1717.5090909090907
37635,1,0,0,5,7819.0,3674.0,2077.0,622.0,224.0,213.0,89.0,2135.0,1780.0,202.0,141,0.3030340376226934,0,38.733320317984024,-9.184634688895144,0.25881904510252096,-0.9659258262890682,52.0,12,1,8.0,1.0,5454.0,10.097820021996219,977.375,459.25,259.625,77.75,28.0,26.625,11.125,266.875,222.5,25.25,681.75
37690,6,3,0,1,31737.0,3818.0,565.0,974.0,1257.0,1439.0,2106.0,1326.0,2334.0,642.0,103,0.2555227726765411,0,38.77197294591234,-9.187854403065623,0.49999999999999994,-0.8660254037844387,31.0,12,1,4.0,9.0,6152.0,10.86572631831299,7934.25,954.5,141.25,243.5,314.25,359.75,526.5,331.5,583.5,160.5,1538.0
37696,1,1,1,3,7406.0,1818.0,1142.0,1602.0,203.0,56.0,21.0,1417.0,178.0,604.0,192,0.14612049096591861,0,38.74209779837712,-9.154344959278273,-0.4999999999999998,-0.8660254037844388,36.0,12,0,10.0,2.0,1996.0,9.70771594801777,740.6,181.8,114.2,160.2,20.3,5.6,2.1,141.7,17.8,60.4,199.6
37698,1,0,1,4,72100.0,2944.0,418.0,863.0,566.0,1134.0,1007.0,764.0,478.0,583.0,345,1.0,0,38.76158684401282,-9.181733172390372,0.8660254037844387,-0.49999999999999983,63.0,12,1,18.0,1.0,3422.0,11.341899867918125,4005.5555555555557,163.55555555555554,23.22222222222222,47.94444444444444,31.444444444444443,63.0,55.94444444444444,42.44444444444444,26.555555555555557,32.388888888888886,190.11111111111111
37725,1,1,1,6,6597.999999999996,1364.0,40.0,488.0,614.0,270.0,404.0,659.0,1328.0,570.0,357,0.6896711873177597,0,38.7910461013252,-9.207583063171777,-0.5000000000000004,0.8660254037844385,48.0,12,0,7.0,2.0,2692.0,9.61767040669386,942.5714285714281,194.85714285714286,5.714285714285714,69.71428571428571,87.71428571428571,38.57142857142857,57.714285714285715,94.14285714285714,189.71428571428572,81.42857142857143,384.57142857142856
37845,1,1,2,3,60504.0,3537.0,370.0,1583.0,949.0,1272.0,1279.0,646.0,455.0,389.0,194,0.5548505228644838,0,38.73384822147188,-9.144964020880453,-0.4999999999999998,-0.8660254037844388,41.0,12,1,9.0,2.0,3992.0,11.224936678819944,6722.666666666667,393.0,41.111111111111114,175.88888888888889,105.44444444444444,141.33333333333334,142.11111111111111,71.77777777777777,50.55555555555556,43.22222222222222,443.55555555555554
37879,1,0,0,1,14687.0,5926.0,1319.0,203.00000000000006,106.0,938.0,1641.0,400.0,1013.0,458.0,261,0.09009886620978153,0,38.751581271394166,-9.138554678284812,0.9659258262890684,-0.25881904510252063,32.0,12,1,9.0,1.0,6939.0,10.423203539647567,1631.888888888889,658.4444444444445,146.55555555555554,22.55555555555556,11.777777777777779,104.22222222222223,182.33333333333334,44.44444444444444,112.55555555555556,50.888888888888886,771.0
37911,1,0,1,1,60724.0,1245.0,220.0,534.0,495.0,400.0,859.0,43.999999999999886,464.0,184.0,137,0.09643126439550093,0,38.75363792830922,-9.136005868874951,-0.9659258262890683,0.2588190451025203,71.0,12,0,13.0,1.0,1709.0,11.110640295493688,4671.076923076923,95.76923076923077,16.923076923076923,41.07692307692308,38.07692307692308,30.76923076923077,66.07692307692308,3.3846153846153757,35.69230769230769,14.153846153846153,131.46153846153845
37926,3,3,0,1,22810.0,4215.0,1435.0,1109.0,2399.0,1316.0,347.0,295.0,465.99999999999994,38.0,306,0.2015815849225695,0,38.72178602601609,-9.139004789763572,0.8660254037844387,-0.49999999999999983,32.0,12,1,5.0,6.0,4681.0,10.574184604258482,4562.0,843.0,287.0,221.8,479.8,263.2,69.4,59.0,93.19999999999999,7.6,936.2
37962,1,0,0,1,81769.0,4613.0,771.0,596.0,509.0,867.0,1392.0,1071.0,614.0,351.0,65,0.2849481441564048,0,38.73341482205187,-9.191583811716844,-0.8660254037844384,-0.5000000000000004,37.0,12,0,5.0,1.0,5227.0,11.490485563120636,16353.8,922.6,154.2,119.2,101.8,173.4,278.4,214.2,122.8,70.2,1045.4
37979,1,0,2,4,51852.0,2468.0000000000005,209.0,1266.0,1968.0,1174.0,950.0,1371.0,1574.0,696.0,277,0.4138151757545381,0,38.77649529724009,-9.162171665321194,0.8660254037844387,-0.49999999999999983,61.0,12,0,19.0,1.0,4042.0000000000005,11.120934175903928,2729.0526315789475,129.8947368421053,11.0,66.63157894736842,103.57894736842105,61.78947368421053,50.0,72.15789473684211,82.84210526315789,36.63157894736842,212.73684210526318
38127,0,1,1,4,4535.0,728.0,856.0,125.0,122.0,853.8000000000001,186.0,43.999999999999886,2017.0,491.0,2,0.7439988692665832,0,38.71557557915941,-9.1404571643233,-0.7071067811865472,-0.7071067811865479,79.0,12,1,5.0,1.0,2745.0,9.449656440289946,907.0,145.6,171.2,25.0,24.4,170.76000000000002,37.2,8.799999999999978,403.4,98.2,549.0
38137,2,1,0,1,21379.0,4746.0,1088.0,885.0,2051.0,1261.0,913.0,743.0,458.99999999999994,17.0,523,0.23030208914818479,0,38.76404156379165,-9.162144479228566,0.25881904510252096,-0.9659258262890682,30.0,12,0,11.0,3.0,5205.0,10.564834420546276,1943.5454545454545,431.45454545454544,98.9090909090909,80.45454545454545,186.45454545454547,114.63636363636364,83.0,67.54545454545455,41.72727272727272,1.5454545454545454,473.1818181818182
38143,4,4,0,4,27471.0,3845.0,587.0,1141.0,394.0,1307.0,1061.0,2097.0,431.00000000000006,366.0,530,0.1317985962806006,0,38.76180263355265,-9.1881294855892,0.7071067811865476,-0.7071067811865475,48.0,12,0,17.0,8.0,4276.0,10.668420367853441,1615.9411764705883,226.1764705882353,34.529411764705884,67.11764705882354,23.176470588235293,76.88235294117646,62.411764705882355,123.3529411764706,25.35294117647059,21.529411764705884,251.52941176470588
38145,1,1,0,3,5265.0,328.0,1440.0,498.0,193.0,64.0,188.0,2196.0,141.0,902.0,180,0.1593165857053991,0,38.742137288892614,-9.124712391892666,1.249000902703301e-16,-1.0,34.0,12,1,9.0,2.0,469.0,9.366061246972958,585.0,36.44444444444444,160.0,55.333333333333336,21.444444444444443,7.111111111111111,20.88888888888889,244.0,15.666666666666666,100.22222222222223,52.111111111111114
38181,8,1,1,4,27512.0,4893.0,350.0,382.0,2410.0,1665.0,1815.0,799.0,1360.0,804.0,203,0.1772518771941723,0,38.765584177879674,-9.133775524488373,0.8660254037844387,-0.49999999999999983,79.0,12,0,22.0,9.0,6253.0,10.784026746703134,1250.5454545454545,222.4090909090909,15.909090909090908,17.363636363636363,109.54545454545455,75.68181818181819,82.5,36.31818181818182,61.81818181818182,36.54545454545455,284.22727272727275
38215,3,1,0,6,55886.0,6767.0,470.0,1045.0,527.0,1027.0,1079.0,719.0,273.0,561.0,288,0.1028954075979518,0,38.7157249835483,-9.166312477828736,0.9659258262890684,-0.25881904510252063,37.0,12,1,17.0,4.0,7040.0,11.230496238799896,3287.4117647058824,398.05882352941177,27.647058823529413,61.470588235294116,31.0,60.411764705882355,63.470588235294116,42.294117647058826,16.058823529411764,33.0,414.11764705882354
38280,1,1,0,1,55452.0,10601.0,470.0,356.0,890.0,861.0,1747.0,137.9999999999999,346.0,544.0,182,0.249679033496054,0,38.73250294232809,-9.167508488994384,0.49999999999999994,-0.8660254037844387,62.0,12,1,5.0,2.0,10947.0,11.31877016481473,11090.4,2120.2,94.0,71.2,178.0,172.2,349.4,27.599999999999977,69.2,108.8,2189.4
38288,0,1,0,1,56897.0,7053.0,708.0,76.0,359.0,1754.0,1139.0,294.0,525.0,480.0,27,0.9530136310058825,0,38.74644098405236,-9.123545643675447,-0.7071067811865472,-0.7071067811865479,52.0,12,1,17.0,1.0,7578.0,11.249792905439655,3346.8823529411766,414.88235294117646,41.64705882352941,4.470588235294118,21.11764705882353,103.17647058823529,67.0,17.294117647058822,30.88235294117647,28.235294117647058,445.7647058823529
38317,0,2,1,2,39919.0,5199.0,344.0,1516.0,1609.0,1112.0,839.0,649.0,497.0,376.0,363,0.3606709253187622,0,38.728550935372205,-9.188249265451091,1.249000902703301e-16,-1.0,42.0,12,1,18.0,2.0,5696.0,10.963999833159656,2217.722222222222,288.8333333333333,19.11111111111111,84.22222222222223,89.38888888888889,61.77777777777778,46.611111111111114,36.05555555555556,27.61111111111111,20.88888888888889,316.44444444444446
38342,1,1,1,2,44034.0,11751.0,1381.0,3.0,911.0,1082.0,1512.0,1.0000000000001137,734.0,209.0,297,0.7112680775992487,0,38.74167944714746,-9.16832507787182,-0.4999999999999998,-0.8660254037844388,44.0,12,0,6.0,2.0,12485.0,11.213224790933863,7339.0,1958.5,230.16666666666666,0.5,151.83333333333334,180.33333333333334,252.0,0.16666666666668561,122.33333333333333,34.833333333333336,2080.8333333333335
38356,1,0,1,5,45168.0,3757.0,96.0,1213.0,882.0,1280.0,743.0,2125.0,364.0,183.0,434,0.3402653661006938,0,38.72141841760507,-9.13889514827019,0.25881904510252096,-0.9659258262890682,81.0,12,0,18.0,1.0,4121.0,11.000982550600819,2509.3333333333335,208.72222222222223,5.333333333333333,67.38888888888889,49.0,71.11111111111111,41.27777777777778,118.05555555555556,20.22222222222222,10.166666666666666,228.94444444444446
38422,0,1,1,2,10378.0,9116.0,129.0,876.0,1212.0,952.0,983.0,237.0,3346.0,125.0,157,0.2484263788540349,0,38.745646033898296,-9.197337679146372,0.8660254037844387,-0.49999999999999983,26.0,12,0,5.0,1.0,12462.0,10.592049235754445,2075.6,1823.2,25.8,175.2,242.4,190.4,196.6,47.4,669.2,25.0,2492.4
38450,2,0,1,3,6293.0,959.0,2057.0,758.0,19.0,114.99999999999989,72.0,2464.0,291.0,870.0,92,0.2580341467553528,0,38.73553927245543,-9.17872619504072,0.9659258262890684,-0.25881904510252063,79.0,12,0,13.0,2.0,1250.0,9.625689802158323,484.0769230769231,73.76923076923077,158.23076923076923,58.30769230769231,1.4615384615384615,8.846153846153838,5.538461538461538,189.53846153846155,22.384615384615383,66.92307692307692,96.15384615384616
38517,1,1,1,3,70994.0,4108.0,271.0,587.0,1335.0,833.0,1401.0,2455.0,187.0,394.0,334,1.0,0,38.7279185067065,-9.184888635919018,-0.4999999999999998,-0.8660254037844388,79.0,12,0,12.0,2.0,4295.0,11.372064418801726,5916.166666666667,342.3333333333333,22.583333333333332,48.916666666666664,111.25,69.41666666666667,116.75,204.58333333333334,15.583333333333334,32.833333333333336,357.9166666666667
38575,2,1,1,4,11852.0,4130.0,293.0,469.0,1508.0,1145.0,1173.0,1655.0,2129.0,282.0,268,0.4136500405901323,0,38.75841743568513,-9.17482803810196,-0.9659258262890683,0.2588190451025203,76.0,12,0,10.0,3.0,6259.0,10.338382004668295,1185.2,413.0,29.3,46.9,150.8,114.5,117.3,165.5,212.9,28.2,625.9
38582,1,2,0,5,56981.0,3329.0,260.0,1066.0,414.0,1464.0,1039.0,506.0,389.0,389.0,396,0.8890308376947305,0,38.713139811864586,-9.178465523062751,0.20498880527646604,-0.3414213562373095,37.0,12,1,10.0,3.0,3718.0,11.14988746250196,5698.1,332.9,26.0,106.6,41.4,146.4,103.9,50.6,38.9,38.9,371.8
38598,1,1,1,1,28228.0,15338.0,1574.0,365.0,526.0,1107.0,776.0,43.999999999999886,751.0,475.0,393,0.1805739131686969,0,38.748172201944854,-9.132469521881768,-0.9659258262890683,-0.25881904510252063,68.0,12,0,15.0,2.0,16089.0,11.086349073649137,1881.8666666666666,1022.5333333333333,104.93333333333334,24.333333333333332,35.06666666666667,73.8,51.733333333333334,2.9333333333333256,50.06666666666667,31.666666666666668,1072.6
38610,0,0,1,2,16155.0,3265.9999999999995,85.0,7.0,1544.0,1021.0,869.0,299.0,3548.0,259.0,75,0.2064364876524667,0,38.731706043525826,-9.187110842338448,-0.8660254037844386,0.5000000000000001,48.0,12,0,7.0,0.0,6814.0,10.430225894762168,2307.8571428571427,466.5714285714285,12.142857142857142,1.0,220.57142857142858,145.85714285714286,124.14285714285714,42.714285714285715,506.85714285714283,37.0,973.4285714285714
38671,2,1,2,3,11816.0,1427.0,141.0,141.0,600.0,469.0,996.0,334.0,1501.0,238.0,98,1.0,0,38.74803898835315,-9.156969669778915,1.0,5.551115123125783e-17,30.0,12,1,7.0,3.0,2928.0,9.932657929835909,1688.0,203.85714285714286,20.142857142857142,20.142857142857142,85.71428571428571,67.0,142.28571428571428,47.714285714285715,214.42857142857142,34.0,418.2857142857143
38694,1,0,1,5,66832.0,1061.0,247.99999999999994,610.0,529.0,395.0,1192.6,1519.0,1317.0,223.0,206,0.4619226922845525,0,38.725400308144536,-9.193290371439623,-0.7071067811865472,-0.7071067811865479,83.0,12,0,10.0,1.0,2378.0,11.242501609074717,6683.2,106.1,24.799999999999994,61.0,52.9,39.5,119.25999999999999,151.9,131.7,22.3,237.8
38698,0,0,0,2,9162.0,1800.0,235.0,201.0,2549.0,399.0,911.0,559.0,1852.0,250.79999999999998,8,0.3743330956598401,0,38.71081817147208,-9.152599218504305,-0.25881904510252157,0.9659258262890681,24.000000000000004,12,0,5.0,0.0,3652.0,9.979142185136556,1832.4,360.0,47.0,40.2,509.8,79.8,182.2,111.8,370.4,50.16,730.4
38713,3,1,0,2,73703.00000000001,4764.0,319.0,828.0,748.0,1013.0,1364.0,590.0,181.0,489.2,136,0.4237882775669299,0,38.737164025183674,-9.17779444077509,1.249000902703301e-16,-1.0,26.0,12,1,9.0,4.0,4945.0,11.395775728737426,8189.2222222222235,529.3333333333334,35.44444444444444,92.0,83.11111111111111,112.55555555555556,151.55555555555554,65.55555555555556,20.11111111111111,54.355555555555554,549.4444444444445
38729,0,0,1,1,9259.0,2837.0,129.0,577.0,1230.0,866.0,394.0,124.99999999999989,2961.0,130.0,121,0.2062427630049148,0,38.76873814792029,-9.168403238636143,-0.9659258262890683,0.2588190451025203,28.0,12,1,6.0,0.0,5798.0,10.098519653689262,1543.1666666666667,472.8333333333333,21.5,96.16666666666667,205.0,144.33333333333334,65.66666666666667,20.833333333333314,493.5,21.666666666666668,966.3333333333334
38745,7,3,0,3,21294.0,4072.0,634.0,687.0,1768.0,1163.0,2793.0,704.0,421.0,268.0,163,0.2642597793420269,0,38.757931317381946,-9.13384847207612,-0.2588190451025208,-0.9659258262890683,24.000000000000004,12,0,9.0,10.0,4493.0,10.553152954484112,2366.0,452.44444444444446,70.44444444444444,76.33333333333333,196.44444444444446,129.22222222222223,310.3333333333333,78.22222222222223,46.77777777777778,29.77777777777778,499.22222222222223
38782,1,0,0,2,16742.0,786.0,2162.0,713.0,73.0,100.0,63.999999999999886,2003.0,196.0,929.0,119,0.03542694770139532,0,38.73406024271553,-9.1667893930174,1.249000902703301e-16,-1.0,51.0,12,1,10.0,1.0,982.0,10.11662117122102,1674.2,78.6,216.2,71.3,7.3,10.0,6.399999999999989,200.3,19.6,92.9,98.2
38824,1,1,0,4,25354.0,3343.0,398.0,802.0,340.0,1146.0,1853.0,1240.0,1982.0,443.0,334,0.5710189313738544,0,38.73524995055385,-9.164519175223688,-0.7071067811865477,0.7071067811865471,60.0,12,1,17.0,2.0,5325.0,10.650815105859214,1491.4117647058824,196.64705882352942,23.41176470588235,47.1764705882353,20.0,67.41176470588235,109.0,72.94117647058823,116.58823529411765,26.058823529411764,313.2352941176471
38854,3,1,1,1,23425.0,5779.0,1147.0,947.0,1819.0,1494.0,1560.0,627.0,2227.0,451.0,330,0.2097465246477829,0,38.75101460950986,-9.1434513306391,0.8660254037844387,-0.49999999999999983,78.0,12,0,16.0,4.0,8006.0,10.768127031226284,1464.0625,361.1875,71.6875,59.1875,113.6875,93.375,97.5,39.1875,139.1875,28.1875,500.375
38911,0,1,1,1,32852.0,33446.00000000001,527.0,229.0,34.0,870.0,1022.0,230.0,626.0,84.0,220,0.4728510042965384,0,38.75837079884473,-9.164998768380364,1.249000902703301e-16,-1.0,43.0,12,0,14.0,1.0,34072.00000000001,11.552078868165937,2346.5714285714284,2389.0000000000005,37.642857142857146,16.357142857142858,2.4285714285714284,62.142857142857146,73.0,16.428571428571427,44.714285714285715,6.0,2433.7142857142862
38928,1,3,1,2,32282.0,3052.9999999999995,1237.0,1622.0,1828.0,1618.0,828.0,652.0,360.0,144.0,174,0.1677762813734461,0,38.714486843820254,-9.191795649808292,0.7071067811865476,-0.7071067811865475,38.0,12,0,20.0,4.0,3412.9999999999995,10.758711064661833,1614.1,152.64999999999998,61.85,81.1,91.4,80.9,41.4,32.6,18.0,7.2,170.64999999999998
38958,2,2,3,2,72610.0,3444.0,199.0,465.0,613.0,812.0,923.0,1145.0,129.0,401.0,106,0.3572592106925649,0,38.733457509360846,-9.20929769422913,-0.8660254037844384,-0.5000000000000004,77.0,12,1,18.0,4.0,3573.0,11.342315064104286,4033.8888888888887,191.33333333333334,11.055555555555555,25.833333333333332,34.05555555555556,45.111111111111114,51.27777777777778,63.611111111111114,7.166666666666667,22.27777777777778,198.5
38976,2,4,0,4,13557.0,3135.0,942.0,995.0,1751.0,740.0,598.0,1543.0,1846.0,391.0,174,0.2017719941511522,0,38.734836611247815,-9.141881627316524,0.9659258262890684,-0.25881904510252063,31.0,12,0,13.0,6.0,4981.0,10.324826009800583,1042.8461538461538,241.15384615384616,72.46153846153847,76.53846153846153,134.69230769230768,56.92307692307692,46.0,118.6923076923077,142.0,30.076923076923077,383.15384615384613
39010,1,1,1,5,90359.0,2881.0000000000005,321.0,437.0,747.0,893.0,938.0,1264.0,2016.0,193.0,330,0.3722077048872186,0,38.729610702895144,-9.192212397389442,1.0,5.551115123125783e-17,71.0,12,0,14.0,2.0,4897.0,11.561210739799723,6454.214285714285,205.7857142857143,22.928571428571427,31.214285714285715,53.357142857142854,63.785714285714285,67.0,90.28571428571429,144.0,13.785714285714286,349.7857142857143
39045,1,1,4,1,31205.0,5444.0,59.0,1164.0,2447.0,1754.0,1648.0,696.0,269.0,221.0,375,0.2262090596123147,0,38.71861753927493,-9.192677579437722,0.8660254037844387,-0.49999999999999983,82.0,12,1,17.0,2.0,5713.0,10.832121788941521,1835.5882352941176,320.2352941176471,3.4705882352941178,68.47058823529412,143.94117647058823,103.17647058823529,96.94117647058823,40.94117647058823,15.823529411764707,13.0,336.05882352941177
39103,0,5,1,5,24143.0,3798.0,657.0,1220.0,1184.0,1242.0,889.0,1676.0,1502.0,430.0,201,0.3206338649102084,0,38.76707432180282,-9.17441418021972,0.49999999999999994,-0.8660254037844387,79.0,12,1,11.0,5.0,5300.0,10.646424397598588,2194.818181818182,345.27272727272725,59.72727272727273,110.9090909090909,107.63636363636364,112.9090909090909,80.81818181818181,152.36363636363637,136.54545454545453,39.09090909090909,481.8181818181818
39178,1,0,0,1,28345.0,10320.0,683.0,658.0,464.0,1484.0,944.0,43.999999999999886,732.0,399.0,402,0.446269338292697,0,38.771781692815104,-9.150127473813368,-0.8660254037844386,0.5000000000000001,27.0,12,1,5.0,1.0,11052.0,10.917376753174178,5669.0,2064.0,136.6,131.6,92.8,296.8,188.8,8.799999999999978,146.4,79.8,2210.4
39187,6,2,0,4,30013.0,4070.0,503.0,2180.0,1782.0,1035.0,760.0,34.0,302.0,416.0,204,0.0748047666898875,0,38.73505029868018,-9.137054666844358,1.249000902703301e-16,-1.0,33.0,12,0,11.0,8.0,4372.0,10.724764060806601,2728.4545454545455,370.0,45.72727272727273,198.1818181818182,162.0,94.0909090909091,69.0909090909091,3.090909090909091,27.454545454545453,37.81818181818182,397.45454545454544
39198,0,0,1,4,23435.0,2994.0000000000005,402.59999999999997,770.0,1326.0,382.0,850.0,2628.0,479.0,398.0,162,0.6110662860169588,0,38.77596824964636,-9.173590749080432,0.25881904510252096,-0.9659258262890682,82.0,12,1,18.0,0.0,3473.0000000000005,10.52241213898889,1301.9444444444443,166.33333333333337,22.366666666666664,42.77777777777778,73.66666666666667,21.22222222222222,47.22222222222222,146.0,26.61111111111111,22.11111111111111,192.94444444444446
39346,1,4,2,1,34218.0,4777.0,288.0,65.0,1540.0,1417.0,2398.0,1135.0,211.0,474.0,524,0.2095742028127008,0,38.762666198492525,-9.136116279144224,0.49999999999999994,-0.8660254037844387,76.0,12,1,19.0,5.0,4988.0,10.84957006921802,1800.9473684210527,251.42105263157896,15.157894736842104,3.4210526315789473,81.05263157894737,74.57894736842105,126.21052631578948,59.73684210526316,11.105263157894736,24.94736842105263,262.5263157894737
39361,0,0,0,1,34359.0,13422.0,225.0,178.0,164.0,954.0,1067.0,438.0,571.0,228.0,287,0.7025389294630223,0,38.73544651252961,-9.184918514160051,-0.9659258262890683,-0.25881904510252063,32.0,12,0,5.0,0.0,13993.0,11.09133097493218,6871.8,2684.4,45.0,35.6,32.8,190.8,213.4,87.6,114.2,45.6,2798.6
39363,2,1,1,2,83931.0,4982.0,317.0,842.0,352.0,1179.0,982.0,2019.0,338.0,562.0,323,0.3992767438146868,0,38.71771138493502,-9.124615995076228,0.25881904510252096,-0.9659258262890682,68.0,12,0,22.0,3.0,5320.0,11.521141619741568,3815.0454545454545,226.45454545454547,14.409090909090908,38.27272727272727,16.0,53.59090909090909,44.63636363636363,91.77272727272727,15.363636363636363,25.545454545454547,241.8181818181818
39369,1,0,2,1,8481.0,14559.0,424.0,1416.0,1403.0,722.0,1055.0,143.0,1243.0,74.0,41,0.21754105559638323,0,38.76146350365046,-9.163100827150284,-0.9659258262890683,0.2588190451025203,42.0,12,1,5.0,1.0,15802.0,10.72156990889107,1696.2,2911.8,84.8,283.2,280.6,144.4,211.0,28.6,248.6,14.8,3160.4
39392,0,0,2,1,7353.0,16841.0,21.0,346.0,2104.0,972.0,47.0,53.0,1242.0,58.0,155,0.5986349191067539,0,38.765540321949395,-9.180427190108864,0.8660254037844387,-0.49999999999999983,30.0,12,0,6.0,0.0,18083.0,10.760474040511141,1225.5,2806.8333333333335,3.5,57.666666666666664,350.6666666666667,162.0,7.833333333333333,8.833333333333334,207.0,9.666666666666666,3013.8333333333335
39445,7,4,1,7,39584.0,5669.0,1295.0,988.0,1606.0,1347.0,2189.0,796.0,293.0,953.0,277,0.2360078921927846,0,38.73009673426556,-9.18924031364217,0.25881904510252096,-0.9659258262890682,55.0,12,1,12.0,11.0,5962.0,11.013418871923953,3298.6666666666665,472.4166666666667,107.91666666666667,82.33333333333333,133.83333333333334,112.25,182.41666666666666,66.33333333333333,24.416666666666668,79.41666666666667,496.8333333333333
39491,1,4,1,7,17387.0,4485.0,228.0,762.0,2356.0,1604.0,2049.0,1359.0,488.0,528.8,250,0.08738634232230308,0,38.77211752082957,-9.163390271588064,0.49999999999999994,-0.8660254037844387,41.0,12,0,17.0,5.0,4973.0,10.4973888184381,1022.7647058823529,263.8235294117647,13.411764705882353,44.8235294117647,138.58823529411765,94.3529411764706,120.52941176470588,79.94117647058823,28.705882352941178,31.105882352941173,292.52941176470586
39533,1,1,0,5,65549.0,1389.0,443.0,443.0,875.0,1129.0,1030.0,48.000000000000114,1893.0,320.0,415,0.5376135057399175,0,38.767260088280686,-9.120542571736946,-0.7071067811865472,-0.7071067811865479,66.0,12,1,7.0,2.0,3282.0,11.243764152822445,9364.142857142857,198.42857142857142,63.285714285714285,63.285714285714285,125.0,161.28571428571428,147.14285714285714,6.857142857142874,270.42857142857144,45.714285714285715,468.85714285714283
39570,5,3,1,4,46641.0,5714.0,1096.0,843.0,1572.0,998.0,614.0,1206.0,474.99999999999994,260.0,43,0.09013385820263947,0,38.78027989045429,-9.146731110624632,1.249000902703301e-16,-1.0,86.0,12,0,10.0,8.0,6189.0,11.09146816064374,4664.1,571.4,109.6,84.3,157.2,99.8,61.4,120.6,47.49999999999999,26.0,618.9
39591,5,5,1,4,16058.0,5329.0,934.0,696.0,1197.0,2125.0,1265.0,1406.0,2062.0,776.0,172,0.2803647014097596,0,38.786825530090574,-9.134720706544304,0.7071067811865476,-0.7071067811865475,72.0,12,0,20.0,10.0,7391.0,10.5774519136793,802.9,266.45,46.7,34.8,59.85,106.25,63.25,70.3,103.1,38.8,369.55
39715,4,3,0,3,14087.0,3715.0,1505.0,1150.0,1637.0,2109.0,1060.0,719.0,1925.0,685.0,467,0.18408952425524072,0,38.78343012723209,-9.140118925556765,0.8660254037844387,-0.49999999999999983,38.0,12,0,11.0,7.0,5640.0,10.440945370102789,1280.6363636363637,337.72727272727275,136.8181818181818,104.54545454545455,148.8181818181818,191.72727272727272,96.36363636363636,65.36363636363636,175.0,62.27272727272727,512.7272727272727
39742,1,2,2,4,47155.0,3556.0,420.0,676.0,580.0,1418.0,1138.0,458.0,2345.0,327.0,162,0.026466735191611523,0,38.7303754185155,-9.153946578277802,-0.8660254037844384,-0.5000000000000004,84.0,12,0,14.0,3.0,5901.0,11.06624766102799,3368.214285714286,254.0,30.0,48.285714285714285,41.42857142857143,101.28571428571429,81.28571428571429,32.714285714285715,167.5,23.357142857142858,421.5
39773,3,1,1,4,27777.0,5240.0,14.0,912.0,1398.0,1837.6,2506.0,454.0,301.0,316.0,304,0.1923893100746722,0,38.74113143962008,-9.12307793617277,0.12496888977739204,-0.8663902460147014,86.0,12,1,5.0,4.0,5541.0,10.74284540287767,5555.4,1048.0,2.8,182.4,279.6,367.52,501.2,90.8,60.2,63.2,1108.2
39820,3,2,2,6,27300.0,3437.0,988.0,1451.0,955.0,1896.0,623.0,582.0,529.0,519.0,51,0.23166747328949872,0,38.73120074136734,-9.183084766358514,0.07320508075688788,-0.7560477932315067,76.0,12,1,8.0,5.0,3966.0,10.65128862434712,3412.5,429.625,123.5,181.375,119.375,237.0,77.875,72.75,66.125,64.875,495.75
39825,2,4,0,6,36237.0,4262.0,448.0,567.0,1575.0,1646.0,897.0,993.0,1808.0,382.0,316,0.3021541628583363,0,38.71194002421778,-9.181832519121675,0.7071067811865476,-0.7071067811865475,54.0,12,1,12.0,6.0,6070.0,10.913013585869802,3019.75,355.1666666666667,37.333333333333336,47.25,131.25,137.16666666666666,74.75,82.75,150.66666666666666,31.833333333333332,505.8333333333333
39831,1,0,1,2,8301.0,23259.0,111.0,828.0,738.0,420.9999999999999,1204.0,216.0,1674.0,501.0,201,0.3160528543714985,0,38.75189524375631,-9.19516511514184,-0.7071067811865477,0.7071067811865471,26.0,12,0,6.7999999999999545,1.0,24933.0,11.037901253667622,1220.7352941176553,3420.441176470611,16.323529411764817,121.76470588235375,108.52941176470661,61.91176470588275,177.05882352941296,31.764705882353155,246.17647058823695,73.67647058823579,3666.617647058848
39853,0,1,1,2,11672.0,18839.0,25.0,586.0,766.2,800.0,1360.0,536.0,1964.0,552.0,74,0.5351675651503105,0,38.74896488681863,-9.176634988459316,0.25881904510252096,-0.9659258262890682,30.0,12,1,12.0,1.0,20803.0,10.966545199790374,972.6666666666666,1569.9166666666667,2.0833333333333335,48.833333333333336,63.85,66.66666666666667,113.33333333333333,44.666666666666664,163.66666666666666,46.0,1733.5833333333333
39859,0,3,0,5,5693.000000000004,4634.0,347.0,669.0,3013.0,1353.0,1731.0,1032.0,497.0,835.0,270,0.009194935955598893,0,38.750300991966654,-9.170977924329115,0.7071067811865476,-0.7071067811865475,54.0,12,1,19.0,3.0,5131.0,10.124067821447174,299.6315789473686,243.89473684210526,18.263157894736842,35.21052631578947,158.57894736842104,71.21052631578948,91.10526315789474,54.31578947368421,26.157894736842106,43.94736842105263,270.05263157894734
39899,1,1,2,3,33969.0,3884.0,1500.0,640.0,1784.0,1227.0,1541.0,387.00000000000006,582.0,719.0,503,0.1911389149093768,0,38.73384129256874,-9.118505255627548,0.7071067811865476,-0.7071067811865475,85.0,12,1,8.0,2.0,4466.0,10.833681189579275,4246.125,485.5,187.5,80.0,223.0,153.375,192.625,48.37500000000001,72.75,89.875,558.25
39924,0,0,1,4,65378.0,2392.9999999999995,302.0,441.0,655.0,953.0,1935.0,131.0,254.0,328.0,169,0.5670880868259296,0,38.769896072883874,-9.193530428674158,-0.9659258262890683,-0.25881904510252063,70.0,12,1,16.0,0.0,2646.9999999999995,11.230801252295793,4086.125,149.56249999999997,18.875,27.5625,40.9375,59.5625,120.9375,8.1875,15.875,20.5,165.43749999999997
