customer_id,umap_1,umap_2,cluster
3,6.6598864,12.222203,1
4,-3.464175,6.5697494,2
5,4.2705054,6.15144,6
7,8.689753,-0.19110385,7
8,7.795475,-0.8325366,7
9,-5.452581,4.736959,0
10,4.690507,7.0853567,5
11,7.912677,11.908587,6
12,7.3529935,6.4488015,1
14,-5.471306,4.052443,0
15,-4.1696773,7.492968,2
16,5.9602365,11.586933,3
18,8.289121,-1.0462835,7
19,10.889805,8.541252,6
20,7.135634,12.828216,4
22,-6.592561,6.3932147,2
24,-2.8357215,5.0010123,0
25,7.1979933,6.505269,1
26,8.002326,11.68357,4
27,4.464694,10.031311,1
28,14.58312,10.394379,1
29,3.8836775,9.869362,1
30,-6.076389,3.9577343,0
31,10.2262745,0.59168,6
33,3.9306593,9.131596,6
34,9.504115,12.036366,6
35,4.4863887,6.3570466,6
36,10.065647,14.832809,5
37,4.5504656,9.193498,4
38,7.0949554,11.110889,6
39,7.848682,13.33367,4
40,9.734531,14.343763,5
41,-4.4354844,4.046066,0
42,13.434466,10.542802,1
44,-2.9311082,6.3815975,2
46,-6.3539786,6.3897104,2
47,6.177088,10.065459,1
48,14.254539,11.183574,3
49,11.437484,13.496707,5
50,7.9315925,12.269567,6
52,10.824938,-0.06333256,7
53,5.7613435,12.451988,3
54,8.144058,-0.7979671,7
55,10.366975,13.139136,5
56,13.467987,10.002676,1
57,14.641057,11.357589,3
59,13.278823,10.67783,1
60,10.43796,13.637159,6
61,-4.8775673,4.2661247,0
62,10.328337,14.825038,5
63,-3.4505715,5.0778365,0
64,6.488103,12.1037,1
66,-5.263603,4.591385,0
69,-5.7325597,6.0807533,2
70,10.8069105,0.9571363,7
71,-5.683758,3.7711883,0
72,-5.3826847,7.2522044,2
73,9.976454,3.1440332,7
74,-5.974863,5.9949584,2
75,9.641052,3.4371812,7
76,3.8955426,7.6042542,6
77,-4.9062443,5.314313,0
78,10.41912,15.2169485,4
79,3.7538476,10.542769,4
80,11.893094,10.542761,1
81,14.312172,10.722661,3
82,7.446757,6.118758,1
83,11.294849,0.7134182,7
84,6.93767,13.555571,3
85,10.70453,8.499997,6
86,4.3109403,9.281416,4
87,7.921895,13.199897,4
89,-5.8280144,4.8234296,0
90,7.901656,-0.3690424,7
91,5.8238597,11.610982,3
92,6.886803,11.719753,1
94,-5.2196,4.1221604,0
95,4.3744507,7.4120636,5
97,14.381136,10.872479,3
100,4.4146175,9.3462925,1
102,8.109421,-0.79107255,7
103,-6.3623505,6.0691266,2
105,11.104953,13.935064,5
106,7.87211,-0.48520708,7
107,7.468266,13.772564,4
108,5.9720073,12.918246,3
109,-3.5096605,6.3113027,2
110,7.124013,12.225414,1
111,-6.2348695,3.9496155,0
112,14.754241,11.159577,3
113,3.7498252,9.487399,1
114,7.0349245,10.408276,6
115,8.332933,-1.0467106,7
116,7.542384,-0.8720578,7
117,7.150966,12.736341,4
119,-5.6242075,4.516507,0
120,-3.2144647,6.406242,2
121,7.763576,11.692145,4
122,10.778015,12.233509,5
123,11.048199,13.374491,5
124,-3.6031811,7.1973944,2
125,-5.322995,4.6197085,0
126,11.398332,8.927102,6
127,11.334078,9.361872,5
128,8.149238,-0.8268992,7
129,-6.048158,6.383016,2
130,9.464623,11.724533,6
131,7.623954,13.713375,1
132,7.67279,11.715284,6
134,14.550468,10.458007,3
135,3.3962502,6.844812,6
136,13.78398,10.832711,1
137,-4.4186563,3.9866827,0
138,10.795672,10.7189,3
139,-5.880466,3.373071,0
141,-4.0652647,6.631533,2
142,8.426499,13.187879,4
144,9.746511,3.0293393,7
145,10.501433,-0.39531428,7
146,-4.6971855,4.1968994,0
147,6.7945194,12.836808,4
148,-3.7718205,5.3501863,0
149,10.388376,13.932165,5
152,13.769712,9.483984,1
154,8.071922,-0.9227937,7
157,7.5466285,12.436376,6
158,4.470761,9.013423,7
159,6.446871,9.890823,1
160,-5.0921245,3.8935938,0
161,4.1097345,8.680346,6
162,13.484661,10.651781,1
163,-4.136279,3.9342306,0
165,11.252453,12.738947,5
166,3.4767792,8.731987,5
168,7.4441786,10.888931,1
170,9.814012,2.9302647,3
171,6.2207627,11.713601,3
172,-4.1066656,4.4496627,0
173,7.1863017,13.182174,1
174,6.0466185,8.9999075,6
176,11.157922,11.005613,1
179,7.351819,13.2957325,1
180,6.3333306,13.515719,3
182,7.4591665,6.2954206,1
184,3.6560977,7.245147,1
185,8.423459,13.697655,4
186,11.127881,13.931865,5
187,10.800299,0.13208188,7
188,-3.573043,5.2314305,0
189,-3.7241971,6.34313,2
191,5.109929,7.1704135,6
192,14.336844,11.544618,3
193,-4.1053767,3.8240545,0
195,4.7046514,9.748482,1
196,14.754333,11.281368,3
197,-6.279739,3.4788673,0
198,6.3632197,12.571432,3
199,6.076101,9.888113,6
200,7.2982297,13.68986,4
201,8.237145,12.710448,5
202,9.444076,12.059504,6
203,7.8395348,12.666624,1
204,7.9621186,12.216276,4
205,-6.5959544,6.3527355,2
206,7.44003,12.936987,4
207,7.3544497,13.555811,4
208,9.770065,14.392269,5
210,14.030126,10.16846,1
211,8.333862,13.579313,4
212,8.938817,11.167248,6
213,4.22943,6.4363236,6
214,14.798289,10.596935,3
215,4.238193,10.698266,3
216,7.0488353,6.7346816,1
217,11.797505,10.672229,1
218,6.210577,9.649171,6
219,10.439805,1.0503083,4
220,3.4555142,6.536262,6
225,13.717383,10.493532,1
226,-5.714985,4.159772,0
229,10.718343,14.642896,5
231,10.79929,13.36681,5
232,6.008941,6.8340926,6
233,7.16172,6.2878184,1
235,6.1902227,6.7444906,6
236,9.390877,3.5953963,7
238,6.3585076,10.21393,3
240,10.51426,0.8550049,7
241,3.5917325,6.5796156,6
242,7.1319327,13.330278,1
243,-3.687497,6.81372,2
244,6.540418,10.231611,6
245,8.9848,11.136645,6
248,5.9950724,10.046106,4
249,6.783482,5.994111,1
250,-4.333655,3.776814,0
251,4.0308394,10.814285,3
254,5.1488495,10.416711,3
256,6.948513,13.286099,4
257,6.39101,12.954767,3
258,9.498603,11.964468,6
259,6.5626974,13.277048,3
260,9.913552,3.2398183,7
261,10.442155,14.7239895,5
262,14.70976,11.227301,3
263,7.9511104,-0.50640714,7
264,-3.9971037,6.8307695,2
265,7.138973,13.840125,1
266,3.727435,10.467329,3
270,-6.0482845,6.914107,2
272,7.523148,12.343779,6
274,9.504082,11.576833,5
276,3.7242477,9.734491,1
278,8.175773,12.104946,4
279,5.8899064,6.939172,4
280,8.622003,13.23872,5
282,13.6084175,9.626562,6
283,10.535478,10.988309,6
284,10.347832,10.681355,4
285,-4.727882,3.6193411,0
287,11.140628,8.714742,4
288,10.596806,0.9749777,7
290,8.477759,12.722768,6
292,8.874395,11.926766,6
293,12.175117,9.625599,4
295,7.310005,11.366718,6
296,9.207319,11.868401,6
297,-3.8636236,6.3794336,2
298,8.104102,13.104303,6
299,4.1304955,8.919044,5
300,9.643878,3.5392985,7
301,8.415045,12.600775,6
303,-6.133412,4.2639794,2
304,4.6275253,7.1558104,6
305,7.4466615,11.998691,6
306,4.3614807,9.290363,6
307,-3.8585055,6.590838,2
308,6.820737,11.242145,4
310,10.754433,11.770889,4
311,-3.986538,6.525888,2
312,5.713291,11.8684025,3
313,10.528566,1.1541606,1
315,7.7784915,11.522714,6
317,-3.5540895,6.41241,2
321,3.9438875,8.510509,6
322,3.4965022,9.932342,4
323,5.9239573,11.805603,3
324,-6.393907,6.6195135,2
325,11.073392,12.747531,5
326,11.223632,13.590214,5
328,13.25887,10.632471,1
329,-3.4052153,6.3639746,2
330,4.893262,9.013232,6
331,10.330226,-0.34432343,7
336,13.474571,10.989643,1
337,13.376263,9.770643,6
338,10.432039,-0.2148911,7
339,7.452349,13.191608,4
340,4.312331,8.738704,4
341,9.13085,11.732557,1
342,9.4599905,12.806136,5
343,4.2929573,10.176897,3
344,10.742462,13.863278,5
346,6.25243,9.761142,6
347,11.546764,10.593693,5
350,3.3371763,6.327765,6
351,4.1197753,7.125864,6
352,4.292227,6.147816,6
353,6.0167155,6.95042,5
355,3.389362,6.304047,6
356,-3.605728,7.4539227,2
358,-5.803631,3.736199,0
360,9.29716,11.890358,6
361,11.039884,11.195548,4
362,3.9629629,9.202816,6
363,8.248443,-0.44033235,7
364,-2.6589828,4.902338,0
365,-4.7982826,3.6393647,0
366,-6.0040593,3.8747177,0
367,11.921986,9.676642,3
368,7.4834833,11.701835,1
369,5.8433924,6.8009458,6
370,13.480091,9.978846,6
371,6.477569,13.619304,3
372,3.3612523,9.616075,4
373,7.1105886,12.09524,4
375,11.3960495,14.542449,5
376,14.655633,11.416915,3
377,7.2016773,6.508904,1
378,3.903104,7.479887,6
379,10.261337,14.839989,5
381,4.295548,10.11893,1
382,3.8285742,10.450654,3
383,10.713602,15.083995,5
384,6.3977146,12.773124,3
385,-6.029768,4.866453,0
386,8.007783,12.362701,1
387,6.770453,12.333435,1
389,-4.411813,3.668064,0
390,9.431879,3.4239104,7
391,10.760252,13.124637,5
392,13.481628,10.947019,1
393,-6.472896,6.5495243,2
394,7.2688546,11.767403,1
395,13.554829,9.999896,6
396,8.554656,-0.38048992,7
397,4.567749,6.7160287,6
398,10.069343,3.0988598,7
399,-6.2188425,6.429216,2
400,-6.279979,6.5150976,2
401,7.0904684,10.784189,1
402,4.004627,10.73099,3
403,-5.0295444,7.5474305,2
405,8.312695,11.714502,7
406,7.9161434,13.162084,4
407,7.61312,6.3893924,3
408,11.281645,0.7121911,7
410,4.3751545,9.678521,4
411,4.376869,5.983554,6
412,8.312911,-1.0868253,7
413,11.266029,14.55643,5
414,8.062375,12.326518,4
416,-5.154914,6.736057,2
417,-6.6395326,6.29511,2
418,6.976424,10.526183,4
419,-6.163466,4.1833315,0
420,-5.079572,4.071576,0
421,4.6978774,6.4042554,6
424,-3.8842514,4.436368,0
425,-3.6199224,7.427553,2
426,9.953631,3.1003535,7
427,7.997036,11.896901,6
428,8.144159,12.202965,6
429,3.45675,6.6344714,6
431,10.310554,13.886615,5
432,-5.5249987,6.1225057,2
434,6.0331473,12.854419,3
435,11.095223,13.422863,5
436,10.977202,8.744523,4
437,9.771862,12.806485,5
438,8.541075,12.998306,4
440,6.0371294,12.857057,3
441,-2.8838675,6.9265733,2
442,13.806003,9.922937,1
443,6.338349,13.030788,4
445,11.314587,0.6749065,7
446,14.420538,11.237789,3
447,3.488875,6.447952,6
448,7.8050137,13.581733,1
449,3.5070794,6.894894,6
450,8.2225485,13.290609,4
451,9.862929,13.047666,5
452,7.289841,12.179686,4
453,6.6267138,6.2392364,7
455,3.4364247,10.114213,4
456,-5.4672585,6.151122,2
457,-5.5386,3.6554482,0
460,-6.1940236,4.57495,0
461,11.701555,9.399225,4
462,-3.4281337,5.3495255,0
464,3.8104239,6.6134477,6
465,9.596131,3.4581087,7
467,-6.1375256,5.7999144,2
469,10.78999,14.628475,5
470,9.245329,3.7438774,7
471,14.371727,10.80173,3
472,11.300685,0.54354155,7
473,11.158669,14.329543,5
474,8.206149,13.795947,4
475,-4.840841,5.1813364,0
476,11.081684,11.132212,6
477,8.161468,13.732654,4
479,7.55186,12.566323,1
480,-3.5372279,6.495505,2
481,9.510853,3.5189521,7
482,6.2427464,13.479197,3
484,7.4057736,11.775217,4
485,14.056867,11.29718,3
486,5.0088553,6.507846,6
487,7.2319145,10.876298,4
488,9.935014,13.748456,4
489,7.848364,12.104897,6
490,7.3423595,12.672756,4
491,7.5884843,13.21609,1
492,7.8480797,11.3241415,6
494,14.191765,10.114523,1
495,5.8563695,6.772798,6
496,-4.5303864,3.7898524,0
497,10.7298975,13.423792,5
498,4.833277,6.6644855,6
499,6.6527185,11.238023,1
501,6.05564,9.231206,1
502,8.003954,12.054296,6
503,11.024414,12.852442,5
504,11.265159,13.180718,5
505,7.0567493,12.690521,4
506,10.432264,15.117073,6
508,4.2542486,10.356766,4
509,7.5446997,-0.90545404,7
510,7.962638,11.583443,4
511,7.3094544,11.663327,1
513,9.151678,11.919373,1
514,10.649585,11.006019,6
515,-4.619153,4.113548,0
516,10.770196,0.14920767,7
517,-6.0473967,4.4733124,0
518,4.941082,6.3737144,6
521,3.8877423,6.0308976,6
522,10.913059,8.603151,6
524,6.5098786,13.1266775,3
526,-5.055088,7.262905,2
527,9.135722,11.743561,6
528,14.739483,11.25945,3
529,14.197515,11.173826,3
530,7.2244687,6.6515193,1
531,10.77818,13.088272,5
532,6.524695,12.553414,1
533,5.1452317,7.0413756,6
534,8.799396,13.002002,5
535,-5.3196745,3.904244,0
536,-6.0223827,5.194067,0
537,10.69358,14.130009,5
538,11.81154,10.730437,1
539,6.652448,11.373851,1
540,5.5945582,11.769267,3
541,4.414066,10.372152,3
542,3.5656428,10.364173,3
543,13.265072,10.280098,1
545,4.030699,6.636364,6
547,-3.6284022,4.862404,0
548,5.8765326,6.7333717,6
549,-2.9613452,6.901862,2
550,7.3753867,6.5322404,3
551,7.6671333,11.104227,6
552,14.2822485,9.933968,1
553,11.446767,13.559038,5
554,13.835496,10.185972,1
557,14.378301,10.445168,4
558,8.131549,11.578102,5
559,7.687016,11.830616,6
561,6.2683687,12.088231,3
562,10.890848,10.715056,6
563,13.967779,11.197306,3
565,4.097104,9.861007,1
566,-3.3747075,5.180282,0
568,10.27734,-0.0020481443,7
569,-5.0119443,7.000807,2
570,11.0200615,12.24846,5
571,11.47944,13.593425,4
573,8.132115,13.368553,4
574,5.874675,13.053629,3
575,4.501575,9.260594,1
576,10.556334,13.331959,5
577,6.98049,11.896551,1
578,4.595931,6.1413445,6
579,8.254445,12.581645,4
580,11.566433,10.730633,5
581,4.447626,6.0116754,6
582,10.366908,14.763236,5
583,7.2943344,11.159745,6
584,6.822645,12.550504,1
585,6.284097,10.110973,4
586,-3.5382857,4.4051447,0
587,3.724968,7.6490955,1
588,5.950884,12.567681,3
589,10.977977,0.09914123,7
590,14.025085,9.733834,1
592,3.7757134,10.590517,3
593,6.1122565,11.89748,3
594,14.3770485,10.564896,1
595,10.183933,13.028741,5
596,7.63125,12.655368,1
597,4.1606493,9.9829445,4
598,10.632639,0.13902235,7
603,5.771257,9.137161,6
604,3.4466708,7.188401,6
605,12.151539,10.64017,3
606,13.48085,10.974604,1
609,4.542303,9.244446,5
611,-5.168613,4.3867583,0
613,7.8276362,-0.40358722,7
614,13.716216,9.848549,6
615,3.1941073,6.5763826,6
617,7.0638957,12.611948,1
618,7.239464,12.789081,1
619,7.4105773,11.560483,1
621,7.8844585,-0.5450484,7
622,12.512536,10.134172,1
623,-4.99528,3.764735,0
624,5.779109,10.90652,3
625,4.4843655,10.663247,3
626,6.9581885,12.0404,1
627,6.530894,13.489209,3
628,11.200123,8.843914,4
629,-5.484857,4.7129636,0
631,11.37857,8.981661,1
632,14.303992,10.4795265,1
633,5.427927,7.07898,6
634,10.016941,0.68843985,7
635,-3.1511602,5.401895,0
636,-4.158004,3.9004633,0
637,6.3422785,9.884125,6
638,11.14434,0.75574243,7
639,10.170983,15.012938,5
640,11.361724,8.873897,1
641,-2.7785003,5.4040747,0
642,-4.9680533,5.212677,0
643,4.239382,7.56364,6
644,-3.2922451,6.5840826,2
645,3.7907047,10.197992,1
646,11.204371,10.661194,1
647,5.9636846,13.012894,3
648,9.577085,3.441989,7
650,6.9652376,6.2148495,1
653,5.9660306,10.585445,1
654,10.246568,14.693181,5
655,9.371451,11.892693,6
656,11.387518,14.356383,5
657,6.565406,13.061701,3
658,3.4183846,7.237073,6
659,13.951504,10.923234,3
660,4.563727,9.465921,2
662,10.457325,13.731109,5
663,13.4021225,11.024799,3
664,10.913557,8.611439,4
665,3.6515508,9.371485,1
666,14.542477,11.437675,3
667,11.830776,9.715919,1
668,-3.7307847,6.964882,2
669,-4.1343303,4.0110874,0
670,6.7380233,11.781969,1
671,6.689031,11.957143,4
673,10.7876625,0.710114,7
674,-5.647786,5.398951,0
675,-6.0505176,6.2537656,2
676,-5.7207966,3.8958204,0
677,5.426523,6.8128266,6
678,-5.3089013,4.6136193,0
679,4.0511875,6.8312707,6
680,9.081422,11.976318,6
681,8.032817,13.321987,1
682,-3.31345,5.2418838,0
685,-3.593159,6.6618614,2
686,13.412636,10.911113,1
687,5.7660966,12.581221,3
688,6.451714,11.8820915,3
689,8.913055,13.1501,6
691,7.7009816,6.5651617,3
692,10.4698105,0.8034252,7
694,7.080108,12.811502,4
695,6.5509205,12.78838,4
696,14.829753,11.07136,3
697,10.644226,14.513282,5
699,14.232981,11.191016,3
700,6.245003,11.760789,3
701,10.503563,8.355387,6
703,10.401553,0.103592634,7
704,-3.763439,7.3568206,2
705,9.589301,3.324589,7
707,-5.8582478,4.5904975,0
708,-3.0443442,7.12723,2
709,-5.445785,5.6330647,2
710,-5.3375583,3.863368,0
712,4.003742,6.287046,6
713,6.5057874,12.081637,1
714,7.2081137,11.627732,1
715,5.114005,10.232436,3
718,12.234252,9.565184,3
719,-3.2573938,4.961079,0
721,7.276943,11.845359,1
722,6.873853,10.369917,4
723,5.3428516,6.8362637,6
725,5.343469,7.6068044,6
726,14.5088625,10.425212,1
727,8.891826,11.320792,6
728,10.096931,14.743251,5
729,4.4127297,6.396802,1
730,4.1162434,10.09935,1
731,13.2957945,9.928031,6
732,-6.5478015,6.2769747,2
733,-6.2993097,4.146017,0
734,12.847506,10.523103,6
735,7.5867496,13.282957,4
736,7.3136234,13.10012,4
737,7.931453,11.71665,7
738,5.9463024,7.482496,1
739,10.682494,8.417429,6
741,-3.171908,6.534136,2
742,11.616449,9.312927,6
743,13.797355,10.920022,1
744,-3.2949,4.907035,0
745,8.442909,13.364511,4
746,10.0859585,3.1219256,7
747,13.802956,10.475372,1
748,4.7101765,9.0797,6
749,-2.9204073,5.2234335,0
752,5.077021,10.35182,3
753,-5.0309644,4.170997,0
754,8.074557,12.825909,5
755,8.846421,12.588751,5
757,8.362354,13.252595,5
758,12.249415,9.57531,3
759,3.6704519,9.202003,6
760,-6.21379,5.947355,2
761,5.8762665,12.101316,3
762,7.348832,12.038428,1
763,4.073282,9.874772,1
764,9.367423,12.011323,6
765,-5.062894,2.696763,2
766,10.824642,0.30478412,7
767,5.6265235,11.966819,3
768,-6.2270994,4.3402677,0
769,6.4650993,13.062663,1
770,-4.537379,4.054251,0
771,8.934309,10.994258,6
772,-6.5628705,6.3940077,2
773,-4.8976,7.5196896,0
776,7.2679563,13.113533,4
777,-5.7425113,4.4022427,0
779,-3.0260417,6.533092,2
780,3.8168705,6.652445,6
781,-6.0694175,6.4021626,2
782,13.551955,10.550492,1
783,7.091119,12.694603,1
785,3.6203003,7.4480996,6
788,9.458041,11.493533,6
789,6.507326,10.462142,1
791,10.411804,0.37265143,7
792,-4.29762,7.0438156,2
793,6.335094,12.313955,3
794,13.083954,10.047619,6
795,-6.0270953,3.3536382,0
797,4.400321,6.3643723,6
798,10.644374,13.58418,5
799,5.019892,10.097507,3
800,10.35816,13.608196,5
803,9.384841,11.874594,6
804,-4.2463584,7.0670753,2
805,4.835505,6.755169,6
808,14.901121,10.953704,3
809,8.182499,-1.0957215,7
810,13.686476,9.668108,1
812,7.9013853,13.302848,4
813,4.170539,9.368578,1
814,6.922103,12.766336,1
815,6.8325276,11.29198,1
816,6.64987,11.30234,1
817,10.860424,14.794813,4
819,9.006105,11.855752,6
820,4.4565163,8.96208,6
821,4.268153,8.666415,6
822,14.205297,9.902925,1
823,-5.9719067,6.6863155,2
824,8.539016,12.502316,4
826,-3.6789238,7.3153753,2
827,7.1693883,10.437954,4
830,-4.220489,4.0092244,0
831,9.659578,12.134006,6
832,4.5882363,7.2096343,6
833,9.278793,3.7275403,7
834,3.48412,9.436944,1
835,11.230652,10.730857,3
836,-5.7930775,4.4475574,0
837,-5.357151,4.190446,0
838,4.448821,10.3697405,1
839,-5.425287,6.3982787,2
840,12.180469,9.592748,1
842,4.2116694,10.715616,3
843,4.21172,6.7773175,6
844,11.143193,10.748425,3
845,13.731468,9.485853,6
846,13.9786,10.825441,1
847,4.1044073,10.3639555,3
848,10.387983,14.604829,5
849,9.883989,13.653404,5
851,-3.8492239,4.32046,0
852,11.261769,14.818501,5
854,-2.9634278,6.810854,2
855,9.3740225,2.9125154,6
856,8.262309,-0.194229,7
857,-3.4114757,7.161923,2
859,-3.3015182,4.897791,0
860,11.1365,8.780575,6
862,7.4644628,11.976266,4
863,-3.1912675,6.5759687,2
864,6.3875985,11.345637,3
865,-5.5750937,4.1835947,0
866,-3.3830736,5.3668046,0
867,10.441748,-0.052574266,7
868,-5.1710434,4.541603,0
870,13.749054,10.207155,1
873,14.018232,11.012136,3
874,9.911981,3.0702145,7
875,10.270287,14.774957,5
876,-5.274764,6.916607,2
878,-4.5364347,3.7149196,0
879,-4.617815,5.35024,0
880,-3.5054765,7.455831,2
881,10.464588,15.014356,5
883,-5.5464015,6.603254,2
884,-2.8140733,5.3415294,0
886,7.236016,11.754539,1
887,11.474838,9.000521,6
889,9.307159,11.612507,6
890,13.886944,10.835932,1
891,-5.5285134,5.892292,2
893,4.5752397,10.577123,3
894,13.834524,10.226303,1
896,5.8595247,13.195297,3
897,3.9686375,9.196682,6
898,13.643705,10.622337,1
899,4.5476384,10.443905,3
900,5.1791387,9.996568,3
901,14.805941,10.958622,3
902,11.922993,10.495066,4
903,7.7296534,11.414121,4
904,5.912211,12.189747,3
905,10.082246,14.832145,6
906,3.2392082,6.485105,6
907,-5.0910892,2.6710885,0
908,10.960007,13.822058,5
909,-6.073123,3.6220868,0
910,-5.9948025,3.3784668,0
911,10.991355,11.328332,4
913,3.181175,6.5379663,6
914,4.9062657,9.291572,1
916,7.599367,11.714045,6
917,6.5482078,12.976198,3
918,6.715549,13.441632,3
920,6.045929,6.5338025,6
921,7.0118527,10.505027,4
922,7.742743,10.791613,6
923,8.916766,11.55954,6
924,-4.5213637,5.2056856,0
925,-3.1126935,7.1336737,2
926,8.148846,11.261685,6
927,4.1152477,9.766904,1
928,13.703105,9.557634,6
929,6.4326215,9.95441,3
930,13.988719,10.371889,1
931,-3.8512945,6.3917594,2
933,11.26402,0.4913891,7
934,7.799608,12.243093,4
935,8.045236,-0.74814016,7
936,4.5412107,6.312893,6
938,10.221956,13.939725,5
939,10.096287,0.4244909,7
940,-3.117137,6.869929,2
941,-5.790591,4.008177,0
942,9.913221,3.1518762,7
944,-2.8093119,6.9150224,2
945,6.807692,13.420093,1
946,6.718497,12.68112,4
947,9.970098,13.02353,5
948,5.000383,10.339264,3
951,14.283574,10.034337,1
953,14.163894,9.934139,1
954,-5.54101,6.4739304,2
955,3.3992708,6.4609194,6
956,6.510608,9.798363,4
957,10.706694,12.901323,5
958,9.353702,12.073227,6
960,11.3003435,0.59231585,7
962,-4.2609625,7.1944084,0
963,-6.349072,4.006742,0
964,4.3170285,9.831987,4
965,10.150272,1.0130044,6
966,3.9971857,9.973768,3
967,10.663218,0.03892998,7
968,-6.5453367,6.3614435,2
969,6.9647746,12.229009,1
970,8.351622,11.941376,6
973,7.424886,13.229146,1
974,-5.8532114,6.508043,2
975,-3.6628435,7.248179,2
977,10.99785,0.43695426,7
978,4.6968236,6.31297,6
979,11.195743,0.703622,7
980,13.243605,9.950622,6
981,12.48934,10.087386,6
982,10.683808,-0.35626647,7
983,-5.5631943,3.530192,0
986,13.769491,9.688456,6
989,10.929597,14.348804,5
990,14.332734,11.524889,3
991,9.452115,3.4644578,7
992,11.158959,13.651222,5
993,5.2724037,7.121266,6
994,3.5427537,8.857894,6
996,3.9885712,9.394588,4
997,-5.4587474,5.1382256,0
998,11.54347,9.265611,1
1000,-4.3213425,7.453936,2
1001,-5.340077,3.762416,2
1002,-2.7753105,5.4184575,0
1003,10.095432,13.083583,5
1004,9.270895,12.112097,6
1008,-6.049369,3.672275,0
1009,-5.279604,3.7160387,0
1011,6.5369596,12.176959,3
1014,6.3392715,11.535866,3
1015,10.432995,1.1672109,1
1016,8.313949,13.769545,6
1018,7.003522,11.7485285,1
1019,-3.853773,6.853515,2
1021,11.280417,0.69580734,7
1022,6.624339,12.801254,3
1024,3.3034604,6.611296,6
1025,8.1309185,13.096351,6
1026,10.264731,0.035433706,7
1027,7.2828746,13.273719,4
1028,9.720754,3.4491787,7
1029,-3.0943644,7.224387,2
1030,8.034069,13.883279,4
1031,4.301011,7.076226,6
1032,7.5793095,10.877846,4
1033,-6.4580545,6.5055428,2
1034,9.420605,12.620187,1
1035,7.032467,10.300152,4
1038,4.725659,9.393747,1
1039,7.2271805,12.138278,1
1040,10.664258,15.045222,5
1041,-6.570672,6.332124,2
1043,6.606977,12.268042,1
1044,7.061487,10.984984,4
1045,5.666784,11.713899,3
1048,13.908974,9.629549,1
1049,8.017698,11.736595,6
1050,10.132607,0.64048094,1
1051,-6.60184,4.0494637,0
1052,9.095653,11.293831,6
1055,9.648547,3.2885962,7
1058,5.933507,11.449222,3
1060,4.0514092,9.098636,4
1061,7.8242106,11.797616,6
1063,7.1593614,10.313206,4
1064,10.897931,14.435985,5
1065,11.339463,0.6639787,7
1066,8.686367,12.024136,7
1067,-5.9312644,3.7778263,0
1068,10.4496975,0.54974645,1
1069,7.9866486,11.480505,4
1071,9.699806,3.4785612,7
1072,9.807852,3.3605523,7
1074,10.653911,14.9179945,5
1075,10.265164,13.870563,5
1076,11.316681,14.213178,7
1078,5.1853323,6.618613,6
1079,-5.0587683,4.195112,0
1080,-5.6071053,4.6573806,0
1082,11.4231205,9.107946,6
1083,5.366544,6.6289377,6
1084,5.957531,11.892095,3
1085,7.0782995,11.873297,1
1086,10.135179,0.04898476,7
1087,3.7668164,10.646055,3
1088,10.912194,10.939554,6
1089,10.566316,15.202623,5
1090,-3.2020526,6.7923274,2
1091,4.8458495,6.848526,6
1092,4.2834387,10.779966,3
1093,-5.7976637,6.447487,2
1094,10.385835,13.887781,5
1095,3.461932,9.463246,4
1096,-5.927546,3.2684336,0
1097,10.857193,14.116985,5
1098,-3.7573838,7.269643,2
1099,10.202736,-0.17653362,7
1101,4.249247,10.20301,3
1103,11.307345,0.63004535,7
1104,11.037191,0.012264833,7
1105,10.000014,14.760313,5
1106,4.2911267,9.1237335,1
1108,9.503854,12.160081,6
1110,4.686835,10.31948,3
1111,5.768744,11.333027,3
1112,-6.2334566,4.551943,0
1113,9.659698,12.616185,6
1114,10.932942,14.022676,5
1115,10.693656,-0.23670372,7
1117,-5.80828,4.948764,0
1118,6.7912817,12.263502,1
1119,7.8994336,10.879891,4
1121,6.4885054,11.897292,3
1122,8.207201,-0.1778413,5
1123,5.439813,6.6197605,6
1124,-6.3555174,6.1782665,2
1125,14.126666,10.571702,1
1126,3.8790164,7.1685257,6
1127,4.309661,10.609786,3
1128,4.931668,10.873703,3
1129,6.8475966,6.1438336,1
1130,3.6631691,6.8291936,6
1131,-6.537264,6.3848877,2
1132,7.0113597,13.503646,4
1133,7.9546895,12.682264,5
1134,-5.631327,4.6506996,0
1135,13.936032,10.71741,1
1136,-3.7178,6.69299,2
1137,11.113093,11.4286585,4
1138,6.741987,11.766739,3
1139,9.373983,3.683837,7
1140,10.37702,-0.15751433,7
1141,6.5298166,12.30374,3
1142,7.318093,11.3648405,6
1143,7.656144,13.390241,1
1145,6.3220596,12.811834,4
1146,10.78445,-0.3709793,7
1150,11.288932,14.050444,5
1152,14.395777,10.181389,1
1153,10.655276,14.828734,5
1154,10.874686,13.587007,5
1155,8.130771,13.351604,1
1156,8.148378,-0.42847422,7
1157,-5.907226,4.4108014,0
1158,-4.6863546,4.29935,0
1159,-6.037699,6.074705,2
1160,10.411929,0.23684737,7
1163,3.2694037,6.3650594,6
1164,4.9233985,6.4114532,5
1167,10.451226,15.089768,5
1168,14.338711,10.089912,1
1170,8.466576,13.022229,5
1171,10.816912,10.524138,1
1172,10.218292,14.90327,5
1173,4.0852966,9.500437,4
1175,-6.538553,6.0323176,2
1177,10.41192,-0.30516127,7
1178,4.4126415,6.2346244,6
1179,10.170717,1.0542619,6
1180,-5.6042104,6.835816,2
1181,-3.2359412,6.729717,2
1182,7.0005383,12.94652,3
1183,10.138077,-0.13367678,7
1184,10.771175,14.55767,5
1186,6.173413,12.337757,3
1187,8.441392,13.622236,4
1189,7.5549097,11.740565,1
1190,10.247773,15.059986,5
1191,10.855571,0.53368837,7
1193,10.218725,15.224811,5
1194,9.243885,11.73431,6
1196,-4.596126,4.2830205,0
1197,-4.6556263,7.365824,2
1199,6.594799,12.726168,1
1200,5.8450947,10.393003,3
1201,11.767729,10.304618,4
1203,8.325273,-0.9441797,1
1205,14.169677,11.390417,3
1206,5.443205,7.0169,6
1207,4.919414,6.5983467,5
1208,14.059955,11.491352,3
1209,10.148731,13.664243,5
1210,-3.3980153,6.277786,2
1211,8.045205,11.392611,5
1212,4.45857,10.290679,3
1213,4.574926,9.010428,6
1216,-5.1556177,3.4888897,0
1217,-5.4824896,5.9912887,2
1218,8.239739,12.489625,6
1219,4.950038,9.35906,1
1221,4.9307394,6.543989,5
1222,12.06623,9.686423,4
1223,9.918475,0.82976437,4
1224,10.900123,13.382638,5
1227,9.702588,3.0464118,7
1228,-4.153521,7.05812,2
1229,3.9306638,10.009148,1
1230,11.084368,12.3361435,5
1231,5.5542345,7.1274705,6
1233,6.222537,12.522368,1
1234,4.472054,9.8904505,1
1235,-5.577824,7.133688,2
1236,-3.212965,5.053799,0
1237,-3.1369357,5.2889037,0
1238,-3.3989413,4.728914,0
1239,7.440703,13.9414835,4
1240,8.139742,-0.42612177,7
1241,9.435045,11.479375,6
1242,7.549338,10.644439,4
1243,-4.969819,7.5245852,2
1245,10.353465,13.853436,5
1246,9.62965,12.046482,6
1247,-2.9398506,5.1075883,0
1249,11.071816,8.68646,4
1250,5.117664,7.3676524,6
1251,14.007028,10.581866,1
1252,13.893352,10.010785,4
1253,10.584303,-0.09202144,7
1255,4.068576,8.821229,5
1256,3.8289468,7.5367765,6
1257,4.39178,9.82298,1
1258,9.282366,11.216432,1
1259,-5.847981,3.418703,0
1261,10.4941845,13.831267,5
1262,5.740146,12.893224,3
1263,5.2568817,6.885231,6
1264,7.8137493,12.347428,6
1265,6.1181808,11.01038,3
1266,-4.667761,7.2031116,2
1268,8.506439,13.362066,6
1269,14.666,10.546847,3
1271,4.2411036,10.526236,3
1272,4.95341,7.3772926,6
1273,-4.4341793,3.6900008,0
1274,14.352326,10.051367,1
1275,8.394819,13.31129,4
1277,6.3653774,12.927464,3
1278,7.229392,11.019195,1
1279,9.626062,12.176722,6
1280,-6.406923,4.1753325,0
1281,12.048174,11.063777,1
1282,8.242816,-0.79235494,7
1283,11.97192,10.97169,4
1284,-5.3145027,4.181489,0
1285,13.768747,9.589057,6
1286,10.651248,11.328286,4
1289,10.541688,15.010744,5
1290,6.2811213,9.918422,1
1291,-6.1818914,6.7383394,2
1292,-4.351676,6.9623976,2
1293,-6.2831793,5.491685,2
1295,11.456689,9.220454,6
1296,8.561514,13.101603,6
1297,-5.6518135,6.1521697,2
1298,14.714601,10.944017,3
1300,7.116445,11.088784,6
1301,10.748529,14.154451,5
1302,6.576599,10.35096,1
1304,11.349417,0.74789965,7
1305,6.5524054,11.350288,3
1306,8.707366,12.326553,6
1307,8.02623,12.412195,6
1311,7.570435,12.083772,1
1312,4.9382725,9.257793,4
1313,11.16713,14.292111,5
1314,-5.3097005,4.594004,0
1315,9.211795,3.663059,7
1316,3.6009235,6.584012,6
1317,3.7471893,9.660539,1
1318,7.817555,6.5293746,3
1320,13.289521,10.686925,1
1321,11.125518,8.71069,4
1322,-6.167212,3.99776,0
1323,-4.255466,3.7595162,0
1324,3.297562,6.99167,6
1326,7.0557814,13.284055,4
1327,14.461458,10.797806,3
1328,6.4374804,11.554081,3
1329,-3.0786486,7.1784663,2
1330,5.807259,12.854754,3
1331,-6.529256,3.8772135,0
1332,13.516767,10.944068,1
1333,6.0682564,13.045862,4
1334,13.554767,10.690412,1
1335,7.012843,13.410708,4
1336,11.353955,13.191656,5
1339,7.7995467,-0.7493495,7
1340,-3.5672672,6.286103,2
1341,10.494609,14.964256,5
1343,5.562302,12.512888,3
1344,-6.6451745,6.2785153,2
1345,4.5229907,10.3165865,3
1346,10.893749,11.321509,4
1347,10.703378,14.48069,5
1348,13.005373,10.436996,1
1349,-2.8255203,5.3622875,0
1350,8.240536,12.846463,1
1351,-5.530157,4.208162,0
1352,10.9887295,0.92916167,7
1353,10.541945,14.774973,5
1354,-3.785987,5.425061,1
1355,14.355099,9.949598,1
1356,12.187587,10.861034,3
1357,5.266789,9.1245165,6
1358,6.8084154,12.538422,1
1359,4.6697726,9.877391,3
1360,-3.2737875,4.6521196,0
1361,9.496934,11.723842,6
1362,7.5758696,12.388599,4
1363,6.993086,13.646162,4
1365,6.5968733,11.843697,4
1366,8.668237,-0.15837233,4
1367,5.4047036,6.767941,6
1368,7.9195967,13.007759,4
1370,3.271776,9.352203,1
1371,10.81754,14.712388,5
1373,4.35305,9.301525,6
1374,3.4683487,6.395774,6
1376,-5.938925,6.385046,2
1378,4.6488833,10.534751,3
1379,7.5270166,11.982849,4
1380,5.528661,6.7737045,6
1381,-6.1237426,3.2903473,0
1383,5.631127,12.293856,3
1387,11.046311,12.861637,5
1388,7.0179787,10.932427,6
1389,5.7227836,11.28673,3
1391,3.653587,7.7783895,6
1392,-6.215607,3.7355428,0
1393,8.825564,12.813376,1
1394,-5.1878643,5.9329667,2
1396,11.387467,13.88932,5
1397,-5.5665007,3.6292963,0
1398,-5.646486,4.7959547,0
1399,7.028883,11.4507065,1
1400,-5.3180056,3.3978837,0
1401,-3.8012953,6.5211043,2
1402,-3.448729,7.078272,2
1403,7.217581,13.252947,4
1404,3.5838253,7.3855653,6
1405,-6.086488,6.8674517,2
1406,-4.1135454,3.8666854,0
1407,7.9078107,-0.38837823,7
1408,10.711011,0.24725431,7
1409,7.9742794,-0.5262522,7
1411,3.534202,7.476114,6
1412,7.303265,10.875026,4
1413,11.294523,11.435006,6
1414,4.8919153,6.452095,6
1415,5.2094216,9.899674,1
1416,4.036641,5.8862133,6
1417,6.926164,10.90132,4
1418,11.45127,13.293728,5
1419,11.029558,14.34622,5
1420,10.251154,13.895617,5
1421,11.44291,13.753998,5
1422,11.427504,14.269033,5
1423,10.916465,14.89513,5
1424,12.278225,10.8337965,3
1426,4.2961226,10.423606,3
1427,4.909766,9.734336,3
1428,-5.9487925,4.1583543,0
1429,11.511506,13.069881,5
1430,-4.63675,3.7947915,0
1431,7.3238096,11.950014,1
1432,10.102957,13.3062105,5
1433,13.876375,9.6495695,1
1434,6.658619,13.106938,3
1435,-3.2266843,6.4852166,2
1436,11.148798,0.2775103,7
1437,10.97838,11.271095,4
1438,7.0257187,6.4476714,1
1439,10.958486,11.264357,5
1440,6.349163,12.474611,3
1441,5.082394,8.115145,6
1442,10.107422,13.555099,5
1443,6.6161237,13.517973,4
1444,7.0688295,13.362069,1
1447,14.765197,11.066628,3
1448,3.9365366,10.003175,3
1450,4.926655,6.8472204,6
1451,11.190444,13.906158,5
1452,-6.1134124,6.724094,2
1453,10.544782,0.60473573,7
1454,7.3953114,13.58069,4
1456,-6.123652,5.481302,0
1460,14.212027,9.93765,1
1461,-3.784941,4.705725,0
1462,13.887624,10.725139,1
1463,7.82604,12.2673645,1
1465,7.6638727,12.857979,5
1466,14.714795,10.735744,3
1467,14.283184,9.987679,4
1468,9.909071,3.1444173,7
1469,7.841654,12.11842,4
1471,9.722483,13.389692,5
1472,6.086489,11.62876,3
1474,10.457559,0.008416029,7
1475,9.56041,3.4872859,7
1476,4.7003317,9.974634,1
1477,10.808198,15.056747,5
1478,-3.2976167,4.7963552,0
1479,10.9126625,13.534937,5
1480,8.306152,11.826548,0
1481,10.805655,10.902453,3
1483,-3.4485068,6.640051,2
1484,8.59836,10.416922,6
1485,14.61676,10.387549,3
1486,6.889522,11.658656,1
1487,14.507173,9.974084,1
1488,-6.352748,4.001643,0
1489,4.9355173,9.872044,1
1490,8.041662,-0.50464445,7
1491,6.4971843,13.101582,1
1492,8.648043,13.052493,4
1495,3.6109195,10.59832,3
1496,4.1141534,10.387418,1
1497,8.1503935,-1.0036074,7
1498,-5.8975687,3.4373932,0
1499,-5.7971926,3.5422637,0
1500,8.147775,11.533699,7
1501,9.336481,11.899704,6
1502,3.8319974,9.786424,1
1503,-2.9035676,6.9382877,2
1504,9.09951,11.908684,6
1505,7.276302,11.353248,1
1506,8.148936,13.418483,6
1507,-2.9149613,4.8128133,0
1510,3.4313135,6.2925167,6
1511,7.9515734,11.958638,4
1512,-3.6515691,6.606499,2
1513,3.3981423,7.4993176,6
1514,6.523293,11.06167,1
1516,12.275983,9.565918,1
1517,9.06283,11.114241,6
1518,-3.1754613,5.122122,0
1519,-3.2818415,4.987004,0
1520,-3.5108638,6.7849493,2
1522,10.998807,8.656578,6
1523,9.044801,11.693443,6
1524,10.055411,11.7733,6
1526,-6.3934326,6.541906,2
1527,11.239975,13.635783,5
1528,8.461977,13.192951,4
1529,10.598156,14.125085,5
1530,11.326404,0.6605702,7
1531,6.149141,9.650455,6
1532,4.600454,8.816583,6
1533,-6.302657,6.8229136,2
1534,4.509841,6.7450743,6
1535,10.799695,8.513845,6
1536,4.47802,6.17466,6
1537,11.130521,14.918035,5
1538,5.835952,11.764162,3
1539,9.931516,14.526759,5
1541,7.973948,12.515145,4
1542,10.765857,13.277609,5
1543,5.7581162,10.387262,3
1544,11.1287985,12.483922,5
1546,7.2725153,12.512549,1
1547,10.601132,15.24193,5
1550,6.489224,11.262881,3
1551,12.58599,10.813102,3
1552,11.101951,12.914632,5
1555,-2.9923387,7.105456,2
1556,10.715711,0.096703805,7
1557,11.160121,0.1540072,7
1558,9.7571535,13.58164,5
1559,3.893428,6.706081,0
1560,-3.8151026,7.475985,2
1561,7.896295,11.999015,6
1562,3.7303827,7.084642,6
1564,6.855018,11.8788595,1
1565,-3.0937493,5.975497,0
1566,3.33797,6.819973,6
1568,-5.835498,6.185302,2
1570,7.831944,-0.39711198,7
1571,6.2292657,12.391339,3
1572,4.1011987,9.749144,3
1575,4.000544,9.952039,3
1579,13.332633,11.016661,1
1580,-6.243656,4.5271463,0
1581,10.8026905,0.6078671,7
1583,-6.2234654,3.8875036,0
1584,4.2851114,10.143642,3
1585,-3.8532746,7.25966,2
1587,-5.4859576,6.9092445,2
1590,9.120506,11.277104,6
1591,6.8803396,11.6823015,4
1592,3.643384,9.119536,5
1593,11.353619,0.75607556,7
1595,3.4143791,7.1751637,6
1596,10.919655,13.133613,5
1597,9.38351,11.608796,6
1598,-5.5380673,4.584328,0
1599,6.9970675,10.50167,3
1600,10.868724,14.159847,5
1601,8.399527,13.578883,6
1602,11.01997,8.644962,6
1603,11.0361395,11.710204,5
1604,-5.6053567,3.9975376,0
1605,11.182141,0.57809347,7
1606,7.027747,11.660623,1
1607,3.3640304,6.647097,5
1608,10.748643,10.784818,4
1609,-5.019522,7.5559406,2
1610,10.637073,13.743805,5
1611,13.843459,10.948979,1
1612,10.37113,14.90681,5
1613,14.591271,10.991851,3
1614,10.73403,14.237574,5
1615,14.018101,10.2669,1
1616,7.1776023,12.925324,1
1618,6.759721,11.299638,4
1619,5.7118397,12.54297,3
1620,-5.699027,3.57201,0
1621,-3.1054018,5.482564,0
1622,-3.594602,6.377334,2
1623,8.564947,11.064753,6
1625,-5.717687,3.6987221,0
1626,6.430436,6.2392526,6
1627,-4.9849725,4.8239326,0
1628,5.7633166,11.452269,3
1629,-6.4886417,6.3744287,2
1631,11.180442,9.28983,5
1633,4.8082037,7.3284163,6
1636,4.156685,8.71995,5
1637,10.899813,10.676714,1
1638,6.308407,10.035501,3
1639,4.816729,6.495702,6
1641,14.519659,10.209239,1
1642,-3.1460428,7.226091,2
1643,-5.9942293,4.9186125,0
1644,13.722213,10.282166,1
1646,-3.2009904,7.2881913,2
1647,10.741584,0.040037844,7
1649,4.341617,6.10136,6
1650,6.249238,9.019054,1
1651,3.385574,7.1918683,6
1652,10.92045,14.755873,5
1653,-6.1394672,6.5987744,2
1655,6.188783,13.122246,3
1657,6.286543,12.865972,4
1658,4.044998,7.0548425,6
1659,-5.726582,6.8066297,2
1661,14.166945,9.920672,1
1662,9.517938,11.720227,6
1665,10.506519,14.470379,5
1666,3.4695058,6.4766903,6
1667,13.834678,10.421995,1
1668,14.045638,9.998364,1
1669,9.888471,3.138481,7
1670,11.70294,10.933099,5
1671,-3.0296385,5.3491774,0
1672,-6.500849,6.0807996,0
1673,13.487856,10.272934,1
1674,14.399832,11.551178,3
1675,-3.6396747,6.9627633,2
1676,7.4542956,11.626809,1
1677,-6.536567,6.339618,2
1678,3.5802746,6.8898797,6
1681,7.3262863,11.926133,4
1682,8.801363,10.808538,6
1683,3.6854787,7.157902,6
1684,6.5102234,10.295906,4
1685,14.405871,10.809703,3
1686,-6.097838,6.87084,2
1687,3.8387823,6.5796285,6
1688,4.504672,8.812495,6
1689,11.329855,9.060849,6
1690,-4.02938,6.8422923,2
1691,3.5536735,10.508421,3
1692,6.331459,10.515471,1
1693,8.237733,-1.0359067,7
1694,7.032539,11.452812,4
1695,5.9811435,12.160959,3
1696,10.419602,13.801862,5
1698,8.465149,13.200101,4
1699,4.796676,6.943294,6
1700,-2.900751,6.3526225,2
1701,7.8265557,13.721163,4
1702,7.87171,-0.3320155,7
1703,7.7832985,11.318619,6
1704,-4.6460924,7.291716,2
1705,-3.8937414,5.097571,0
1707,7.820632,-0.63117844,7
1708,5.1889815,10.5894985,3
1709,7.250255,12.66581,1
1710,5.8978586,11.934614,3
1711,4.8552914,10.260838,3
1712,9.483663,11.569428,6
1714,8.96429,12.014854,1
1715,-6.435132,4.044133,0
1716,10.705467,14.166353,5
1717,9.429894,3.6215825,7
1718,6.032654,12.084427,3
1719,3.3281777,7.0560184,6
1720,7.790415,11.396542,6
1721,6.611674,13.144679,4
1722,-6.3744903,6.573785,2
1723,-6.3703136,6.626905,2
1724,-3.0176144,6.9163175,2
1726,10.776558,-0.3584006,7
1727,6.8647027,12.468214,1
1728,11.297421,14.097273,5
1729,-3.786334,6.599999,2
1730,10.234246,0.44935682,7
1731,7.715159,12.900651,1
1732,-4.8314085,7.3047056,2
1733,11.081842,9.118659,6
1734,11.02838,13.687042,5
1735,6.1402893,9.145556,6
1736,-5.054974,7.6701503,2
1738,-5.9454637,6.208432,2
1739,14.889417,11.0812645,3
1741,7.380701,13.259248,1
1742,-4.4919786,4.001891,0
1744,11.372205,0.65799206,7
1746,6.793755,12.279603,1
1747,4.7559586,6.654498,6
1749,4.7597775,10.295907,3
1750,6.093602,12.668873,3
1751,11.373164,13.474456,4
1752,11.367398,13.600401,5
1753,-5.3230925,6.0236773,2
1754,9.30478,3.7144842,7
1755,11.353098,13.121249,5
1756,-3.6435845,5.394156,0
1757,-6.086416,6.6383967,2
1758,4.1994457,10.268796,4
1759,-3.5498412,5.227889,0
1760,3.8438597,7.537101,6
1761,-2.9320889,4.7567935,0
1762,13.440768,10.719638,1
1763,7.57287,6.1668134,1
1764,8.816308,11.476745,6
1765,5.167018,6.7873926,6
1766,10.5352,13.120688,5
1767,-3.0691335,5.290949,0
1768,6.169567,9.40484,6
1769,9.9884815,3.1586623,7
1770,7.5934777,11.268266,6
1771,6.8784432,12.121107,4
1772,7.5901375,12.595024,6
1773,6.1819,13.250249,3
1774,11.233939,8.91682,6
1775,7.4501686,12.180214,4
1776,7.0740075,11.345034,1
1778,7.774888,12.128631,4
1779,4.070925,9.627732,4
1780,-5.3262243,4.555344,0
1781,4.8114524,10.009941,3
1782,14.471199,10.189802,1
1783,10.265887,0.6524676,7
1784,8.362717,12.819271,6
1785,13.915246,9.922819,1
1786,6.7823076,6.056861,1
1787,3.9701576,10.682099,3
1788,6.0045466,11.974641,3
1789,10.652155,14.493176,5
1790,10.080284,13.395513,5
1791,14.422885,10.615321,3
1792,7.566968,11.933562,1
1793,4.70965,8.962533,1
1794,8.851728,12.517005,5
1795,-3.277026,6.3516374,2
1796,11.457187,10.689114,6
1797,7.6114607,10.862567,6
1798,10.985365,0.90416896,7
1799,6.1062384,12.067235,3
1801,10.445313,-0.32198766,7
1803,-2.880259,6.85167,2
1804,6.478943,6.450471,6
1805,5.8888307,11.7136345,3
1806,4.31828,10.140881,3
1807,11.130939,14.806036,5
1808,-5.6257176,4.296957,0
1809,4.035146,10.566227,3
1810,-3.8229043,6.386241,2
1811,8.859519,11.270672,6
1813,10.629486,0.039603278,7
1814,8.018959,10.979414,5
1816,3.863025,7.322877,6
1818,3.9785585,7.408155,6
1820,-5.3308945,4.477999,0
1821,3.830614,10.696261,3
1824,-6.297089,4.5519915,0
1825,6.2524486,12.912989,3
1829,6.745815,10.450921,4
1830,5.806969,12.5392065,3
1831,-6.41038,4.049548,0
1832,3.8533473,7.627266,6
1833,7.943307,11.51069,6
1834,13.964988,10.898446,1
1835,11.113073,0.755201,7
1836,6.423851,11.746257,4
1837,-6.3628335,4.28705,0
1838,3.800066,7.5446267,6
1839,-3.249985,4.6116095,0
1840,14.347174,11.553858,3
1841,6.0735745,12.9853945,3
1842,6.5520887,10.172702,6
1844,-5.8241477,3.499947,0
1845,9.991309,14.409008,5
1846,3.921941,5.927637,6
1848,3.6651847,9.36409,1
1849,10.038739,3.1348758,7
1850,11.359659,0.5390673,7
1851,7.0846267,6.324318,1
1853,5.715975,12.403899,3
1854,3.3947468,6.686298,6
1856,-4.46557,3.7658045,0
1857,11.413286,11.588764,6
1858,14.737526,10.6870165,3
1859,6.9804006,12.862265,4
1860,5.9523206,12.043995,3
1861,13.626177,9.749094,1
1863,8.56594,12.373648,6
1864,6.418068,13.365401,3
1865,13.200378,10.007755,6
1866,11.430639,14.303351,5
1867,-3.094478,6.654086,2
1869,11.051064,0.104079686,7
1870,14.446455,10.130635,1
1871,4.354978,10.619182,3
1872,6.8096714,11.904834,1
1874,-4.4908857,3.863734,0
1876,7.8391514,-0.36059767,7
1877,10.334049,13.688674,5
1878,-5.9849386,4.7986336,0
1880,7.1637807,11.846824,5
1882,4.9010525,8.763117,6
1883,9.874967,13.149852,5
1884,11.122074,14.81971,5
1886,-3.6623676,5.3116446,0
1887,14.90942,10.760102,3
1888,14.021179,10.887319,1
1889,-3.324026,7.3244414,2
1890,13.815085,10.222167,1
1891,-5.530086,6.0308833,2
1892,-5.30735,4.6664042,0
1893,4.9569445,7.735996,6
1896,10.903774,0.18019857,7
1897,4.2963653,10.098631,1
1898,13.729719,9.570245,6
1899,11.050217,0.5069592,7
1900,9.982281,0.24738184,1
1901,7.90831,-0.43877625,7
1903,-4.389097,3.9023914,0
1904,-4.2053337,3.9372663,0
1905,3.3564265,7.259422,1
1906,4.7280025,8.838985,5
1908,11.352531,0.7694083,7
1909,11.8083515,9.782605,1
1910,3.2593675,9.550886,1
1911,9.868373,3.0316398,7
1912,4.5288324,10.096455,4
1914,4.646246,10.496272,3
1915,7.962978,13.998017,1
1917,7.6264544,11.673945,1
1918,14.677482,10.498398,4
1922,9.932727,3.1619046,7
1923,8.313578,11.249569,6
1924,7.617846,13.93884,4
1925,7.133672,10.938514,4
1926,11.270275,0.57167214,7
1927,-3.626597,5.3515716,0
1928,8.214202,12.926698,4
1929,5.7814517,6.7997584,6
1930,11.231272,14.764125,5
1931,-3.7770152,4.433453,0
1932,-5.8439374,5.832784,2
1933,10.340133,14.674232,5
1936,-5.381593,4.412819,0
1939,5.2688966,6.5616484,6
1940,13.590741,9.964665,1
1941,10.233888,0.6041215,7
1942,12.989489,10.165463,6
1943,10.7743845,14.782189,5
1944,-3.2222166,7.0420003,2
1945,4.859277,7.0492897,6
1948,10.191489,14.893764,5
1949,-4.7459464,7.425942,2
1950,9.536019,12.02651,6
1951,11.070637,0.18095599,7
1952,-5.9470987,4.5397167,0
1953,4.267857,10.097469,1
1954,10.351043,1.0736933,4
1955,10.782466,12.341334,5
1956,10.840891,10.643617,3
1957,-3.806886,6.9422746,2
1958,10.522128,10.653033,1
1959,10.183708,14.786476,5
1962,-4.8884683,7.518109,2
1964,10.184984,13.879932,5
1965,10.098018,12.748537,6
1967,8.78862,12.977666,5
1969,-5.5328155,4.295018,0
1970,8.592344,10.369815,6
1971,-3.5703015,4.3615108,0
1972,5.4312997,7.219023,1
1973,5.7827473,6.6899796,6
1974,7.2713675,11.665141,1
1975,10.322037,12.975293,5
1976,3.7229552,9.232676,6
1977,7.009157,11.682358,4
1979,4.166658,8.818947,5
1980,-3.3126245,4.866375,0
1981,-3.937207,6.356229,2
1982,11.60009,11.288391,1
1983,13.362099,10.496045,1
1984,11.037071,14.789821,5
1985,5.911907,12.626954,3
1986,-4.0869956,7.185581,2
1987,-6.001475,6.9067874,2
1990,6.171443,13.101851,3
1991,7.8260264,6.4616838,3
1992,4.099722,10.66945,3
1993,13.920973,10.4210415,1
1994,14.75111,11.186816,3
1995,-5.7262287,4.467388,0
1996,14.185094,9.880217,1
1998,10.138207,0.4862553,7
1999,-5.299483,3.8291693,0
2000,7.849623,11.44048,6
2001,10.469504,-0.22562608,7
2002,13.918936,10.431754,1
2004,-2.8807697,5.3728914,0
2005,10.255786,0.5800485,6
2006,9.423194,12.071687,6
2007,10.904187,13.446519,5
2008,10.870627,11.4611635,6
2009,-3.347478,5.2646527,2
2011,10.899824,0.8661721,7
2012,10.749496,0.5041439,7
2013,7.1626863,13.128268,1
2014,6.6986647,12.182488,3
2015,10.456907,14.979397,5
2016,-5.7341123,3.6186008,0
2017,7.0913515,6.1647644,1
2018,9.420214,11.573296,6
2019,3.79087,9.814842,1
2020,-3.669139,6.466561,2
2021,6.2015805,10.036345,3
2022,10.9486685,0.25402012,7
2023,7.3833485,6.563689,3
2024,4.0816574,6.1373506,6
2026,5.9564137,11.809922,3
2027,-5.764744,4.2537365,0
2028,14.886631,10.896343,3
2030,6.290828,11.2977495,3
2031,9.820458,13.186922,5
2032,-3.7533565,6.611567,2
2033,12.4085655,9.582247,1
2034,10.025044,3.0948195,7
2035,-6.1122794,4.4332743,0
2037,-4.527173,7.0790777,2
2038,6.8134995,12.919039,1
2039,-5.9577303,3.7821112,0
2040,6.0811377,9.002633,6
2041,6.053608,13.042184,3
2043,10.349767,13.720022,5
2044,-5.721096,5.9094677,2
2045,9.819198,3.3525183,7
2046,-6.082496,4.5280294,0
2047,14.125245,9.767829,1
2048,10.395496,15.076147,5
2049,5.1493154,10.434267,1
2051,14.784921,10.977638,3
2052,-6.0378523,3.3611064,0
2053,8.244861,-0.12620413,7
2055,5.670924,10.307387,1
2056,7.5359054,12.858931,4
2058,-5.708438,6.3591213,2
2059,-3.1586332,5.2071958,0
2061,-3.3002193,7.260373,2
2062,3.9365902,6.8559,6
2063,3.6089535,9.013191,5
2065,10.6993475,-0.27254835,7
2066,4.9758034,10.607556,3
2067,13.704351,9.586357,6
2068,11.101807,13.670159,5
2069,11.318759,8.955336,4
2070,5.8895583,10.708471,3
2071,9.413478,11.483488,6
2072,-5.4608164,4.5658236,0
2075,-3.3851106,4.780984,0
2076,-5.8108954,3.7591608,0
2077,13.570308,9.589072,6
2078,3.8325896,6.742571,6
2081,-4.9906282,4.078099,0
2082,3.4689217,6.983923,6
2083,7.9118237,11.307622,5
2084,6.871826,12.0054245,1
2085,-5.6333685,6.9046826,2
2086,7.5852275,6.506341,3
2087,11.093259,14.910871,4
2089,6.5303683,13.558079,4
2090,3.440293,8.35522,5
2091,-6.197351,4.255251,0
2093,14.373075,11.547713,3
2094,-3.473053,6.503437,2
2095,11.159256,10.785037,3
2098,11.25321,13.870511,5
2099,7.1476016,10.889836,1
2100,13.667184,9.990573,1
2101,11.159088,0.5771678,7
2102,-5.2579217,4.517067,0
2103,6.3256707,7.2588964,3
2104,4.8367314,9.985591,3
2107,12.329705,9.591393,1
2108,-3.0557625,6.8235106,2
2109,10.865307,13.095075,5
2110,3.8565927,10.507651,3
2111,6.485832,12.004465,3
2112,11.301087,11.624401,5
2113,10.164241,12.826851,5
2114,8.800425,10.843639,6
2116,7.523054,-0.99472225,7
2117,3.757619,6.5072646,0
2118,9.429505,11.420745,6
2119,8.087329,12.322513,6
2120,-4.671375,6.751488,2
2121,-5.428345,4.676567,0
2123,5.5059767,7.03723,6
2124,-5.6137195,6.0999856,2
2125,-5.2869997,6.7375326,2
2126,4.6931415,9.329608,1
2127,4.1492004,6.003057,6
2128,-6.58585,6.362712,2
2129,-4.908944,7.179729,2
2130,7.4431877,11.677391,1
2132,7.1430187,11.561783,4
2133,9.800917,3.3419187,7
2134,9.261475,3.6488543,7
2135,9.854632,2.9456096,7
2137,-5.8111153,6.2592874,2
2139,10.397315,-0.28311682,7
2140,4.3555675,9.811914,1
2141,10.377646,11.443887,4
2142,6.7997413,13.303508,3
2144,11.090954,0.17848445,7
2146,11.073951,11.348537,4
2148,12.281096,9.583422,1
2149,7.548938,13.487515,4
2150,10.681119,14.841882,5
2151,12.091045,10.867785,1
2154,-6.084731,3.8695939,0
2155,10.163875,14.806811,5
2156,4.360786,10.359327,3
2157,11.243501,12.772563,5
2158,-3.1387005,4.575322,0
2159,7.807767,13.880144,4
2160,11.470181,0.576744,7
2161,3.3704333,6.4260554,5
2162,6.3478184,9.973591,1
2163,-5.8283772,6.16821,2
2164,13.5482235,9.581437,6
2165,-4.9775434,4.5044146,0
2166,4.4371195,6.2272987,6
2167,13.532316,10.803929,1
2168,-5.0692077,4.2136345,0
2169,-3.7052307,5.8591657,0
2170,4.119956,5.8176074,6
2171,6.0020537,10.99678,3
2172,11.396622,13.688839,5
2173,10.608402,8.366585,6
2174,-5.8824596,4.547355,0
2175,-5.07479,2.7029738,0
2176,3.4431639,10.161941,3
2177,-5.859264,4.673658,0
2178,9.025344,11.812628,6
2179,-2.9204838,6.967256,2
2182,-5.7096777,5.7891564,2
2185,6.142879,10.780093,1
2186,4.089867,6.694515,6
2187,-4.208209,3.8478475,0
2188,-5.585536,3.8915277,0
2189,-4.9854865,7.304155,2
2190,3.4591336,7.2121644,6
2191,10.637413,14.802452,5
2192,-5.858916,4.630574,0
2193,8.699165,10.723895,6
2195,7.313782,12.120347,1
2196,10.850248,0.28773588,7
2197,8.413874,12.008252,4
2199,7.1308894,10.973953,1
2200,8.553675,13.359537,6
2202,7.032203,12.380343,4
2203,11.66499,9.972878,6
2204,5.202832,6.91203,6
2205,-5.971423,4.563463,0
2206,4.1217937,10.254946,3
2207,8.39047,13.429548,6
2209,-3.5847244,7.1843915,2
2210,5.4969287,6.659251,6
2212,-3.5528958,6.7233467,2
2213,14.093902,9.889833,4
2214,-4.6664977,7.468465,2
2215,-5.1830406,4.3701763,0
2216,5.9399242,11.120884,3
2217,-4.811052,4.242674,0
2218,3.7274563,6.9349084,6
2219,9.043565,11.056264,6
2222,7.3825574,5.9695463,1
2223,-3.3617535,5.2455335,2
2224,-5.7919717,5.804994,2
2225,7.0210857,13.606615,4
2226,-5.8587236,3.715383,0
2227,10.57255,0.9137356,7
2228,10.593925,0.23284066,7
2231,6.891453,12.37715,1
2232,14.264885,10.07732,1
2233,-3.3405423,7.262983,2
2234,13.506311,9.573197,6
2236,5.800555,12.2204,3
2237,11.542688,9.798984,5
2238,6.4120994,12.463481,3
2239,11.235189,0.7325263,7
2240,7.555778,13.061198,6
2242,-3.175437,6.9149356,2
2243,-3.820614,6.881022,2
2244,9.459452,11.992606,6
2246,4.7171454,10.411728,3
2247,9.749533,12.734395,5
2248,14.330612,11.382497,3
2249,-2.7413864,5.1115575,0
2250,-6.0717225,6.0054636,2
2251,-4.884441,5.4476185,0
2252,11.103962,14.067045,5
2253,-5.0984178,7.292123,2
2254,10.658922,0.32676062,7
2255,-5.0318565,7.6109304,2
2256,4.599209,10.514045,3
2257,3.5883126,8.460199,5
2259,-5.5306735,6.15674,2
2261,7.6900673,10.709154,6
2263,4.6460676,10.578013,3
2265,11.472332,11.185722,1
2266,-5.1458473,3.5562775,0
2267,6.863152,10.62578,4
2268,10.33514,0.6485736,7
2269,8.572896,12.904901,4
2271,-2.9376595,6.952586,2
2272,3.4345253,7.127918,6
2273,7.7018957,6.472545,3
2274,4.7658463,9.1391945,5
2275,8.073932,-0.21881242,7
2276,10.75383,15.052288,5
2277,11.2487755,10.621798,5
2278,5.3670025,8.047017,6
2279,9.660353,3.263469,7
2280,3.877932,7.515837,6
2281,10.897539,12.383766,5
2285,10.388879,13.231339,5
2286,-6.0075464,6.8723254,2
2288,11.410139,10.769424,1
2289,4.2229137,9.508324,1
2290,-3.5300004,6.687245,2
2291,8.474555,13.526013,7
2292,7.3919067,13.446939,4
2293,14.241637,10.084877,1
2294,11.323117,0.7044937,7
2295,9.538455,12.383616,6
2296,3.4141042,7.025723,6
2297,4.0238905,9.635416,1
2299,4.3353,9.967308,3
2302,7.8191833,12.303911,1
2303,10.029786,3.0560253,7
2304,9.89875,13.786228,5
2305,-5.8197184,6.0759225,2
2306,-3.096706,7.079016,2
2307,6.7036324,6.1753325,1
2309,5.3474374,9.985888,1
2310,9.980634,13.402564,5
2311,7.820893,-0.39640227,7
2312,4.6503315,9.473196,1
2313,7.6375093,6.209953,1
2314,9.835567,3.3414972,7
2315,7.531834,11.622179,2
2316,7.3853087,11.097832,6
2317,11.365564,9.003731,4
2318,4.405561,9.4076185,0
2319,5.8798404,12.21421,3
2320,-5.63024,6.275358,2
2321,8.070404,-0.2628306,7
2323,-6.322923,4.30387,0
2325,6.9756393,5.9688888,1
2326,-5.3520236,4.835489,0
2327,7.307746,11.017312,6
2328,10.711537,0.4856379,7
2329,-6.5393662,3.9529805,0
2330,4.2523737,10.034363,3
2331,10.126484,0.6195189,7
2332,7.905876,-0.3190105,7
2333,-2.7319143,5.6485624,2
2334,11.101634,12.712143,5
2336,13.967984,10.444438,1
2337,7.6501493,-0.8713137,7
2338,8.282656,-1.0674399,7
2339,11.204588,8.83613,6
2340,5.482582,6.9547105,6
2341,10.514408,0.05338914,7
2342,10.744999,0.4804912,7
2343,10.79387,10.64976,3
2344,3.747993,7.5250487,6
2345,8.858387,11.139707,6
2346,7.549805,13.82166,1
2347,3.8040812,6.99897,6
2348,-4.4232306,3.7533476,0
2349,14.021239,10.762911,1
2351,8.528086,12.670068,6
2352,7.196715,10.961683,4
2353,6.2466083,6.6475916,6
2354,9.342813,3.4187055,7
2355,14.511846,11.505155,3
2356,10.631163,13.224818,5
2357,3.5802276,7.03082,6
2358,9.308801,11.425167,6
2359,10.982795,8.6984415,6
2360,10.654001,14.872586,5
2361,-3.035435,6.976301,2
2363,12.2248,10.811425,1
2364,-5.6074615,6.6456175,2
2365,13.078217,10.224517,5
2366,6.778404,11.19213,1
2367,13.35368,9.833017,6
2368,10.93307,0.49365616,7
2369,11.142175,8.738756,6
2370,7.181205,11.097755,4
2372,14.405316,11.45899,3
2373,6.7260294,11.711048,1
2376,7.2812347,11.850405,6
2377,6.34431,10.629269,1
2378,11.736523,11.061584,3
2379,-3.8929284,5.2293386,0
2380,7.1410785,12.705585,1
2381,8.48417,13.269398,4
2382,7.9017296,13.360763,1
2384,14.944207,11.041463,3
2385,8.26728,-1.1079004,7
2386,-3.362467,5.116977,0
2387,-5.8417544,5.8643713,2
2388,10.961375,10.7416935,1
2389,11.068498,0.50576055,7
2392,5.081728,9.408954,4
2393,14.482905,10.337929,3
2394,7.9674406,-0.6609194,7
2395,13.369626,9.739909,6
2397,13.3931675,10.331449,3
2398,-3.1211798,4.5715356,0
2399,-3.7968643,6.8005276,2
2401,10.990729,0.70469904,7
2402,14.223577,11.086356,3
2403,5.9442587,11.900895,3
2404,4.412391,10.161001,3
2405,8.133526,-0.972916,7
2406,-2.9770691,7.1987424,2
2407,6.2897806,13.325453,3
2408,10.837288,8.514671,6
2409,4.657165,10.710166,3
2410,6.7687125,11.741087,3
2411,9.768306,11.695411,6
2412,8.033182,13.716385,4
2413,10.559817,1.0543573,7
2414,-3.3649633,4.8503165,0
2415,10.883326,11.286948,4
2416,11.330763,8.898965,4
2417,5.846457,8.5718355,6
2418,-5.0778933,7.0987344,2
2419,7.3091316,6.4126315,1
2420,14.8966055,11.058697,3
2421,-4.465036,4.207323,0
2422,6.6134,12.964137,3
2423,8.436125,12.628316,5
2424,9.400621,3.6363041,7
2425,8.613775,10.464005,6
2426,10.683229,14.076582,5
2427,7.0817776,12.431792,1
2428,5.2544866,9.676025,1
2431,7.8138404,-0.8106414,7
2432,4.818979,7.073532,6
2433,-3.9191847,6.6922884,2
2435,14.283715,9.69612,1
2437,-4.304744,4.071966,0
2438,8.110551,11.100738,4
2439,4.13148,9.868485,1
2441,-4.580321,5.3988447,0
2443,3.4686258,6.512152,6
2445,12.218752,9.462478,6
2446,13.380812,9.791747,6
2447,11.484867,10.370409,1
2448,13.684758,9.556291,1
2451,6.4686556,10.35306,3
2452,6.6071405,11.169479,3
2453,14.209309,10.143464,1
2456,7.354825,10.510882,4
2457,-3.1056483,7.1861024,2
2458,-4.3231087,7.439308,2
2459,-5.205104,7.3674083,2
2462,7.9134464,6.324641,3
2463,14.527485,11.202099,3
2464,-3.1170666,7.1361313,2
2465,7.129943,6.2110357,1
2466,10.7306385,14.218519,5
2467,-6.202606,6.471869,2
2468,9.967277,3.162891,7
2469,13.721625,10.213667,1
2470,-6.4791274,6.4802766,2
2471,-5.563274,4.1099553,0
2472,10.679173,13.698838,5
2473,14.691756,10.797312,3
2474,4.556053,9.723446,1
2475,10.324203,15.2380295,5
2476,-5.465147,6.140402,2
2478,9.962559,12.924339,5
2479,-3.5345304,7.402543,2
2480,4.365789,8.769919,7
2481,6.4848776,12.980719,3
2482,6.54576,12.915881,1
2483,6.863233,10.358955,4
2484,9.979348,13.684278,5
2485,9.451969,12.149691,6
2487,11.366521,14.039294,5
2488,11.242337,10.84181,1
2490,6.236405,9.730282,1
2491,7.4147563,12.3978815,6
2492,13.997716,10.894421,1
2494,9.92082,14.290246,5
2495,-5.7389684,3.7246463,0
2496,-4.3986397,7.182428,2
2498,10.279816,-0.38116613,7
2499,10.726265,13.507253,5
2500,-5.551321,4.199304,0
2501,3.827763,9.880189,1
2502,3.5724692,9.045575,4
2503,-2.66362,4.894616,0
2504,11.059988,8.672825,6
2505,7.8933086,-0.27076456,7
2506,13.640829,11.008095,1
2507,9.456317,11.830165,6
2509,-5.649194,3.5624783,0
2511,-5.252488,3.8794034,0
2512,-5.9456015,3.4442215,0
2513,3.397413,8.672686,5
2514,5.17646,10.701801,3
2515,-5.42378,3.3923104,0
2517,13.555125,10.746036,1
2518,4.712274,9.082609,1
2520,9.566068,12.95514,5
2521,6.076633,11.609164,3
2522,9.489346,12.165936,6
2524,-6.3832235,4.0193577,0
2525,-6.4729643,6.200832,2
2526,8.0488205,13.865383,4
2528,10.318343,14.518887,5
2529,-3.1041164,5.2899966,0
2530,8.2172785,13.508616,6
2531,5.7407875,12.753268,3
2533,7.8689303,-0.513364,7
2534,-3.6301868,5.329455,0
2536,4.1726766,7.326078,6
2538,-3.7866602,4.861949,0
2541,7.344591,11.2773075,1
2542,10.756788,13.618839,4
2543,8.023633,12.988363,4
2544,8.278889,13.453952,6
2545,-3.8174038,6.793558,2
2546,10.986054,8.652676,6
2547,8.183654,13.519358,4
2548,8.938289,12.773596,6
2549,7.4149714,10.679606,4
2552,6.5793667,13.060267,3
2553,-6.4823194,6.543176,2
2554,-5.8208084,6.3723907,2
2556,-3.4647515,7.06319,2
2557,-5.168786,4.455075,0
2558,7.1936088,12.272554,4
2559,8.142993,12.397336,4
2561,-5.7106757,3.371692,0
2562,12.527371,10.942379,3
2564,5.958928,9.994985,1
2565,-2.6882603,4.8847213,0
2566,4.568788,6.9578795,6
2567,11.0012665,0.5964423,7
2569,14.5163555,11.259208,3
2570,5.079383,7.822716,6
2572,7.3337717,6.3173,1
2573,4.794429,6.4627333,1
2575,10.646095,-0.2969058,7
2576,9.790905,3.1089747,7
2577,6.2617674,12.1046295,3
2580,-5.705416,5.982439,2
2581,8.242035,12.480156,6
2582,-6.1387577,5.986613,2
2583,9.587123,2.8691738,7
2584,4.305798,10.2957735,3
2586,8.215593,13.343687,4
2587,3.9306505,9.833487,1
2588,5.7675877,11.222171,3
2589,-5.71259,3.93995,0
2590,10.314225,15.061635,5
2591,5.936236,11.082888,3
2592,9.44925,3.4437368,7
2593,3.7938647,10.642079,3
2594,-3.0003355,7.0869584,2
2597,6.835032,11.272246,1
2598,9.313547,3.2971973,7
2599,13.860207,10.340762,1
2600,3.703435,9.899621,4
2601,13.838255,10.059343,1
2602,-3.1346803,5.274687,0
2603,8.334522,12.360286,4
2604,10.755832,14.907473,5
2605,8.000272,12.828728,4
2606,-4.1000323,3.8120844,0
2607,3.579061,6.849797,5
2608,6.1875553,12.340046,3
2610,4.243169,10.180751,3
2611,4.9616704,6.96174,6
2612,14.900944,11.0157795,3
2613,8.285279,-1.0860019,7
2614,14.377662,11.023391,3
2615,10.280758,0.6605719,7
2616,4.8272862,7.7346063,6
2617,5.8195944,12.044207,3
2618,11.044636,13.76443,5
2619,5.900857,11.947819,3
2621,7.975012,12.969151,4
2622,7.7717476,12.977202,4
2624,-5.7379365,4.065235,0
2625,11.587014,9.216583,4
2626,9.5012665,12.020575,6
2627,-4.94196,7.368095,2
2628,7.668295,-0.9644309,7
2629,13.223341,10.052387,1
2630,14.124057,9.831216,1
2631,5.7355404,11.791862,3
2632,10.529399,-0.18513185,7
2633,-6.3009386,3.7729397,0
2634,10.584912,-0.18599385,7
2635,-3.262952,4.9468026,0
2636,3.8684728,10.377407,4
2637,8.133668,12.910887,4
2638,-4.8353944,5.3970504,0
2639,3.9110243,7.585648,6
2640,14.851255,11.071447,3
2641,-3.4188774,7.3787994,2
2642,-3.6873212,5.2773886,0
2643,3.8637357,9.346437,1
2644,11.863684,11.089419,3
2645,5.9193726,12.84794,3
2646,9.780925,14.442815,5
2647,11.469685,10.904921,3
2648,14.469572,11.436681,3
2649,-4.6512346,3.6952367,0
2650,7.8751454,12.8794,0
2651,10.644237,14.802802,5
2652,3.7948196,6.238162,6
2653,14.162624,10.33498,1
2654,7.1585608,12.665218,4
2655,4.473063,6.9286427,6
2656,8.0468025,12.09341,5
2657,-5.4074984,3.378257,0
2658,4.300648,10.740132,3
2659,7.6751747,12.342505,1
2660,11.009576,0.3820926,7
2661,-3.2699485,7.1590495,2
2662,10.578083,0.9583738,7
2663,11.155052,10.735992,1
2664,6.592221,12.065853,1
2665,10.523711,14.924756,5
2667,6.154509,10.031449,3
2668,-5.9680233,4.572449,0
2669,-6.313049,3.8775387,0
2670,10.72221,-0.007162491,7
2671,11.143718,8.867357,5
2672,3.4710083,10.140204,3
2674,3.4659438,7.341336,6
2675,9.105298,11.41443,6
2676,10.938485,14.65678,5
2677,15.055391,10.877701,3
2678,7.8268466,6.5904336,3
2680,7.9056106,-0.5460462,7
2681,3.7511396,6.5226083,6
2682,3.2629225,9.7869425,4
2683,6.3307014,11.661582,3
2684,-5.004674,7.367658,2
2685,4.7996755,10.627022,3
2686,8.105757,-0.32047305,7
2690,3.8504622,8.08331,5
2692,7.744795,6.5851398,3
2693,-5.62441,4.8216634,0
2694,14.098512,11.366975,3
2695,7.429898,6.1833005,1
2696,-6.3175583,3.6387038,0
2697,14.291237,11.50905,3
2698,11.16355,14.615668,5
2699,-2.6660833,4.8941693,0
2701,6.7443495,11.4311,1
2702,4.3909817,10.514882,3
2703,13.9989395,10.885969,1
2704,5.994007,12.432073,3
2705,4.2446837,7.4518785,6
2706,10.358234,14.758716,5
2707,7.9404097,6.322354,3
2708,11.594096,11.367177,4
2709,-3.118302,6.8055906,2
2710,7.4792185,11.9375925,4
2711,6.201351,11.478225,3
2712,14.557064,10.670151,3
2713,10.912782,0.091411404,7
2715,9.463415,11.604612,6
2716,13.4825535,9.813443,1
2717,14.380478,10.180643,1
2718,3.3549917,6.4250917,6
2719,11.3403635,8.979615,1
2720,-6.4336157,6.4711113,2
2721,-6.0797114,6.0990458,2
2722,7.812487,-0.5177882,7
2723,-3.0840054,5.2088957,0
2724,8.339498,-0.14758836,6
2725,-5.8647585,5.9815626,2
2727,13.8280945,11.023736,3
2728,4.462158,6.768016,6
2729,5.7172446,12.837876,3
2730,3.5313094,9.608842,1
2732,10.160613,-0.074882224,7
2733,4.1283374,8.971667,6
2734,-4.235701,3.847349,0
2735,3.487184,7.169207,6
2737,3.413551,6.7730947,6
2738,9.952603,13.664675,5
2739,10.538869,-0.4280506,7
2740,3.7868247,6.5297637,6
2741,-6.620639,6.2814283,2
2742,-2.7570934,5.7283363,2
2743,13.650116,10.408211,1
2745,3.7314687,7.2694907,6
2746,-6.2364,6.450986,2
2747,4.752678,9.445002,1
2750,8.454093,12.093133,4
2751,7.221485,13.053111,1
2752,-5.5460525,4.7183156,0
2754,13.38599,10.482155,6
2756,-3.181248,7.0930305,2
2757,-5.3566113,6.3934145,2
2759,7.1476374,10.916113,4
2760,7.643383,13.990606,4
2761,-5.3664703,6.349099,2
2762,7.4981856,12.839525,4
2764,6.8715925,12.694752,1
2766,7.3216505,11.747729,1
2768,9.282997,11.940924,6
2769,4.392784,6.498031,6
2770,4.696342,9.20489,1
2771,14.440039,10.294276,1
2772,4.798436,6.345951,6
2774,-4.776703,4.447668,0
2775,3.6234221,7.4714046,5
2777,3.6287513,10.234521,3
2778,-6.0293493,3.3885639,0
2780,8.90608,11.525007,4
2782,13.907868,10.327001,1
2784,10.596855,12.965853,5
2786,10.382956,15.227053,5
2787,-5.6300645,6.798021,2
2788,-4.130847,3.9539185,0
2789,11.416749,0.6367972,7
2790,7.4207525,6.1358576,1
2792,4.488246,8.668225,4
2793,-4.4308887,7.162333,2
2794,9.902864,13.822065,5
2796,11.318957,0.6906157,7
2797,-6.460334,3.8765938,0
2798,8.231982,13.0573635,6
2799,6.348171,12.028825,3
2800,7.5276136,11.22759,4
2801,-4.0506625,6.7615595,2
2802,3.93721,6.582353,6
2803,-6.6095653,6.2140274,2
2804,4.96774,7.1901984,1
2806,6.490866,10.211098,4
2807,4.5049787,9.266352,1
2808,10.080514,14.685846,5
2809,-5.229456,3.4529822,0
2810,-3.965198,6.460751,2
2811,9.344689,12.0443325,6
2812,13.085422,10.583575,1
2813,6.6775117,13.367074,3
2814,7.470435,10.480587,6
2815,7.0073247,10.546278,6
2818,-5.394644,3.7390933,0
2819,6.837426,13.62151,4
2820,5.5517917,10.258497,3
2821,9.869633,13.583659,5
2822,11.374226,8.990855,1
2823,10.035024,12.903629,5
2824,4.260426,10.1602125,3
2826,8.574047,12.562166,5
2827,7.2605176,13.265414,1
2828,11.711848,11.359472,4
2829,6.541044,9.746792,4
2830,13.996454,10.7736025,1
2832,-5.752379,7.0757685,2
2834,-6.143066,6.8218155,2
2835,-3.5316744,6.291992,2
2836,-2.8997223,5.255464,0
2837,13.407931,10.504322,1
2838,-5.9665933,3.4161785,0
2840,-6.2972608,6.5111113,2
2841,7.802131,13.811529,6
2842,-5.7950673,6.0964494,2
2843,6.27995,13.031605,3
2844,11.467793,14.127969,5
2846,3.4756925,10.413289,3
2847,14.183688,9.888145,1
2848,7.960937,-0.49227512,7
2849,14.6553755,10.621473,1
2850,11.8156395,9.582648,1
2851,6.3176246,13.324844,3
2852,14.468345,11.312381,3
2853,-6.598789,6.34084,2
2854,10.653606,13.563325,5
2855,11.415953,0.59502953,7
2856,9.418481,3.5189612,7
2858,-5.6322846,5.3831916,0
2860,-3.8384144,5.3184495,0
2861,-4.3467064,6.1486006,2
2863,12.566119,10.620359,4
2864,-6.1597776,3.5397654,0
2865,7.0036273,12.320039,1
2866,7.218758,10.652997,4
2867,4.283,8.798812,7
2869,9.283731,11.672312,6
2870,-6.2219067,6.137447,2
2874,-6.3937936,6.380084,2
2875,4.033023,9.482566,1
2877,-3.8229113,4.1456537,0
2878,-3.210899,5.054684,0
2879,-5.920022,3.9616323,0
2880,10.262432,-0.26394635,7
2881,11.317867,8.952586,6
2882,-4.2538066,6.84983,2
2883,10.9433775,0.9152585,7
2884,6.6430697,13.785035,3
2885,14.831553,10.981817,3
2886,14.520691,10.63213,3
2887,4.031187,8.739201,5
2888,4.2845163,10.6908245,3
2890,11.0863905,14.040815,5
2892,11.95123,10.434166,6
2893,7.475562,6.5354767,3
2894,7.5593977,13.12619,4
2896,-4.6347785,7.2588596,2
2897,-6.208785,4.226837,0
2899,8.775296,11.498302,4
2900,13.978645,10.375685,1
2901,9.222714,12.269591,6
2902,-4.244091,6.230547,2
2903,4.9400344,10.294958,3
2904,-6.535382,6.4427605,2
2905,3.8586705,6.356853,4
2906,7.89972,11.544446,4
2907,6.055513,11.798317,3
2908,6.869593,5.8807926,7
2909,8.995987,11.176345,6
2910,6.4056573,12.863307,4
2912,3.8937654,6.712389,6
2913,7.2461677,11.94782,1
2914,9.502393,11.89161,6
2916,4.072175,9.218883,1
2917,4.810228,9.772251,4
2918,-4.502954,3.7443388,0
2919,10.727372,0.011278342,7
2920,10.3706255,-0.19607769,7
2921,4.159985,9.744965,1
2922,9.545225,12.219648,6
2923,-4.2178473,3.8740368,0
2925,-4.6358213,4.4336987,0
2926,-5.779065,6.018162,2
2929,11.797034,9.592684,1
2930,6.0955524,11.920498,3
2932,7.9659286,11.865635,7
2933,9.465232,11.849924,6
2934,-5.586203,6.5794373,2
2935,-4.2154546,6.935253,2
2936,-5.6196065,3.7564569,0
2938,3.7225263,7.55958,6
2939,4.348402,6.3740325,6
2940,-4.5912704,3.942437,0
2942,8.876658,13.3818245,6
2943,13.880281,10.702908,1
2944,13.755536,9.772184,5
2945,5.2361736,9.252811,4
2946,-3.9529586,4.0829697,0
2947,11.520719,10.9221,3
2948,4.9941535,6.65137,6
2949,8.134572,12.901673,4
2951,6.43465,11.667688,3
2952,7.991072,-0.489132,7
2953,6.2442927,13.004004,4
2954,-3.5735729,6.845712,2
2955,8.189904,12.7237425,6
2956,7.595294,11.430836,4
2957,10.496264,-0.2842555,7
2958,-3.2547698,6.5960307,2
2959,-4.961131,5.35374,2
2960,10.692993,14.973959,5
2961,7.3621073,11.890505,1
2962,3.3230264,9.466071,1
2963,8.080566,-0.5581886,7
2965,3.8163052,5.942941,6
2966,12.056728,10.84685,4
2967,3.5959587,9.185705,6
2969,4.646685,8.752308,4
2972,11.599983,11.1975,4
2974,4.6578374,9.146064,4
2975,10.990874,11.5396,4
2976,7.4880557,13.748165,4
2977,5.983502,10.609018,3
2978,11.237148,9.185116,4
2980,7.1741104,10.900383,4
2981,14.432484,10.864087,3
2982,7.323218,11.473696,6
2984,-5.8823957,5.947705,2
2985,14.379783,11.526456,3
2986,6.1828666,10.849687,3
2987,9.469625,11.909305,6
2988,10.037994,3.1427789,7
2989,9.77587,12.697913,5
2991,5.0736465,7.237116,6
2992,4.158735,7.319453,6
2993,11.270084,13.799301,5
2994,7.175401,11.344441,1
2995,14.841085,10.69708,3
2996,-5.955426,4.723696,0
2997,-6.554924,6.2804728,2
2998,3.877962,7.575707,6
3000,11.54067,14.1542845,6
3001,5.65613,6.865837,5
3002,5.922978,13.005296,3
3003,4.76818,7.102281,6
3004,4.588824,6.215589,6
3005,-4.01236,7.0003786,2
3007,9.287967,11.441219,1
3008,-3.0667439,6.9897304,2
3009,4.3169518,6.548308,6
3010,-6.370892,3.523235,0
3011,10.666086,14.966444,5
3012,4.80855,6.451566,6
3013,-5.3630524,3.3935692,0
3015,6.455659,10.254029,1
3017,7.65524,12.323461,6
3019,9.201986,3.567237,1
3020,10.637096,8.380855,6
3021,-6.0396647,6.780428,2
3024,5.9739614,11.224167,1
3025,-6.1471543,6.7056327,2
3026,10.962934,11.079844,4
3028,5.8246474,11.33049,3
3029,13.80647,11.093577,3
3030,10.69885,13.597577,5
3031,10.020367,3.0757241,7
3032,-3.5243015,7.426194,2
3033,-5.2725296,4.8435345,0
3034,-6.371195,4.4223413,0
3035,14.35339,11.042268,3
3036,4.473597,10.726104,3
3037,11.085393,13.687467,5
3038,8.338049,13.558371,4
3039,4.684268,7.1149554,6
3040,-3.8557687,5.17641,0
3041,6.4301434,11.650786,1
3042,14.141905,9.8670225,1
3043,3.4690619,9.267932,4
3044,8.215816,13.568985,4
3045,-6.0453634,3.7183666,0
3046,5.9177322,12.71009,3
3048,-6.053846,5.899451,2
3049,-5.290266,4.128505,0
3050,6.938333,10.312375,6
3051,10.403114,-0.22127254,7
3052,7.5972075,11.125853,4
3053,6.219771,6.82446,6
3054,7.2801456,13.542408,4
3055,14.627849,10.304184,1
3056,10.989458,13.063934,5
3057,10.086498,14.648976,5
3058,8.124547,-0.91990393,7
3059,6.4687395,12.844113,1
3060,6.8287687,13.235429,4
3061,9.5708065,12.655155,4
3062,-6.050179,4.052378,0
3063,9.910697,2.975464,7
3064,14.564299,11.472624,3
3065,-4.059101,7.486974,2
3066,7.9611344,-1.0168959,7
3067,-5.8602653,6.8037276,2
3068,-4.104903,3.7393825,0
3069,3.6598454,6.8888574,6
3070,5.090826,10.711694,3
3071,-5.154384,6.9588327,2
3072,7.7100368,10.598377,7
3073,4.7700357,6.474456,6
3074,4.891569,7.2915273,6
3075,9.420351,3.5888445,7
3076,7.4483995,13.670844,4
3079,4.117129,10.678641,3
3080,4.961553,10.675343,3
3081,10.0665045,14.732064,5
3082,10.475276,14.494847,5
3083,6.046762,12.865003,3
3084,11.986329,9.719937,1
3085,7.3671346,11.68949,6
3086,9.613756,13.516389,5
3087,-3.0362113,5.431821,0
3088,13.105188,10.3270645,1
3089,4.2570105,6.9016385,6
3090,3.9694903,9.042825,1
3091,12.91102,10.335698,5
3092,3.704196,10.506953,3
3093,14.315519,11.541382,3
3094,4.2591586,7.3543415,1
3095,4.092363,8.757131,5
3096,-4.3268743,6.903416,2
3097,3.8814402,7.445517,6
3098,-4.6235976,3.7353308,0
3100,14.624728,10.571927,3
3101,14.460418,11.475433,3
3105,7.1756334,13.21635,4
3106,-3.5597563,5.4466906,0
3107,10.442144,13.929857,5
3110,8.486817,13.585573,4
3112,12.174432,9.4833355,6
3113,10.569891,15.067052,5
3114,10.802763,8.508872,6
3115,-6.0802693,4.100776,0
3116,-3.3947778,6.6557503,2
3117,-6.2840815,6.6853123,2
3118,10.229513,0.37473646,7
3119,9.53418,3.5075011,7
3120,6.0097914,11.062167,3
3121,12.444892,10.629675,4
3122,6.2055697,12.722771,3
3123,6.2203617,6.632549,6
3124,10.883308,11.234111,4
3125,11.257265,0.7178349,7
3126,3.672883,9.710311,1
3128,-5.629587,4.760512,0
3130,6.863124,11.647718,1
3131,-3.331705,4.8558197,0
3132,-3.53982,6.388542,2
3133,4.1229095,9.406079,1
3135,4.849606,6.9182925,6
3136,8.512085,13.268096,4
3138,-4.605878,3.8679328,0
3139,4.993291,9.147868,4
3140,14.644135,10.842429,3
3142,7.559697,-0.92163324,7
3143,7.510151,6.085356,1
3146,6.1343074,12.125224,3
3147,8.370887,12.920684,4
3149,-3.7057168,6.646161,2
3150,4.2190766,10.329668,3
3151,10.390091,15.047963,5
3154,14.164503,9.897477,1
3155,3.3800328,7.19379,6
3156,-3.208067,6.7905273,2
3157,3.887668,9.249591,4
3158,8.201669,-1.0291486,7
3159,14.792108,10.696299,3
3160,6.772294,11.173871,1
3161,3.9232824,6.100463,6
3162,14.584533,10.770893,3
3163,-6.3682857,3.8652813,0
3164,9.952183,3.06564,7
3165,9.4192505,3.5907352,7
3167,9.274233,3.683999,7
3168,-5.8757343,3.403189,0
3169,10.094431,13.352649,5
3170,-4.9257846,3.910454,0
3171,-2.9394789,6.713395,2
3173,3.8527935,9.929685,1
3175,13.271764,10.6247425,1
3176,5.6646223,10.969407,3
3177,3.7045033,7.421328,6
3178,10.589744,-0.49661118,7
3179,-4.764331,7.287295,2
3180,11.155767,13.341943,5
3183,13.807414,9.564744,6
3185,-4.1473374,6.8408337,2
3186,3.28041,9.905387,1
3187,4.9073176,6.452938,6
3188,7.3087363,6.497796,1
3189,4.656475,7.025088,6
3190,3.3106744,8.961278,6
3191,6.365592,12.024855,3
3192,8.833935,10.817903,6
3193,6.519355,11.456879,1
3194,-3.7838202,6.324542,2
3196,6.4253936,10.961002,4
3197,4.021006,10.354784,3
3198,6.20114,12.136194,3
3199,11.182094,13.873272,5
3200,7.591369,11.785377,1
3201,10.829207,14.231428,5
3202,-3.505996,7.4204493,2
3204,6.2772455,12.239385,3
3205,11.180325,10.700146,1
3206,-5.3289995,4.265122,0
3207,4.247248,7.2768674,6
3209,5.145406,9.501257,1
3211,3.8129752,6.390501,6
3213,-5.235847,4.3937182,0
3215,14.46358,10.343416,1
3216,3.2386146,6.524456,6
3219,9.3534775,3.3581092,7
3220,-3.486591,6.403291,2
3221,10.930203,0.88375753,7
3223,-6.375509,6.542197,2
3224,11.2479925,13.380627,5
3225,5.7625623,12.454359,3
3226,7.300057,12.635988,1
3227,4.688555,10.532766,3
3230,8.160777,13.067991,6
3231,8.042208,11.682796,4
3232,10.769165,0.6713593,7
3234,-3.3811047,6.4787498,2
3235,-4.121357,6.938489,2
3236,7.921601,13.749771,4
3237,-5.3273163,4.596581,0
3238,8.228082,-1.0767614,7
3239,-6.279051,4.1560802,0
3240,8.468786,12.754579,6
3241,10.396048,12.920585,6
3242,-4.2313123,6.8586164,2
3243,5.1955442,10.382767,1
3244,10.46667,13.495676,5
3245,-2.9789789,6.8365192,0
3246,6.246755,11.699971,3
3247,5.272713,6.859898,6
3248,-4.0967164,6.8422146,2
3249,3.9855165,10.640883,3
3250,-3.8165205,4.8947563,0
3251,10.4358225,13.244586,5
3252,4.0524096,9.614347,1
3253,9.869581,2.9782572,7
3255,-4.3220634,4.172539,0
3256,14.653809,11.319497,3
3258,5.200515,6.559876,6
3259,6.2598906,12.310417,3
3260,14.534508,10.590415,1
3262,4.085658,5.9338512,6
3263,8.176185,12.889367,6
3264,9.4037485,3.2399805,1
3266,9.630105,12.168062,6
3267,9.888364,14.407587,4
3269,4.359312,6.967309,6
3270,6.5249066,12.412781,3
3271,-6.0313063,4.6112742,0
3272,13.691144,9.585731,6
3273,-5.1974926,4.832952,0
3274,7.481623,13.2735405,4
3275,-4.368913,6.918416,2
3276,-5.934097,5.74522,2
3278,-3.8078399,4.745426,0
3279,-6.089584,6.1490674,2
3280,7.178146,13.673039,4
3282,3.2241423,6.3199477,6
3283,9.59636,3.5218363,7
3285,7.426177,11.569448,4
3286,7.583126,12.512169,6
3287,4.389556,8.977602,6
3288,14.143251,11.230947,3
3289,6.0679455,12.994212,3
3291,14.2021,10.943282,3
3293,3.8561082,9.225909,5
3294,10.836166,10.692964,3
3295,7.00295,12.191227,1
3296,7.2261977,11.528629,1
3297,10.98298,14.013463,5
3298,7.6293488,13.455484,3
3299,10.840467,8.519525,4
3300,7.9274797,11.809934,6
3301,-5.6718664,3.9611933,0
3303,9.042649,11.999648,1
3304,11.9783325,10.624436,5
3306,7.580855,-0.85689616,7
3307,4.6066475,6.2976117,1
3309,-5.4348755,3.8146186,0
3310,10.513498,0.62769765,7
3311,14.4043,11.38283,3
3312,4.6073446,10.333903,3
3314,4.5659547,6.2810397,6
3315,6.3285713,11.185339,3
3316,10.905038,11.331958,1
3317,6.195271,9.776164,6
3319,-5.232621,3.9261153,0
3320,6.57675,12.322051,3
3321,8.178566,-0.9197028,7
3322,-3.0004835,5.166551,0
3323,7.176717,11.413869,4
3324,10.196045,13.278691,5
3325,3.5786667,7.362001,6
3326,9.480601,3.4362679,7
3327,8.40363,-0.7499758,7
3328,11.564022,10.778374,1
3329,11.161178,13.270525,5
3330,-6.3609023,5.999719,2
3332,10.400608,14.943393,5
3333,7.84696,13.700402,4
3334,8.470224,13.146227,4
3335,3.3434944,8.838178,6
3336,-5.763337,6.3537006,2
3337,9.958745,3.151756,7
3338,10.097345,14.848969,5
3339,6.0745873,12.996508,3
3340,10.774034,12.843909,4
3341,7.6227255,-0.8846126,7
3342,-5.8893685,5.509822,2
3343,3.822419,9.388692,6
3344,10.917542,8.619488,4
3345,6.5463095,11.891689,3
3346,10.053218,13.124136,5
3347,5.856699,13.064569,3
3348,5.1817055,10.759522,3
3349,13.821866,9.758317,6
3350,7.183253,5.92703,1
3352,11.240555,9.125106,5
3353,7.370519,12.317886,4
3354,14.76251,11.093708,3
3356,5.756811,10.418043,3
3357,5.2544456,6.7778263,6
3358,3.7364576,7.522323,6
3359,-5.831289,3.3256223,0
3360,8.224494,13.575904,4
3361,9.692883,11.873415,6
3362,-5.894422,7.0090313,2
3363,7.6787486,12.672266,1
3364,14.740151,10.714687,3
3365,5.814259,10.440075,3
3366,4.568063,9.286487,1
3367,14.220303,10.199795,1
3369,7.438895,6.041088,1
3370,-3.4738605,7.4094586,2
3371,-3.531249,5.2864637,0
3372,3.8895915,9.272395,1
3374,10.913682,14.496399,5
3377,4.258633,8.695646,1
3378,13.347604,10.307635,1
3379,7.2503,12.705005,4
3381,7.5194616,11.512275,6
3382,7.850554,-0.29045454,7
3383,-5.259066,4.3971353,0
3384,10.547842,14.045124,5
3387,10.379942,14.673156,5
3389,7.7994747,12.855727,4
3390,6.751663,12.948085,3
3391,6.6690345,10.636417,1
3392,-6.041757,3.7998996,0
3393,4.3997836,9.846806,1
3395,10.673753,11.212974,4
3396,10.432072,14.765068,5
3397,6.4332647,13.673218,3
3398,-2.6907775,4.867511,0
3399,11.402959,9.035267,5
3400,10.533319,13.56396,5
3401,-3.0357451,6.437729,2
3402,-3.9352317,5.1412163,0
3403,4.418096,6.889909,6
3404,6.516678,12.351249,3
3405,8.247198,-1.0563979,7
3406,6.32704,12.419356,3
3407,7.371804,12.519583,6
3408,-5.9264402,3.801253,0
3410,6.9488664,12.737467,3
3411,-5.058388,4.369006,0
3412,10.072844,13.060498,5
3413,4.104209,10.362475,3
3414,-4.330995,4.6698513,0
3415,4.5686617,7.292137,6
3416,10.502666,13.254985,5
3418,8.940704,13.23116,4
3419,8.326024,12.532791,4
3421,10.771751,13.855388,5
3422,7.6888266,12.888953,4
3423,8.418187,13.63963,4
3425,8.173472,-0.60664254,7
3426,14.140333,10.05652,1
3427,-5.59978,5.829659,0
3428,10.679377,0.3504631,7
3430,7.029849,10.378598,6
3431,6.893791,12.432531,1
3432,7.1214647,12.520596,4
3433,13.308641,10.291603,1
3434,-4.3551407,6.964542,6
3435,11.3683,0.6750515,7
3437,-6.114072,6.766832,2
3438,11.3964,13.078672,5
3440,7.800359,11.611989,4
3441,13.723409,10.870922,1
3442,9.982484,14.756137,5
3443,-6.1260343,3.7230272,0
3444,11.451088,11.090403,1
3445,7.6696734,13.257794,1
3446,7.389514,10.817136,4
3447,3.5829382,8.869419,6
3448,-6.5709114,6.3640347,2
3449,3.7114713,9.421955,1
3451,-3.7955234,7.4658294,2
3452,-2.7542305,5.130864,0
3453,9.373582,12.010611,6
3454,7.796904,13.576739,4
3455,-3.3869944,4.752647,0
3456,7.93268,-0.5298197,7
3458,10.175569,-0.08598127,7
3459,6.8201785,12.769511,3
3460,-4.9298472,4.5524616,0
3461,7.56253,13.223644,4
3463,7.8589706,11.687732,5
3464,11.021306,11.329431,4
3465,13.326191,9.831124,6
3466,6.8598094,11.189921,1
3467,4.866276,8.989824,6
3468,11.394615,13.962837,5
3469,4.9856973,7.1600456,6
3470,7.578522,6.5851398,1
3471,7.4991465,11.680518,6
3472,9.815137,12.528074,5
3473,7.976503,11.52903,1
3474,14.477708,11.441721,3
3475,6.620218,11.737113,1
3476,4.7816114,6.6680818,6
3477,5.763342,6.8061504,6
3478,5.8233786,6.994739,5
3479,6.7233605,11.63445,3
3481,3.8720748,10.537823,3
3482,7.9514613,11.80548,6
3483,6.4412766,12.714682,3
3484,14.764762,10.936938,3
3485,-5.0557356,2.7252553,2
3486,7.748782,12.563461,6
3488,-2.88152,4.8040357,0
3489,-2.9721882,7.103332,2
3490,13.891506,10.751617,1
3491,4.840635,7.760399,6
3493,4.069291,10.524371,3
3494,3.3798912,7.123306,6
3495,8.0371475,11.657259,5
3496,-6.1536674,5.755932,2
3497,4.0594015,5.9671974,6
3498,10.759582,10.941087,6
3501,9.795173,3.3380158,7
3502,14.687422,10.151489,1
3504,9.052753,11.183527,5
3505,12.118594,9.712342,3
3507,4.3425846,9.998925,3
3508,8.130067,12.348826,6
3509,6.9703374,6.3978076,1
3511,14.203236,9.885081,1
3513,-5.988919,6.065103,2
3514,3.3216944,6.3639984,6
3515,6.107307,10.584532,1
3516,-5.551209,4.5985036,0
3517,13.605241,9.480725,6
3518,11.275958,14.35427,5
3519,11.299787,8.884113,6
3520,-3.0196698,5.461774,0
3521,5.1448555,10.7983885,3
3522,7.5993714,11.640224,1
3523,9.993364,3.0345619,7
3524,10.884871,13.666352,5
3525,9.235271,3.672479,7
3526,14.041703,9.90084,1
3527,7.932192,-0.41204026,7
3529,-3.2515128,4.6024795,0
3530,6.1418552,11.704006,3
3532,7.840772,13.07251,4
3533,4.8116255,8.462392,1
3534,6.8249316,10.188821,4
3535,13.573348,9.615697,6
3536,-3.2335079,7.1013513,2
3537,10.667094,-0.27279654,7
3538,7.959461,12.885313,6
3539,-4.7947884,4.240421,0
3540,11.2665825,0.6351994,7
3541,3.5967505,6.710822,6
3542,4.936678,7.3001013,6
3543,-2.9720502,5.205679,0
3544,-4.4426694,4.166013,0
3546,3.5862703,6.542063,6
3547,-3.3780944,4.9221873,0
3548,11.04655,10.936572,4
3550,-6.374867,3.5497031,0
3551,4.8615813,9.104527,6
3552,7.4707284,11.604519,1
3553,10.506076,11.566787,4
3554,6.4230566,13.292614,3
3555,4.519751,6.8065195,1
3556,10.924432,11.337242,1
3557,6.828962,13.503265,1
3558,6.2143617,6.737591,6
3560,5.415651,6.7626643,6
3561,8.613393,12.96231,4
3562,4.1123366,10.355646,3
3564,6.4265156,13.594589,4
3565,6.056482,11.457026,3
3566,10.580689,12.865475,5
3567,-2.8792386,6.948963,2
3568,11.759914,9.542141,6
3569,-5.0347614,7.302025,2
3570,10.71779,15.056416,5
3571,10.974126,0.28780508,7
3572,4.2725387,10.738454,3
3573,-4.6009398,4.3907275,0
3574,6.0155334,10.168389,3
3575,10.338222,-0.28100303,7
3576,-3.117586,6.982865,2
3578,11.330429,8.907743,1
3579,7.7153664,13.703978,4
3580,10.735198,13.571267,5
3581,9.748882,2.8896565,7
3582,6.6532946,11.934519,3
3584,5.7443337,6.6707597,6
3585,4.2236114,8.622211,6
3586,13.267701,9.933237,6
3587,-3.3612509,4.8977246,0
3589,11.302929,13.052153,5
3591,4.1051455,8.687787,6
3593,-4.94477,3.7085905,0
3594,11.227013,13.074993,5
3595,3.5356605,9.204521,6
3596,10.342686,1.1119478,7
3597,7.068317,5.936703,1
3598,-6.235598,6.592491,2
3599,13.687433,9.528965,6
3600,3.3328347,6.2486997,6
3601,6.346423,12.939646,4
3602,4.9403186,6.4742517,6
3603,5.5214953,7.4886737,6
3604,-6.05877,6.8661103,2
3605,14.825662,11.111678,3
3607,13.545262,9.92229,1
3608,7.8029804,12.789007,4
3610,7.3687587,10.993851,4
3611,7.624956,12.900172,1
3612,8.807718,11.492395,1
3615,6.7391715,11.589522,6
3616,5.4392343,8.232044,6
3617,-6.319625,4.3509984,0
3618,8.276248,-0.12814243,7
3619,7.940047,12.719258,4
3620,5.961666,12.297169,3
3621,6.2785416,11.743733,3
3622,5.686243,7.2089615,6
3623,8.890769,10.869361,6
3624,4.8913455,7.1917944,6
3625,6.1131682,9.966364,1
3626,6.3904557,13.65319,3
3627,13.328851,9.960453,6
3628,11.32207,0.7131192,7
3629,4.024333,9.545953,1
3631,11.077846,11.40834,4
3633,9.527669,11.947531,6
3639,-5.946454,6.1780896,2
3640,11.337788,13.449128,5
3641,10.867343,0.0055937897,7
3642,14.092458,10.248068,1
3643,7.120454,12.64517,4
3644,5.370981,10.6211605,3
3645,10.225544,0.72697705,1
3646,9.25552,3.728935,7
3647,6.375637,13.066524,4
3648,3.865628,10.491365,3
3649,-3.4570494,5.3299828,0
3650,11.003849,14.33762,5
3652,8.369479,11.850896,4
3653,-4.147857,3.8991122,0
3654,7.103842,12.296778,4
3655,6.3658767,12.381554,3
3656,10.41735,1.1409073,4
3657,4.0535407,9.50571,1
3658,3.2932029,6.53289,6
3660,8.343103,13.665114,4
3661,7.017484,12.582068,1
3662,-5.6851025,5.8032928,2
3664,4.1312246,10.820592,3
3665,-5.9776335,5.9161053,2
3666,-6.0241423,3.9898574,0
3667,14.339268,9.9944315,1
3668,7.6373577,6.607665,3
3669,7.176227,12.919645,1
3670,6.458051,13.084766,3
3671,-6.6404777,6.2809143,2
3672,6.283659,12.641227,4
3674,-5.067409,7.410953,2
3675,-4.7408843,5.1642876,0
3676,-3.3886306,6.944061,2
3677,3.715458,6.026086,6
3679,-4.838847,5.2981453,0
3680,7.5834756,12.329312,6
3681,10.681731,0.2986244,7
3682,4.9340115,6.7354455,4
3684,11.283113,10.688812,6
3689,9.495051,12.232886,6
3690,-5.26915,6.8257337,2
3692,14.5757885,10.463862,1
3693,10.804673,13.527672,5
3694,3.439625,7.2956266,6
3695,7.865368,11.254047,1
3696,-6.354078,6.542011,2
3699,6.957142,11.218242,1
3701,10.996038,12.053574,5
3703,11.040591,0.6013647,7
3704,9.779431,2.8522394,7
3705,7.9683037,-0.35165685,7
3707,-3.4346373,5.3636107,0
3708,13.44634,10.114554,1
3710,11.3415785,8.982838,4
3712,-6.173805,6.8330092,2
3713,3.5011795,7.117452,6
3714,5.6252,12.478575,3
3715,6.237501,7.363816,3
3716,-4.0606837,3.7504632,0
3717,6.9908357,10.622713,4
3718,6.0340233,9.316362,6
3719,6.7343974,12.549725,1
3721,6.06907,9.084199,6
3722,6.610874,11.783306,4
3723,13.580137,10.363059,1
3726,4.309254,10.671032,3
3728,9.626987,11.967853,6
3729,11.136462,0.31193748,7
3732,10.751666,0.34556252,7
3733,13.69801,9.502575,6
3734,10.179032,1.0828036,4
3735,7.3666058,11.46358,6
3736,10.812416,0.58828634,7
3737,6.904157,13.561794,3
3738,14.27011,11.47144,3
3740,7.9301457,6.3432164,3
3743,-4.9830503,7.4295793,2
3745,3.2359836,6.444183,6
3747,-6.615532,6.3420916,2
3748,4.93429,10.054075,4
3749,8.138457,12.688542,5
3751,10.522364,15.098654,5
3752,5.7841544,11.424284,3
3753,-5.5924087,3.3846014,0
3754,7.4099207,12.371861,4
3757,6.12278,11.667221,0
3758,10.604681,13.147446,5
3760,8.466336,13.453607,4
3761,7.7535744,13.383439,1
3762,15.011266,10.843218,3
3763,11.317873,13.396539,5
3765,4.649133,9.501347,1
3766,4.8996983,9.2572975,1
3770,7.888555,13.732012,4
3771,-4.3773694,3.9357066,0
3772,7.57027,13.418037,4
3773,-5.543116,3.8319783,0
3774,3.6227436,7.506703,6
3775,10.878936,0.4302848,7
3776,6.4750366,10.939306,4
3777,7.749403,12.263823,6
3778,11.286003,14.717628,5
3779,10.569105,15.103163,5
3780,-4.7121844,5.4926314,0
3781,11.32448,13.43606,5
3782,10.186702,0.3414587,7
3783,10.147755,14.645273,5
3785,-5.538661,5.881478,2
3786,13.226822,9.965174,6
3789,14.208376,9.968286,1
3790,10.603911,-0.43909824,7
3791,4.870887,9.804395,3
3792,8.378838,-0.97940826,7
3793,4.597143,6.1109457,6
3795,-4.237563,3.7170746,0
3796,-3.553683,6.4627767,2
3797,4.709313,7.013496,6
3798,6.4806085,13.434151,3
3799,5.089227,10.6879225,3
3800,4.1694927,9.337412,1
3801,5.0921474,7.1597643,6
3802,14.424785,11.532804,3
3803,6.1119766,12.394582,3
3805,10.987935,11.520294,4
3806,-2.9631186,4.8674335,0
3807,-3.0856616,7.154529,2
3808,10.758167,13.200682,5
3809,-3.640068,5.3165736,0
3810,4.005981,9.599925,1
3811,-5.7113223,6.322917,2
3812,7.5355887,10.615148,3
3813,-6.119382,6.342501,2
3814,-3.4404724,4.8786097,0
3815,7.7054615,13.099159,4
3816,7.0850787,12.523661,1
3817,5.928759,12.449487,3
3818,4.9142084,9.621002,5
3819,3.379943,7.4450693,5
3821,4.652735,8.878407,6
3822,3.5271227,10.457087,3
3823,10.990512,0.6675207,7
3824,10.981456,8.59955,6
3825,-4.5643997,4.4111843,0
3828,5.968742,11.696462,3
3830,9.241762,11.429699,6
3831,10.552348,-0.35676545,7
3832,7.5930686,6.613917,3
3833,11.462126,13.15502,6
3834,4.671086,10.704152,3
3835,4.5673113,7.561033,6
3836,7.5649705,13.114923,4
3837,10.405105,13.162256,5
3838,9.118796,3.6738117,7
3839,14.882108,11.105632,3
3840,5.348789,10.655021,3
3841,11.300594,10.943659,1
3842,3.3912632,6.931736,6
3843,3.318001,6.289169,6
3844,9.5752125,3.4871798,7
3845,8.0464525,-0.4498877,7
3846,7.6535153,11.604516,0
3848,-5.6333084,3.9474666,0
3849,10.768543,0.05748691,7
3850,4.663615,6.4299593,6
3851,9.269711,11.564321,6
3852,-6.3314695,3.6520352,0
3855,-2.9774892,5.202382,0
3856,5.7804976,6.704695,6
3858,5.004782,9.521116,1
3859,5.6482787,11.119021,3
3860,-5.0648026,2.6792853,2
3861,11.240744,0.8238105,7
3862,10.860385,14.318687,5
3863,-5.607337,4.7134237,0
3864,14.622882,11.4417925,3
3865,-3.202932,6.4074345,2
3866,7.456988,10.875656,6
3867,3.8903596,10.5465355,3
3868,6.7599173,6.037375,7
3869,3.6098893,10.068645,3
3870,-5.118689,7.389246,2
3872,5.0392957,9.832704,4
3873,-5.9795194,6.7565136,2
3874,10.132383,12.929539,1
3875,4.8353257,6.3324237,6
3876,4.294274,10.153392,3
3877,11.282273,0.6282492,7
3878,3.2602222,6.953196,6
3879,3.219809,6.372139,6
3881,7.253646,6.1759925,1
3882,9.85083,13.1789,5
3883,4.3353353,6.061864,6
3884,-4.9343915,4.2068367,0
3887,7.7024155,13.899566,4
3889,-2.7461607,5.3685966,0
3892,5.9308376,11.962295,3
3893,-5.2544923,4.612515,0
3894,3.886665,9.308011,6
3896,7.5974827,12.108135,6
3897,6.6857653,12.535078,1
3899,7.905995,6.4615664,3
3900,6.445692,11.802136,1
3901,7.138899,12.770913,1
3902,-5.4936633,4.057854,0
3903,8.199924,12.535513,5
3904,-3.7568972,6.3239994,2
3905,4.0017304,9.510483,4
3907,13.73916,10.946448,1
3908,11.632399,10.725623,1
3910,-5.2122717,4.6734343,0
3912,9.839446,2.8177416,1
3914,3.587391,9.351462,4
3916,11.083023,8.656857,6
3917,4.0700445,6.169165,5
3918,7.3616467,6.3663654,1
3919,3.5791538,9.988026,1
3920,10.859988,0.9487503,7
3921,4.135712,10.127507,4
3922,4.6146827,9.095264,4
3925,8.711332,13.594381,5
3926,-4.952809,4.2635612,0
3927,7.6304603,6.070834,1
3932,11.983786,9.739126,1
3933,10.956807,12.5104475,5
3934,10.904516,13.4154825,5
3936,7.4543304,13.730178,4
3937,10.904532,10.810034,6
3938,9.364144,11.709106,6
3940,-5.891883,6.377224,2
3942,3.2181234,6.8214803,6
3943,9.638532,12.161183,6
3944,6.9447093,12.61957,4
3946,-6.630901,6.3083506,2
3947,3.493398,8.9872,5
3948,-4.2996397,7.546602,2
3949,5.235137,7.886208,6
3950,-3.0584588,6.7129407,2
3951,-3.809424,6.6107845,2
3952,-3.132571,4.72752,0
3953,7.6639385,11.401203,6
3954,3.8928223,9.980098,1
3955,3.5263999,9.48808,1
3956,5.14545,6.8921127,6
3957,-6.445649,6.3791776,2
3958,14.005936,9.976755,1
3960,11.161238,13.558591,5
3963,3.808742,9.936715,3
3964,5.732826,11.886266,3
3965,10.509979,13.511589,5
3967,9.7282,2.8680415,7
3970,-5.033954,7.191581,0
3971,6.1335583,9.331571,6
3972,3.807118,9.037707,5
3973,-3.078173,6.4181423,2
3974,11.553738,11.41021,4
3976,10.365418,-0.41624132,7
3977,-4.354039,7.3059697,2
3978,4.4416695,6.468056,6
3979,7.910549,-0.56372136,7
3980,10.085364,0.31471574,7
3981,-4.478008,6.92036,2
3982,-3.334624,6.0033584,0
3985,9.985356,3.08577,7
3986,7.04985,11.562842,1
3987,3.613105,8.760687,6
3988,11.121077,0.755559,7
3989,11.847585,9.543931,4
3990,10.187192,14.950223,5
3991,11.183055,0.5292865,7
3992,4.7671437,7.0492263,6
3993,7.7828536,12.039509,6
3994,-5.0790358,2.7756214,2
3995,-5.043707,3.5173645,0
3996,9.514989,12.410918,5
3997,7.7877965,11.2210865,4
3998,-3.268498,5.0092697,0
3999,10.221757,14.592278,5
4000,8.875694,11.160144,6
4002,10.911408,11.045746,7
4003,-2.8554327,5.1104183,0
4004,5.0444746,10.214362,3
4005,-3.7700791,5.126397,0
4007,-6.132681,5.5247774,2
4008,-6.348175,3.813246,0
4009,-4.873808,5.354608,0
4010,5.742194,12.654118,3
4011,7.357925,13.331789,1
4013,14.561224,11.439967,3
4014,-5.877441,6.5332947,2
4015,5.926804,9.821641,6
4016,-4.8988695,7.448525,2
4017,12.715403,10.745001,4
4018,10.81902,11.081903,3
4019,6.4935617,12.011412,1
4020,12.681015,10.66388,4
4021,13.570142,9.707065,6
4022,11.224084,14.610251,5
4023,-5.870189,6.549997,2
4024,14.532547,11.251384,3
4026,5.0729604,6.896269,6
4027,7.9418263,6.338276,3
4028,7.890389,11.114846,7
4029,3.7510433,6.940552,6
4030,-3.1697128,6.911938,2
4031,10.403278,1.0932865,1
4035,10.435375,13.283189,5
4036,5.8634553,10.53004,3
4037,11.1582575,14.059717,5
4038,6.7780323,11.331422,1
4039,10.64092,14.048312,5
4041,-3.3886247,6.3648195,2
4042,4.729188,10.176479,1
4043,-6.618848,6.2583485,2
4044,-3.0728996,7.0460505,2
4045,9.102683,13.1002035,5
4046,3.8786945,10.630847,3
4047,7.081547,12.595559,1
4048,-6.3314757,3.6900635,0
4049,3.9429896,5.9074674,6
4050,-5.6097536,5.92951,2
4051,-5.5503387,4.2439637,0
4052,3.9208815,9.3315525,6
4054,4.2592607,6.3674154,6
4055,8.095806,12.620733,4
4056,5.901623,11.802506,3
4057,-5.1736135,3.8837593,0
4058,9.143387,13.232078,4
4059,4.3455586,10.458689,3
4060,8.323754,13.345703,6
4061,-4.9448457,3.9693334,0
4062,6.180526,10.306478,3
4063,-2.9149623,5.4799304,0
4064,11.8354645,9.649509,1
4065,14.685114,10.707654,3
4066,9.713852,12.528263,6
4068,-4.2567544,4.432424,0
4069,5.533749,6.8164544,5
4070,4.9022336,6.4006824,6
4072,11.384403,14.381805,5
4073,11.251801,13.843251,5
4074,9.410046,12.193215,6
4075,11.810946,9.95331,6
4076,7.2882266,12.269512,4
4077,-5.9016356,6.614911,2
4079,3.4859796,7.3866277,6
4080,-5.635376,4.764397,0
4081,14.509358,11.17943,3
4082,5.3194036,9.166228,5
4083,-5.2635746,3.8893561,0
4085,10.298626,14.993464,5
4086,4.0611444,10.111786,4
4087,10.959482,13.222345,4
4088,-3.937993,7.161475,2
4090,-5.155462,4.683321,0
4091,-4.4951615,3.7409263,0
4092,-5.613039,6.202963,2
4093,-4.7247376,4.1087976,0
4095,13.668336,10.972128,1
4096,8.300082,12.893834,6
4097,7.2780256,6.298747,1
4098,4.4566607,10.201581,3
4099,10.532373,14.588992,5
4100,7.878708,12.113811,6
4101,3.9414573,6.994709,6
4102,8.358123,11.986275,6
4103,-6.046927,4.0961084,0
4104,10.87362,13.35721,5
4106,-3.931937,6.548489,2
4108,4.852664,10.606441,3
4109,3.4077961,9.5784235,1
4110,3.9289072,7.334769,6
4111,7.8584814,11.493453,4
4112,4.309533,6.141869,6
4113,3.539469,7.5610747,6
4114,6.0266023,10.238217,1
4115,4.784799,6.2528872,6
4116,14.91516,11.020909,3
4117,3.30653,10.040705,4
4119,7.0397925,13.347033,4
4121,11.079747,12.60999,5
4123,10.629044,14.060641,5
4128,8.087296,11.725403,6
4129,8.244738,-1.0302896,7
4130,6.4439363,12.425585,3
4132,4.4937544,6.0902166,6
4133,7.3712554,12.067433,4
4134,7.74528,13.279078,4
4136,-4.3344955,7.1171427,2
4137,-4.340695,7.1529765,2
4138,5.75925,6.7034593,6
4140,4.111804,10.186386,3
4141,-3.2759845,4.8375087,0
4142,10.032874,0.6920659,5
4143,10.936698,14.374657,5
4144,10.6795225,8.4031315,6
4145,3.689754,10.535517,3
4146,-3.096579,7.086323,2
4148,6.280923,11.635822,3
4149,6.515563,10.392268,6
4150,10.189642,12.910846,5
4151,14.577661,10.608117,3
4153,11.22615,0.75402987,7
4154,5.700699,12.564679,3
4155,4.633916,7.1168528,6
4156,-5.3669305,7.089327,2
4157,8.510397,13.4146385,4
4158,3.7192323,6.714427,6
4160,-3.7360454,6.400321,2
4161,6.741248,13.777711,3
4162,6.364918,11.817386,4
4163,11.318886,14.11,5
4164,-4.1494217,3.681127,0
4165,7.909246,11.298997,6
4166,10.921186,14.742035,5
4167,-4.3746676,3.7653732,0
4169,8.148185,-0.72474986,7
4170,7.3673663,11.782083,1
4171,4.714386,6.54012,6
4173,10.985501,14.287494,5
4174,4.1623435,5.994779,6
4176,13.869503,10.49103,1
4177,9.5178385,3.5191214,7
4179,7.9749746,11.310969,7
4180,7.8150034,11.943614,6
4181,8.362879,12.063144,5
4182,4.6817384,10.528698,3
4183,11.240859,12.871626,5
4185,-5.7677474,4.2786036,0
4186,6.889965,12.752031,1
4187,11.276267,0.6783958,7
4188,14.685373,11.179259,3
4189,11.104874,0.07185863,7
4190,-4.5521235,4.1347547,0
4193,14.651801,11.392399,3
4194,7.960384,11.77268,4
4195,-5.7736106,5.907825,2
4197,4.0936637,7.2323613,6
4198,10.17106,14.572961,5
4199,5.1475606,9.683432,4
4202,8.109068,13.508662,4
4204,6.6359444,13.392619,3
4205,-5.5850353,4.522338,0
4206,-5.902951,4.096184,0
4207,5.2373686,7.2796116,6
4208,8.134926,-0.58699197,7
4209,6.333119,13.389355,3
4210,6.7839155,12.2382345,3
4211,-6.48452,4.1117897,0
4212,7.6848607,13.815757,4
4213,7.6766095,12.233655,5
4214,-3.2983143,6.591571,2
4215,-5.1509504,2.9842932,2
4217,8.881653,11.202237,6
4218,6.175761,12.711042,3
4221,11.177065,8.760925,4
4222,7.5227404,5.99704,1
4223,3.5227547,7.8100247,1
4224,-6.1351795,3.5849206,0
4225,-5.2467566,3.429364,0
4226,10.639378,13.215008,5
4227,7.3103213,11.67117,1
4228,3.7295659,7.4985957,6
4229,6.91453,10.287761,4
4230,7.968364,-0.5800279,7
4233,14.708135,10.718849,3
4234,10.700494,0.94383305,7
4235,4.535982,9.880284,3
4237,10.810928,-0.033497553,7
4238,-2.972751,5.186593,0
4239,-6.223803,4.3694115,0
4241,9.47144,3.5335503,7
4242,14.51505,11.250959,3
4244,-2.9600432,6.680918,2
4245,-5.452728,5.9221854,2
4246,10.217401,14.987017,5
4247,7.1513047,13.763636,1
4250,-3.129751,4.8947043,0
4251,10.152055,15.189483,5
4253,14.636014,11.326294,3
4254,10.590623,0.7408986,7
4255,6.396931,11.26978,3
4256,4.7727065,10.467957,3
4257,-6.250771,4.501484,0
4258,3.9654155,9.866428,3
4259,6.8890767,10.41449,4
4260,9.222183,3.6888268,7
4261,3.4941785,9.513518,1
4264,8.992184,11.163711,6
4265,10.41125,13.840184,5
4267,7.8288302,11.678377,6
4268,11.287201,14.619715,5
4269,11.308912,11.497247,6
4270,-4.436312,7.0623784,2
4271,-3.9160733,5.05758,0
4272,4.671849,6.299016,6
4273,5.6875076,6.7385516,6
4274,13.593693,9.688487,6
4275,8.758309,13.299149,4
4276,4.2257276,9.546433,1
4277,-2.9214525,4.837088,0
4278,3.1688986,9.448619,1
4281,7.0771093,6.149856,1
4282,4.0113583,10.605069,3
4283,5.54132,8.2731085,5
4284,-3.1444879,4.8056626,0
4285,6.383848,9.97401,1
4286,14.144438,10.255176,1
4287,7.136151,10.500769,4
4288,4.977706,6.5740585,6
4289,8.012749,12.025203,1
4290,-3.6427147,5.765131,0
4291,10.261871,-0.2935428,7
4292,-5.080047,2.6954389,0
4293,10.2145815,-0.22872703,7
4295,-3.2307663,6.9167895,2
4297,9.606781,12.087048,6
4298,9.985479,12.849582,5
4299,10.744396,12.661626,5
4300,5.8002973,12.454591,3
4301,8.80108,12.288084,5
4302,6.685538,6.1387196,6
4303,9.662491,13.515994,5
4305,4.990336,6.538168,6
4307,7.5928726,6.29427,3
4308,5.1269565,9.936171,3
4309,-6.001421,3.2198796,0
4311,-3.630641,6.1140013,2
4312,-3.011021,5.557511,0
4313,4.4208922,10.909408,3
4314,-3.3888252,6.9683127,2
4315,6.155042,13.067864,3
4316,7.541833,11.599965,1
4318,3.8030236,9.051756,4
4319,7.816676,13.40286,4
4320,14.203341,11.525851,3
4321,8.121109,-0.94123495,7
4322,10.483268,-0.1386896,7
4323,8.027797,-1.006104,7
4324,-4.981869,3.5343854,0
4325,-3.1348622,7.1933146,2
4326,11.077527,0.8359593,7
4327,-5.4084735,4.318487,0
4328,9.037939,11.137684,6
4329,-3.009429,5.4368057,0
4330,-3.721039,6.404559,2
4331,5.68673,12.252144,3
4332,8.35504,-0.78873205,7
4333,-5.749808,3.3564405,0
4334,12.482022,10.343364,4
4336,3.4648507,6.2836328,6
4338,4.253802,6.8538895,6
4339,3.6109624,9.68831,4
4343,9.055826,11.445439,6
4344,8.044519,12.498548,6
4345,14.415708,10.613939,4
4346,5.4429164,8.008657,6
4348,4.52524,6.6616497,6
4349,14.508673,11.355655,3
4350,6.091409,10.882131,1
4352,10.298667,13.872402,5
4353,11.098807,14.457281,5
4354,11.025484,0.90426207,7
4356,7.8024297,12.259178,5
4357,-3.057483,6.691377,2
4358,7.029312,12.814566,4
4360,-5.035318,7.634845,2
4361,11.075967,14.953111,4
4362,4.7643557,6.335742,6
4363,13.34358,9.815459,6
4364,-3.1920063,7.04955,2
4367,10.800033,14.12044,5
4368,4.329213,7.1583247,6
4369,-3.9783661,4.5003057,0
4370,11.198191,14.748638,5
4372,9.922951,13.157627,5
4373,3.7395935,6.259806,6
4378,-5.7152576,5.704375,2
4380,13.676196,10.548708,1
4382,3.7477832,6.6867323,6
4383,11.027618,0.44993445,7
4385,9.163376,13.502917,5
4386,-5.7974825,6.042563,2
4387,4.9829783,6.4516234,6
4388,14.359764,10.381667,1
4389,3.385266,7.0357184,6
4392,4.71532,8.990054,6
4394,10.552161,13.971936,5
4395,7.9633155,12.461623,6
4396,10.805611,11.196942,4
4397,4.036557,9.88019,1
4398,14.512369,11.450983,3
4399,8.091944,12.5237875,1
4400,3.9944174,6.8050394,6
4401,9.875115,3.3256974,7
4403,10.587415,12.274708,4
4404,5.2956014,6.5385404,6
4406,4.2469635,10.726122,3
4407,11.260392,9.188653,5
4408,-6.5776873,6.305802,2
4409,10.69709,13.876361,5
4411,10.752018,-0.24453156,7
4412,-4.1381793,6.746626,2
4413,9.520851,12.076971,6
4414,4.723298,6.804455,6
4415,-4.6126003,4.0976334,0
4417,-5.9846854,3.3399546,0
4418,10.328735,0.814771,7
4421,-5.8094125,3.8625464,0
4422,4.3300567,9.6629095,1
4423,-6.218864,3.4027522,0
4424,4.5780993,10.316396,3
4425,4.6211653,9.5809355,1
4427,4.583643,6.5168858,6
4428,8.075109,-0.6812314,7
4429,4.068138,9.35977,6
4430,11.333931,13.892625,5
4433,4.1702237,8.438066,5
4434,3.7389646,6.036483,6
4436,6.7419705,10.479534,1
4438,8.465216,13.407043,6
4439,4.0264773,9.498447,1
4440,7.2414427,12.87934,1
4441,8.53713,12.593685,5
4442,-3.3079398,5.4748545,0
4443,10.758824,-0.050267383,7
4444,7.0414934,10.705271,4
4445,7.3057747,13.295972,1
4446,3.6071975,9.473872,1
4447,-4.271283,3.7728562,0
4448,8.061597,-0.89759403,7
4449,3.3856363,6.420281,6
4450,7.0622973,12.6924095,4
4451,11.137281,14.145813,5
4452,7.3074894,13.102013,4
4453,-5.9392724,3.4319713,0
4455,8.06203,-0.47321898,7
4456,-6.059141,6.868523,2
4458,-3.4174418,7.0372787,2
4459,6.393038,13.321903,4
4461,11.121716,0.47770894,7
4462,7.1413407,13.079324,4
4464,5.804279,10.160215,6
4466,4.924129,7.84965,6
4467,9.540926,12.790203,5
4468,-6.4487576,3.983297,0
4469,9.594449,3.433001,7
4470,-2.9545622,5.0595236,0
4472,5.961388,10.976128,4
4473,-5.1459937,3.5179825,0
4474,10.600838,12.984474,7
4476,10.623752,-0.28275374,7
4477,13.788909,9.854087,1
4478,6.68002,10.169911,4
4480,-6.6878114,6.232448,2
4482,-6.1345882,6.7607245,2
4484,4.7299266,9.239482,6
4485,6.224614,12.382172,3
4489,7.033637,11.518267,4
4490,12.652692,10.785502,1
4492,5.9423056,12.409418,3
4494,7.537278,12.35395,6
4495,6.9246,12.873403,3
4497,13.7203865,10.86251,1
4498,-4.6603436,3.9183836,0
4499,-3.1303742,6.9720364,2
4500,7.3870463,12.429317,4
4502,-5.359169,4.6071944,0
4505,5.7876596,7.5520678,6
4506,-2.9926658,6.944984,2
4507,7.0284405,12.7845,1
4508,7.710335,6.5672536,3
4510,-5.3502045,3.706714,0
4511,8.418507,12.466889,6
4512,4.489136,7.2789702,6
4513,6.187938,6.7423263,6
4515,8.180193,11.172709,5
4516,14.62147,10.038674,1
4517,11.093001,10.682903,3
4518,11.15942,8.75048,5
4520,11.39517,13.218256,5
4521,9.541488,3.5432322,7
4522,3.380467,10.186778,4
4523,5.5559273,8.252214,6
4524,-5.8405066,3.6393292,0
4525,11.002271,0.3451743,7
4527,7.03288,6.1536026,1
4528,10.715682,0.16531457,7
4529,-2.8702605,7.1290445,2
4532,14.13865,9.858492,1
4533,5.026812,8.955395,6
4534,4.408124,6.1318808,6
4536,-4.918498,3.995498,0
4537,-3.0810065,4.8614693,0
4538,7.282809,10.665449,4
4539,6.7069607,6.0819483,1
4540,6.664318,11.634097,1
4541,6.3665395,9.894587,1
4542,-4.373933,4.039892,0
4543,13.422451,10.519486,5
4544,-6.044605,6.9165206,2
4545,4.00637,7.3126917,6
4546,11.246806,14.146001,5
4547,5.9669204,10.055624,3
4548,-5.2643213,3.6711538,0
4549,6.836648,11.941917,1
4550,-5.3254585,6.7523007,2
4551,4.1635284,5.878746,6
4552,3.9699576,6.4574685,6
4553,6.2755127,11.926454,3
4554,-3.257753,7.2168684,2
4556,9.427511,3.5078595,7
4558,3.8684392,6.737647,6
4559,11.08456,8.667078,6
4560,8.694983,12.893808,6
4562,3.9204097,9.440468,1
4563,7.394509,6.014398,1
4564,7.7613864,12.088896,1
4565,7.561836,11.44313,6
4566,11.366191,8.921401,4
4567,9.561675,12.290227,6
4568,8.509985,13.407837,5
4570,3.6796703,7.2091737,6
4571,8.139453,13.545756,5
4572,11.434027,8.949462,6
4574,9.981205,13.60736,5
4575,6.688521,11.535281,3
4576,-3.707254,5.4465666,0
4577,11.098115,13.69496,5
4578,-6.0941787,3.3074017,0
4579,8.755704,10.931608,4
4581,6.499389,11.831298,3
4582,11.024407,0.82678694,7
4583,5.680511,11.264797,3
4584,11.139595,8.758162,4
4585,4.332041,10.491393,3
4586,14.913687,10.933593,3
4587,11.129133,10.923068,4
4588,-3.834921,6.501765,2
4589,6.971537,10.885936,4
4590,6.0215025,10.395893,3
4591,9.443427,12.828126,5
4593,-5.458295,4.493544,0
4594,8.931743,11.363192,6
4595,4.3746758,9.953125,3
4596,6.4707823,12.296945,3
4597,-2.874051,4.830104,0
4598,7.021023,11.195797,4
4599,6.906368,6.1577888,1
4601,-6.4356365,6.48466,2
4602,14.400134,11.556151,3
4603,7.6416373,13.6346445,4
4604,10.890566,0.80857694,7
4605,6.094308,12.675873,3
4606,9.464246,11.72208,6
4607,9.272533,3.6891463,7
4608,3.9389305,7.5876255,6
4609,4.606348,7.1714826,6
4610,11.053817,0.29146478,7
4611,-2.8699121,6.9012756,2
4612,-6.313334,6.5822644,2
4613,-4.0333266,6.6917815,2
4614,4.8577495,7.543523,6
4615,11.329582,0.7008052,7
4616,-5.980566,5.8805532,2
4617,6.902154,10.493791,4
4618,7.193612,12.412447,4
4619,7.732934,12.869583,7
4621,-3.5160582,6.245747,2
4624,3.1723912,6.5450077,6
4625,5.2398486,6.5190744,6
4626,7.908874,-0.36945775,7
4627,9.88462,14.3176155,5
4628,10.464652,14.723024,5
4629,4.940284,6.478599,6
4630,4.3372035,10.655557,3
4631,3.6506028,7.140133,6
4632,6.0166984,12.879922,3
4633,-5.688181,3.2635946,0
4634,7.686516,11.222463,6
4635,-6.346876,6.011096,2
4636,8.071062,12.834005,4
4637,10.511722,14.101821,5
4638,12.257537,9.559989,3
4639,-5.9197583,6.668496,2
4640,7.822322,11.507843,6
4641,4.7088637,9.669873,3
4643,7.4486566,10.413387,4
4644,14.444627,11.374255,3
4645,5.286889,6.5051527,6
4646,7.4926977,12.439092,4
4647,9.260439,11.434872,6
4648,6.149539,11.917703,3
4649,8.625056,12.572483,6
4650,11.469333,11.489421,4
4651,7.4021516,12.509776,1
4652,10.31095,0.042971678,7
4653,6.804397,10.143113,2
4655,-6.2127585,5.908328,2
4656,13.420326,10.199516,1
4657,5.499238,11.861882,1
4660,-2.9375072,6.87084,2
4661,8.246961,13.088873,1
4662,-5.9772835,3.4856899,0
4664,10.6673975,13.723497,5
4665,4.38552,7.026817,6
4666,6.602606,10.24624,4
4667,10.873024,13.614509,5
4668,-3.3718004,6.291397,2
4669,14.869813,10.871336,3
4670,4.5397162,9.213499,6
4671,10.435621,0.011089193,7
4672,-3.6511767,6.2572765,2
4673,5.0741673,6.6851716,6
4674,12.088095,10.400483,5
4675,-5.2278123,4.618247,0
4676,6.617246,11.617943,1
4677,10.220293,-0.25583515,7
4678,6.432891,10.095326,1
4679,10.663193,13.816707,5
4680,6.217547,11.56526,1
4681,8.206943,11.947996,6
4683,11.173217,14.352109,5
4684,-6.4247007,6.118095,2
4685,13.18627,9.988022,6
4686,8.263913,-0.30966976,7
4687,8.247743,13.324582,6
4689,7.977544,-0.9703132,7
4692,11.262499,0.27948257,7
4693,13.718354,11.100387,3
4694,6.341405,11.391299,3
4697,4.1022425,6.025783,6
4699,15.027363,10.866199,3
4702,10.606518,10.828494,1
4703,-4.6247334,7.4963293,2
4704,-2.8843632,4.877541,0
4705,9.845784,2.980428,7
4706,9.152317,11.678867,6
4707,-5.0886703,2.7588804,0
4708,4.640282,6.652866,6
4709,-5.9309063,6.908501,2
4710,-3.9778614,6.708805,2
4712,9.2846985,11.407003,6
4713,4.5099626,9.223372,4
4716,6.451594,11.948025,3
4717,-5.2052584,4.765484,0
4718,-5.060953,2.692219,2
4719,4.992567,8.857254,6
4721,-5.1071444,4.576947,0
4722,4.5357933,10.150598,1
4724,5.6599283,10.30732,3
4726,6.8960567,11.303176,1
4727,4.732062,8.842106,6
4728,7.816157,12.289367,4
4729,8.76619,11.264001,6
4730,4.891727,6.320713,6
4731,11.323817,8.920102,6
4733,3.6932898,9.352437,4
4735,7.1512284,12.631445,1
4736,11.348574,0.7850187,7
4737,6.644425,11.971531,3
4739,11.166555,14.082721,5
4741,7.4597316,12.267953,4
4742,4.4633446,8.7569065,4
4745,11.409608,10.876219,4
4747,7.4400864,13.32044,4
4748,-4.9885535,3.7922308,0
4749,-3.7332606,6.5907173,2
4750,11.222459,14.823753,5
4751,4.411447,9.623889,1
4753,10.025026,12.795681,5
4754,6.1720414,9.538196,3
4755,3.854799,6.9567556,6
4756,3.7913795,7.383208,6
4757,8.216293,13.758188,4
4759,-5.780106,3.5556288,0
4760,5.63219,12.208274,3
4761,10.389073,14.919322,5
4762,14.277736,10.213975,1
4764,13.676458,9.766836,1
4765,8.259995,12.474467,6
4766,3.719712,6.1453967,6
4767,4.831164,6.5362644,6
4768,14.215761,10.04011,1
4769,14.363549,11.500302,3
4771,10.64458,14.539344,5
4772,11.192692,10.686517,3
4774,-4.7419267,4.1307235,0
4775,7.181993,12.740494,1
4776,6.2908006,9.714023,1
4777,7.7964463,-0.75243694,7
4778,7.3079195,13.273695,1
4779,11.072432,0.4036064,7
4781,-3.0944066,5.491331,0
4782,3.9801009,7.2681146,6
4783,8.131176,12.872347,4
4784,4.6704335,10.009828,3
4785,-2.9513443,6.858585,2
4786,14.530169,11.428595,3
4787,-3.5840151,6.356628,2
4790,-2.9453812,6.7097435,0
4791,3.313481,7.203764,6
4792,5.9836206,12.259776,3
4795,6.845358,12.693221,1
4796,-3.241828,7.039464,2
4797,7.772466,11.563715,6
4798,11.273755,14.771102,5
4799,6.6200023,12.150348,3
4801,6.602376,12.892248,1
4803,-3.0884867,7.1328673,2
4804,6.727219,6.1042624,6
4805,-4.7374644,4.290232,0
4806,3.8852744,6.0979886,6
4807,14.620407,11.355313,3
4808,-6.4437375,4.0830097,0
4809,-5.0826535,2.7173896,0
4810,3.463483,10.148685,4
4811,-3.3732834,5.2859983,0
4812,10.383562,-0.17646876,7
4813,6.109157,12.593642,3
4814,14.078359,9.812509,1
4815,10.797156,10.789206,1
4817,10.99775,13.667514,5
4818,-3.104957,7.207186,2
4819,14.25491,10.934166,3
4820,5.8473024,8.743665,6
4821,3.87657,10.257697,1
4824,5.906333,11.721234,3
4826,10.666603,13.769973,5
4827,11.350844,8.888008,4
4828,11.32234,8.922141,4
4829,11.516409,10.699752,3
4830,9.114365,13.113951,6
4831,-5.42716,6.35048,2
4833,-5.340994,6.63757,2
4834,6.2825065,11.689872,4
4835,-3.6317296,5.108916,0
4836,7.2591896,6.265926,1
4837,8.345864,-1.0111692,7
4839,-5.356643,6.9471607,2
4840,13.60348,10.694224,4
4841,9.248105,11.85465,6
4842,7.0088573,12.434238,1
4844,6.2291427,9.914319,3
4846,10.9331665,0.8970461,7
4847,-3.2179396,6.9831777,2
4848,-5.0491457,3.5181243,0
4849,13.810848,9.966846,1
4851,8.773047,11.3214245,6
4852,12.476253,10.567203,1
4853,10.173776,14.808707,5
4854,7.706179,11.598115,4
4855,8.096338,-0.95390177,7
4856,11.741159,9.497577,4
4857,6.752385,12.807982,4
4860,4.281753,6.4178667,6
4862,8.362929,12.909812,4
4863,7.5602965,12.975664,4
4864,6.895212,5.8830037,7
4865,11.413653,13.164153,5
4866,6.6585684,12.043123,4
4868,14.67934,10.681097,3
4869,6.223544,9.715476,1
4871,6.341027,12.173363,3
4872,-5.2636,6.7768626,2
4874,-5.259311,3.8120162,0
4875,8.215978,12.584427,6
4876,8.492231,12.581859,2
4877,9.822661,0.9317025,7
4878,3.4982038,7.386498,6
4879,-5.9412355,3.6039913,0
4880,-5.3091965,3.7297213,0
4881,8.257593,-0.112709105,7
4882,4.523046,10.487354,3
4884,-6.366429,6.494032,2
4885,7.0773892,12.77051,1
4886,9.518557,12.3271,5
4889,6.050117,10.184261,3
4890,6.9204636,10.36022,6
4891,12.746846,10.1331625,5
4892,11.848737,9.776624,3
4893,7.7539372,11.646269,1
4894,8.070618,-0.67807007,7
4896,8.268094,11.367321,5
4897,7.86915,11.30824,4
4898,-4.582776,3.9666874,0
4899,13.956861,9.684736,1
4900,3.5816867,7.390763,6
4901,-3.338894,5.097082,0
4902,5.572123,10.528972,1
4903,13.726957,10.356212,1
4904,6.691459,11.965943,3
4905,3.9359694,9.275569,5
4906,7.879342,-0.98590297,7
4907,6.187165,9.670211,3
4909,6.1274757,12.042359,3
4910,7.7538295,-0.60158086,7
4911,7.9795327,12.356504,6
4912,-5.4832306,6.2156887,2
4913,-5.8861346,6.780564,2
4914,-5.329058,4.217934,0
4916,-3.8300881,4.979985,0
4918,-5.1518717,4.543841,0
4919,5.294757,8.5685835,6
4920,8.989411,11.031302,6
4921,9.62725,3.469731,7
4922,-3.4875426,6.2716103,2
4924,5.389993,10.246045,1
4925,4.195759,10.023327,1
4926,-4.825432,3.859123,0
4927,10.75244,0.39726236,7
4928,4.0713286,9.642362,1
4929,6.261451,12.989404,3
4930,5.0681443,7.905749,6
4931,9.701085,13.696301,5
4932,8.653031,12.925839,6
4933,3.7027392,10.566453,3
4934,7.5200076,11.161245,6
4935,7.1991615,11.296649,4
4936,-5.0315647,3.5207322,0
4937,4.127549,7.4859467,6
4938,3.7988825,9.69461,1
4939,-3.118467,6.1960874,6
4940,4.3227167,9.626264,1
4942,4.1838655,6.1023817,6
4944,10.793443,15.078653,5
4945,-5.9844093,3.4934483,0
4946,4.4961953,7.566805,6
4948,-3.4234488,7.148812,2
4949,3.18797,9.274571,4
4950,11.156285,8.787755,6
4952,-6.546643,6.2269216,2
4953,-3.5085166,6.279763,2
4954,11.196271,12.376989,5
4955,10.194726,14.970459,7
4956,13.365267,9.787251,6
4958,7.856278,13.275636,4
4959,4.5552983,7.5334344,7
4960,6.1179953,12.67301,3
4962,-4.5372825,5.3409925,0
4963,14.446854,10.713453,3
4964,14.619441,11.398711,3
4965,-5.7745523,3.990082,0
4966,4.460678,10.711185,3
4967,14.747265,11.347886,3
4969,3.3373315,7.0618567,6
4970,6.8621135,10.327879,4
4972,7.4111786,13.600901,4
4973,11.195342,12.291076,5
4974,14.737833,11.288489,3
4975,-2.913605,7.0095525,2
4976,-6.504923,6.410721,2
4978,14.525582,11.426557,3
4979,6.872934,13.401011,4
4981,-3.9192472,5.2397285,0
4982,-6.293653,6.5997386,2
4983,14.423043,10.381415,1
4984,3.6947267,8.590503,6
4986,9.170093,11.859768,6
4988,8.843509,13.614867,6
4992,9.94669,13.420995,5
4993,-4.7964997,4.1618743,0
4994,6.1524143,9.716454,6
4995,-2.8306282,5.0248985,0
4996,13.316385,10.04428,6
4998,7.62254,10.788712,4
4999,7.291971,10.817294,4
5000,7.9299636,-0.41692898,7
5001,11.759681,9.414661,5
5002,11.094267,0.910142,7
5003,-5.4461117,3.7669477,0
5004,-6.573892,3.9857209,0
5005,12.173524,9.585384,6
5006,8.396788,-1.1468707,7
5007,-4.603017,3.8329332,0
5009,4.0408883,6.2433314,6
5010,-3.0802336,7.123357,2
5012,8.390957,-0.9806891,7
5013,-5.6517096,6.494248,2
5015,7.9096074,13.006437,6
5016,4.671631,9.796198,1
5017,14.538216,10.5139675,1
5021,7.226348,6.1166296,1
5022,9.03222,11.468312,6
5023,-4.912177,3.9707677,0
5024,7.1026273,10.459117,4
5025,7.376322,11.571778,1
5026,7.8760524,13.779774,4
5027,10.756928,0.1170193,7
5028,8.163566,11.775987,6
5029,9.948717,13.533439,5
5030,5.9290915,10.191337,3
5031,-5.458743,5.875896,2
5034,5.816196,11.821918,3
5035,9.775444,3.3586338,7
5036,10.334655,14.939453,5
5037,13.446209,9.843103,6
5038,6.83684,5.9707494,6
5039,3.4671867,6.95138,6
5040,-4.2443247,7.353458,2
5041,11.334728,8.9218645,6
5042,10.213166,13.166524,5
5043,10.668485,-0.32120603,7
5044,8.600981,13.569281,6
5045,3.9578598,6.4654617,6
5046,3.9738648,6.470753,6
5048,-2.8653305,4.7152805,0
5049,6.8764067,12.952873,3
5050,-4.9654555,7.557953,2
5051,4.0953155,6.0863285,6
5052,7.3027663,11.381906,4
5053,14.443328,11.447943,3
5054,4.412554,10.472207,3
5055,14.403381,10.209149,1
5057,7.5513043,12.082956,6
5058,7.155329,6.1056457,1
5060,14.234838,10.423451,1
5061,11.595725,11.296154,6
5062,6.9823494,12.942997,1
5065,3.7769704,10.41818,3
5066,7.9292297,-0.7079328,7
5067,5.7596846,7.094124,6
5069,9.2662115,12.089998,6
5070,-5.0303316,3.5324664,0
5071,6.7879553,11.808948,1
5072,8.249098,12.9900055,4
5074,-3.9419935,6.5668845,2
5075,13.281269,9.998443,6
5076,4.556461,7.1483474,6
5077,7.1797295,10.688912,5
5078,-3.0126643,7.126733,2
5081,3.3333228,6.387368,6
5082,4.8487425,6.9485245,6
5083,6.2838507,13.21324,3
5085,10.665785,-0.4295524,7
5086,13.442374,9.776972,6
5087,-6.5319633,6.434973,2
5088,8.81445,11.887475,6
5089,6.0425296,12.676533,3
5091,6.1042213,11.486625,3
5092,9.259602,11.702942,6
5093,6.86055,10.327152,4
5094,9.276509,11.377072,6
5096,-5.955865,3.9417663,0
5097,10.970959,12.896034,5
5098,10.403163,14.047059,5
5100,4.0438232,10.666436,3
5101,10.865111,0.062730506,7
5103,7.113987,11.63361,1
5104,5.1409984,6.8547306,6
5105,11.407205,11.449898,7
5106,10.798625,0.9142203,7
5107,-5.3922205,4.894122,0
5108,11.468115,10.8312235,3
5109,-5.5736084,3.730672,0
5110,7.242633,12.074854,1
5111,11.111781,14.378576,5
5112,3.328187,6.3356776,5
5114,7.386837,10.911121,6
5115,14.890824,11.014176,3
5116,-6.00754,6.9993453,2
5117,4.226827,10.537208,3
5118,13.977213,11.227893,3
5119,13.337486,10.313463,1
5120,4.637947,9.088491,6
5121,7.8348103,13.303828,4
5122,7.854073,13.990424,4
5123,-5.5728645,3.5041783,0
5124,6.0559793,12.040204,3
5125,6.5450974,11.805571,3
5126,3.7165344,10.658199,3
5127,4.2600965,9.12088,4
5128,6.483611,13.329669,3
5129,3.7960908,10.65768,3
5130,4.4266605,9.919558,1
5132,-6.0978475,5.987499,2
5133,13.417415,10.485337,1
5134,6.840124,10.721753,4
5135,10.705595,11.4442215,1
5136,9.092463,11.173895,6
5137,3.5671275,6.8765674,6
5138,5.4815316,6.664568,6
5139,10.800517,13.928843,5
5140,-5.8875976,6.8961115,2
5141,13.983826,10.157804,1
5142,7.466379,6.353763,1
5143,-3.402251,6.36921,2
5144,-5.8059278,4.3464584,0
5145,-5.5818396,5.91189,2
5147,10.147169,13.606892,5
5148,4.063353,9.294453,6
5149,-3.8047826,6.3110714,2
5151,5.9166846,11.814114,3
5152,-3.6763623,5.059263,0
5154,13.738447,10.773658,1
5155,-6.147465,4.618538,0
5156,-6.283148,6.438685,2
5157,3.743998,10.088503,1
5159,6.388274,12.508899,3
5160,-4.0177374,3.6431303,0
5161,8.5686455,12.543784,4
5162,7.4397945,6.1821527,1
5163,9.955829,13.022818,5
5164,-5.4201694,4.7919908,0
5165,8.036529,11.367186,4
5166,13.666936,10.150666,1
5167,14.29968,11.233434,3
5168,9.356156,3.3901691,7
5169,6.4616003,11.03732,6
5170,11.459421,9.033141,6
5172,14.532624,10.485839,1
5173,10.515163,12.930714,5
5174,-6.140372,3.2830713,0
5175,8.239972,12.871118,4
5176,3.4270077,7.231325,6
5177,7.432381,13.51521,1
5178,14.276897,10.225388,1
5179,-4.2484517,6.9807267,2
5180,3.5855165,7.279288,6
5181,-5.618139,4.643532,0
5182,-5.7646613,3.8621068,0
5183,6.211516,11.828994,3
5184,14.361576,11.489078,3
5185,10.537159,15.008706,5
5186,14.309908,10.281349,1
5187,10.71408,11.532776,4
5188,-5.809839,4.4530964,0
5189,13.199609,10.041511,6
5190,6.7553816,13.151394,4
5192,6.9055033,11.442914,1
5193,10.088582,1.0363239,7
5194,3.3632362,10.069429,4
5195,-6.2916026,6.5471945,2
5197,-3.8994253,4.7564898,0
5198,8.253336,12.497647,4
5199,6.355854,12.526818,3
5200,-3.4058783,5.968624,2
5201,-3.2171645,7.16088,2
5202,-5.0487523,2.7230148,2
5204,3.517495,7.0116816,6
5208,6.4055567,10.749343,3
5209,11.2855215,11.329275,5
5210,9.744202,13.615749,5
5211,14.412726,10.483171,1
5212,4.6547093,10.603541,3
5213,8.332763,-0.3405859,7
5214,8.086787,11.34602,1
5216,11.168226,14.148783,5
5218,10.669067,10.7073345,3
5219,11.323758,0.7201962,7
5220,5.797774,12.298371,3
5221,5.1019235,7.5497446,6
5222,6.2637973,12.557129,3
5224,4.4889693,6.858014,6
5225,3.8623445,6.7576766,6
5226,6.143088,11.446043,1
5227,-5.6416903,6.222381,2
5228,9.737714,3.4501746,7
5229,13.844447,10.316608,1
5230,7.4560246,11.682296,1
5231,4.925281,9.676185,3
5232,3.7499855,9.303516,1
5233,-3.2658396,6.8753357,2
5234,-3.2302706,4.9462366,0
5235,10.642757,8.38205,6
5236,4.976765,6.496599,1
5237,9.560261,12.145829,6
5239,10.825314,13.409846,5
5240,-5.7423196,5.8544664,2
5241,4.249624,5.966527,6
5243,5.1252456,7.114849,6
5245,5.0260544,8.860188,6
5246,3.500315,7.2001753,6
5247,10.973458,14.08248,5
5248,11.291712,11.444653,4
5249,11.703662,11.166902,4
5250,13.827769,10.578909,1
5251,-6.484476,4.388016,0
5252,8.015913,11.435091,6
5254,14.265817,9.870365,1
5256,9.507921,11.712653,6
5257,8.427376,12.501285,4
5258,11.066692,14.437066,5
5259,7.752485,12.531157,6
5260,10.070021,14.002357,4
5262,-5.554763,5.898609,2
5263,11.24804,14.3328,5
5264,11.7136345,10.886178,1
5265,5.551811,10.553284,3
5266,9.961963,12.985841,5
5267,6.367048,13.152309,3
5269,7.3628173,12.944179,4
5270,10.192593,0.2059276,7
5272,14.802543,11.087569,3
5273,10.222983,14.78163,5
5274,10.5397625,14.523669,5
5275,3.7205596,6.0368834,6
5276,7.231386,12.772815,4
5277,8.019356,-0.67793345,7
5278,4.449969,6.373706,6
5280,10.874881,8.58767,4
5283,4.218021,6.3102236,5
5284,13.692124,10.935415,1
5286,11.292545,0.68349916,7
5287,8.555148,12.406767,4
5288,10.790698,-0.37133563,7
5290,7.136859,12.489945,1
5291,7.9835744,12.570355,5
5292,9.5028925,11.530836,6
5293,5.148046,7.9084563,6
5294,7.88327,10.653686,1
5295,12.652423,10.389543,1
5296,-3.9561603,7.2639675,2
5297,5.9071054,6.741957,6
5298,14.80896,11.189684,3
5300,11.21336,10.615468,4
5301,11.080622,0.56122243,7
5302,13.452841,9.690068,6
5303,4.110951,7.342957,6
5304,-3.2225347,7.001843,2
5305,10.984582,12.949444,5
5307,10.315813,15.138129,5
5308,13.950213,11.151387,3
5309,3.7527783,7.473108,6
5311,8.163972,-0.9578611,7
5312,14.43625,10.242655,1
5313,10.309101,11.8054,1
5314,3.9935734,7.5592813,6
5315,7.14466,13.7347,1
5316,-5.1851826,6.9859557,2
5317,-3.9043515,4.5832734,0
5318,10.704585,10.846784,1
5320,3.2979767,7.0415316,6
5321,6.488168,11.109158,3
5324,6.7115593,13.000535,1
5325,9.830229,3.2404683,7
5327,14.200899,9.891228,1
5329,5.916255,12.462339,3
5331,11.081367,11.541024,4
5332,11.35234,9.005151,4
5333,-3.831314,5.327777,0
5334,6.7739477,11.8739805,1
5335,7.825619,12.1922,6
5336,10.0075245,0.2118388,4
5337,8.077615,13.419076,4
5338,-3.9725518,4.666029,0
5339,4.259974,10.716666,3
5340,14.228449,10.5180025,1
5341,6.834186,12.7744465,3
5342,11.4115715,14.466118,5
5343,6.211633,13.306648,3
5344,-6.319024,3.9434912,0
5345,11.843906,11.26991,4
5346,-6.375845,6.1656814,2
5349,5.1035,10.608403,3
5350,3.5602446,9.216974,6
5351,9.1139345,11.26826,6
5352,9.681354,14.461433,4
5353,-5.9339643,6.319598,2
5354,9.93947,13.03011,5
5357,9.306758,12.544499,1
5358,14.859201,11.10104,3
5359,-3.0151305,7.069493,2
5360,6.274779,9.983946,1
5361,4.1297255,6.615309,6
5362,-2.919466,4.903887,0
5363,-2.8601468,5.2154217,0
5364,-6.590747,6.416049,2
5367,6.3402233,10.344231,3
5368,4.833243,6.3996806,6
5369,8.836543,13.55551,5
5370,7.8025436,13.759752,4
5371,9.073072,11.222266,6
5372,-5.7978973,4.6445413,0
5373,9.096356,11.1795635,6
5374,11.240831,14.118818,5
5376,4.0453753,10.066334,3
5377,10.959976,0.44130883,7
5378,6.872459,13.548175,4
5379,-3.7732396,6.502145,2
5380,8.051335,-0.7625923,7
5381,4.458086,6.2409306,6
5382,-4.3658385,4.5125003,0
5383,8.076159,11.125944,6
5384,-6.0404897,4.72481,0
5385,10.672952,-0.4250792,7
5386,4.871643,9.3419695,1
5387,7.00975,13.165902,4
5388,9.607805,3.4676836,7
5389,12.239,10.665054,1
5390,6.966227,10.12361,4
5392,9.498203,3.6261063,7
5393,14.095633,9.800796,1
5394,4.8266788,7.371365,6
5395,-5.6787863,7.071203,2
5397,9.226629,11.425669,6
5399,7.9849234,11.987277,6
5401,11.315739,14.036026,5
5402,11.586676,9.239609,4
5403,6.7950563,12.229003,1
5404,7.25379,10.807129,4
5406,4.92489,6.4969015,6
5408,10.667324,-0.46213052,7
5409,-4.1042314,3.941684,0
5411,7.0377555,12.847235,4
5413,12.293655,9.563418,1
5416,5.879298,11.220284,3
5417,3.8809268,6.786138,5
5419,10.271363,13.376784,5
5421,4.377653,6.3090153,6
5422,-4.4159527,4.606622,0
5423,10.898672,0.63286644,7
5424,6.367445,9.85044,1
5425,10.523055,-0.3051832,7
5426,7.2557707,12.61685,1
5427,-5.8069744,3.6287956,0
5428,10.272059,13.470284,5
5430,10.007974,13.533526,5
5431,-5.4422774,6.6584945,2
5433,-4.817847,4.3530335,0
5434,10.320312,-0.11149901,7
5435,6.5931144,11.186846,4
5436,4.6472607,9.622481,4
5437,-4.89193,4.211427,0
5438,3.3292947,10.039272,4
5439,7.8838596,-0.5298978,7
5440,-4.4217257,7.390597,2
5441,-2.8355627,6.8801503,2
5442,10.3,0.6797638,4
5443,9.5409355,12.344815,6
5444,7.9433184,-0.3071911,7
5445,-4.694285,3.613516,0
5446,-2.7150443,4.890412,0
5448,11.311384,10.674586,1
5450,10.7479725,0.5843652,7
5451,9.684077,3.4203057,7
5452,6.940205,11.608752,4
5453,5.882675,11.901021,3
5454,11.465078,11.184949,4
5455,7.11162,12.584543,4
5456,3.6815763,6.025984,6
5457,11.299065,8.970457,6
5458,11.215946,8.901467,5
5459,11.281084,0.60097003,7
5460,10.414581,-0.15523902,7
5464,6.2211404,13.083946,3
5466,13.45099,10.114897,1
5467,7.992366,11.6698885,4
5469,13.465398,10.280242,1
5470,13.775009,10.513437,1
5471,7.251674,10.313532,4
5472,10.053427,13.013227,5
5473,7.9427257,11.563626,5
5474,10.1422825,14.47335,5
5475,7.466932,13.250859,1
5476,14.214495,11.166736,3
5477,13.925321,10.560615,1
5479,14.739041,11.407335,3
5480,11.337937,13.579676,5
5481,5.6490684,12.266063,3
5483,11.322641,13.759642,5
5484,13.896345,9.932093,1
5485,7.5391126,13.690397,4
5486,-2.8892324,6.8447824,2
5487,5.659732,10.453832,3
5488,4.9606404,6.9869595,6
5489,14.8804655,11.1167,3
5491,6.008749,12.439275,3
5492,10.712075,8.424872,6
5493,13.109123,9.729282,6
5494,-5.6605425,3.7158792,0
5495,-5.2177367,3.4099026,0
5496,9.179381,11.437601,1
5498,-5.6168017,4.1732526,0
5501,14.115027,9.912692,1
5503,-6.1238284,5.895644,2
5504,-4.8637004,3.7542946,0
5505,6.5641985,13.217058,4
5506,4.277094,9.934936,1
5507,7.1997914,11.9868355,1
5508,7.355503,6.447621,1
5511,-3.342872,5.182052,0
5512,8.510505,13.155359,5
5513,6.1493454,9.832505,1
5514,-5.8821335,4.840744,0
5515,11.151273,0.88721657,7
5516,13.89435,10.927728,1
5517,4.1920485,10.681021,3
5518,14.536272,11.171453,3
5519,10.076685,14.594601,4
5520,13.94898,10.586233,1
5521,-4.1404433,6.797591,2
5523,5.937771,7.4622936,3
5524,-4.181977,3.9545128,0
5525,6.2419295,10.182006,3
5526,4.711976,8.9048195,6
5528,7.045802,12.203843,1
5529,8.781663,13.60887,4
5531,7.703299,12.817677,1
5532,8.140984,-0.9072171,7
5534,3.2894416,9.396165,4
5535,6.4754167,12.693038,1
5536,-6.2476993,6.7490487,2
5537,8.222722,13.389506,1
5538,8.6843605,11.918541,4
5539,6.2878323,6.6499734,1
5540,-6.1404924,3.424414,0
5541,6.0265017,6.901006,5
5543,11.673717,11.260554,3
5544,7.9395776,-0.53140825,7
5545,11.398225,9.048732,6
5546,9.414657,3.5910501,7
5549,5.325382,6.5306,6
5550,8.263207,12.492122,6
5551,5.731995,7.769813,6
5552,10.4315,13.701953,5
5553,7.5807037,11.549033,5
5554,6.2576294,11.8125725,3
5555,4.1521945,6.0745506,6
5556,3.3899086,6.740772,6
5557,3.688139,7.0518265,6
5559,9.534253,11.677214,6
5560,8.274331,12.128211,4
5561,4.6301994,9.461779,1
5562,7.966218,13.016336,4
5563,13.979588,10.887009,1
5564,-3.9170992,4.975278,0
5565,9.968174,0.55475384,7
5566,4.0799,5.869114,6
5567,11.169406,8.852813,1
5568,4.262561,6.5184603,1
5569,9.85132,3.1838734,7
5570,8.239143,12.774338,4
5571,10.821496,10.634993,3
5572,-6.5311127,6.175487,2
5573,-5.1593843,4.2746162,0
5574,8.398696,12.364425,6
5576,10.591141,14.789701,5
5577,3.7005708,9.265243,4
5579,-3.165966,5.284062,0
5580,4.492758,10.578701,3
5581,-5.8991613,5.786372,2
5582,-6.3180876,6.676376,2
5583,8.746949,13.418802,5
5584,4.749393,7.075604,6
5585,8.307919,-1.1109248,7
5587,10.461675,15.2189455,5
5588,3.6739206,9.170658,4
5589,-6.369944,4.2294345,0
5590,11.513081,9.037352,1
5591,14.598343,11.261349,3
5592,-6.580426,4.033091,0
5596,3.984501,9.719653,4
5597,-3.8322759,6.6882334,2
5598,3.5795484,9.444615,4
5599,6.6022296,12.439337,1
5600,3.8158996,8.022889,6
5601,-4.4317102,7.209575,2
5602,11.182408,13.349464,5
5603,11.179534,0.6326243,7
5604,10.518954,11.350667,4
5605,8.056595,11.207643,6
5606,10.181045,13.776426,5
5607,10.41962,-0.3795266,7
5609,10.648779,13.588424,5
5610,4.4458427,9.826783,4
5611,10.98109,14.74296,5
5612,-4.3392124,3.9282572,0
5613,11.213473,0.15854718,7
5614,10.673967,13.963885,5
5615,5.825211,11.38973,3
5616,4.139713,6.227287,6
5617,7.19776,11.892202,1
5618,-4.2563834,7.047002,2
5619,11.264829,10.166423,4
5620,9.483298,13.775121,4
5621,3.9893064,10.336039,3
5623,-3.2298193,6.600771,2
5624,3.5596201,7.4701777,6
5625,14.085163,11.321909,3
5626,10.343685,13.445139,5
5627,8.219064,13.224134,4
5628,5.4075246,10.656488,3
5629,6.4601245,13.126042,4
5631,-6.1924834,4.1597004,0
5632,4.0733266,7.6170154,1
5633,4.5192223,9.410227,6
5634,-6.1615896,4.229845,0
5635,7.4925084,6.044544,1
5636,4.708178,10.657832,3
5639,5.9937377,10.023756,3
5640,9.976686,0.5707584,7
5641,-5.993902,4.6236424,0
5642,-2.8923082,5.7594695,2
5643,7.2614255,11.88673,6
5645,8.097326,12.736797,4
5646,7.3264484,13.7917795,4
5647,13.150961,10.134631,6
5648,9.003278,13.193432,4
5649,4.910597,10.049655,3
5651,4.036346,9.630761,1
5652,-5.0158544,3.8957663,0
5653,6.198589,11.689973,3
5654,3.7971077,9.4559145,1
5655,13.83314,10.956858,3
5656,11.1423435,14.163029,5
5657,7.0031347,10.163378,4
5658,13.688009,9.600135,6
5659,-5.844788,6.536264,2
5660,7.9144936,6.4234023,3
5661,6.132136,6.775259,6
5662,14.120365,10.612336,1
5663,-5.943278,5.924141,2
5665,9.745142,2.80212,3
5666,-5.2689185,4.082675,0
5667,3.9069793,8.555674,5
5668,-6.4444957,4.058493,0
5669,-5.532163,6.193343,2
5670,9.857283,2.889189,7
5672,6.5024033,10.9556055,1
5673,5.904674,12.153059,3
5674,14.039324,11.485675,3
5675,6.304119,13.263445,3
5678,4.365471,6.2549624,6
5680,7.1553383,12.636896,1
5681,10.55009,11.154815,1
5682,14.10471,10.021832,1
5683,3.3887458,9.520369,4
5685,10.276668,14.35809,5
5686,5.148778,9.830193,3
5687,11.086624,0.8182143,7
5689,9.648102,12.860031,5
5690,4.3417,10.731197,3
5691,6.396941,10.28248,3
5692,10.384698,8.362704,6
5693,-3.0130365,4.7934833,0
5696,5.9800353,13.170471,3
5697,7.1837106,13.216377,1
5699,13.321094,10.143378,1
5700,4.9066544,10.02123,1
5701,6.6725287,6.1067934,1
5703,7.2340374,13.833687,4
5704,-2.962879,6.350663,2
5705,5.838024,12.026052,3
5706,11.768596,10.659927,1
5707,7.155445,11.151036,6
5709,5.2600675,7.844673,6
5710,3.6274676,9.360847,1
5711,3.6359339,9.202814,1
5712,9.156123,12.146042,6
5713,8.702865,13.069296,5
5714,10.24237,14.840399,5
5715,7.66116,6.1325264,1
5716,8.165106,-0.6411957,7
5717,7.4645596,6.3605776,3
5718,14.020587,10.791316,1
5719,11.381323,13.964021,5
5721,7.925675,6.4355464,3
5723,7.532266,10.715728,4
5724,14.398603,11.562903,3
5725,10.561119,13.615335,7
5727,10.920593,14.904169,5
5729,7.484025,12.459332,4
5730,-3.9767876,4.196922,0
5731,7.584596,11.775504,1
5732,-3.1785836,6.4641895,2
5733,-3.7833006,6.2493477,2
5734,10.390993,12.860398,5
5735,6.0106206,12.248891,3
5736,4.866389,9.656491,1
5737,10.733606,0.7963234,7
5739,-2.977691,5.2454453,0
5740,-5.4510245,3.6964042,0
5741,3.5489063,7.2150717,6
5742,11.158493,8.771812,6
5744,11.130821,8.717887,4
5746,14.041718,11.025444,3
5747,11.10012,0.48157465,7
5748,11.447084,14.187934,5
5749,4.3175793,6.884819,6
5750,10.711042,13.988172,5
5751,7.4052854,13.938255,4
5752,3.8836315,7.549904,6
5753,-6.0711374,4.031425,0
5754,7.853964,11.737715,6
5755,4.577375,9.233207,1
5756,6.8429923,12.911728,1
5758,11.364985,13.550197,5
5759,4.0355453,6.504075,6
5760,-3.1216338,7.1502333,2
5762,7.945402,6.377453,3
5765,-3.7142878,4.979268,0
5766,13.708682,10.621464,1
5767,6.9298744,12.997401,4
5768,10.829203,14.005732,5
5769,7.602633,10.834132,6
5770,4.475205,7.4563093,6
5771,8.2607565,11.878153,5
5772,9.33,11.529474,6
5774,5.802912,10.974397,3
5775,11.292836,0.6816743,7
5776,-5.5888624,6.1542115,2
5777,11.185187,8.8779335,6
5778,9.711589,13.16977,5
5780,11.179094,13.366729,5
5782,9.848586,12.808979,5
5783,12.955726,10.329437,5
5784,-6.462208,6.0935125,2
5785,12.9744005,9.451575,6
5786,8.174317,-0.93294215,7
5787,11.663226,11.240949,4
5788,11.08558,14.050424,5
5789,3.874987,7.040449,6
5790,7.874367,6.1765723,4
5792,10.452196,13.685269,5
5793,6.5661936,10.353635,4
5794,-5.783655,5.8668633,2
5795,8.462531,12.724658,4
5797,13.689422,10.709893,1
5799,9.473603,3.5657003,7
5800,10.268744,0.8619361,7
5801,7.2653646,5.968691,1
5802,13.43951,10.50516,1
5803,4.0265574,9.459979,1
5804,-3.0112717,7.223648,2
5805,7.6934175,11.417055,4
5806,10.351071,0.08682168,7
5807,-4.0863233,6.812476,2
5808,10.110976,13.475229,5
5809,14.9697275,10.86415,3
5810,10.469699,12.829033,7
5811,4.051372,10.556433,3
5814,11.35464,0.4424236,7
5815,7.157456,13.714651,1
5817,5.054117,6.760746,6
5818,13.305234,10.053523,6
5819,8.969013,11.178193,6
5820,11.172401,14.325561,5
5821,3.8753526,7.183577,6
5822,7.9258003,6.401453,3
5824,9.99242,3.0865865,7
5825,3.3589,6.397469,6
5826,-5.5980725,3.6395087,0
5827,14.163366,11.13332,3
5828,7.8966413,13.54074,4
5829,7.144898,12.667211,1
5830,-5.74838,5.8539085,2
5833,10.759385,10.774116,1
5834,10.664936,0.60656404,7
5835,-3.7394755,6.7096896,2
5836,11.817109,10.585771,6
5837,10.9513855,14.069653,5
5838,6.174001,9.672642,1
5839,-3.9406807,4.014786,0
5840,-2.9816482,6.9641504,2
5841,3.3056462,6.2813025,6
5845,-5.6513624,3.4011238,0
5846,14.831777,11.228617,3
5847,4.63427,9.2687435,1
5848,11.784921,10.87151,3
5849,10.14851,13.515999,5
5850,6.378489,12.597798,3
5851,-4.4936576,3.763107,0
5852,-3.7397912,5.3843265,0
5853,6.7584248,6.038083,1
5854,7.2992187,5.899458,1
5857,11.414417,11.151017,1
5858,13.929746,10.586561,1
5860,-5.831146,5.69555,2
5861,10.332222,14.854579,4
5862,6.836411,12.822262,4
5863,6.0419097,12.612246,3
5864,-5.9610667,6.2935853,2
5865,6.29531,12.930132,3
5866,5.5975585,10.0391865,4
5867,-5.4608603,3.4741602,0
5868,7.757731,-0.5191366,7
5869,11.133761,0.75360495,7
5870,8.16685,-0.33803248,7
5871,4.010038,9.951094,3
5872,5.8423243,10.266921,1
5874,11.2667,9.037936,6
5875,10.457528,-0.36838984,7
5876,10.444177,14.898527,5
5877,14.55559,10.007444,1
5878,13.533601,9.700891,6
5879,4.7876935,9.276936,4
5880,7.185511,11.012057,4
5881,-3.340049,5.0807767,0
5882,-3.2590632,4.8790927,0
5883,10.601362,-0.1750175,7
5884,-3.9120138,5.1749845,0
5885,-6.4727182,6.324391,2
5886,6.2117143,12.495074,3
5887,4.4596796,6.8023663,6
5888,6.9226136,5.8664823,1
5889,-6.177257,4.285711,0
5891,-3.0991485,6.921255,2
5892,11.169182,8.83023,4
5893,13.948884,10.582828,1
5895,8.118525,11.567808,4
5896,5.665629,8.270134,6
5897,4.3147774,6.99504,6
5898,8.008583,12.370103,6
5901,8.196155,11.920699,4
5903,11.165569,10.619202,1
5904,5.6468115,10.806444,3
5905,4.7282467,9.235796,1
5906,11.615805,11.010333,4
5908,-4.2510386,3.8017035,0
5909,9.877766,2.9346235,7
5910,5.812974,12.841416,3
5912,11.31596,0.64068645,7
5913,4.078068,10.807521,3
5914,11.28961,14.385197,5
5916,11.292229,0.7893807,7
5918,3.7591362,9.24153,6
5920,13.485771,9.857261,1
5921,7.771872,12.695201,1
5922,-3.332677,4.89623,0
5923,6.220202,11.640504,3
5924,6.2799687,6.9950542,1
5926,8.406398,12.926173,5
5927,8.170363,13.00493,4
5928,3.9562159,9.615662,1
5929,4.6543183,9.282679,6
5932,-5.810202,4.862394,0
5933,7.0976973,12.181103,1
5934,5.1765995,10.21429,3
5936,-2.7716477,5.0355024,0
5937,10.107742,13.503505,4
5938,-3.1897466,4.832794,0
5939,7.8477774,-0.46158803,7
5941,10.190728,0.6789489,1
5942,-6.564508,6.0497994,2
5943,3.8433776,9.240161,6
5945,7.9130144,11.453546,5
5946,11.68874,9.242793,6
5947,7.687684,12.064311,1
5948,6.7697635,12.517596,1
5949,-3.7122815,5.1761293,0
5950,-3.8499906,7.456592,2
5952,7.3183694,11.608309,4
5953,4.3532896,10.572912,3
5954,7.1916685,12.724475,1
5955,8.422827,11.993891,1
5956,-6.411624,6.2107463,2
5957,8.559169,13.1826515,6
5958,-3.9918964,6.4743433,2
5960,-4.2668056,4.0447783,0
5961,-4.6271496,5.3525314,0
5962,3.7136757,9.787549,1
5964,6.180204,11.068486,4
5965,-6.3333435,4.2663445,0
5966,-4.7558336,4.041703,0
5968,8.282842,13.081542,6
5969,-6.620724,6.3680067,2
5970,3.689767,7.059884,6
5971,11.014303,0.44915664,7
5972,5.7073703,12.932373,3
5973,7.38754,11.280765,4
5974,14.753441,11.260366,3
5976,4.299545,8.802887,5
5977,6.333601,9.651735,6
5978,4.6090126,6.65855,6
5979,4.5123577,6.9514337,6
5980,4.8173776,9.018454,6
5981,10.253178,13.4150715,5
5982,-2.879925,5.385095,0
5983,12.883195,11.124591,3
5985,10.12747,0.1054141,7
5986,7.1911473,13.719543,4
5987,4.2989116,10.132757,4
5988,11.157335,14.305272,5
5989,-3.495381,5.510358,0
5990,3.7114766,6.907191,6
5991,7.233143,10.460358,5
5992,3.6470869,9.980402,3
5994,-3.3280628,7.3355217,2
5995,8.022556,-0.72682786,7
5996,15.027667,10.919863,3
5997,-6.383026,6.1925325,2
5998,-6.54942,6.4214416,2
5999,4.825964,6.3830976,6
6000,10.97881,14.242399,5
6001,-5.4945297,6.499353,2
6002,4.127137,10.413033,3
6003,10.38502,0.26527688,7
6004,-3.5239697,7.2068744,2
6005,6.1715555,9.770552,6
6006,-5.291729,4.6024547,0
6007,-3.5682874,7.3638105,2
6008,-3.5802386,5.1778417,0
6009,5.0128484,8.907539,6
6010,8.957179,11.275035,6
6011,-6.042869,6.5002155,2
6012,10.628707,10.587531,3
6013,8.256978,-1.0687028,7
6014,7.9286556,11.663271,4
6015,10.434896,14.730584,5
6017,10.645207,0.1902889,7
6020,9.630683,13.456948,5
6021,6.7927403,10.366487,4
6022,11.164695,8.672596,6
6023,7.904515,-0.92522836,7
6024,11.723662,9.636024,1
6025,4.2814074,7.3165293,6
6026,4.5418487,6.828028,6
6027,9.801278,3.3416388,7
6028,9.350691,12.02514,6
6029,9.576909,12.15787,6
6030,10.084489,14.853998,5
6031,8.4380665,-0.87131095,7
6033,3.9949732,9.310693,1
6034,9.767679,3.3713512,7
6035,14.555063,11.426932,3
6036,13.616634,11.0699005,3
6039,6.27902,13.173543,3
6040,4.9006624,6.724965,6
6041,11.227222,0.660803,7
6043,4.6935644,9.277731,1
6044,13.221233,9.878558,6
6045,-5.7968397,5.719895,2
6046,-6.531196,4.0881968,0
6047,6.715684,13.653252,4
6048,11.186254,11.416555,4
6049,6.608533,13.017546,3
6050,3.8282037,6.1825633,6
6051,10.924642,12.692793,5
6052,7.8667603,11.509835,6
6054,5.8212132,11.359709,3
6056,-4.0148554,7.176056,2
6057,-4.1923723,6.7629924,2
6058,10.621505,0.8950879,7
6059,-3.8207133,6.3069396,2
6060,-3.8278587,6.5720186,2
6061,4.2593503,7.3142285,6
6062,10.080273,0.86946803,7
6063,-5.653963,4.6752453,0
6065,7.325335,12.92366,4
6066,13.673327,10.386643,1
6068,10.738358,13.920408,5
6070,8.995819,11.640701,6
6071,7.839506,11.524375,6
6072,8.246582,-1.0441613,7
6073,10.880644,13.202096,5
6074,8.036342,13.36634,4
6075,14.25505,10.842978,1
6076,7.6953034,13.588369,4
6077,14.799647,11.039796,3
6078,14.194877,10.531468,3
6079,7.3990912,11.444557,6
6080,12.214836,10.183588,1
6081,6.5850077,13.514206,1
6082,-5.223569,4.666182,0
6083,-3.1117198,5.1978354,0
6084,10.600293,15.076191,5
6085,10.461352,-0.12950106,7
6087,11.74949,9.618626,3
6088,10.977491,11.213304,4
6089,13.705127,9.506563,6
6091,8.884402,11.918371,6
6092,13.290198,10.8475,1
6094,7.59044,10.838502,4
6095,10.102122,13.521992,5
6097,10.776742,14.143176,5
6098,11.879408,9.547824,4
6099,7.416499,11.402409,1
6100,6.812023,6.0031576,7
6101,4.2051363,6.306719,6
6102,-6.4154587,6.3781238,2
6103,9.487984,3.2831047,1
6105,11.333992,8.932814,4
6106,4.16516,9.2779045,6
6107,3.2381914,6.9986367,4
6108,5.685271,11.810544,3
6109,4.112101,9.752702,4
6110,-4.1553655,4.9463735,0
6111,10.855552,12.833544,5
6112,-5.0604863,2.6844616,2
6113,-5.452512,4.857724,0
6114,-4.3597417,7.4373407,2
6115,10.866851,8.530402,4
6116,4.656883,7.2349524,6
6117,5.8185086,11.531043,3
6118,-6.0037193,3.5160165,0
6119,-3.6361706,6.817859,2
6120,11.010383,13.364232,5
6121,-6.1455727,6.749814,2
6122,6.43065,13.2060995,4
6123,9.14781,11.907332,6
6124,3.869218,6.1528,6
6125,3.7717364,8.662667,6
6126,4.6131973,10.067455,1
6127,-5.147994,3.5453355,0
6128,-3.8166962,7.51618,2
6129,6.2998157,12.24622,3
6130,7.621772,11.500599,6
6131,7.539597,13.158942,4
6132,6.3454304,11.467463,3
6134,3.683152,8.548469,6
6135,12.192657,9.558116,3
6136,7.6755476,12.370263,1
6137,7.246609,6.182037,1
6139,-5.0398197,7.358841,2
6141,11.315576,10.904405,3
6142,4.858866,7.383616,6
6143,6.5680175,10.244071,6
6144,3.943903,7.318646,6
6145,13.7700815,10.293098,1
6146,10.94034,12.636443,5
6147,-4.0583324,6.240263,2
6148,3.2181983,6.433992,6
6149,11.479433,10.606342,1
6151,8.104162,-0.5857071,7
6153,14.916308,11.05319,3
6154,10.895736,0.06366449,7
6155,6.4530106,12.319749,3
6156,4.502656,7.4973416,0
6158,-6.135426,6.837252,2
6159,6.0317297,11.443884,3
6160,10.893088,10.90565,4
6161,5.732043,12.367969,3
6162,10.556265,11.03758,1
6164,11.039489,14.698664,5
6165,9.473392,11.559454,6
6166,14.394903,11.480545,3
6168,11.200584,0.23487757,7
6169,7.1737924,11.162309,4
6170,11.272197,9.18487,2
6171,9.790936,3.380277,7
6172,5.9714465,10.4191065,3
6175,9.205642,11.686731,6
6176,-3.0515928,7.0299315,2
6179,10.754517,8.486325,6
6180,-2.937577,6.776185,2
6181,7.437332,13.183804,4
6182,13.760176,10.057154,1
6183,9.789497,2.8615658,7
6184,7.0359993,11.19523,4
6185,-5.9002786,4.4396935,0
6186,-6.639092,6.3387012,2
6187,6.7700596,6.078695,1
6188,7.399366,13.627971,1
6190,14.18679,10.6588545,1
6191,9.130912,11.911844,6
6193,10.902954,11.578855,5
6194,9.630928,2.9299145,1
6195,6.366616,13.203717,3
6196,3.2003345,9.617553,4
6198,9.77458,3.0298197,7
6199,-2.8459136,6.9379897,2
6200,-5.7491407,7.1002264,2
6201,5.8591413,11.384739,3
6202,4.553467,10.414532,3
6203,4.8186235,9.560825,1
6204,10.981615,14.830206,5
6205,11.89474,9.757174,3
6206,-5.818135,5.876642,2
6207,-4.87676,4.2692513,0
6208,8.195833,13.11973,5
6209,-4.2082467,4.3943896,0
6210,4.053499,6.2824054,1
6211,8.39242,12.90493,4
6212,6.432716,6.350033,1
6213,14.422589,10.564349,1
6214,9.574324,3.5047767,7
6215,14.963471,10.935633,3
6217,-3.5364377,4.7583594,0
6218,10.94486,11.399294,6
6219,-3.4860463,6.5509152,2
6220,-2.7470658,5.1368628,0
6222,7.941122,12.122735,6
6226,9.993862,14.472996,5
6227,14.373492,10.495488,1
6228,-3.0538797,6.2681713,2
6229,8.303969,11.236692,1
6231,12.992105,10.568002,1
6233,14.635715,10.408901,3
6234,-4.8108134,5.1540194,0
6235,7.718379,11.722154,1
6236,8.11115,-0.23347506,7
6238,10.964002,13.759965,5
6241,4.429277,8.997046,4
6242,3.5989685,6.964509,1
6243,10.624163,-0.16474983,7
6244,10.934324,11.174482,4
6245,7.228361,12.135934,1
6247,-6.5647473,6.1773195,2
6248,5.078356,10.6724415,3
6249,6.7449,12.188825,1
6250,6.967873,10.707114,3
6253,10.839394,0.84502476,4
6255,8.007567,-0.5790949,7
6256,8.131938,12.977744,4
6258,5.6333914,11.19652,3
6259,-4.972585,7.206355,2
6260,4.1902823,10.583828,3
6261,11.384765,13.358019,7
6263,7.5078497,12.976568,4
6264,-4.842941,3.9583676,0
6265,11.296778,14.802945,5
6266,11.398109,11.533435,4
6267,-5.3601093,6.6229997,2
6268,10.277652,0.035330314,7
6269,4.341113,10.295019,3
6270,8.124843,11.846186,6
6272,7.5223184,10.799607,4
6274,4.638,9.318688,1
6275,3.5163438,6.28112,6
6276,9.501373,3.4824834,7
6277,8.599867,13.046627,6
6278,5.009145,10.263629,3
6279,3.4065833,6.7226543,6
6280,8.174004,13.09872,6
6281,-3.1142578,7.0336685,2
6282,7.4153247,6.591393,3
6284,10.855285,0.52107376,7
6285,11.238743,10.483992,3
6286,10.428334,13.199272,5
6287,7.5245333,6.470599,1
6288,10.829859,12.900377,4
6289,10.858559,15.012691,5
6290,-5.926968,6.2034793,2
6292,6.693343,10.097808,4
6293,11.325518,0.3591465,7
6294,6.566641,12.385333,1
6295,14.312523,11.556198,3
6296,7.00456,13.565688,4
6297,10.788413,10.606608,3
6298,4.796203,9.381716,1
6299,7.3534894,13.967975,4
6300,4.7584705,6.385793,6
6301,5.2469726,9.420828,1
6302,10.364387,13.556821,5
6303,-5.93702,5.9713182,2
6305,11.362962,0.68744177,7
6306,6.3052254,11.630857,3
6307,6.650191,11.571504,3
6309,-6.614752,6.272321,2
6310,4.275651,10.245316,3
6311,7.1662,11.380193,1
6312,-3.242046,4.7288656,0
6314,11.294077,0.53356457,7
6317,14.444525,10.291079,1
6318,13.275811,9.932074,6
6320,8.8419,11.117863,6
6321,-3.4206426,7.253807,2
6322,3.899109,9.426574,1
6323,8.9700365,11.123211,6
6324,4.4211063,6.153481,6
6325,13.431755,9.79458,6
6326,10.969067,12.633219,5
6328,9.263765,3.6733246,7
6329,4.236944,6.1934857,6
6330,9.342996,12.010741,6
6331,4.5447254,6.206822,6
6332,3.7104635,6.962345,6
6334,6.0946436,10.971924,3
6335,7.64557,13.266186,4
6336,6.697471,11.601476,1
6337,5.8594427,12.39008,3
6338,7.4694657,6.247521,1
6339,3.8720253,9.641899,1
6340,11.115472,14.858269,5
6341,13.678966,10.638225,1
6342,9.534179,3.2335682,7
6343,5.1797743,10.624985,3
6344,6.5625954,11.544275,1
6346,7.7821174,13.7671795,4
6348,13.712784,10.578178,1
6349,-5.835811,3.7142887,0
6351,-5.799375,3.8705623,0
6352,9.848932,13.220713,5
6353,-5.357949,3.6410103,0
6355,-3.7298787,4.1850576,0
6357,12.993945,10.5871315,5
6359,4.223052,6.532043,6
6360,5.1639113,10.711631,3
6361,10.797953,-0.107958734,7
6363,6.4732294,12.613879,3
6364,8.378207,12.769069,4
6365,-6.4779234,6.153339,2
6366,10.956194,11.041469,4
6369,-3.7148905,7.4356513,2
6371,-3.577075,6.7703815,2
6372,7.7818985,11.733728,1
6373,14.017635,10.309433,1
6375,7.8520656,13.500971,6
6376,13.6647005,9.626843,1
6377,8.195282,12.295629,4
6378,8.30911,-0.9524188,7
6379,-5.9540753,6.0695214,0
6380,11.284945,14.168595,5
6381,6.972149,5.944127,1
6382,10.845141,13.036899,5
6383,11.355962,0.70436394,7
6384,6.1125927,9.940826,3
6385,8.978869,12.278085,6
6386,10.239865,0.34190702,7
6387,-6.3133,3.578027,0
6388,15.000372,10.90326,3
6389,-5.6379232,4.737564,0
6391,11.300346,13.781889,5
6393,11.754057,9.560407,6
6394,10.979335,11.338131,1
6395,3.3762016,6.6026764,6
6396,7.7081366,13.437561,4
6397,5.1789927,7.993399,6
6398,9.395961,11.559548,6
6399,7.541872,11.1874895,4
6401,-5.065529,3.5716212,0
6402,7.0613523,13.664432,4
6403,9.270899,13.665818,5
6404,4.4691396,10.526647,3
6405,-3.4069166,6.6598983,2
6406,10.8617525,10.873261,3
6407,10.13065,0.0784979,7
6408,8.023853,13.792436,4
6410,4.2408175,8.7638645,4
6411,-5.353911,6.1857433,2
6413,4.2413807,6.220796,6
6414,6.0939,12.122962,3
6415,7.289021,12.555981,4
6419,4.1792297,5.996422,6
6420,10.323006,13.844463,5
6422,11.558245,9.101029,5
6423,13.466459,9.993086,6
6424,5.342097,10.680728,3
6425,-5.897369,5.0602436,0
6426,-5.4116664,4.732105,0
6428,11.268045,0.780448,7
6429,11.1305895,0.20030828,7
6430,11.1519375,10.730247,1
6431,-6.218086,4.1579924,0
6432,3.8581743,10.502653,3
6436,7.092125,13.344991,4
6437,10.543087,13.349804,6
6438,4.3857055,9.445208,1
6439,7.6100597,-0.7866957,7
6440,11.402389,0.68845,7
6441,10.840941,0.64566106,7
6442,7.8129406,13.182827,4
6443,14.417522,10.849572,3
6444,4.161881,6.100023,6
6445,8.317383,13.095314,4
6446,5.0755367,10.304439,3
6447,-3.5764115,5.8511453,2
6449,14.541081,10.228609,1
6450,8.555438,13.394122,4
6451,14.649712,10.57351,3
6452,9.691101,3.4497774,7
6453,8.250537,-0.14687301,7
6456,6.755766,13.343834,4
6457,-3.966725,4.097742,0
6458,3.7455502,7.416775,6
6459,14.166376,11.558057,4
6460,-5.056164,2.7951126,2
6461,-6.5422053,6.2892966,2
6462,6.058499,12.200008,3
6463,7.1116805,13.738936,3
6464,7.2199206,11.242258,4
6467,9.23091,3.6204305,7
6468,7.183992,10.389889,4
6471,11.385792,8.923746,4
6472,7.669419,12.310483,4
6473,11.016784,10.733373,3
6474,4.2520275,8.884012,1
6475,10.127827,13.225881,5
6476,-5.3942018,7.166653,0
6477,4.004504,10.024324,3
6478,4.5374613,8.864214,4
6479,11.638847,10.910404,3
6480,9.9705515,3.1481328,7
6481,13.863175,10.889546,1
6482,-2.815212,5.0234804,0
6483,-2.9582922,4.7401223,0
6485,3.9586287,9.77915,1
6486,13.811223,9.552845,6
6487,10.203706,0.61127996,7
6488,3.8710337,10.674683,3
6489,-2.8214378,6.795387,2
6490,-4.697021,4.446034,0
6491,8.325335,11.8064575,4
6492,11.196305,11.211578,3
6493,3.3173819,9.366154,4
6494,7.212824,12.835245,4
6495,-3.4191296,5.9370813,2
6496,-4.9739842,4.41933,0
6497,5.776949,12.624358,3
6498,9.267739,3.6092017,7
6499,5.09387,6.6684294,6
6501,10.427477,13.662855,5
6502,5.0500226,7.5869193,6
6503,14.075688,10.862337,3
6504,6.3844366,10.296348,1
6505,11.7417965,11.165319,4
6506,10.08705,1.0699247,7
6508,5.761045,12.853589,3
6509,11.781909,11.026032,1
6510,-3.0540369,6.7361827,2
6511,-3.325192,7.203437,2
6512,5.1906133,6.579967,6
6513,4.8142605,6.477668,6
6514,10.8136425,0.7861995,7
6515,-5.457388,4.3628693,0
6516,3.4669406,7.2267146,6
6517,5.1573186,9.430226,1
6518,8.325317,11.326155,4
6519,-5.0458508,4.5203323,0
6520,9.564185,11.896494,6
6521,-5.74865,5.711122,2
6522,-3.2393193,4.8564367,0
6523,11.790361,9.561499,4
6524,5.543622,10.562765,3
6525,3.6133847,6.6834636,6
6526,-5.1969714,4.0797787,0
6527,-5.9276133,6.890463,2
6529,-3.9023266,6.8537827,2
6530,-6.440323,4.003495,0
6531,-3.7634943,5.0152354,0
6532,11.222145,9.422546,5
6534,9.061888,11.09047,6
6535,-5.120518,3.5332775,0
6536,-5.7195773,5.7963867,2
6537,4.2112794,10.053942,3
6539,8.541912,13.665736,6
6540,-3.2161384,5.189041,0
6541,5.076095,9.04223,6
6542,-6.235438,3.4176126,0
6543,4.790588,6.42933,6
6544,7.6087556,11.562583,4
6545,10.050704,14.970938,5
6546,5.7907686,12.194677,3
6547,5.9636574,12.4244995,3
6548,5.0997815,10.560053,3
6549,7.2574663,11.356475,6
6551,-5.929491,4.8523583,0
6552,-4.787056,4.4413958,0
6555,10.517209,10.981762,6
6556,10.853643,0.48368958,1
6559,11.342962,10.687299,1
6560,5.857842,11.259718,3
6561,4.786408,9.8378525,1
6563,6.1508408,10.285866,3
6564,13.337566,9.626604,6
6565,6.9622188,12.763142,1
6568,12.454302,10.980925,3
6569,-3.0588598,6.774583,2
6570,-5.889819,4.0747766,0
6571,8.593326,11.2057495,6
6572,4.8300915,6.7842703,5
6573,13.7266655,9.915961,1
6574,3.8103678,6.5658336,6
6575,3.8006947,9.865731,1
6576,11.24781,14.807856,5
6578,13.445083,9.957737,1
6579,-5.819586,3.6030877,0
6580,8.213433,-0.3958115,7
6583,3.3994744,7.1732244,6
6585,8.300303,-1.1320844,7
6586,9.981654,3.1364343,7
6587,-3.7430515,6.3514667,2
6588,7.392262,10.804707,1
6589,-5.234855,4.5986776,0
6590,10.706629,11.405084,6
6591,7.4960647,12.899756,4
6592,10.756924,13.500384,5
6593,13.242465,10.259787,1
6594,-5.0769515,4.5359826,0
6596,10.478021,15.217851,5
6597,7.924084,6.424963,3
6598,11.313682,0.37699464,7
6599,6.788396,11.638483,3
6600,7.99563,13.380292,4
6601,10.188051,12.904123,5
6602,14.139947,11.061655,3
6603,3.9444919,6.344372,6
6604,7.9269505,13.311201,6
6605,3.5469654,7.065605,6
6606,5.876015,8.808683,1
6607,-5.6395526,4.6733737,0
6608,6.9245677,11.389037,4
6610,-4.1822433,4.166581,0
6611,-4.658579,7.261595,2
6612,-3.7685,5.2866673,0
6613,4.118831,7.310031,6
6615,-3.1878202,4.588023,0
6617,6.22331,10.220242,3
6619,-2.6526759,4.908781,0
6621,7.2835264,5.9686856,1
6622,4.4693656,6.6432843,6
6623,4.786684,6.5840406,6
6624,4.8033214,7.8542595,5
6625,7.2299366,12.087056,4
6626,-5.093823,2.8068018,0
6627,6.555458,12.030821,1
6628,3.4090981,9.589064,1
6629,10.667821,-0.31930608,7
6630,10.198585,15.252156,5
6631,-5.9301877,4.593335,0
6632,13.478068,9.674741,6
6633,10.434457,0.7894846,7
6634,8.651456,10.671986,6
6635,4.7233644,7.6065216,6
6636,10.695248,13.612839,5
6639,10.961681,0.52023375,7
6640,10.032571,3.0574834,1
6641,9.331032,11.337165,6
6642,-4.116768,6.887462,2
6643,-5.3280034,6.5556116,2
6644,6.4243536,13.483381,3
6645,11.058525,10.626867,1
6646,-2.936403,5.227092,0
6648,10.668161,14.903036,5
6649,7.1976876,12.33673,1
6650,4.3780093,7.0261564,5
6654,4.7367206,6.276098,6
6657,7.9574156,13.892621,4
6658,6.7896657,12.567847,1
6659,8.197825,12.654663,6
6660,14.569185,11.241159,3
6662,10.662038,13.274067,5
6663,10.914817,13.999113,5
6664,7.059281,10.4358635,5
6665,7.1070538,10.807835,4
6666,14.887185,11.102674,3
6667,7.797026,6.3138056,3
6668,10.33497,13.423379,5
6672,4.290408,10.317931,3
6673,-5.6614842,6.417956,2
6674,9.952162,12.867556,5
6675,8.936068,11.279719,6
6676,-6.4491196,6.528033,2
6677,9.48199,12.465199,1
6678,10.751467,10.889744,6
6680,10.561288,13.306436,5
6681,-5.8147054,5.7433825,2
6682,10.146095,13.761754,5
6683,10.891853,8.61574,4
6684,-3.4598703,7.0210404,2
6685,8.330307,-0.93024945,7
6686,6.416824,12.482817,3
6687,10.640469,-0.46051466,7
6689,6.6019125,11.52525,3
6690,7.146071,6.272076,1
6692,5.561674,6.701865,6
6694,11.424037,11.534272,6
6697,8.461903,12.863138,6
6698,-4.4483004,4.3301134,0
6699,4.979351,9.899814,1
6701,11.37083,8.97888,4
6702,8.583108,13.412612,6
6703,5.8824444,7.2050347,6
6704,3.241472,8.750469,7
6705,-6.292664,5.8546557,2
6708,11.393958,8.957977,6
6709,8.442723,13.149598,6
6711,9.362347,11.598463,6
6712,10.39926,14.144516,5
6713,4.0587306,9.906024,1
6714,9.398743,11.805338,6
6715,5.1132355,10.74536,3
6716,3.5053055,9.658011,1
6717,6.8113422,12.058486,1
6718,5.8107333,12.257242,3
6720,13.3838215,10.202956,1
6722,14.408491,10.101854,1
6723,-5.760419,3.857137,0
6724,7.6772656,13.338173,1
6725,7.2474074,11.777585,1
6726,7.1765547,13.783829,3
6727,7.3667827,12.919029,4
6728,-3.694196,6.857351,2
6729,4.7067933,9.426797,1
6730,9.239579,3.6780143,7
6732,8.024549,12.294157,6
6733,11.004276,0.47134432,7
6736,10.1503935,0.43787807,7
6737,3.9417708,9.593163,1
6738,7.9859915,12.272882,6
6740,11.8038645,9.536155,4
6741,11.176172,8.834385,4
6742,11.144297,11.003777,3
6743,7.7605667,11.743002,6
6744,14.38949,10.323205,1
6745,-2.8440628,4.966114,0
6746,8.652406,12.5928,5
6748,7.6356974,12.806128,4
6749,-3.6198103,7.439698,2
6752,10.996951,14.744581,5
6754,14.075668,10.779173,1
6755,13.447337,9.753595,6
6756,7.422968,6.2811356,1
6757,6.1505113,6.766277,6
6758,-6.011478,3.9272058,0
6759,11.23882,13.474089,5
6760,8.196826,-1.0520513,7
6761,9.511737,12.05159,6
6762,8.117304,-0.9531991,7
6763,-6.253764,3.505765,0
6764,4.327322,6.435721,6
6765,-4.0723476,6.7176313,2
6766,7.7653356,13.550299,4
6768,11.170904,11.706958,5
6769,10.950432,12.123032,1
6770,-5.524217,6.235627,2
6772,-5.5472674,6.9152017,0
6773,9.197449,11.28896,6
6774,6.956619,11.782734,1
6775,11.259142,14.312484,5
6778,10.986255,13.859336,7
6779,13.619091,9.686137,6
6780,5.993252,6.3499994,7
6781,6.2851357,11.670921,1
6782,4.5314627,9.908802,1
6783,3.4627755,9.607862,4
6784,-4.6283736,3.7082782,0
6785,7.476442,12.382667,6
6786,-4.4934335,4.0949516,0
6788,10.098315,14.75729,5
6789,3.7884321,9.286748,1
6790,3.374737,7.064533,6
6791,7.0913596,12.485559,1
6792,-6.0642347,4.556016,0
6793,10.824492,13.184736,5
6794,9.987348,3.1405094,7
6795,7.8953032,-0.9563474,7
6796,14.115755,9.7110405,1
6797,4.324371,9.684422,1
6799,6.078062,12.018616,3
6800,-5.658399,6.641118,2
6801,11.061979,10.527634,1
6802,8.673777,13.307468,6
6804,8.5451145,13.53895,1
6805,9.204383,11.958837,6
6806,5.2161164,6.8691287,6
6808,7.4245396,6.373826,1
6809,4.1236916,6.0671616,6
6811,3.4532993,9.217226,4
6812,14.487602,11.448621,3
6813,-3.4866965,5.144296,0
6814,11.838303,9.740028,3
6815,11.633755,10.921375,1
6816,-3.7789187,6.7670712,2
6817,-6.610549,6.2428527,2
6818,10.591539,14.014798,5
6819,11.117072,14.001074,5
6820,11.08867,0.33997875,7
6822,-5.369867,3.5386658,0
6824,7.457429,12.485377,6
6825,4.517886,6.1414433,6
6827,7.8724384,12.813422,6
6829,-5.636904,7.0421877,2
6830,-5.7432404,4.057824,0
6831,13.372754,10.133842,5
6832,5.5680337,12.707184,3
6833,-5.0302777,7.5007477,2
6834,9.176839,11.953943,6
6835,3.6636322,9.009217,5
6836,7.6814137,13.114755,1
6837,-5.6886935,4.141522,0
6838,5.931009,10.45209,1
6839,-4.2134576,4.706166,0
6840,5.957397,11.857054,3
6842,4.774051,6.7386436,6
6843,7.666247,10.752452,4
6844,8.116169,-0.6016476,7
6845,3.890011,9.876134,1
6846,6.0826883,11.273541,3
6848,-3.4950178,6.896347,2
6849,7.952456,11.861819,4
6851,6.397019,12.389527,4
6852,7.86814,-0.51442254,7
6853,3.8830996,7.137927,6
6854,8.135841,-0.94110835,7
6856,9.815246,2.9160416,7
6859,8.366514,13.38494,6
6860,7.23846,12.63149,6
6861,-6.6134105,6.2172527,2
6862,7.9798665,10.849353,5
6863,14.295366,9.993355,1
6865,3.5298512,6.9987698,6
6866,-5.152491,4.5201364,0
6867,14.034179,9.884101,1
6868,-3.633788,6.9508524,2
6869,10.966247,13.220901,5
6872,4.9933667,10.351722,1
6873,10.195841,15.072281,5
6874,6.821275,12.496321,1
6875,-3.722352,7.2956667,2
6876,-3.9931145,6.9762034,2
6877,3.4560132,6.5018983,6
6879,6.9715867,12.454914,1
6880,-6.331652,3.6147103,0
6881,7.998121,11.970433,6
6882,10.8896675,14.134359,5
6883,4.63392,6.7399154,6
6884,13.425884,10.197749,1
6885,5.109689,8.614152,6
6887,6.667539,11.551284,1
6888,10.759856,0.4351381,7
6889,5.581158,10.785425,3
6890,3.5435433,9.585996,4
6891,-5.6054955,4.206846,0
6893,13.803979,10.194293,1
6894,-4.805376,5.229651,0
6895,13.862409,10.655633,1
6896,6.638065,10.058467,4
6898,10.50793,14.574644,5
6899,6.5122204,10.0544615,4
6900,4.3773236,9.097434,4
6901,-6.6094756,6.4066563,2
6902,-5.986292,5.820852,2
6903,7.475102,5.986472,1
6904,4.1899495,9.140613,4
6905,-3.7591584,5.4825983,0
6906,4.4920254,9.717815,1
6908,10.215016,-0.016032489,7
6909,-4.0157404,4.0888834,0
6910,5.1194444,6.6359596,6
6911,4.303248,8.917095,1
6912,6.402848,10.135012,1
6915,7.48214,6.2850604,1
6917,4.1957726,9.252436,1
6918,-3.2527876,6.3346195,2
6919,4.8211493,9.516405,1
6920,8.180667,-0.9152345,7
6921,4.5259013,6.5683503,6
6922,7.835363,-0.35125193,7
6924,7.322053,11.533647,1
6925,7.226483,12.618868,1
6926,9.34129,3.5908751,7
6927,9.918019,14.575628,5
6928,10.246146,0.642851,7
6929,9.423302,11.869462,6
6930,6.9540796,10.227331,4
6931,-5.42528,4.22414,0
6932,5.209001,10.44711,1
6933,-6.171414,3.49528,0
6934,14.126295,9.812629,1
6935,11.266625,0.7798491,7
6936,11.719753,11.130221,1
6937,11.742498,9.706139,6
6938,7.9991393,12.263995,1
6939,-6.4669256,4.129593,0
6941,-4.5736976,3.79073,0
6942,8.050913,12.418456,4
6944,4.653282,6.9891205,6
6946,8.027519,-0.87234205,7
6947,13.393724,10.201604,1
6948,-3.0491385,6.5885725,2
6949,6.409694,11.778231,3
6950,4.3737073,6.0482674,6
6951,-5.7493243,6.2968793,2
6952,4.5167365,10.691639,3
6953,-3.5477417,7.1585913,2
6954,11.547344,11.311705,5
6955,3.4969494,9.424504,1
6957,7.7374573,10.739308,4
6958,9.351991,11.459768,6
6959,14.356859,11.6004925,3
6961,13.387781,9.778068,6
6965,5.896777,10.161264,3
6966,-4.43092,7.2400627,2
6967,-5.674257,5.714455,2
6968,10.838944,11.82113,6
6969,10.760087,13.809939,5
6970,7.4334536,6.207179,1
6971,4.604286,10.400711,3
6972,3.982898,6.9912066,6
6974,-5.225999,4.7019515,0
6975,14.426729,9.903793,1
6976,7.8889074,13.321556,4
6977,5.6505427,12.101844,3
6978,14.545206,10.563107,3
6979,5.912954,12.422425,3
6980,3.1858635,6.6575522,6
6982,7.0519342,13.022319,1
6983,5.446322,7.9300075,6
6984,-6.2187543,6.1444798,2
6985,14.37684,11.032656,3
6986,-6.267946,4.3888283,0
6987,9.959621,13.124183,5
6988,-3.1712415,6.797163,2
6989,6.477506,11.814805,4
6990,13.878421,9.582471,6
6991,12.088355,10.1820545,1
6992,10.707829,15.231906,5
6993,10.488297,1.0279092,7
6995,-6.334323,3.9066882,0
6997,9.870741,13.221974,5
6998,4.249048,9.197252,1
6999,-2.7575865,5.4667425,0
7002,10.928512,8.558665,6
7003,11.001191,8.631941,4
7004,-5.918876,4.3000913,0
7005,9.377067,11.773757,6
7006,-3.8237588,6.3121862,2
7007,8.021542,-0.99477714,7
7011,-3.803799,6.2604475,2
7012,3.6967518,7.0761175,6
7013,4.392408,10.192985,3
7014,6.9775324,11.908012,1
7016,9.446829,2.8543406,7
7017,4.781908,6.608499,6
7018,11.336735,8.992399,6
7019,7.752888,12.475344,6
7020,7.601229,10.925482,4
7021,-3.4599807,4.6440578,0
7022,5.1902084,7.5495143,6
7024,5.5869217,10.321987,3
7027,11.0846615,11.167046,3
7028,13.388027,10.448647,1
7029,10.5362425,13.633559,5
7030,10.926395,11.419411,1
7031,10.901632,10.963201,1
7033,11.269659,0.6307848,7
7034,14.2431135,11.453072,3
7035,6.4601626,11.6655,1
7037,11.0556965,10.695139,4
7038,-5.564204,4.117984,0
7039,-5.6996293,4.6579003,0
7040,4.1197734,5.8318324,6
7041,4.8435693,6.6470165,6
7042,9.502814,3.3831205,7
7043,8.222911,-0.6229596,7
7044,-6.1298575,6.513901,2
7047,14.41067,11.227771,3
7048,11.14286,0.62521017,7
7049,-5.2114635,3.119447,0
7050,14.295388,11.543064,3
7051,7.399774,6.5088325,1
7052,5.438164,10.552106,3
7053,8.810992,13.089664,5
7056,6.0546384,12.694483,3
7057,6.6122327,11.970506,1
7058,12.590223,10.858566,3
7060,-5.793054,3.548929,0
7061,10.552348,-0.15781885,7
7062,11.07607,11.6625185,4
7063,9.066382,11.412442,6
7064,10.705407,13.44786,5
7065,-5.8556476,3.3889487,0
7067,3.8523579,7.2931404,6
7068,9.409175,3.5001554,7
7069,9.922841,3.2386537,7
7071,-6.393013,4.117858,0
7072,7.1863575,6.5419807,1
7073,9.719837,12.151598,6
7074,6.396244,10.178068,4
7075,-5.768082,5.7940288,2
7076,10.902293,10.75984,3
7078,-5.742283,4.0703716,0
7079,7.325451,13.211366,1
7081,7.2483673,11.883721,1
7082,-5.9481015,3.8491538,0
7083,7.000936,11.705391,4
7084,8.494814,12.180452,4
7085,8.451239,13.476669,4
7086,10.854591,8.530961,6
7088,4.241939,8.8080225,5
7089,7.063056,13.162961,4
7090,3.9438536,8.958246,6
7091,5.6067305,6.94497,5
7093,14.151717,11.0322075,3
7094,11.062144,10.68243,3
7095,4.90628,9.404934,1
7098,-2.9108953,6.855502,2
7101,10.757447,0.7750971,5
7103,-6.1880546,3.5822957,0
7105,-3.0385852,4.9477596,0
7106,3.343222,9.53719,4
7107,4.124728,9.003547,5
7112,4.607802,7.077476,6
7113,-3.3681343,5.160215,0
7114,9.696746,13.33385,6
7115,-4.0168257,3.6646411,0
7116,5.13288,10.902558,3
7117,-6.0478535,4.037986,0
7118,10.121684,0.15145545,7
7119,7.4607005,11.794949,6
7120,5.807613,7.271671,6
7121,4.3733244,10.561401,3
7122,7.2641444,11.3532505,6
7123,4.092533,6.7103066,6
7124,10.372333,14.895303,5
7125,14.893729,11.086955,3
7126,13.96347,10.416976,1
7127,4.145968,9.087078,6
7128,10.333251,15.077911,5
7129,-5.1042147,4.5364704,0
7131,3.9201713,7.333135,6
7132,6.441231,13.18406,3
7133,6.699081,11.712989,1
7134,-3.3077688,4.9302197,0
7135,14.206677,11.099407,3
7136,4.4285035,10.431117,3
7137,11.371626,0.7095604,7
7138,-3.735089,5.0792203,0
7140,9.321847,11.504451,6
7141,14.87733,11.066758,3
7142,3.6832967,7.493338,6
7143,-5.5779824,4.2547884,0
7144,4.7071385,8.941936,6
7145,3.7632751,6.8022904,6
7147,3.7425454,8.843984,6
7148,9.545866,13.55065,5
7149,5.453042,12.089441,3
7150,-3.0786982,7.186673,2
7151,6.062329,13.151883,3
7153,8.335,13.167166,4
7155,7.7113113,6.455574,3
7156,8.016947,12.362251,5
7157,10.580404,0.17843352,7
7158,8.348335,-1.0282968,7
7159,-5.602661,6.9604735,2
7161,7.8483896,-0.5062723,7
7163,14.646962,10.519809,4
7164,10.295315,13.856811,5
7165,6.91737,10.263462,4
7166,5.709937,12.499062,3
7167,-6.321992,6.095588,2
7168,4.6752367,6.525267,6
7169,9.383988,11.942105,6
7170,6.453421,11.903426,1
7171,10.978771,12.041412,5
7172,13.121762,10.414998,1
7173,5.8215594,12.303535,3
7174,11.441772,0.59318787,7
7175,10.590897,13.624347,5
7176,5.919162,10.206945,3
7177,6.380121,9.71351,6
7178,11.442701,14.215409,5
7179,5.7608757,11.026792,3
7180,5.595201,6.9058275,6
7181,11.252101,8.948771,6
7182,10.851645,14.073522,5
7183,6.1848636,10.439171,6
7186,3.9677591,6.4562526,6
7187,3.9339795,9.478044,1
7188,7.1781507,10.917692,4
7190,-6.0869393,4.755423,0
7191,-5.977013,6.4328194,2
7192,6.293743,12.758904,3
7197,6.0256968,8.912596,6
7199,-3.9682205,5.1845236,0
7200,11.277483,0.7124274,7
7201,7.160132,11.525763,4
7202,7.00222,13.846349,4
7203,4.1063976,9.39457,4
7204,-3.6866295,4.2796392,0
7209,4.652252,9.689761,1
7211,-5.643733,3.8348393,0
7212,6.5449266,13.14163,3
7214,8.542643,13.45738,7
7216,7.7174144,6.48401,3
7218,4.3215017,6.0337615,6
7219,13.786444,10.119953,1
7220,6.502698,12.039795,3
7221,7.555809,12.825297,4
7222,5.432085,6.763352,5
7223,11.005856,0.7219795,7
7224,-5.8661227,3.818051,0
7225,4.9019713,6.9592752,6
7226,-3.7541919,7.022911,2
7228,5.849568,12.004931,3
7229,-3.3911502,5.2943783,0
7230,14.161517,10.796936,3
7231,10.691453,14.594899,5
7232,6.1805353,6.8980756,5
7233,-4.8175864,4.3760943,0
7234,11.188441,0.47445574,7
7237,4.9896126,9.4181385,1
7239,6.6954465,10.811249,6
7240,7.532232,12.418922,5
7241,-4.0327744,7.003381,2
7242,3.3716667,9.175995,4
7243,10.583128,14.064669,4
7244,4.8470087,6.429522,6
7245,7.894686,12.028641,6
7246,-5.7817607,3.8738408,0
7248,7.8464713,6.328841,3
7249,6.6918254,12.014295,1
7252,8.5840225,10.359308,6
7253,7.7168627,11.725042,6
7255,10.227654,-0.30132496,7
7256,8.444591,12.484746,4
7257,13.589818,9.548486,6
7258,7.021981,6.199917,1
7259,-6.45886,4.524424,0
7260,9.467088,12.111023,6
7261,11.386577,13.147338,5
7264,-3.6850362,6.3285527,2
7267,-3.8000033,5.2975116,0
7268,3.964623,6.4346657,5
7269,-6.3561535,4.421646,0
7270,11.311188,14.353478,5
7271,3.6268053,7.5514045,6
7272,6.2448874,11.770038,3
7274,-6.440384,4.3359284,0
7275,13.422288,10.15493,1
7276,10.833029,0.2564529,7
7277,8.639021,10.920578,5
7278,-5.959255,6.9561815,2
7279,11.201251,14.2009115,5
7280,7.6860027,12.078726,4
7281,7.6657305,12.884083,1
7283,-5.095734,2.849653,2
7285,14.241163,9.843846,1
7286,-4.336377,6.923084,2
7287,11.23827,13.863425,5
7288,14.279196,10.707308,1
7289,10.522793,0.7404069,7
7290,-6.475197,6.246156,2
7291,6.079766,9.801883,1
7292,3.8085566,8.906563,6
7293,6.5957203,11.146016,1
7294,10.562634,15.005877,5
7295,10.030757,0.21440743,7
7297,-5.4618006,6.543835,2
7298,7.7060914,12.612847,6
7299,9.311565,3.6547074,7
7300,10.771937,11.96843,5
7302,7.904059,-0.49394298,7
7303,11.711698,9.934677,6
7304,10.380487,-0.2954723,7
7305,7.715937,13.252551,4
7306,11.001007,8.676817,6
7308,3.903734,9.197483,4
7310,7.096319,12.89085,4
7312,14.878384,11.011054,3
7313,10.655945,-0.16525286,7
7314,14.7182865,11.2289505,3
7315,4.630992,7.1939936,6
7316,8.894408,0.19173929,6
7318,-6.086934,3.8227594,0
7319,9.17409,12.0936575,1
7320,4.4012876,7.098309,6
7322,-6.134363,3.6911695,0
7323,10.593977,14.42048,5
7324,-6.057298,3.694489,0
7326,4.709538,9.834857,3
7327,10.591678,15.299634,5
7329,-5.2329865,4.119396,0
7330,10.80601,0.14682461,7
7331,5.431072,10.66424,3
7332,-6.4050393,6.565825,2
7333,10.556047,14.034136,5
7335,-5.3595724,3.4170628,0
7337,10.682893,0.9704176,7
7338,-3.094258,7.1147146,2
7339,-3.1985512,6.3692255,2
7340,3.701514,9.423562,4
7341,8.709014,12.914557,5
7342,-5.838338,5.0790157,0
7343,-5.9351077,3.7223868,0
7344,11.823176,9.211794,6
7346,7.9564047,11.568033,6
7347,10.48744,14.988818,5
7348,-4.0032763,6.5343847,2
7349,9.314748,3.6917725,7
7350,6.159149,9.229588,6
7351,-5.493322,4.996434,0
7352,14.804006,10.657148,3
7353,-5.4863477,6.408426,2
7354,7.906755,11.146442,4
7355,9.693202,3.31857,7
7356,7.8326054,13.472741,4
7357,9.989259,3.1479216,7
7358,-5.0547447,3.5670192,0
7359,5.799232,12.44653,3
7360,-5.9026494,3.437609,0
7361,12.19065,9.574907,3
7362,10.160542,13.4511795,5
7363,5.48078,6.769695,6
7364,-5.0100923,7.5924683,2
7366,9.557214,12.122371,6
7367,4.7051044,10.511058,3
7368,10.915179,15.026957,5
7369,10.186976,14.786196,5
7370,4.6307654,9.144811,4
7374,14.616829,11.369844,3
7375,3.1742086,9.466875,4
7377,11.149355,0.29703218,7
7379,4.998624,6.497038,6
7381,-3.1282597,7.0471363,2
7382,11.425589,9.791598,4
7384,9.398323,3.5949705,7
7385,3.2739043,6.6638045,6
7387,4.761541,9.13742,6
7388,10.175754,0.18924548,7
7389,9.566854,13.683102,5
7391,3.191015,8.752023,6
7392,6.013915,12.567749,3
7393,3.708375,9.485952,4
7394,3.9928725,7.4243016,6
7395,11.146584,0.85521406,7
7396,10.849315,14.129363,5
7397,9.666221,13.774638,5
7398,-3.205911,7.0941644,2
7399,6.2990165,12.00554,3
7400,5.868102,11.332656,3
7402,-5.762676,4.3600874,0
7403,4.8827934,6.4336762,6
7404,3.8960552,7.122084,6
7405,-5.6004686,4.6803746,0
7406,14.007141,9.549369,1
7407,7.727946,11.491722,6
7408,4.880176,8.552092,1
7410,14.476979,11.468638,3
7411,14.4397135,11.283924,3
7412,6.5368547,13.47261,4
7413,14.55543,11.481941,3
7414,6.905142,13.256549,4
7415,10.554165,0.7354096,5
7417,9.823721,13.721145,7
7418,14.0340605,9.807694,1
7419,5.9779186,12.427212,3
7420,6.784731,12.71475,1
7421,-3.8162417,4.790545,0
7422,-5.581276,4.9204493,0
7423,5.242686,8.175342,6
7424,-6.609616,6.3532624,2
7425,5.955374,12.242046,3
7426,7.41729,5.817463,7
7427,7.923312,11.439841,4
7428,8.184301,-0.24725918,7
7429,13.366981,10.012711,1
7430,7.3041706,13.2051935,4
7431,7.840489,11.55846,6
7432,-5.5448565,6.5389357,2
7433,6.0634737,8.952527,6
7434,9.29623,12.089928,6
7435,8.926722,11.139626,6
7436,-6.125511,5.6254025,2
7437,4.3221564,6.369547,6
7438,-6.4151735,6.3488784,0
7439,10.764794,11.128848,1
7440,8.395737,13.040091,4
7441,-4.788885,7.2992525,2
7442,5.699988,12.58422,3
7445,10.13787,13.783583,5
7446,7.564013,12.096072,6
7447,-2.680747,5.061214,0
7448,9.019311,11.260686,6
7449,10.990766,13.096413,5
7450,-5.074357,2.6824486,0
7451,6.6408167,12.540128,3
7452,8.6471815,13.029138,6
7453,6.4457216,12.621411,3
7454,4.0757265,6.847985,6
7455,6.493641,10.811742,1
7456,10.292609,-0.18130125,7
7457,3.2057662,9.11146,6
7459,10.583035,14.972482,5
7462,5.8776937,11.249927,3
7463,3.9476523,9.239015,4
7464,14.546705,10.530146,3
7465,6.7847285,12.512735,1
7467,-3.7280781,5.29477,0
7468,9.601626,13.096923,5
7469,9.726701,2.8519988,7
7470,7.3210835,11.521382,1
7471,10.801702,15.004637,5
7472,10.214654,14.891856,5
7474,-2.7290938,4.814215,0
7475,13.724955,10.113902,1
7476,-4.7026887,4.4223804,0
7477,7.482508,6.004791,1
7478,4.8005886,10.0387335,3
7479,6.8940125,6.2288213,1
7480,8.218982,13.7509985,4
7483,6.99876,12.104667,1
7485,8.013314,-0.7761638,7
7486,-5.8712735,7.0529613,2
7490,6.692769,12.8813095,1
7491,10.902571,11.616364,4
7492,7.70242,6.595566,3
7493,14.2866535,10.045039,1
7495,4.441583,7.1530337,6
7496,8.3753805,12.607208,4
7498,-6.365671,4.116906,0
7499,7.1309953,11.964498,6
7500,4.3168883,6.2638345,6
7501,10.905223,13.5105505,5
7502,9.88331,14.588078,5
7503,-4.110312,3.7740965,0
7504,7.4556913,11.995726,4
7506,-4.9442077,3.9238367,0
7511,-4.541545,4.237839,0
7512,14.025918,11.172693,3
7513,-3.6223426,6.7642674,2
7514,6.8448,13.092639,4
7515,8.393439,12.591506,6
7516,4.5832024,7.164702,5
7517,11.4052515,8.943906,4
7518,6.402635,12.302749,4
7519,5.7184224,11.445061,3
7520,-5.620177,3.7701552,0
7521,11.127793,13.491673,5
7522,5.6273627,8.558066,6
7523,13.749871,9.612088,6
7524,8.7638445,13.034145,5
7525,5.867293,11.747004,3
7526,10.151217,0.39620364,7
7527,7.5639005,12.33417,4
7529,11.035134,8.633225,4
7530,7.7600665,12.658442,1
7531,6.1539154,13.149653,3
7533,7.661245,6.6228514,3
7534,8.391276,12.994289,4
7535,9.175537,11.581977,6
7536,8.443885,13.235904,4
7537,10.482322,11.212224,6
7538,7.8914986,13.277233,1
7539,8.360943,-1.1289134,7
7540,3.9843624,10.622412,3
7541,10.692506,10.748344,1
7542,13.667374,11.04237,1
7543,10.484379,-0.42576796,7
7544,13.019839,10.342907,6
7545,9.622615,3.5498295,7
7547,9.129881,12.121355,6
7548,8.165133,-0.89453703,7
7549,-3.2152386,5.3548293,0
7550,5.8376846,11.357221,3
7551,-5.468017,4.299014,0
7552,4.8574944,9.145485,6
7553,7.6302967,6.5387683,3
7555,-5.9482656,3.57127,0
7556,10.963865,0.56130546,7
7557,-3.6760879,6.3276024,2
7558,-6.2595544,6.166576,2
7559,6.4337173,12.859343,3
7560,11.053809,10.932603,1
7561,-5.406025,4.360032,0
7562,-4.4460797,3.776871,0
7563,9.301874,11.44773,6
7564,7.167994,11.310539,6
7566,7.685485,11.8398075,6
7569,11.192076,11.052841,1
7571,14.49594,11.472778,3
7572,6.0056095,12.108338,3
7573,10.416293,-0.24722898,7
7574,-3.3553112,5.3474283,0
7575,7.7052517,10.814764,2
7576,10.96573,10.76435,1
7577,7.523182,11.002393,1
7578,-6.5143104,4.0950804,0
7580,-3.5406697,7.0012574,2
7581,12.214618,9.475636,6
7582,7.4091816,6.2378373,1
7583,7.7895193,12.571835,6
7584,8.309912,12.729447,6
7587,6.4318914,12.648508,3
7588,3.7768142,9.384085,1
7589,13.567885,9.78149,1
7590,6.1162343,9.070054,6
7591,8.730594,10.955291,6
7592,-3.5765111,6.854001,2
7594,4.385965,9.346815,1
7595,9.746876,3.3120131,7
7596,11.588029,10.817713,3
7597,6.822625,12.103511,1
7598,11.556847,11.0464945,4
7599,6.577688,13.130039,4
7600,5.7194715,8.519901,6
7601,4.4152155,5.9895372,6
7602,7.022466,12.061759,1
7603,4.150032,7.3953533,6
7604,7.1399145,13.856222,3
7605,7.379557,12.652346,4
7607,9.145903,11.344403,6
7608,-6.022932,5.9319906,2
7609,7.3030562,11.099975,6
7610,-4.2136254,4.8491917,0
7611,11.182597,10.591924,1
7612,11.316551,9.008673,6
7613,13.777507,10.900317,1
7615,-5.676425,4.093459,0
7617,10.535626,10.942304,6
7618,-3.663839,5.2585053,0
7619,14.6374235,11.333392,3
7620,5.9785166,11.721333,3
7621,6.1581078,13.240054,3
7623,14.166894,10.694059,1
7625,8.752673,10.790928,6
7626,13.663078,10.576607,1
7627,4.465674,10.01915,1
7628,-5.050523,3.855368,0
7629,14.536231,11.490912,3
7630,-3.4747128,6.355001,2
7631,3.8947759,10.243391,4
7633,6.541888,12.788765,3
7634,9.764893,2.8858423,7
7635,-6.0904336,4.396481,0
7636,7.6509337,13.189803,6
7637,7.6662264,11.762158,6
7638,10.934958,14.62199,5
7639,-3.7572467,6.2490387,2
7640,3.4544904,7.1152344,6
7641,10.364498,0.31373465,7
7642,9.361596,11.360093,6
7643,11.555629,11.276396,7
7644,-5.515616,5.9370246,2
7645,-5.4657574,4.1045737,0
7646,5.7644567,11.8453245,3
7647,9.990656,0.91846603,5
7648,-5.2711473,4.893149,0
7650,6.4829283,13.22664,4
7652,10.74717,13.34548,5
7653,6.7770524,12.170072,1
7654,11.666452,9.467718,6
7655,14.142015,11.380324,3
7656,4.2434053,6.159043,6
7657,-6.3860116,4.263755,0
7658,11.012589,11.471358,5
7660,-4.8710885,5.576792,0
7661,4.786891,7.4503293,6
7663,7.451152,13.181722,4
7664,5.5989904,10.403989,3
7665,7.6343007,11.429656,6
7666,-5.9968057,3.3853743,0
7668,4.5068493,10.658147,3
7669,5.3248177,8.210815,4
7671,6.409604,11.423832,1
7672,5.0129,7.0159864,1
7673,10.533106,10.933936,6
7674,10.78355,10.7179365,3
7675,13.934138,9.750602,1
7676,11.44385,11.109493,4
7677,-5.7976074,3.6622355,0
7678,11.988899,10.908521,4
7679,-5.4449606,3.4897945,0
7682,6.6012273,10.702136,1
7683,7.7691307,6.600341,3
7684,9.556759,12.249119,6
7685,13.334702,10.826106,3
7686,-4.6213865,4.130273,0
7687,11.234522,12.774043,5
7688,15.019592,10.853851,3
7690,6.832195,13.57795,4
7691,-5.787917,4.4044137,0
7693,7.577258,11.569877,6
7694,11.199079,12.7105875,5
7695,10.796329,14.370155,5
7698,13.65662,10.059002,1
7699,3.978223,6.60271,6
7700,-4.976942,3.5902803,0
7701,-4.5916643,5.417266,0
7702,4.442678,9.881968,4
7704,7.9160595,12.851839,6
7705,-2.8699086,6.9152336,2
7706,-4.1208825,7.14308,2
7707,-5.457779,3.8959389,0
7708,8.186778,12.622387,4
7709,7.0588813,6.397705,1
7711,-3.074446,5.1125927,0
7712,4.580778,6.386598,6
7713,6.047906,10.030263,3
7714,12.303833,9.724039,3
7715,9.62421,11.761352,6
7716,-4.9243793,7.3653393,2
7717,4.6048694,6.319594,6
7719,7.4401393,13.293311,4
7720,9.487503,3.467155,7
7721,7.5129004,13.331618,1
7722,7.8598948,12.006761,4
7723,11.0618305,14.948177,5
7724,8.039625,11.888229,6
7725,-3.8349535,6.623617,2
7727,-6.1883774,6.7146735,2
7728,7.92593,-0.47624186,7
7729,8.0540695,12.92732,4
7731,-4.985407,4.048917,0
7734,13.770723,10.114769,1
7735,9.997745,3.1790414,7
7737,6.1448846,10.043608,3
7739,6.0701475,12.670967,3
7741,3.9431062,6.583496,6
7743,7.509464,13.64939,1
7744,4.3159356,10.6397,3
7745,10.497358,-0.2333079,7
7747,6.108232,12.747084,3
7748,-3.7287624,6.3338413,2
7749,6.964295,13.752756,4
7750,-3.370105,6.603121,2
7751,6.3595657,9.699208,1
7752,9.908516,3.0955408,7
7753,5.994475,10.152743,3
7754,3.3676615,7.200119,6
7755,-4.458739,6.952646,2
7756,-3.6091952,6.4456472,2
7757,11.150636,14.251841,5
7758,5.231657,10.609371,3
7760,10.612051,0.36119187,7
7761,5.851067,12.475811,3
7762,9.249038,11.638037,6
7763,4.219718,6.966462,6
7764,-4.1736546,4.224454,0
7765,7.41421,13.27036,4
7766,6.302075,11.955697,3
7767,-3.3626945,6.6309204,2
7768,9.821827,3.3358145,7
7769,6.860411,12.229163,1
7770,14.283021,9.925871,1
7771,4.2431316,9.350075,4
7772,-4.214056,6.8413334,2
7773,6.6609545,6.15548,1
7774,11.479118,14.177759,5
7775,8.281564,-1.0874519,7
7776,4.1004744,7.1190004,6
7777,4.789062,10.155184,3
7779,-5.1462193,4.8648496,0
7782,7.8412848,12.379365,4
7783,-3.7029305,6.9052696,2
7784,10.633706,11.285134,6
7786,-3.2481904,4.949316,0
7787,3.9795833,9.826725,1
7789,7.257443,6.306086,1
7790,13.133615,10.620894,1
7791,11.133675,13.689541,5
7792,5.104115,10.659469,3
7793,9.568262,3.5978823,7
7794,-5.065508,2.6819446,2
7795,4.053327,8.829909,6
7796,8.081472,12.106528,6
7799,11.167686,14.697012,5
7801,8.002889,-0.6800308,7
7802,-3.3713617,6.887964,2
7803,11.735568,9.757347,1
7804,4.336434,8.950647,6
7805,7.264065,12.052124,6
7806,7.41105,13.710412,4
7807,7.0809216,11.846526,1
7809,5.163248,6.8728304,6
7810,7.829334,12.417014,4
7811,6.234533,10.464825,1
7814,13.8040085,10.519165,1
7815,11.37841,9.529135,5
7816,-5.0410323,2.705731,2
7817,10.380385,-0.1493029,7
7818,5.773591,12.363678,3
7819,14.226342,11.097171,3
7821,10.053036,0.07920501,1
7822,7.4504957,11.641008,6
7823,-6.244969,5.252933,2
7825,10.735606,-0.32161704,7
7826,-3.2819698,6.3258386,2
7827,7.3174314,11.472701,1
7829,14.641227,10.969071,3
7831,-5.558085,4.667762,0
7832,7.5021753,5.9934306,1
7833,6.9305053,10.10494,4
7836,10.193191,14.962671,5
7837,7.9769454,11.726115,6
7838,6.6213803,11.682857,4
7839,-5.964107,3.471192,0
7840,9.761142,12.733414,6
7841,4.3004646,7.030856,6
7842,5.148596,6.7979403,6
7843,7.191656,13.650044,4
7844,-5.7840424,4.0302496,0
7845,-5.502592,5.9797893,2
7846,5.097284,10.131171,3
7847,10.587973,0.18482658,7
7848,8.197418,-0.87493503,7
7849,3.696441,7.377367,6
7850,14.524475,11.303089,3
7851,7.0765524,10.7557745,4
7853,14.824764,10.900629,3
7854,7.6260176,13.16924,4
7855,4.0091534,6.2758365,6
7856,6.851331,13.775554,4
7857,4.108418,9.573669,1
7859,5.225904,7.821535,1
7860,-5.957418,6.930846,2
7861,11.1319275,11.088914,1
7862,10.864614,10.641878,4
7863,-5.888705,4.1548934,0
7864,10.177342,15.044937,5
7865,7.4244437,10.696586,1
7866,14.673653,11.158156,3
7867,7.185036,10.856187,4
7868,-5.802316,6.3387957,2
7869,13.403555,9.853218,6
7871,8.724086,13.331809,4
7873,3.29589,9.870634,1
7874,-2.858821,6.298932,2
7875,7.9538565,11.392971,5
7876,10.146523,-0.08861644,7
7877,3.5375097,6.813421,6
7879,9.71291,13.393594,5
7880,6.4343705,12.153048,3
7881,6.953151,10.326454,4
7882,5.430757,10.687802,3
7883,4.207021,7.2578144,6
7884,8.724536,13.490933,5
7885,-6.06188,6.621356,2
7887,7.7531343,-0.6438139,7
7888,4.4844127,10.765149,3
7889,-5.2147813,4.5599494,0
7890,4.3067036,6.2262945,6
7891,4.352518,7.1988807,6
7892,7.209573,6.233015,1
7893,14.3399105,9.871228,6
7896,4.022331,9.151745,4
7897,8.04915,-0.6031112,7
7898,7.182385,10.9241495,3
7899,8.110245,12.871744,4
7900,-3.5089648,6.4694176,2
7901,-2.66942,4.886764,0
7902,5.8181505,6.652469,6
7903,9.318331,11.503588,6
7904,4.8256183,9.12244,1
7906,5.831887,11.373688,3
7909,6.648474,11.671311,1
7910,-4.179545,3.8542805,0
7911,5.742197,10.723477,3
7912,11.39085,11.282413,4
7913,6.9227915,11.243786,1
7914,10.342134,13.456099,5
7915,6.667181,13.200552,4
7916,4.122146,9.193698,6
7917,-5.949798,6.957455,2
7920,-4.583746,7.3806224,2
7921,3.2339137,6.7791986,6
7924,4.5950255,6.9963136,6
7926,11.773078,9.711504,3
7927,4.1354656,10.217296,1
7928,-5.632535,4.655141,0
7930,4.6494265,9.479413,6
7931,3.816088,7.4667416,6
7932,6.818444,12.923138,1
7933,14.1409445,10.680214,1
7934,7.6359406,6.1520147,1
7935,-3.600868,4.543658,0
7936,13.538965,10.855847,1
7937,-4.830971,4.3745236,0
7938,4.4115705,9.048489,1
7940,9.0781145,13.108545,5
7941,-4.54231,3.7777176,0
7942,3.8919196,8.874028,6
7945,-5.6538596,6.2625175,2
7946,7.4351263,6.338089,1
7948,10.499169,14.957628,5
7950,13.846016,9.916776,1
7951,7.217766,11.884097,4
7952,8.291586,-0.76593894,7
7953,10.869501,10.732268,1
7954,5.9974256,10.714884,3
7955,6.3795695,11.802631,3
7956,7.334742,12.624889,4
7957,6.8152804,6.2165256,1
7958,-3.53241,6.87086,2
7959,11.749804,11.168541,6
7961,4.873729,9.072377,5
7962,9.84082,12.8424425,5
7963,9.319487,3.682988,7
7964,-4.7502956,7.252927,2
7965,4.433075,6.309211,6
7966,8.027117,13.836392,4
7967,5.708584,11.093228,3
7968,3.823674,9.487805,1
7970,10.988862,10.73537,1
7971,4.2281637,9.747895,1
7972,8.561167,13.03167,6
7973,11.291476,0.7988436,7
7974,-5.196976,6.0598173,2
7975,4.950777,6.4488654,6
7976,-6.5384107,6.052573,2
7977,8.150455,-0.97105724,7
7978,10.305976,-0.039439797,7
7979,6.762184,12.6458845,4
7980,10.134117,15.079768,6
7981,5.3699203,6.7275705,6
7983,5.6844907,6.8607416,6
7985,4.417975,7.6390114,5
7987,4.24637,10.611368,3
7988,10.167369,0.59120214,7
7989,7.829796,11.334699,5
7993,3.5785933,7.2114587,6
7994,-3.3253126,5.220794,0
7995,5.364379,10.043359,3
7998,6.2441406,9.625278,5
7999,7.928974,11.778165,4
8000,-3.9938626,4.049584,0
8001,-4.94327,4.1664066,0
8002,7.3208966,13.029693,1
8003,6.313391,9.975612,1
8005,11.179081,13.524297,5
8006,14.136597,9.8748455,1
8007,6.303441,10.503221,1
8008,7.5829854,-0.96703875,7
8009,10.347866,14.89417,5
8010,14.391341,11.472803,3
8011,-6.307571,6.6286163,2
8013,-4.101145,5.1040916,0
8014,8.585636,13.205225,4
8016,7.96338,13.497702,4
8017,9.913917,12.970563,5
8019,5.8955703,8.70626,6
8020,10.672034,14.218563,5
8021,11.31906,0.7158942,7
8022,11.395116,9.021479,6
8023,3.7476563,6.779995,6
8024,10.284492,0.5933151,1
8025,6.240174,10.164176,1
8026,11.196781,0.6152455,7
8027,11.086877,11.455084,6
8028,7.384627,6.0588536,1
8029,6.092178,12.833703,3
8030,-4.229037,6.878621,2
8031,3.6883123,7.6189117,6
8032,4.8194714,9.362552,1
8033,5.863066,8.806509,6
8035,3.3195605,7.1633067,6
8036,-5.539047,4.0806293,0
8037,8.1842165,12.470721,4
8039,-2.9691887,4.7553196,0
8040,6.752272,6.365334,1
8042,-6.2885427,6.7677975,2
8043,-4.443184,4.4636354,0
8044,7.813793,-0.82249105,7
8045,11.104925,14.812053,5
8046,14.891608,10.878919,3
8047,4.4680314,8.793691,6
8048,6.7003922,10.213236,1
8049,-6.008775,3.642823,0
8050,6.681963,9.917976,4
8051,-3.98687,4.004112,0
8052,3.4998963,6.650977,6
8053,4.3842897,10.483666,3
8054,10.297956,-0.3009572,7
8056,4.2371817,10.464138,3
8057,9.758619,12.128475,6
8058,10.867344,10.630524,4
8059,-6.4952593,6.3871517,2
8060,6.700874,11.270436,3
8062,11.329648,11.459793,4
8063,10.902658,11.543392,4
8064,7.7230487,13.254561,1
8065,11.620366,10.829068,4
8066,6.013231,11.041441,3
8067,9.57962,11.927735,6
8068,7.58579,6.2832737,1
8069,3.8349981,9.016344,5
8070,-4.635547,5.124267,0
8071,-6.134491,6.023074,2
8072,7.9058475,13.530167,4
8073,-5.5146403,3.3784592,0
8074,8.338204,11.929616,6
8075,13.444415,9.767246,1
8076,-3.780196,6.8245397,2
8077,5.903593,10.501108,1
8078,10.446485,14.687732,5
8079,10.944453,0.8701807,7
8080,10.435463,14.725248,5
8081,11.326949,12.554037,5
8082,9.050674,11.152979,6
8083,-5.595259,7.0755615,2
8084,11.452777,10.566754,0
8085,10.864102,13.677665,5
8086,-6.0600724,4.3935976,0
8088,6.5127,10.85789,1
8089,11.232591,12.776489,5
8093,11.009506,11.128104,1
8094,6.5704308,11.637547,1
8095,-3.5500157,6.240444,2
8098,10.809316,11.172649,5
8099,7.33608,12.787583,6
8100,8.351553,12.778307,6
8102,6.3492956,10.171286,3
8104,3.6907187,6.4327145,6
8105,-3.1367378,6.8755693,2
8107,9.376893,11.929678,6
8108,8.01982,11.657522,6
8109,8.407384,12.060112,5
8110,7.3167343,10.508375,5
8111,-5.9441195,6.0605574,2
8112,-5.8220105,6.7888556,2
8114,7.973651,-0.3051762,7
8115,-5.654597,6.487554,2
8116,5.1929274,10.8171,3
8117,14.029901,10.548927,1
8118,3.2960336,10.020253,1
8119,8.248103,12.776275,6
8121,-5.759025,3.9597995,0
8122,3.4483016,6.7745013,6
8123,11.095616,13.92456,5
8124,7.5376616,13.525123,4
8125,-3.713433,4.34617,0
8126,-6.20953,4.36071,0
8127,11.214119,11.29729,4
8128,11.402718,8.971841,6
8129,14.036809,9.719298,1
8130,6.7654104,10.819843,4
8131,7.5055,13.775735,4
8132,10.901527,10.904388,4
8135,-6.245811,6.299344,2
8136,-4.8133445,4.2827272,0
8137,-3.0921247,7.070068,2
8138,10.901929,14.975477,5
8140,7.24406,13.547781,1
8141,7.3228583,13.08343,4
8143,-3.4561126,6.9784966,2
8144,14.055064,11.065972,3
8145,10.804857,14.033298,5
8146,4.2483864,6.7506375,6
8147,4.10299,6.038029,6
8148,-6.0386477,3.9222038,0
8149,9.399721,3.6892586,7
8150,10.6177,-0.19430661,7
8151,5.564814,11.044857,3
8153,7.2924647,5.908537,1
8154,8.859215,10.935431,6
8157,-5.7270265,5.819306,2
8158,3.601861,7.032775,6
8159,6.205805,9.66227,3
8160,-3.7698524,4.7665997,0
8161,5.590781,12.190445,3
8162,-5.2319407,4.8169446,0
8163,8.350571,-0.2175594,7
8164,-3.454511,4.9157357,0
8166,5.9287543,12.490338,3
8167,4.2526,6.5966153,6
8170,8.998906,13.329881,4
8171,5.9058037,11.491653,3
8172,4.4115,10.617761,3
8173,5.2776275,10.114054,1
8174,3.9467824,9.696488,1
8175,7.897566,13.363356,4
8176,-2.6602845,4.910853,0
8177,-6.4335446,4.377324,0
8178,8.854024,13.302399,5
8179,10.606233,13.579654,5
8181,10.657444,13.615022,5
8182,10.787928,0.5210628,7
8183,11.192903,11.175847,1
8184,9.604212,3.2493396,7
8186,3.4314816,6.599984,6
8188,3.958017,10.649713,3
8190,8.094483,-0.69979554,7
8192,5.978674,9.886203,6
8193,6.617227,10.780577,6
8194,11.125887,0.8623167,7
8195,10.958264,11.259941,4
8197,13.339399,10.772375,1
8198,5.00295,11.0672865,4
8199,10.88682,14.989881,5
8200,4.712788,10.431742,3
8203,13.447687,9.760866,6
8204,-5.9588966,4.7343073,0
8206,11.381973,11.018458,3
8207,-3.564985,6.676514,2
8208,-4.815622,4.26698,0
8209,14.478452,9.980344,1
8210,8.435538,13.45408,6
8211,7.459164,13.128044,1
8212,-3.4064379,6.459874,2
8213,11.105855,8.681754,6
8214,5.9104652,12.372584,3
8215,-4.986817,4.6529274,0
8216,-4.2836957,6.867363,2
8217,12.173301,9.509228,1
8221,11.121609,12.348944,5
8222,-6.284654,6.6254764,2
8223,4.929146,9.985795,3
8224,12.826328,10.55495,1
8225,-4.1556797,3.8035467,0
8226,5.9939885,12.272885,3
8227,6.6065607,12.222279,1
8228,-4.116105,6.8472223,2
8229,10.7339325,8.442103,4
8231,7.9598665,11.439516,1
8232,14.67462,11.434079,3
8233,12.466237,10.638741,3
8234,6.501341,12.221787,3
8235,11.01807,0.86278194,7
8236,9.549445,12.195651,6
8237,11.874668,9.461724,6
8239,8.3440695,13.051346,4
8242,3.4919832,7.1235633,6
8243,5.0615478,8.822827,6
8244,-3.9079695,6.7082314,2
8245,14.569478,11.375473,3
8246,8.146028,-0.88976395,7
8247,6.9033484,11.80439,4
8248,6.5971665,11.244918,1
8250,6.4134693,10.897638,1
8251,9.629395,13.639919,5
8252,8.054934,10.958021,4
8253,10.595891,13.896062,5
8254,-5.0501184,2.717712,2
8255,11.045777,0.38874856,7
8256,7.252103,12.757547,1
8257,10.75072,-0.22085302,7
8258,7.959487,12.774383,1
8259,9.293452,13.491127,5
8260,-6.5256805,4.050179,0
8261,4.5207524,6.2515254,6
8262,-5.2942734,6.8532796,2
8263,11.210045,13.881267,5
8265,3.8553348,6.932544,6
8266,3.7615483,9.278853,1
8267,-3.607995,6.841039,2
8268,3.6550107,6.62243,6
8269,6.4716024,10.19421,6
8270,-6.179075,6.6027837,2
8273,4.6644936,7.0211573,6
8274,5.844267,10.269731,3
8275,11.1116085,8.68598,4
8276,-6.1981487,3.9278662,0
8277,-5.0349145,5.2612247,0
8279,4.135675,6.924958,6
8280,9.7251215,12.173041,5
8281,6.133527,10.045611,4
8282,9.225,11.456457,6
8283,6.3167496,11.311191,3
8284,-2.892824,6.643427,0
8287,-6.29329,3.7715409,0
8288,6.7426004,12.40247,1
8289,-5.623772,4.1872835,0
8290,8.373042,13.618605,1
8291,-3.0377479,5.138226,0
8292,11.134427,14.374826,5
8294,10.25509,0.2876964,7
8295,9.541665,13.004497,5
8296,-6.0582294,4.4823112,0
8297,-3.2592247,5.1680255,0
8298,6.3506227,13.1288805,4
8300,-4.115703,7.1924148,2
8301,-6.239202,3.484965,0
8302,11.212695,13.656401,5
8303,3.755314,10.438644,3
8304,-5.259101,4.739941,0
8305,7.0291953,10.918903,1
8306,-5.9936953,4.4532704,0
8307,5.289813,6.686966,6
8309,-4.7426524,4.1817555,0
8311,6.663195,6.14129,1
8312,3.4856033,7.3241806,6
8313,11.085907,13.929821,5
8314,13.999873,10.802505,1
8316,10.693137,13.609749,5
8317,5.978976,13.035187,3
8318,4.7711854,9.106581,6
8319,10.760951,11.856231,5
8321,5.0464187,7.524284,4
8322,3.3096437,6.592714,6
8323,7.6660357,13.0750265,4
8324,7.816432,13.441505,4
8325,14.45613,11.304123,3
8326,-4.8866835,4.0198054,0
8327,7.9609194,11.578891,4
8329,-4.592969,5.324914,0
8331,4.169442,9.208606,6
8333,6.861793,6.1034803,1
8334,8.120294,12.67506,4
8335,6.995882,6.1130595,1
8336,10.212721,13.28923,5
8337,11.093672,0.50825286,7
8338,3.7737098,7.5229526,6
8339,5.4202204,10.715626,3
8340,7.854092,6.571527,3
8341,-3.9857764,4.712127,0
8342,8.361971,13.6472,5
8343,4.419676,9.331039,6
8345,7.208717,11.637125,1
8346,-6.459085,4.1736813,0
8347,8.21873,13.223814,6
8349,12.600961,10.61905,1
8350,-5.721869,7.1083183,2
8351,-3.2436898,4.843117,0
8352,4.7420607,6.6725855,6
8353,6.6669707,12.270869,4
8354,6.849159,11.79988,4
8356,-6.0466843,3.4244409,0
8357,9.375529,3.545234,7
8359,-6.162586,4.3917117,0
8362,9.459559,11.44871,6
8363,14.53571,11.202714,3
8365,-5.265912,6.9651384,2
8366,3.8545754,9.303585,1
8367,4.5850735,8.972521,6
8369,10.69002,-0.01260202,7
8370,5.137929,7.4310937,6
8371,10.317119,0.55875474,7
8372,14.835357,11.159245,3
8376,10.2966585,13.889471,5
8377,-6.145049,5.2173433,0
8378,6.816928,11.666574,1
8379,5.8157873,11.795298,3
8381,6.2437196,12.097177,4
8382,11.26389,9.501153,5
8383,-2.911569,6.9096594,2
8384,-5.643115,7.083369,2
8385,10.896634,12.155827,4
8386,4.0388737,6.2874794,6
8387,5.130675,6.501143,6
8388,11.7376585,9.714757,4
8389,8.734416,12.943251,6
8390,9.367027,3.304664,7
8391,7.936767,13.002617,4
8392,13.934751,9.661957,1
8394,-6.477417,6.2871,2
8395,5.8766446,11.346216,3
8396,11.282978,14.406816,5
8398,4.187563,6.375896,6
8400,-3.8884923,7.0136194,2
8401,5.4885607,7.3335505,6
8403,10.461261,15.301507,5
8404,-5.402814,4.2502437,0
8405,-4.9357753,7.4986553,2
8406,4.875754,9.224031,1
8407,3.6904812,7.4645815,6
8408,7.885691,-0.4770426,7
8409,11.163804,10.7378,3
8410,10.3723755,10.6858225,6
8411,-3.2506256,6.573742,2
8412,6.2083993,6.7265067,6
8413,3.9827538,9.158448,6
8414,11.147971,14.914351,5
8415,11.360144,13.970361,5
8416,-5.7001553,5.5439715,2
8419,14.111624,10.016252,1
8420,6.8093653,12.837467,1
8422,9.158726,12.160537,5
8423,10.89312,10.862618,6
8424,8.277146,-1.1191771,7
8425,-3.7105436,7.3255906,2
8426,-3.8444126,4.255378,0
8427,-6.556814,6.039444,2
8428,10.953941,11.549975,4
8429,-6.1883597,6.1310163,2
8431,7.2486277,13.745029,4
8433,7.8480005,11.876421,6
8434,9.261788,12.009952,6
8435,7.605642,-0.92250293,7
8436,3.5691445,9.367262,1
8437,-3.4215112,5.3258896,0
8438,-5.069846,5.1956477,1
8440,9.267322,12.453355,1
8441,10.987562,0.5385384,7
8442,5.2088375,10.416269,3
8443,6.3670406,11.8326025,3
8445,6.4870334,10.615891,1
8446,-6.5367413,6.3959255,2
8447,8.860874,12.45128,5
8449,-4.354166,3.8187706,0
8450,4.3617997,9.321453,1
8451,4.2126207,10.489183,3
8452,10.076441,0.0035388311,7
8453,6.093242,10.14873,3
8455,11.908406,9.706231,1
8456,-6.1918025,6.421828,2
8457,4.6152267,9.625802,1
8458,7.738227,13.518462,4
8459,-3.5387037,7.366855,2
8460,4.2488933,9.313019,4
8461,6.3220077,11.074023,3
8464,7.3496866,12.723539,1
8465,6.3842993,12.492032,4
8466,6.3304014,10.914833,1
8467,-5.5442376,6.126162,2
8468,7.602736,13.669337,1
8470,-4.2785134,7.3830047,2
8471,7.1144056,12.4918995,1
8472,3.6396818,9.668861,1
8473,4.8146725,10.46308,3
8474,4.385252,10.735091,3
8475,7.8049564,13.355545,4
8476,6.0705605,6.8033557,6
8477,10.702124,8.431434,6
8478,11.418697,8.946953,6
8479,5.908892,10.150351,1
8480,7.5913763,12.273501,6
8481,6.3550477,11.481343,1
8482,11.501839,10.266398,4
8485,9.503787,11.604792,6
8486,9.07715,11.884266,6
8487,3.6687646,7.481768,5
8489,6.3897915,12.951891,3
8490,-4.3977785,7.4342313,2
8492,5.6637874,11.182468,3
8493,7.749675,11.765512,6
8494,9.912392,13.01757,5
8495,9.565663,3.4796324,7
8496,4.00773,6.1037083,4
8497,5.0852013,7.5594525,6
8499,13.479684,10.676445,1
8500,-6.13388,6.3267865,2
8501,7.662595,12.768809,4
8502,10.0361185,3.1186416,7
8503,3.6700492,9.476184,4
8504,-2.9912667,6.9177837,2
8507,6.423331,13.197278,3
8508,4.2008033,6.0147915,6
8509,7.9548917,12.753818,4
8511,7.5418353,12.329366,6
8512,13.9514675,10.806209,1
8513,13.195952,10.445094,1
8514,-3.3878152,6.561006,2
8515,9.98167,13.671988,5
8517,11.164753,11.447656,4
8518,-5.9820404,3.4308183,0
8519,-4.7640224,7.252574,2
8520,-3.9517932,6.476284,2
8521,6.2246437,9.631783,1
8522,10.975349,13.196304,5
8523,6.150557,12.355201,3
8525,11.5798435,11.331073,1
8527,7.116488,11.411733,1
8530,-6.1858997,4.231405,0
8532,3.3367841,10.034976,4
8533,5.754229,6.814644,6
8534,11.200091,14.069134,5
8535,5.6996303,7.486233,6
8536,3.9031935,10.2148285,4
8537,7.139988,12.546789,1
8538,11.166997,12.586838,5
8539,6.133118,10.374619,3
8540,14.6688595,11.13569,3
8541,10.642242,13.049551,5
8542,11.638823,10.424956,5
8544,11.157042,8.728908,4
8546,3.7888803,9.852196,1
8548,11.636639,9.49803,1
8549,7.735632,13.237323,1
8550,7.6672163,10.655796,4
8551,8.752942,11.738962,7
8552,4.9955635,8.956353,6
8553,-5.8544903,5.7064667,2
8555,7.8660426,6.5451946,3
8556,-5.4662676,3.9544046,0
8557,6.3476615,12.423607,3
8558,-3.669186,5.2935896,0
8559,-5.8636875,3.972865,0
8560,4.2082744,8.527605,6
8561,13.398656,10.372382,1
8562,3.9890425,6.3154016,6
8564,-5.2872496,4.631413,0
8565,9.24993,3.7397227,7
8566,8.139947,12.3082485,4
8567,10.310564,15.030023,5
8569,10.905263,11.57328,4
8571,3.7775261,7.813086,6
8572,4.2581577,6.185824,6
8573,-6.0047398,5.8546844,2
8575,-3.1077468,7.1900215,2
8576,-3.4254706,7.3777003,2
8577,13.971586,9.856875,1
8578,9.440805,12.029862,6
8579,10.935562,0.4968215,7
8580,11.466979,13.68058,5
8582,4.325924,10.526826,3
8583,-5.606866,6.5138206,2
8584,-4.2353697,6.9266376,2
8585,-4.5010524,4.1663823,0
8587,-3.8696833,7.4293747,2
8588,3.7291698,9.672076,1
8589,12.895297,10.386857,5
8590,-5.6817737,6.402449,2
8591,10.591036,10.586347,3
8592,11.374019,8.952232,6
8593,3.960632,10.707788,3
8594,10.514093,13.541271,5
8595,10.271821,14.663208,5
8597,6.4662337,12.545033,1
8598,10.965859,11.145689,4
8601,6.6597934,13.468031,3
8603,11.861761,9.740119,3
8604,-6.4743648,4.0292745,0
8605,3.3495536,6.645452,6
8607,9.502601,11.562827,6
8608,6.805124,5.956937,6
8609,9.631602,12.076115,6
8610,6.0878534,12.605407,3
8611,5.816464,12.432402,3
8612,9.184558,12.099407,6
8615,-5.8918505,6.0192714,2
8616,4.7738724,7.4099517,6
8617,-4.255457,3.9472888,0
8619,6.9795394,11.193545,4
8620,13.356236,9.80916,6
8621,-5.7091327,4.9495916,0
8622,4.753516,6.4147015,6
8623,6.283721,6.6854053,1
8624,-5.0240693,6.020868,2
8626,3.9241257,8.775201,5
8627,6.527697,6.2405267,6
8628,9.815508,12.850526,7
8629,13.238262,10.126587,6
8630,11.365894,8.989868,4
8631,-6.205496,4.2279744,0
8632,5.331332,10.209343,3
8633,5.9385986,11.822781,3
8634,3.690235,9.191092,1
8635,10.157816,13.1120615,5
8636,10.833746,14.521325,5
8637,11.213052,8.850999,4
8638,13.074637,10.055027,6
8639,10.541505,14.514449,5
8640,7.867678,11.204804,5
8642,-6.1427293,4.276086,0
8643,14.33671,11.3280325,3
8644,8.682406,13.44984,4
8645,14.610384,11.151042,3
8646,14.531731,11.396863,3
8647,5.92906,10.476796,3
8649,-3.5236893,4.542329,0
8650,4.133276,9.474273,1
8652,-6.1867604,5.9280868,0
8653,8.409538,13.23621,2
8654,-5.09446,4.3246074,0
8655,8.727764,10.488554,6
8656,10.134281,15.147388,6
8658,7.3002977,11.596917,1
8659,6.0457716,6.716859,6
8660,-5.9192014,4.000527,0
8661,-5.501181,6.2531652,2
8662,4.4270453,7.195681,6
8663,6.987856,11.857784,4
8664,-6.5966344,6.2709293,2
8666,7.3753643,11.545136,1
8667,10.7323,0.38621405,7
8668,7.1541133,10.847817,4
8669,4.080747,7.1236176,6
8670,4.9062986,9.992723,1
8671,9.346261,11.716068,6
8675,7.6440363,13.982544,4
8676,10.924324,11.742668,5
8677,14.026451,10.932724,3
8678,-3.7616394,6.3988876,2
8680,11.40778,11.187972,4
8682,9.575378,12.063356,6
8683,-4.969834,6.0215325,2
8684,10.74321,0.9913224,6
8685,14.404645,10.140989,1
8686,6.6450024,12.869384,3
8687,9.103895,11.187253,6
8688,10.275494,14.731227,5
8689,-6.3000264,4.2853723,0
8690,-5.1518826,7.407065,2
8692,4.2591615,6.9366584,6
8693,4.754678,6.4190493,6
8694,7.526372,6.19693,1
8695,-3.2926471,5.456957,0
8696,-5.6029263,4.284628,0
8697,-6.2477503,4.271802,0
8698,-5.2738457,7.3595386,2
8699,7.604207,10.930681,6
8700,8.544544,12.631756,5
8701,11.050283,11.362505,4
8702,7.889019,6.4940567,3
8703,5.0085077,6.566819,6
8704,6.6351676,9.845748,4
8705,8.965819,11.462119,6
8706,14.250728,9.764521,1
8707,8.79144,12.530636,4
8708,6.6927056,11.489051,4
8709,12.43823,10.647117,1
8710,6.564027,12.007942,4
8711,-3.6874895,6.335561,2
8712,7.103385,12.509356,1
8713,-3.3200662,6.7490697,2
8714,-3.3926795,6.356321,2
8715,-5.513862,6.191006,2
8716,3.3659132,6.948887,6
8717,10.780886,15.165306,5
8718,4.8804073,10.131634,1
8719,-5.373118,4.372129,0
8720,3.9149973,6.6215963,6
8721,-6.5815187,3.9427547,0
8722,3.297599,9.763361,1
8723,13.377672,9.806578,6
8725,11.1303835,14.738649,5
8726,13.864402,10.489828,1
8727,-3.4766886,5.060236,0
8729,-4.232269,6.813491,2
8730,-5.1059785,6.486982,2
8731,4.17456,10.588318,3
8732,10.668074,14.90468,5
8733,3.6782153,9.08127,4
8734,10.9902115,8.609283,4
8737,10.433761,14.921627,5
8738,14.075105,10.869692,1
8740,4.672473,10.749923,3
8741,4.474885,6.149399,6
8742,3.8840091,9.127975,6
8743,8.129866,12.643312,6
8745,10.01854,3.033356,7
8746,5.2970138,6.6393533,6
8748,-6.2273583,4.41139,0
8749,10.846898,14.03908,5
8750,6.225701,9.909823,3
8751,11.435926,9.010889,6
8752,6.532144,11.432952,1
8753,-5.9830112,6.374497,2
8754,6.7249203,10.6764965,1
8755,4.7547784,7.8882046,6
8756,6.4041796,12.605668,1
8762,9.7657585,2.8205237,6
8763,14.69131,10.321481,1
8765,4.0306716,9.371624,1
8766,7.8695745,-0.3698372,7
8767,11.320277,0.6432787,7
8769,13.701696,9.493989,6
8770,-6.156411,3.540439,0
8771,13.351497,10.362961,1
8773,9.463336,13.562028,5
8775,-3.5743968,6.909705,2
8776,10.296546,14.98946,5
8778,-3.9737887,4.039921,0
8781,10.96165,13.462527,5
8782,7.253538,12.657043,1
8783,11.010341,11.367788,4
8784,7.156893,13.451117,4
8785,6.7425246,6.125997,1
8786,4.9085064,9.031791,6
8787,6.52151,11.864178,1
8788,13.641184,10.108592,1
8790,-3.6737988,6.328594,2
8791,-5.7112455,6.971451,2
8792,3.9597893,9.467087,1
8794,10.366997,1.069687,7
8795,6.347249,11.611553,1
8796,8.334487,13.401704,4
8797,4.3215013,6.387572,6
8798,4.1719174,9.206121,6
8799,-6.4613123,6.409252,2
8800,7.840116,6.582691,3
8801,11.686174,11.00402,3
8802,4.8235536,6.5834804,6
8803,-5.498961,6.1634383,2
8805,6.4065533,9.733682,4
8806,7.746598,13.410727,4
8807,11.279062,9.580294,5
8809,3.7264452,6.089111,6
8810,11.105346,10.853071,4
8811,4.5119276,10.201351,3
8812,-6.276909,4.0594516,0
8813,10.766527,13.913572,6
8814,-3.8265781,6.6389756,2
8815,6.938688,13.101775,1
8816,5.8168826,10.4209385,1
8817,-4.04763,7.504963,2
8818,8.167542,-0.9157089,7
8819,11.584173,10.782678,1
8820,4.399004,8.664035,6
8821,3.448075,6.335385,6
8823,9.215274,11.757416,6
8824,3.8098469,9.546951,1
8827,3.4158425,6.6664257,4
8828,9.257189,3.7270021,7
8829,6.8083744,10.539689,4
8830,13.198423,10.061288,6
8831,14.01341,10.002256,1
8832,-2.9263425,5.189771,0
8833,10.725032,-0.13298965,7
8834,9.455747,11.619647,6
8835,14.89187,11.085024,3
8836,14.224056,11.239818,3
8837,10.267166,14.001568,5
8838,4.0936794,9.47249,4
8839,3.2482538,6.34764,6
8840,-5.4735537,3.4165125,0
8841,11.2898655,14.734114,5
8842,-5.906459,5.8606873,2
8843,3.6766336,9.663825,6
8844,-2.6543162,4.8877473,0
8845,10.830978,13.356062,5
8846,-5.495084,4.1886153,0
8847,6.962879,11.518696,4
8848,-4.143074,3.8982844,0
8849,7.615107,-0.844836,7
8850,10.743059,8.455952,4
8852,8.180727,12.373126,4
8854,10.659859,0.20950939,7
8855,13.733252,9.576512,6
8857,4.9666386,10.486103,3
8858,11.029523,14.913039,5
8860,6.3467765,10.079898,4
8861,7.5536757,12.455317,6
8862,4.373252,9.803724,1
8865,6.199784,9.566827,6
8866,10.257045,15.055318,5
8867,11.390097,10.922832,4
8868,-3.698079,5.3579116,0
8869,6.7856555,11.42219,1
8872,6.7415814,6.019921,6
8875,4.582058,10.0997,3
8876,6.5891337,12.035837,3
8877,-3.7786512,5.35106,0
8878,-3.6202674,6.24194,2
8879,3.9114022,10.239998,3
8881,3.818209,9.383017,6
8882,3.8187664,10.300664,3
8883,10.5851965,14.982415,5
8884,3.5269275,9.070898,6
8885,13.510093,10.833176,1
8886,3.6560066,9.740226,1
8887,10.612791,15.173126,5
8888,-6.1332207,6.524911,2
8889,4.7918906,6.993832,6
8890,7.0068774,12.838929,4
8891,5.9215736,11.556434,3
8893,10.898531,10.672042,1
8894,-6.241624,5.8137064,2
8895,4.7255692,10.515763,3
8896,-4.41636,3.7889664,0
8897,9.7929325,3.360281,7
8898,4.045638,7.4322586,6
8901,-6.0613065,3.4008267,0
8903,-3.667597,6.6924615,2
8904,-4.628275,4.1527066,0
8907,8.053624,13.631124,4
8908,11.391562,11.418853,4
8909,-5.8593893,3.3974686,0
8910,10.752374,10.656921,3
8912,8.156174,13.044034,4
8913,-5.211973,7.2290616,2
8914,11.14258,0.673987,7
8915,-2.9677804,7.08719,2
8916,4.0476017,6.026184,5
8917,11.327475,10.795627,4
8918,7.33061,10.832355,1
8920,7.5388403,12.599359,1
8921,-3.112718,7.1973104,2
8922,6.1394253,11.268514,3
8923,5.808944,12.050125,3
8924,10.795715,13.102058,5
8926,7.5194464,13.608542,4
8928,5.008153,6.6219826,6
8929,4.189656,6.034165,6
8930,4.844479,6.4477882,6
8931,4.730819,9.520637,1
8932,4.5158143,10.2525425,3
8933,7.107507,11.608317,6
8934,14.027165,9.761902,6
8935,-3.6932223,6.535306,2
8936,4.589781,9.125885,1
8937,8.205106,12.920888,5
8941,-3.1261272,5.4206643,0
8942,9.982026,13.149187,5
8943,9.076135,11.652378,6
8944,-3.9154031,6.4560266,2
8946,10.945553,0.072271496,7
8947,9.150036,11.684614,6
8948,13.258408,9.917603,6
8949,14.526135,10.867255,3
8951,10.0544615,14.634532,5
8952,-4.7614636,3.5914738,0
8953,-6.0879903,4.6421957,0
8954,7.4721003,13.246547,1
8955,11.3222685,9.381123,5
8956,-5.332709,3.9394407,0
8957,4.6256695,9.698699,1
8958,3.72555,7.1416693,6
8959,9.147806,13.440958,1
8960,-5.013943,6.0440354,2
8961,8.216792,-1.0791659,7
8962,6.326813,11.23122,3
8963,11.191393,10.8902855,3
8964,4.911243,7.262913,6
8965,13.77667,10.210221,1
8966,10.933881,0.53114647,7
8968,-6.052881,5.4780135,2
8969,5.7947326,12.550779,3
8970,3.293863,6.9139514,6
8971,14.534831,10.399932,1
8973,6.467572,12.24094,1
8974,-6.1441584,4.490513,0
8975,-5.5479956,5.924493,2
8976,11.265644,8.916224,4
8977,-6.0048933,3.8809185,0
8978,9.880991,3.0818224,7
8979,-5.507629,6.513909,2
8980,9.579499,12.063381,6
8982,-6.265974,6.0460305,2
8984,8.292885,13.19544,4
8985,-5.819222,3.6197913,0
8986,13.631749,10.397015,1
8987,4.328614,9.234578,1
8988,11.094874,0.8908051,7
8989,13.243751,10.064196,6
8990,7.5721445,11.419427,6
8991,7.0477347,10.821409,4
8992,10.234931,14.925242,5
8993,11.00882,0.5627311,7
8994,7.9244266,-0.28709087,7
8996,7.466681,6.090793,1
8997,-3.8411896,6.827091,2
8998,10.417549,-0.23831593,7
8999,-6.33828,6.6474147,2
9000,10.844917,14.054117,5
9002,11.070891,0.04756912,7
9003,8.140914,13.390438,4
9004,7.6024356,12.8455925,5
9006,8.288345,12.5342,6
9007,14.807539,11.112485,3
9008,11.655182,10.820134,4
9009,3.2519338,9.628467,1
9010,-3.8092859,6.925999,2
9011,6.8790927,12.987281,1
9014,7.167205,10.725284,4
9015,8.072997,11.604572,4
9016,11.417927,0.5616005,7
9019,-3.7084222,5.2136936,0
9021,6.5399394,13.421194,3
9022,11.248562,9.110315,5
9025,10.145711,13.329309,5
9026,-5.763703,6.370923,2
9027,10.864486,-0.007447095,7
9029,10.366273,14.841515,5
9031,6.801504,13.22991,1
9032,-3.5204558,6.3010945,2
9033,10.768395,11.748,4
9035,-3.036805,5.063678,0
9037,-4.7413096,6.045815,2
9038,7.5149064,11.513439,4
9039,-3.4604151,4.810603,0
9040,-4.6839566,3.9094765,0
9041,8.444769,12.754439,4
9042,6.994244,12.319998,1
9043,4.341173,6.103085,6
9044,5.9769564,12.834406,3
9045,-3.7805943,5.268216,0
9046,11.215936,13.38668,5
9048,4.2477627,9.909286,1
9049,10.627231,14.503798,5
9050,3.5142508,10.134838,4
9053,14.895769,11.075438,3
9054,6.3150516,11.454468,3
9055,6.9651213,11.704806,4
9056,6.642937,10.162737,1
9057,7.8097606,6.630531,3
9058,5.6977434,11.484352,3
9059,4.503148,9.628336,1
9061,9.503483,11.952983,6
9062,6.538577,11.356558,1
9063,9.074497,11.019798,7
9064,4.9099717,9.223552,1
9065,-6.3890386,3.7984407,0
9069,4.8799367,9.2100935,1
9070,-2.9717445,6.366593,2
9071,4.233939,8.385551,5
9072,4.026788,9.376684,1
9073,-3.4160903,6.2087326,2
9074,3.5288398,10.060014,3
9075,3.1905937,9.056296,5
9076,6.6610746,12.383533,1
9077,7.157944,13.52196,4
9079,-3.6781285,6.06537,2
9080,7.052872,11.103258,1
9081,4.020795,10.232697,3
9082,9.181184,3.5583239,7
9083,4.7367,7.503918,6
9084,4.7460904,6.4359145,6
9086,3.7044935,10.500158,3
9087,6.560067,13.643945,4
9088,8.115083,-0.22525133,1
9090,6.0726233,10.304101,3
9091,7.2433357,13.184902,1
9092,7.01656,12.80685,1
9093,-5.1101017,7.342743,2
9096,4.017286,9.683586,1
9097,-6.1922956,5.8974037,2
9098,-6.3848953,6.5965195,2
9100,3.348399,9.581341,4
9101,3.5012074,6.326601,6
9102,8.0442,12.952644,4
9103,13.533544,10.146643,1
9104,-5.639373,4.7211175,0
9105,9.711457,12.899022,5
9106,10.902357,11.141998,5
9107,11.067393,8.656584,6
9111,7.5422587,13.398131,4
9112,-3.113611,6.8459306,2
9113,3.4944048,8.625016,5
9114,-5.884655,7.0378633,2
9116,9.001633,11.008843,6
9117,10.962202,10.954946,1
9118,4.4912133,10.278368,4
9120,9.72011,2.8429902,1
9121,11.127823,14.632209,5
9122,6.128944,6.9015145,5
9123,11.439239,14.454902,5
9124,6.7770576,13.044016,4
9126,9.553092,12.047371,6
9127,6.40002,9.748683,4
9128,6.7679877,10.946479,1
9131,7.487223,13.196318,4
9132,-4.642493,4.199522,0
9133,6.938782,12.808422,4
9134,8.346961,12.108471,4
9135,3.6910965,9.1923065,4
9136,6.3142986,11.529042,1
9137,-5.589752,6.633202,2
9138,14.511067,10.18907,1
9140,8.613135,13.412268,4
9141,7.125908,11.348418,1
9143,14.879097,11.118018,3
9144,12.140263,9.522979,1
9145,9.796132,13.769923,5
9146,-5.983526,6.2818575,2
9147,-6.4740896,4.4095654,0
9148,7.9393415,6.3839903,3
9149,-5.706258,4.866008,0
9151,9.425395,3.6190877,7
9152,11.2275715,9.5053215,5
9153,6.4436016,11.605353,3
9154,9.656546,3.4755614,7
9155,-3.2024412,7.046881,2
9156,4.0965977,9.387676,4
9157,7.6763606,12.313747,6
9158,10.179495,13.50652,5
9159,8.001836,-0.7439722,7
9160,11.403999,14.289339,5
9162,13.670947,10.838169,3
9163,14.282756,10.293021,1
9164,9.340582,11.904637,6
9166,3.2905378,9.71343,4
9167,9.475191,11.635377,6
9168,10.345613,1.1312199,6
9169,8.162378,13.521533,4
9170,-4.550154,4.1305523,0
9171,7.9304304,13.530811,4
9172,6.092483,11.93316,3
9173,6.4770274,10.62614,1
9174,7.4898734,13.580314,1
9175,11.66592,11.260351,4
9176,3.6677191,9.050499,4
9177,-3.8634186,6.3838243,2
9179,-5.4512253,6.8800817,2
9180,11.070433,10.949614,3
9181,7.647721,12.142751,6
9182,3.8230162,9.093266,4
9183,10.71725,8.433614,1
9184,6.333563,12.6438,3
9185,10.994684,14.649077,5
9186,-3.1245072,6.9558897,2
9188,8.701249,12.993077,5
9189,7.038698,10.460849,3
9191,10.007326,0.58575386,7
9192,7.7162905,11.320792,1
9194,10.790818,12.174309,6
9195,12.00156,9.477162,4
9196,3.168026,9.320895,4
9197,9.294452,3.7314062,7
9198,3.8531647,7.4980125,6
9200,7.2576923,10.360233,4
9202,6.98416,10.46008,4
9203,6.6615114,6.1768255,1
9205,8.968207,13.328786,5
9206,-2.968285,4.7696953,0
9208,6.888192,13.713536,3
9209,13.896402,9.925472,1
9210,7.027403,10.830917,4
9211,3.565185,7.1044264,6
9212,10.773576,14.976652,5
9214,11.378434,8.995632,4
9215,6.766423,12.331196,1
9216,-5.5837383,6.5068865,2
9217,-6.223598,4.617192,0
9218,9.895221,12.952829,5
9219,6.860969,12.947227,1
9220,4.520744,9.693141,1
9221,12.847997,10.657201,4
9222,13.89304,10.819825,1
9225,10.7507515,13.840565,5
9226,13.222551,9.980132,6
9228,14.201652,10.273308,1
9229,4.5740213,6.270131,6
9231,6.4902525,11.78121,1
9232,14.854358,10.839931,3
9233,10.491738,13.409306,5
9234,9.845123,3.3269749,7
9235,10.410045,14.949095,5
9236,7.7742295,10.781794,6
9237,9.9090805,2.918909,7
9238,4.463676,10.052002,1
9239,9.597224,12.214556,6
9240,14.42765,10.647005,3
9241,13.73536,10.260532,1
9242,9.256957,13.545567,5
9243,6.445273,6.3516045,1
9245,4.5124407,10.036558,3
9246,7.0470977,11.391979,1
9247,5.2523727,10.714247,3
9249,14.225095,9.942352,1
9250,10.656791,0.5491996,7
9252,10.686067,13.786427,5
9253,3.8029907,10.260326,3
9254,6.1497784,12.224167,3
9255,13.488396,10.290372,1
9256,3.4053535,6.993586,6
9258,6.081169,11.30699,3
9261,10.079246,0.031010393,7
9263,10.117401,13.882811,5
9265,11.416226,11.5254345,1
9266,5.368604,10.606323,3
9267,-4.811176,4.0152183,0
9269,11.407425,11.395666,4
9270,9.155688,11.969451,4
9271,10.423338,-0.39678362,7
9272,10.911383,14.078641,5
9273,-3.2624505,6.1758914,0
9274,8.736247,11.488451,6
9275,3.9911048,10.420056,3
9276,10.704268,0.9750615,7
9277,-6.5269156,3.9021862,0
9278,7.3775578,12.245124,4
9280,7.1923485,11.238311,4
9281,6.5535536,12.541667,1
9282,6.261613,11.658042,3
9283,10.913669,11.273607,4
9284,-5.7392354,3.4600255,0
9285,-5.3751364,4.62335,0
9286,11.542422,11.50899,6
9288,9.551062,3.3673234,7
9290,-3.5239081,7.4059863,2
9292,-4.207361,3.8363023,0
9293,9.2511,11.825043,6
9294,8.192188,-0.9297755,7
9295,8.196946,13.292594,6
9296,11.592346,10.283805,1
9297,9.003823,12.966967,5
9298,10.258693,-0.20265155,7
9299,7.4761343,10.798827,5
9300,10.9836855,10.9739065,4
9301,14.901685,11.141918,3
9303,10.697895,14.308173,5
9304,11.287797,0.56634945,7
9305,9.196614,3.6966426,7
9306,-6.2744455,3.4530387,0
9308,14.420164,10.9207945,3
9310,11.382605,14.024391,5
9313,-3.6273098,4.630416,0
9316,11.302112,0.81117225,7
9317,11.359088,8.993917,4
9319,7.6191416,10.785587,5
9322,10.605226,8.376706,6
9323,7.2908,12.434341,1
9324,10.001726,14.47654,5
9325,3.4777548,7.0700436,6
9327,9.984161,12.92438,5
9328,7.6608353,11.620052,1
9329,-3.4207864,7.4014506,2
9330,3.7811804,9.136228,1
9331,-6.429359,6.5326056,2
9332,-4.406748,4.819936,0
9333,-3.01996,6.0303264,0
9334,11.117086,9.311341,5
9335,11.026428,13.50392,5
9336,14.271307,10.224931,1
9337,12.271483,9.546861,1
9338,8.088896,11.605886,6
9339,8.942664,11.600981,6
9340,6.199368,6.72577,6
9341,-3.6392925,6.47492,2
9343,-2.8558176,6.8089986,2
9344,-3.67327,6.883021,2
9345,3.582888,6.394446,6
9346,6.1140246,10.644608,1
9348,4.7647038,9.733826,4
9349,-5.0552015,4.388533,0
9351,-3.1527393,7.0351686,2
9352,6.9288096,11.814849,3
9353,7.1973176,12.04215,4
9354,-3.0833642,4.8976865,0
9355,6.8874564,12.86853,4
9357,-3.2661095,6.4884577,2
9358,13.704404,9.710843,1
9359,-6.240166,4.0020123,0
9360,7.0497656,10.233073,6
9362,13.8207035,10.057498,1
9363,10.758298,8.47194,6
9364,10.959687,14.797846,5
9365,7.1063604,12.409952,1
9366,13.186838,9.989612,6
9367,7.7474527,6.65732,3
9368,9.993343,1.0991023,7
9369,11.010582,11.246545,1
9370,12.194039,9.569088,1
9371,5.8805656,11.503885,3
9372,7.115251,10.383619,1
9373,3.6103945,9.478822,4
9375,6.5431523,11.021743,3
9377,-4.8763604,4.551486,0
9378,4.2783217,10.059419,3
9379,-6.375632,6.649266,2
9380,13.931177,9.69999,1
9381,-5.746847,6.4217916,2
9382,7.326034,11.790452,1
9383,7.60501,10.744335,4
9385,-6.1520643,4.558663,0
9386,-3.1868522,7.0914755,2
9387,10.9343,0.84100777,7
9388,6.3614397,9.919084,1
9389,7.2041135,10.334977,4
9390,11.250415,9.967379,1
9391,7.156362,10.333269,6
9392,10.743046,-0.27256188,7
9393,10.978198,13.55192,5
9394,6.3450165,9.804685,3
9395,-5.241065,6.9073462,2
9396,-3.2867055,5.410394,0
9397,9.949608,2.9848282,7
9399,14.258809,10.186244,1
9400,-3.404536,5.1295056,0
9402,10.552373,13.447692,5
9403,4.194614,10.239635,4
9404,11.801994,9.646888,1
9406,-6.3277936,6.165187,2
9407,3.542172,7.2282095,6
9408,-5.362409,5.794841,2
9409,5.9050646,10.479351,3
9410,10.5965395,-0.2287221,7
9411,10.165548,0.44491574,7
9412,10.215376,0.3305915,7
9413,5.6676836,10.272881,6
9414,4.39413,9.34906,1
9415,14.570887,10.789204,3
9417,8.282969,13.232372,6
9420,-3.1482494,4.9551516,0
9421,3.7411144,7.561551,6
9422,11.290261,8.860851,6
9423,5.8550334,12.464278,3
9424,4.57944,8.613662,5
9425,10.941267,13.762664,5
9426,10.651845,10.9648485,1
9427,-5.50357,6.5648108,2
9428,6.19528,6.7392855,6
9429,9.084415,12.580067,5
9430,6.508834,9.869364,4
9431,4.00265,6.0501204,6
9433,10.747429,10.704942,4
9434,13.61467,10.276,1
9435,-3.1099308,7.1306553,2
9436,10.949664,0.8308663,3
9437,4.8225064,6.7327104,6
9438,11.378022,0.7375593,7
9439,-2.9507663,6.804217,2
9440,11.066383,12.917819,5
9442,9.562975,12.025115,6
9443,8.645092,12.335381,6
9444,5.996,10.280421,6
9446,10.839919,11.096383,1
9447,11.924215,9.666293,4
9448,-5.7108464,5.8321433,2
9449,-5.589941,3.3135319,0
9451,11.169144,0.5797916,7
9452,-3.0254874,6.9864335,2
9453,6.3267803,10.208223,4
9454,7.8196964,12.323165,7
9455,11.322182,8.962057,6
9456,9.419093,3.4576604,7
9458,9.166391,12.054354,6
9459,10.82183,14.209338,5
9460,-3.5485647,7.0607533,2
9464,11.407107,11.488476,4
9465,7.164794,11.011551,6
9466,-5.6174583,3.4478548,0
9467,5.9400597,11.713001,3
9469,7.4819155,12.626145,6
9471,6.212126,13.38137,3
9473,-5.0545692,7.2864094,2
9474,10.685142,8.409777,6
9475,4.4672627,10.4204645,3
9476,13.960386,9.721409,1
9477,7.240578,6.015666,1
9478,11.044807,13.445454,5
9479,10.0618515,3.0638502,7
9480,7.20671,6.2674413,1
9482,4.2811923,6.698671,6
9483,4.9668093,6.552171,6
9484,-2.89579,5.0416217,0
9485,3.2485173,9.080219,5
9486,3.4372725,9.793027,1
9487,6.14369,13.203504,3
9489,8.514317,13.574746,4
9490,6.12007,11.232804,3
9492,7.321254,6.0366497,1
9493,4.1240206,6.2856755,6
9494,6.277862,10.12948,3
9496,14.5971985,10.215946,1
9497,7.5829697,6.2647767,3
9498,10.872682,14.527536,5
9499,10.389201,0.4679598,7
9500,3.5993085,9.71139,1
9502,14.741758,11.045814,3
9503,7.596322,12.767398,4
9504,4.7778826,9.3611965,1
9505,6.6494393,6.199562,7
9506,7.38768,10.857694,1
9507,7.5393333,11.278839,6
9508,-6.371222,3.883889,0
9510,7.0203667,11.459337,4
9511,10.531072,10.674594,3
9512,12.149766,9.559584,1
9514,7.838089,-0.33647138,7
9516,7.907437,12.868094,1
9518,-6.493504,6.242658,2
9519,3.981515,7.191612,6
9520,7.3917437,6.146271,1
9522,6.708935,12.134289,1
9523,10.161021,14.902332,5
9524,-6.188383,4.140214,0
9526,-4.934997,4.0820885,0
9528,6.278624,11.928107,3
9530,-3.1790621,7.149075,2
9532,3.7415812,7.685782,6
9533,6.073041,10.67171,1
9535,3.3483536,9.485303,4
9536,9.554338,12.133413,6
9539,10.732213,13.180306,5
9540,10.803123,0.4459508,7
9541,10.218351,-0.31608316,7
9542,-2.9917324,4.903707,0
9543,11.941025,10.883133,6
9544,4.487801,9.245966,1
9547,8.295461,-1.0990499,7
9548,-3.1117623,6.9214916,2
9549,10.319099,0.5326421,7
9550,-6.13521,6.852724,2
9551,4.9621444,9.766077,6
9552,10.781356,13.281823,5
9553,4.954366,6.412564,6
9554,7.1062455,12.266021,4
9556,8.524699,13.458846,4
9557,13.934119,9.646128,1
9558,-4.082075,4.02976,0
9559,7.8822556,-0.9946787,7
9560,-3.4156466,6.692381,2
9561,4.9358273,10.196787,3
9562,11.107252,0.7629047,7
9563,8.177222,-0.18039547,7
9564,4.3461213,5.924591,6
9565,9.978295,3.0637012,7
9567,3.7846823,9.7312,1
9568,10.882158,10.89659,4
9569,7.5692883,12.8813925,4
9570,6.890623,10.898076,1
9572,10.831802,10.665022,3
9573,4.3413067,10.22261,4
9574,-6.559219,6.413497,2
9576,10.809988,14.102988,5
9577,4.112555,6.4632316,6
9578,11.141899,14.22984,5
9579,7.607861,-0.9822808,7
9580,10.72758,15.066886,5
9581,3.5996614,9.78318,4
9582,-5.648985,5.8395443,2
9583,7.566362,12.333162,4
9584,-5.737858,3.4765863,0
9585,3.2943447,6.793614,1
9586,7.329481,12.86928,1
9587,5.680926,12.85384,3
9588,-6.488218,6.1927834,0
9589,4.136987,6.108352,6
9590,11.463948,14.2501,5
9592,-3.0395525,7.187744,2
9593,3.7338452,9.757164,1
9594,7.4119644,10.794713,4
9595,10.717945,14.243917,5
9597,-5.068649,2.6734757,0
9598,13.851195,10.8241005,1
9599,10.673936,14.174632,5
9600,4.820529,9.274796,1
9602,7.369811,12.678967,4
9603,6.2050166,6.705515,6
9606,5.163587,10.489498,3
9607,4.9325757,6.398135,6
9608,4.4480596,10.276288,3
9609,-3.318814,6.367496,2
9610,9.371369,12.304872,6
9611,4.8978066,8.860734,6
9613,10.457059,13.582446,5
9614,7.9607487,-0.6604444,7
9616,3.636005,7.1393304,6
9617,6.740189,10.976329,1
9618,-3.8075695,7.431835,2
9619,9.516871,3.1614413,7
9620,10.408705,14.933373,5
9621,-6.024908,6.8483124,2
9623,10.539145,11.801979,6
9625,11.475628,8.966255,6
9626,10.978358,13.882975,5
9627,6.939041,12.4555235,4
9628,5.718899,13.024456,3
9629,4.133258,5.953321,6
9630,4.5838494,6.2372947,6
9631,-3.8741262,6.912583,2
9632,5.7972465,12.422535,3
9633,10.201393,-0.25573882,7
9635,7.62453,6.464012,3
9636,13.630798,9.938376,6
9637,-5.6263947,6.3010197,2
9638,7.591924,11.56319,1
9640,-5.073653,4.5206428,0
9641,13.249273,10.279487,4
9642,-5.2379723,3.6381223,0
9643,6.563033,6.2323785,6
9644,5.537965,10.622795,3
9645,4.427724,9.592461,1
9646,3.8330138,7.2993174,6
9647,4.3046703,8.957304,4
9651,8.356009,-1.1453407,7
9652,5.741848,8.556227,6
9653,-3.5054982,6.279102,2
9654,3.3015108,6.972922,6
9655,-4.364621,3.9476912,0
9657,7.3140078,12.404823,1
9658,5.978639,10.648098,3
9659,3.8279784,6.5868363,6
9660,-4.144956,4.0825233,0
9661,-4.3709183,4.064237,0
9662,-3.522022,7.3239675,2
9663,11.225904,8.850693,6
9664,8.113596,12.403571,4
9665,11.302528,13.515617,5
9666,5.8826175,6.7125235,6
9667,14.576686,11.451107,3
9668,9.612878,3.4548037,7
9670,10.87348,0.28521472,7
9671,-3.1019342,5.404971,0
9672,10.524649,-0.28882733,7
9674,8.281194,-1.1000116,7
9675,10.545829,13.617111,5
9676,7.275628,11.331028,1
9677,8.11569,12.382824,6
9678,4.0766997,10.121232,3
9679,9.4432955,3.3242738,7
9680,3.4323075,7.3208723,6
9681,-4.448011,7.454825,2
9683,3.624523,7.278752,6
9684,11.161119,0.30291763,7
9685,-4.285985,3.705587,0
9686,3.833787,8.941929,4
9687,9.269932,11.505227,6
9688,4.0251145,7.3358045,6
9689,-5.525153,5.161953,0
9691,9.463101,3.6297534,7
9693,-5.93569,4.6807814,0
9694,13.661664,10.795767,1
9695,9.4592085,2.8923984,1
9696,-4.514153,3.7850494,0
9697,11.737353,11.211202,1
9700,6.2903075,13.139167,3
9701,13.870944,9.573403,6
9702,3.8019793,6.930614,6
9703,6.910494,12.274809,1
9704,10.7271805,0.6425464,7
9705,8.694672,12.962213,5
9706,14.028879,10.371865,1
9707,3.97442,6.5687113,6
9708,10.5117855,14.010532,5
9709,9.077037,11.857177,6
9712,-5.3904443,6.515509,2
9713,5.428154,10.094062,1
9714,7.85592,6.5478234,3
9715,3.3408558,6.762297,6
9716,8.246366,11.672647,4
9717,11.20053,11.628839,6
9718,7.95803,13.623421,4
9719,7.9209447,12.332339,1
9720,7.6944942,13.724573,4
9721,10.917422,10.701098,4
9722,3.4384284,7.090183,6
9723,9.116675,11.912608,4
9724,9.275104,11.8033085,6
9726,6.296911,11.941755,3
9727,10.021048,13.693684,5
9728,4.115387,5.956001,6
9729,-5.1690307,4.6658244,2
9730,6.5019555,13.220236,4
9731,5.7466154,6.8892517,5
9732,9.775821,12.978709,5
9734,7.599501,12.55642,4
9735,-5.4857397,4.3941193,0
9736,7.0100155,12.102508,3
9737,7.4600835,11.521018,6
9739,14.003607,11.224562,4
9740,11.17265,14.252484,7
9741,14.971725,10.993889,3
9742,-4.157645,4.6503434,0
9743,6.541576,13.60349,3
9744,11.777935,9.994481,4
9745,-3.3579717,6.8107023,2
9747,-3.7362957,6.487066,2
9748,6.7046967,10.758177,4
9749,4.408012,6.182968,6
9750,-5.8036885,6.5277047,2
9751,7.0707197,12.314397,1
9752,7.1703267,11.552172,1
9753,4.455669,9.325653,4
9754,10.345759,13.512382,5
9757,4.032343,6.50022,6
9758,9.612463,3.5714295,7
9760,7.0453796,13.1890955,1
9761,10.560825,0.7095731,3
9762,13.681813,10.293349,1
9763,4.320566,6.2717605,6
9764,-4.305319,6.842495,2
9765,10.119178,14.487614,6
9768,11.096011,13.170382,5
9771,5.232185,10.631666,3
9772,6.120724,12.576354,3
9773,13.392246,10.0439,1
9774,11.062824,0.2684773,7
9775,4.88501,6.5849185,6
9776,5.200065,9.628123,4
9777,3.2548847,7.059934,6
9778,-6.5483193,6.487164,2
9779,3.81244,10.631507,3
9780,7.5754366,11.833236,1
9781,4.723491,6.9742384,6
9783,14.218447,10.108973,1
9784,14.883939,11.144598,3
9785,-4.139093,6.9697275,2
9786,4.6494207,9.939458,1
9788,3.7105103,9.64307,1
9789,6.7507052,11.798339,1
9790,4.493113,6.1863775,6
9791,-3.196741,5.462116,0
9792,7.7216973,12.542246,1
9795,4.608234,10.39741,3
9796,6.5002294,11.591476,1
9798,13.760184,10.379883,1
9800,3.4691815,9.482839,4
9801,-5.0747747,2.6717732,2
9802,3.5970542,9.317366,1
9803,6.7534614,10.854921,3
9804,14.796589,11.220353,3
9805,13.233873,10.307676,1
9806,6.224896,11.293039,1
9807,10.965856,0.53771293,7
9809,-5.817343,7.0194616,2
9811,9.313155,3.5428848,7
9812,7.02177,11.134904,1
9814,4.8325944,10.352772,3
9815,10.5211115,14.009444,5
9817,4.3779917,6.2920227,6
9818,3.543921,6.6826215,5
9819,6.6807203,13.4990015,4
9820,7.380769,5.9629807,1
9822,13.563673,10.422553,1
9823,8.247287,-0.50059295,4
9824,3.4845095,9.338132,4
9825,11.202142,14.115825,5
9826,9.564157,3.5719283,7
9827,7.8727746,-0.3639958,7
9828,-3.5711043,6.2770705,2
9829,-5.8724656,5.8844366,2
9830,-4.9926453,7.5451636,2
9832,10.309617,14.948636,5
9833,-5.5143566,6.033338,2
9834,-5.484591,6.465872,2
9835,5.228411,9.793751,3
9836,4.032247,9.092202,1
9837,9.829653,3.068426,7
9838,-3.9645903,6.526769,2
9839,5.0687637,10.672989,3
9840,3.3659976,6.4005733,6
9841,-5.7419453,4.546499,0
9842,3.9994721,9.806736,1
9843,-2.8975132,6.9906936,2
9844,-3.424048,6.8276935,2
9847,7.883765,6.383224,3
9848,5.753728,6.8226027,6
9849,-5.2011185,4.0088716,0
9850,11.459575,13.492886,5
9851,11.51082,10.759022,6
9852,5.24131,10.054537,1
9853,5.9491367,10.806369,3
9854,4.3235345,10.440871,3
9855,7.970294,12.293341,6
9856,11.15106,13.209963,5
9857,3.8229828,6.908306,6
9858,3.8492165,10.409633,3
9859,-4.2287097,6.8956604,2
9860,-6.546026,6.2508793,2
9861,14.023356,9.921114,1
9863,3.3118176,9.299341,4
9865,11.681673,10.816566,1
9866,6.801445,6.1688113,1
9867,9.492442,3.2454922,7
9868,10.764843,-0.17935169,7
9869,3.882295,9.379307,5
9870,4.3054676,10.480602,3
9871,6.703172,13.713853,3
9872,-5.7182956,3.7315607,0
9873,4.015426,9.974001,3
9874,-5.6966925,4.883378,0
9875,8.160012,-0.6977618,7
9876,10.59392,0.63618773,7
9877,3.5940008,9.756891,1
9878,-5.5265584,6.059599,2
9879,10.9151945,11.311492,1
9880,13.750137,9.74536,1
9881,10.220145,13.5315895,5
9882,7.4840207,11.489754,6
9885,13.876252,10.447895,1
9886,8.265407,-0.93894434,7
9887,11.211708,14.710267,5
9888,7.05046,12.125249,1
9890,3.6554933,6.6875114,6
9892,5.104527,6.6193852,6
9893,7.2431827,10.863914,7
9894,10.762942,10.70357,1
9895,4.1488276,10.295129,3
9896,14.353853,10.086557,4
9897,-3.6200714,7.44308,2
9898,11.5833645,11.278012,5
9899,8.507922,12.524068,4
9900,-5.460816,3.5389206,0
9901,10.210566,14.888749,5
9902,-6.121855,6.72717,2
9904,14.502536,10.212739,1
9905,6.9650335,10.840503,4
9906,3.8398461,10.644669,3
9907,4.6736774,6.9305544,6
9909,-3.6674747,6.3106623,2
9910,6.0082684,13.243527,3
9911,-3.16217,4.6024837,0
9913,9.227522,11.921476,6
9914,5.7441564,6.896409,6
9915,6.3056707,10.723395,1
9917,4.648946,6.9235015,6
9918,10.287171,0.39309508,7
9919,10.470816,14.902323,7
9920,10.971687,11.275779,4
9921,14.154848,11.194321,3
9925,6.0803227,13.173222,3
9926,9.522593,3.078026,6
9927,11.704922,10.648014,4
9929,3.3454714,6.4012966,6
9932,10.107827,15.182902,5
9934,-4.178647,3.8274229,0
9935,-6.1558495,3.3720925,0
9936,-6.069887,6.0799546,2
9937,3.3795993,9.77327,3
9940,-6.223887,6.803851,2
9941,7.6758485,11.763044,4
9942,4.7420206,6.5285454,6
9943,11.071143,14.172431,5
9944,-3.3004196,4.9989767,0
9947,-5.072652,2.7328575,2
9948,3.9265394,9.919356,1
9949,8.7041855,12.593204,4
9950,9.142394,11.251205,6
9951,4.746138,9.043584,1
9952,14.161526,9.788996,1
9953,-6.3239584,6.5985856,2
9954,9.514265,12.098771,6
9955,-4.126489,3.8774247,0
9957,11.559401,11.39584,4
9958,11.090454,14.724463,5
9960,-4.851179,3.9033775,0
9962,8.58535,11.85097,6
9963,13.758313,9.912194,1
9965,5.673374,12.76059,3
9966,3.85281,10.142179,3
9969,3.7735095,9.072162,4
9971,9.103938,11.334639,6
9974,6.2622013,11.634889,4
9975,11.234896,0.7632927,7
9976,4.1424193,9.172501,4
9977,9.2541895,11.515529,6
9978,10.722109,14.116028,5
9979,-4.310062,4.6527696,0
9980,6.4274063,12.126806,3
9982,11.373117,13.700035,5
9983,5.835901,10.392301,1
9985,11.262527,0.7457565,7
9986,-4.3947845,4.2009277,0
9987,10.681012,13.828879,5
9988,7.798238,10.741196,5
9989,10.578812,14.979559,5
9990,6.8012586,11.678172,1
9991,4.8920956,6.37305,6
9992,-5.075823,4.447016,0
9994,-4.9954104,3.708429,0
9995,3.4775276,9.251746,6
9996,-6.488084,6.2196865,0
9997,6.9372196,12.906962,4
9998,6.293997,12.519466,4
10000,3.8873167,10.392078,3
10001,8.165514,-0.9159314,7
10002,-4.8310494,3.921874,0
10004,9.101735,11.458234,6
10006,11.257299,12.6945915,5
10008,6.322356,12.83071,3
10009,4.1201324,6.2290373,6
10010,10.81793,10.690181,3
10012,-6.4730096,4.42995,0
10013,8.434216,13.001171,6
10014,4.420124,6.535208,6
10015,-5.8598094,4.329164,0
10016,7.2376523,6.2480345,1
10017,8.872763,11.037556,6
10019,-5.415144,4.6164055,0
10020,4.4961367,9.151153,6
10021,3.4922867,7.0323853,4
10022,7.770531,13.818279,4
10023,3.6766825,10.481713,4
10024,4.66164,9.231113,1
10025,-4.112705,6.797616,2
10026,-3.6231666,7.0830865,2
10027,7.763531,12.849668,4
10028,5.5143085,6.6909747,6
10029,9.479181,11.513581,6
10030,6.317326,10.227427,3
10031,10.255104,13.374042,5
10032,8.731944,12.875923,6
10035,4.5051837,10.359471,3
10036,10.325571,14.679917,5
10038,3.9738872,7.0815864,6
10039,-5.8447514,4.0325637,0
10040,8.103912,-0.74735844,7
10042,9.436391,13.391347,6
10044,10.78499,13.141558,5
10045,11.130859,0.4691086,7
10046,7.9979815,-0.5799857,7
10047,-5.053926,3.8911295,0
10048,3.308569,6.8918176,6
10050,-6.3755846,6.418166,2
10051,3.9035285,9.781205,1
10052,-2.7317145,4.9077196,0
10053,-3.7270796,6.625982,2
10054,-4.4250946,3.7569764,0
10055,-4.4412045,7.1934443,2
10056,6.866895,12.923209,4
10057,-2.8434937,5.3362145,0
10058,14.807074,11.197036,3
10059,4.221964,9.928468,1
10060,7.8832593,-0.52201355,7
10062,6.4197593,13.602843,3
10063,4.047413,9.990416,4
10064,3.9351704,10.54458,3
10065,13.332742,9.652494,6
10066,10.090169,3.1189094,7
10068,6.2649183,12.879075,3
10070,11.543168,10.728005,1
10072,-5.8745084,3.5498035,0
10073,7.8111367,12.318603,6
10074,10.839244,11.567049,6
10075,11.55681,10.774817,1
10076,8.113779,-0.77784765,7
10077,-5.817876,4.809931,0
10078,6.057655,8.959651,6
10079,-4.13257,4.6700335,0
10080,7.424828,13.221766,4
10081,8.002748,12.086542,4
10082,10.701974,-0.44909847,7
10083,-5.5969615,5.7799525,2
10085,11.369717,14.575399,5
10086,11.052577,13.910046,5
10087,-3.4249268,6.1731215,0
10090,4.4192815,7.5384645,6
10091,-5.0322576,7.6277056,2
10093,6.3492546,13.149936,3
10094,7.3752594,12.854203,6
10095,5.9311147,6.7247643,6
10097,7.743279,12.5362,1
10098,3.49323,6.409627,6
10099,3.2999296,6.4111395,6
10100,7.11642,12.509853,4
10101,11.696309,11.158798,5
10102,8.020126,-0.26486364,7
10103,-2.9002311,4.857092,0
10105,10.235701,0.40052533,6
10106,4.5634146,10.080608,3
10107,-5.832857,3.8393357,0
10110,3.9922884,10.647108,3
10111,-2.758735,5.4373484,0
10112,-4.701104,4.50546,0
10113,7.7766943,11.390768,6
10114,5.1714773,7.669744,6
10115,10.521007,0.6519044,7
10116,6.567077,11.152868,4
10120,3.6373527,9.436105,1
10121,-4.639391,4.018385,0
10122,14.439498,11.493562,3
10123,9.712863,12.595872,6
10124,-4.1712513,7.5417895,2
10125,11.234716,10.468464,1
10126,6.0851836,10.574013,1
10128,4.931546,9.178634,1
10130,9.741214,3.4729505,7
10133,7.678184,6.5757923,3
10134,-3.0480206,6.69625,2
10135,-5.1625133,3.9414828,0
10136,9.413952,11.469163,6
10137,9.536503,2.9438212,7
10139,5.8215966,11.9147215,3
10140,-3.1542375,4.723154,0
10141,7.8535266,-0.8674455,7
10142,-3.0644817,5.4765477,0
10144,14.45808,10.615819,3
10145,11.397158,11.450367,1
10147,6.084952,12.719833,3
10148,14.434096,10.135644,1
10150,-6.0123644,6.950267,2
10151,-4.823146,5.3745604,0
10152,10.969059,13.779165,5
10153,13.771845,10.575119,1
10154,10.565813,14.764501,5
10155,3.335429,6.3072305,6
10156,-5.4627237,4.10333,0
10157,10.920721,14.93441,5
10158,10.746281,13.502377,5
10159,-3.100768,6.5743713,2
10160,11.453848,0.6345158,7
10161,-5.7952776,6.4699306,2
10162,11.323886,0.7009213,7
10163,7.3200183,10.437053,4
10164,14.725079,10.904932,3
10165,-5.4872646,4.888792,0
10166,9.8748455,2.9664392,1
10167,11.655782,10.870358,3
10168,4.105976,6.0931873,6
10169,7.5658507,12.435381,4
10170,6.2451553,12.184256,3
10171,-3.9761543,4.016608,0
10173,-5.7035418,5.8732586,2
10178,-5.1200686,4.6057377,0
10179,7.9332056,13.870141,4
10180,10.267903,0.42424753,7
10181,-4.532836,3.9055848,0
10183,10.972699,0.10049736,7
10184,4.9047594,9.109927,1
10185,6.677929,12.5053625,1
10186,4.6683316,6.671559,6
10187,-3.574243,7.400674,2
10188,4.9761496,6.71373,6
10189,7.6744304,12.03176,1
10191,14.760497,11.152912,3
10192,8.2597475,11.561849,6
10194,10.7932825,15.089594,5
10195,7.8348317,10.606735,5
10196,6.702207,12.488732,4
10197,10.317353,15.085794,5
10199,-5.8239427,6.1211114,2
10200,-5.3424463,4.7035785,0
10201,6.7077265,10.899542,6
10202,-5.3799987,4.274969,0
10204,7.7994294,13.245298,4
10205,11.968769,9.721825,6
10206,10.489277,13.682641,5
10207,9.991374,3.073587,7
10208,10.572663,15.266789,5
10209,-6.1449056,4.076887,0
10212,7.9542317,13.490857,4
10213,10.95424,14.6456175,5
10214,5.715295,11.458305,3
10215,3.9829638,10.331144,3
10216,5.219535,10.696806,3
10217,8.9872465,11.9830885,6
10218,14.929713,11.111845,3
10219,8.39099,13.021471,6
10220,3.1265514,6.6337485,6
10221,-3.826102,6.804468,2
10222,-3.122676,6.9866805,2
10223,6.8664265,11.289493,1
10224,4.1488185,6.6498227,6
10227,3.6299334,10.444637,3
10228,3.3874867,7.2925,6
10229,6.466372,10.198964,6
10231,-5.064478,2.6895404,2
10232,-3.0655248,4.598213,0
10233,4.3042955,10.145321,3
10234,4.607982,10.098062,1
10235,9.639225,3.292032,7
10236,-6.532217,6.438232,2
10237,-3.3338132,6.2681146,2
10239,14.535437,11.217233,3
10240,9.647639,2.5865788,5
10243,10.560282,12.906938,5
10246,-5.812209,6.780993,2
10249,3.557814,9.422639,1
10250,11.264621,14.294697,5
10251,9.101014,11.217816,6
10253,6.1952567,12.184897,3
10254,6.442558,12.878214,3
10255,11.384651,8.921001,4
10256,-6.153766,6.5663886,2
10257,14.430548,11.363464,3
10258,9.2375145,11.965998,6
10260,8.246582,12.552147,6
10261,7.159865,12.872484,4
10262,10.616278,-0.23581108,7
10263,3.8618999,9.233436,6
10264,-5.3125024,6.102076,2
10265,-5.9822025,5.7138524,2
10266,-5.353622,7.3442826,2
10267,5.8398643,12.550611,3
10268,-4.011289,7.477969,2
10269,6.746154,11.610286,3
10270,13.368266,10.455788,1
10271,3.7333808,6.975632,6
10273,13.274657,9.739066,6
10274,-4.232705,7.5292706,2
10275,3.4378104,8.681116,6
10276,13.615228,10.187904,1
10277,7.715414,12.089006,6
10278,6.7697415,10.102172,6
10279,-5.2402196,4.232055,0
10280,-3.238018,6.388111,2
10281,7.795034,12.141276,6
10283,-6.2659874,3.74537,0
10284,7.3064075,6.103673,1
10285,3.7244422,6.2061586,6
10286,3.6829758,7.157839,6
10287,12.927729,10.219658,5
10288,-4.195485,7.1360292,2
10289,-5.6917634,4.0204897,0
10290,-3.0409384,6.751412,2
10291,-5.135614,3.6310244,0
10292,-6.269065,3.478105,0
10293,9.873824,3.2098737,7
10294,4.6114798,10.650854,3
10295,10.8165655,14.784946,5
10296,8.029145,13.510904,4
10297,7.447619,11.662184,1
10300,10.928532,0.5230527,7
10301,14.1428,10.262345,1
10302,9.121581,11.792802,6
10303,-6.3767858,5.96597,2
10304,7.7917876,-0.47771233,7
10305,-6.2074084,6.4275723,2
10306,8.567357,12.490638,6
10307,8.026385,13.15658,6
10308,6.7901225,10.339308,4
10309,3.3905344,9.928483,4
10310,12.298877,9.559529,6
10311,-3.3161323,7.378173,2
10312,-6.2907844,3.7775075,0
10314,8.424778,13.581883,4
10315,-3.9139566,6.770774,2
10316,11.44619,0.6007773,7
10317,10.835623,14.750952,5
10318,11.35094,0.5315103,7
10319,6.905791,13.12382,4
10320,10.662884,13.331272,5
10321,3.7675345,9.854177,4
10322,10.961719,8.57424,6
10323,7.430348,13.340082,4
10324,5.2863784,9.98491,1
10325,3.3292918,9.051973,5
10326,10.994685,11.87378,4
10327,6.391379,9.9123955,1
10328,10.463025,13.554677,5
10329,6.5187993,13.540171,4
10330,-4.7766914,7.499644,2
10331,8.439669,12.073432,6
10332,7.1194506,6.2157545,1
10333,10.992478,13.828636,5
10334,6.7166805,6.2212615,1
10335,7.0918345,13.327063,1
10336,6.60167,12.816885,4
10337,10.500054,10.655877,1
10339,4.871246,6.7326307,6
10340,14.325956,10.089467,1
10341,10.909148,11.005858,1
10342,10.400094,-0.33491743,7
10343,-3.9070628,5.4040565,0
10344,4.908998,6.4428964,6
10345,14.917017,11.147031,3
10346,3.5643542,9.095837,5
10347,10.864366,13.292118,5
10348,11.106273,-0.01861501,7
10351,7.546674,6.214702,1
10353,11.719246,9.564516,3
10354,5.9601564,6.6743665,6
10355,14.570523,11.395288,3
10357,-5.157554,2.7803237,0
10358,7.418219,12.1605015,4
10360,9.091692,11.182917,6
10361,4.5393386,9.21755,6
10362,6.515554,13.695752,3
10364,11.325996,0.76815575,7
10366,6.3574266,10.253259,3
10367,8.594133,10.381577,6
10368,3.9323776,10.060878,3
10369,4.5874605,10.5048,3
10370,6.259839,11.836059,4
10371,13.54546,10.778299,1
10373,11.40248,10.515704,4
10374,7.871059,-0.53445584,7
10377,10.785039,10.602725,3
10379,14.187019,9.953766,1
10382,-6.136709,4.6433,0
10384,14.140184,9.873707,1
10386,-4.3035817,7.4419236,2
10387,5.9144564,10.804992,1
10388,-3.0382743,6.746513,2
10389,9.773613,13.276892,5
10390,-4.92503,5.781513,0
10391,6.1856756,11.01305,3
10392,-4.83355,5.3493204,0
10393,10.551796,11.568548,4
10394,-4.020248,7.4733367,2
10395,10.827378,11.022551,4
10396,11.290112,8.790121,6
10397,8.095843,-0.8914188,7
10398,-2.9815066,7.0508986,2
10399,11.294109,10.690345,4
10400,7.3925834,10.434315,6
10401,10.3130245,13.753631,5
10402,7.95036,-0.5719237,7
10403,6.1081853,12.244589,3
10404,5.8035026,12.908465,3
10405,5.756404,12.349859,3
10406,9.223889,11.281632,6
10407,-5.715929,4.6013584,0
10408,3.7610288,9.717722,1
10409,7.4085503,12.652386,4
10410,13.910508,10.7925415,3
10411,12.160708,9.524614,1
10412,5.0267243,6.662773,6
10413,-4.1317687,7.349016,2
10414,5.7386765,12.054101,3
10415,11.146563,0.14081754,7
10416,3.6016433,10.305124,4
10417,11.5835705,10.866083,4
10418,-5.95128,6.496935,2
10419,-3.269046,6.944313,2
10420,4.455278,6.430739,6
10421,4.003271,9.0906105,6
10424,10.857238,14.084672,5
10425,10.610637,0.07560819,7
10426,8.391059,13.599014,6
10429,6.172693,6.7166014,6
10430,8.254143,12.724953,6
10431,-4.359276,4.022648,0
10433,5.458651,6.717876,5
10434,6.771942,13.229299,3
10435,13.682033,11.043618,1
10436,7.1264553,11.202891,6
10437,-4.4244184,7.017444,2
10438,7.6628523,11.229393,1
10439,4.8662624,7.404759,6
10440,10.129548,13.589061,5
10443,6.385671,10.080656,4
10444,7.183736,12.180159,4
10445,6.6039476,9.874753,4
10446,-5.794277,5.361943,0
10447,6.4988394,12.69349,3
10448,11.065521,13.064845,5
10449,10.914297,15.097691,5
10453,7.798546,13.721849,4
10454,3.284103,8.949059,6
10455,4.0503964,7.232084,6
10456,11.149683,10.90383,3
10457,7.452345,6.2034817,4
10459,10.629458,0.022878267,7
10460,7.6266484,12.63656,4
10461,14.219107,10.963695,3
10462,-4.6627965,3.8696349,0
10463,-4.85891,4.039637,0
10464,9.298059,11.895709,6
10465,10.292449,15.275313,5
10466,5.2308726,8.074524,6
10467,7.003176,11.997785,1
10469,5.877451,6.857734,6
10470,12.073649,9.728737,3
10471,11.66789,11.2961855,1
10472,10.32521,15.157303,5
10473,6.072408,9.196167,6
10474,10.284923,14.781342,5
10476,10.5724125,0.44659877,7
10477,4.1471915,10.175139,4
10478,4.707484,10.778561,4
10479,12.863185,10.328391,1
10480,14.433324,10.265268,1
10481,6.7086334,11.547731,1
10483,-5.1363187,7.136023,2
10484,10.698883,13.330279,5
10485,-6.1952157,6.0922756,2
10486,14.728995,10.475516,3
10488,4.5533648,10.418231,4
10489,10.984058,12.918796,5
10490,-4.216058,7.5380416,2
10491,7.8413277,-0.37722027,7
10492,14.101373,10.611332,1
10493,10.803779,-0.22515428,7
10494,8.134748,12.885943,4
10498,-5.5399404,6.3455954,2
10499,8.108578,-0.24641259,1
10500,7.197642,12.2602,1
10501,10.908697,13.352492,6
10502,10.455039,14.713412,5
10503,10.739833,0.06735467,7
10504,3.5747209,8.941052,5
10506,6.649303,13.3138895,4
10507,7.7758293,-0.65382624,7
10508,14.697827,10.683484,3
10511,6.5469794,10.391942,1
10512,6.7949157,13.246309,4
10513,6.8755136,11.44351,1
10515,7.179739,12.766861,4
10518,7.1170626,11.901066,4
10519,6.671789,10.589532,3
10520,7.473416,6.322796,1
10521,4.2619977,10.51344,3
10524,-3.1549828,7.192769,2
10525,9.331011,11.89657,6
10526,6.559319,11.484607,4
10527,3.3097622,6.4603086,6
10528,3.8246598,8.803021,6
10529,11.399645,8.981131,4
10530,5.864761,6.854312,6
10533,-3.68401,6.4079437,2
10534,-4.455391,3.776078,0
10536,11.214048,8.808601,1
10537,-5.1080017,6.533993,2
10538,-3.5152395,6.200712,2
10540,13.659286,10.669378,1
10541,-3.6289773,5.1968403,0
10542,10.142975,15.273383,5
10544,6.443409,10.128454,1
10545,4.85804,6.424252,6
10546,4.87957,8.678036,1
10547,13.948303,10.584991,1
10548,-5.250701,6.7075853,2
10549,4.045408,10.23546,3
10550,-3.2559333,7.246074,2
10551,-4.125185,4.742985,0
10552,10.808589,10.829063,3
10553,14.078514,9.715307,1
10554,-4.2714105,4.3383417,0
10555,8.130476,-0.8200427,7
10556,8.566867,10.337787,6
10557,11.319526,0.5048964,7
10559,7.1896152,13.479177,4
10562,9.955778,14.430204,4
10563,8.881571,0.18173942,7
10564,6.362233,12.231576,3
10565,8.538885,10.40459,6
10567,5.0660963,6.436098,6
10568,-3.6788688,5.0316668,0
10569,7.4731693,11.916681,1
10570,3.5578845,8.925695,6
10571,3.749056,7.0899205,6
10572,10.97758,0.18512596,7
10573,5.677048,10.644498,3
10574,-6.6543026,6.3080215,2
10575,-4.3381963,6.993538,2
10577,6.271701,10.051601,6
10579,10.501329,15.289945,5
10580,4.1065664,9.152717,4
10582,5.981877,13.266569,3
10584,7.046035,13.458746,4
10585,7.258608,10.803702,4
10586,6.344444,6.9758897,1
10587,9.321914,3.6941152,7
10589,11.268173,9.4520855,5
10590,7.358497,12.379027,4
10591,-5.056777,2.7267044,2
10592,-4.3492374,6.941287,2
10593,7.5079756,13.421673,4
10594,8.566738,12.928097,4
10596,4.895028,10.214589,3
10597,3.350957,6.5254374,6
10598,14.659787,11.132909,3
10601,9.247354,3.3226676,7
10603,6.1585493,11.738317,1
10604,5.79337,12.020557,3
10606,10.438235,11.162781,6
10607,13.628033,10.680723,1
10609,3.7474835,7.112645,6
10610,11.104508,8.746852,6
10611,6.845418,12.826333,1
10612,6.204944,9.600831,1
10613,3.3299074,6.557975,6
10614,-5.5868363,6.1612225,2
10616,-5.9390464,6.837351,2
10618,3.631762,7.2748065,6
10619,4.2614903,7.003338,6
10620,-4.148348,4.6555624,0
10621,-4.2584743,3.9203205,0
10622,5.77851,7.6852098,3
10625,4.813518,6.3670974,6
10628,9.920062,14.544309,5
10629,13.6736965,9.499646,6
10630,8.403382,13.301141,4
10631,9.139002,12.203506,6
10632,4.3585515,7.2772136,6
10633,6.918919,11.677233,1
10634,7.494536,10.675551,4
10635,10.576697,-0.2891646,7
10638,4.555975,10.747281,3
10639,-5.24668,7.0754657,2
10641,-3.6055632,7.39496,2
10642,6.207424,12.704381,3
10643,7.2143264,12.432763,1
10644,6.9472775,6.801561,3
10645,-5.9669623,4.530352,0
10647,5.1882033,7.1049094,6
10648,6.3908224,11.245926,1
10649,14.213981,11.452092,3
10650,-6.145017,3.6406121,0
10651,13.983527,9.906392,1
10652,-3.4914012,6.4076467,2
10653,5.479046,6.656858,6
10654,12.268077,9.766603,3
10655,-5.399192,3.6113992,0
10656,6.386382,13.464965,3
10657,3.7420886,7.3956594,6
10659,12.013775,10.979535,1
10662,13.130764,10.269987,6
10663,5.141522,6.838156,6
10664,5.6917796,11.694688,3
10665,11.304825,8.802478,6
10667,6.785346,13.082259,4
10668,10.333593,14.485736,5
10669,10.993799,0.9662441,7
10671,7.8873506,-0.50598997,7
10672,10.538709,15.169065,5
10673,13.882927,9.545644,1
10674,5.855256,10.43787,3
10675,7.660088,12.115975,6
10676,14.159517,11.470735,3
10677,13.814309,10.68313,1
10678,-3.2074378,7.1842995,2
10680,6.1698966,9.843705,3
10681,6.6296487,12.472117,1
10682,10.838399,14.935997,6
10683,5.016275,7.154056,6
10685,6.3617115,12.020256,1
10686,8.178919,-0.8239922,7
10687,4.0755367,5.9255323,6
10690,5.811794,11.440239,3
10691,3.516469,7.0219355,6
10693,5.5670366,12.533017,3
10694,5.713569,10.510384,3
10695,4.312741,8.914726,5
10696,10.380834,14.957024,5
10697,9.261052,12.057872,6
10698,10.663393,13.822983,5
10699,6.380808,12.520317,1
10700,10.703134,0.47646087,7
10701,-2.9130797,6.9138703,2
10702,7.944636,13.066725,7
10703,5.699259,12.364892,3
10704,13.503647,10.641628,1
10707,4.584447,6.2795005,6
10709,10.561183,-0.42544296,7
10712,11.027546,13.673059,5
10713,5.8168464,12.184179,3
10714,10.344761,0.46274903,7
10715,-5.0756307,2.7580516,2
10716,-2.9371455,4.6974077,0
10717,4.6175904,6.3376718,6
10718,8.2862,-0.2421192,5
10719,7.131315,12.9206085,4
10720,14.453453,11.251924,3
10721,9.224734,11.473367,6
10722,3.4653971,9.868006,3
10724,7.0440555,12.706995,4
10725,7.2274194,13.938923,3
10726,-3.1956112,4.680532,0
10728,6.247046,9.392248,4
10729,10.8056555,-0.1810448,7
10730,8.486784,11.215621,4
10731,11.482349,10.740728,3
10732,10.615846,13.05514,5
10733,6.5784564,10.368615,5
10734,-4.4280167,6.9330587,2
10735,-5.1145864,4.6984177,0
10736,10.881231,11.706415,6
10737,13.789907,10.625475,1
10738,3.9206474,6.3901343,6
10739,6.321248,13.399308,3
10740,8.501237,12.82654,4
10741,5.147718,10.130805,1
10742,5.784077,6.7996583,6
10743,8.211921,12.651401,6
10744,-3.4266305,6.619797,2
10746,5.6408052,10.483571,3
10747,5.076749,10.777064,3
10748,6.182867,11.57181,1
10749,4.6846805,6.709537,6
10750,7.157526,12.744828,4
10751,6.690046,9.940315,6
10752,8.247255,13.319387,4
10754,10.613538,14.133691,5
10755,3.51117,6.4554954,6
10756,11.3272085,0.38513747,7
10757,11.42903,11.512466,4
10758,10.318023,13.806237,5
10761,11.165028,9.474403,5
10762,6.697206,11.766223,1
10763,11.055714,10.971622,4
10764,14.83543,10.943532,3
10765,8.020914,13.045863,4
10766,3.8302984,6.5815215,6
10768,-6.2917495,4.081478,0
10769,-3.997413,6.828832,2
10770,4.7253265,9.291856,4
10771,5.292955,7.225118,6
10772,4.688087,7.193704,6
10773,-3.9730334,6.577984,2
10776,14.867767,11.006343,3
10777,6.55289,13.043454,3
10778,6.387192,11.153911,1
10779,10.241334,13.495384,5
10781,-4.9489975,5.333826,0
10782,14.385972,9.996591,1
10785,11.091303,0.31766567,7
10786,8.223853,12.506274,4
10787,6.7002807,10.444033,4
10788,-5.1594777,4.311907,0
10790,10.508288,14.688391,5
10791,11.425075,13.1072035,5
10792,10.707808,-0.3789833,7
10793,4.2537746,10.105105,3
10794,8.268671,-0.79761124,7
10795,9.449455,13.057323,5
10796,14.561405,10.424691,1
10798,-2.9832504,6.974322,2
10799,9.656105,12.04527,6
10800,6.7749968,10.785935,1
10802,10.837952,11.102212,1
10803,13.857422,9.426406,6
10804,3.4813507,9.613974,4
10805,7.2831745,6.365173,1
10806,4.8661466,9.774181,1
10807,6.7158117,12.023286,3
10809,4.3449802,6.874926,6
10810,7.2861996,10.696715,1
10811,7.6298866,13.466762,4
10812,-5.313218,6.717737,2
10813,6.6581244,11.133505,3
10814,7.7743716,-0.38354388,7
10815,-3.5756195,4.737584,0
10816,-4.2299404,4.640267,0
10817,3.2404616,8.977318,5
10819,4.593952,7.258396,6
10821,-6.001873,3.6455061,0
10822,7.110701,13.722263,4
10823,4.086848,5.945362,6
10825,10.531114,14.198605,5
10826,-6.1644907,6.191623,2
10827,4.694027,9.063049,1
10828,7.757907,11.255577,4
10829,8.534962,11.291349,6
10830,-4.8912044,4.422813,0
10831,3.6849108,9.767801,1
10832,-3.0021396,4.583307,0
10834,-5.165897,4.1300263,0
10835,14.231459,10.493455,1
10837,7.2085323,11.312283,1
10838,5.0704293,10.112658,1
10839,7.6431465,11.702159,6
10840,11.075522,13.871299,5
10841,9.3175955,3.3776422,7
10842,13.871607,10.972185,1
10843,-5.3713436,5.3370476,0
10844,-5.480832,4.8585725,0
10845,8.827082,11.512599,6
10846,7.250642,13.038279,4
10847,13.50224,10.6730995,1
10848,10.515555,15.10776,5
10849,-4.9656577,7.5485444,2
10850,8.88214,11.177498,6
10851,7.7256694,13.513804,4
10852,3.847705,6.4114456,6
10853,10.143438,-0.123198986,7
10854,9.585012,11.594775,6
10857,9.601601,13.773197,5
10858,4.920104,10.0690365,1
10860,11.713701,11.012109,1
10861,10.675546,14.472318,5
10863,8.260013,12.554811,4
10864,8.052266,13.832588,4
10867,8.153974,13.150215,6
10868,11.454934,10.833153,3
10871,7.0948944,10.256652,6
10872,13.778718,10.98251,3
10873,3.5460286,6.687051,6
10874,-3.6192827,6.072264,0
10875,8.584627,-0.09918413,1
10876,11.354406,14.307525,5
10877,6.6095076,11.970764,4
10879,6.7125835,13.408115,4
10881,4.5391865,10.598851,3
10882,10.710667,13.363677,5
10883,14.035008,10.652428,1
10884,10.152846,0.55038095,1
10885,7.93407,-0.32718548,7
10886,-6.421877,6.449391,2
10888,10.868749,14.160431,5
10889,7.0695977,11.7653265,4
10890,11.019019,0.7480341,7
10892,-6.350944,6.6826854,2
10893,13.769932,10.087693,1
10894,6.7703485,11.815079,1
10895,14.316522,9.850352,1
10896,7.1972394,11.515731,4
10897,-2.994965,5.418089,0
10898,6.044502,10.775913,3
10899,7.9201245,-0.49106795,7
10900,7.0245914,11.640742,1
10901,10.956595,11.456478,4
10902,11.800771,10.932515,4
10903,6.1284776,12.522696,3
10904,4.3172503,10.114362,1
10905,-4.8826814,5.372508,0
10906,5.8484764,12.162267,3
10907,11.227383,11.569839,1
10908,4.2280903,6.544583,6
10910,-5.864205,6.2575865,2
10912,9.526035,12.247107,6
10913,10.882918,15.087721,5
10914,10.759762,-0.15085846,7
10915,10.982162,8.808255,5
10916,-5.975951,4.723829,0
10917,10.733895,0.2455497,7
10918,10.746353,0.7504983,7
10920,11.364005,14.579677,5
10921,6.9617677,12.594474,1
10922,-3.1853845,5.3073096,0
10925,3.8554068,9.771418,1
10927,5.254321,6.7821455,6
10928,7.023022,12.533964,4
10929,-6.4577093,6.686272,2
10931,3.3537493,7.104885,6
10932,5.8347864,12.295919,3
10933,4.0558605,7.214066,6
10934,-6.163756,6.5705667,2
10935,11.3065815,0.709183,7
10937,5.8793797,10.169906,3
10939,7.915766,13.994388,4
10941,14.178215,10.830506,3
10942,-3.592723,5.0234847,0
10943,-5.369702,4.500108,0
10944,8.115919,13.279435,4
10945,10.848758,13.536163,5
10946,10.910159,14.971367,5
10947,7.8869324,-0.50981164,7
10948,-6.1666145,3.4265485,0
10949,-5.3153863,4.3425694,0
10950,-5.260906,4.604025,0
10951,13.7215185,11.06492,3
10952,7.527549,12.31762,1
10953,13.42561,10.460201,1
10954,7.387487,11.595847,1
10955,6.695506,6.054436,6
10956,-5.446302,4.666559,0
10957,10.648065,0.51108545,7
10958,11.247215,9.3243065,5
10959,4.418346,6.3389354,6
10960,6.927877,10.722247,1
10961,9.734109,12.797867,5
10962,4.8636246,9.873239,1
10963,4.0992193,9.404371,1
10964,11.153698,8.735036,6
10965,8.507597,12.096583,6
10966,4.1428175,9.915998,1
10967,8.524427,11.021728,6
10968,10.498754,14.799764,5
10970,14.218594,10.168647,1
10971,10.827631,10.956789,6
10972,11.59107,10.727378,3
10973,11.351824,0.6963195,7
10974,6.189842,11.537681,1
10975,3.7052689,8.436669,6
10976,11.250766,0.7887134,7
10977,7.8611665,-0.42261565,7
10979,-3.2758048,5.3097396,0
10980,3.8771188,7.4689016,6
10981,8.452703,13.643904,4
10982,10.104589,1.0660577,7
10984,3.8982587,6.2152705,6
10985,3.8961086,7.2754135,6
10986,10.647541,15.197184,5
10987,10.638912,0.2741907,7
10988,8.330684,12.348158,6
10989,9.556683,3.2709606,7
10992,7.058025,12.823208,3
10994,11.496049,14.240718,5
10995,10.8825865,15.0759115,5
10997,-5.4136395,6.5219088,2
10998,-5.0630145,2.7183864,2
10999,7.8308945,-0.34025964,7
11001,10.8190365,-0.36167228,7
11002,10.298241,1.1259016,7
11003,4.074783,9.149543,4
11004,-6.0002484,6.8798866,2
11005,6.220977,9.791616,1
11006,13.675803,11.052135,1
11007,-3.2674532,6.8830376,2
11008,14.020863,10.142067,1
11009,9.3556185,13.240635,4
11010,11.787228,9.708882,1
11011,4.1343737,9.879426,1
11012,10.598499,8.3745775,6
11014,4.7951837,9.214853,1
11016,3.5145195,6.9235487,1
11017,13.537542,9.650323,6
11018,13.800499,10.197331,1
11019,9.950979,3.2147942,5
11021,6.162878,12.692265,3
11022,-5.6346354,4.2517147,0
11023,-2.738265,6.4628754,0
11024,10.576789,13.306889,5
11027,-4.8375235,4.1709433,0
11028,9.463316,13.488214,5
11029,5.1718473,10.448853,3
11030,10.258171,13.332337,5
11031,-5.6301455,6.5080194,2
11032,4.574257,10.1808815,3
11033,12.300188,10.686544,4
11035,11.257452,14.079681,5
11036,9.316338,11.659971,6
11037,9.346716,12.482293,5
11038,6.615959,10.502353,4
11039,10.5941305,14.506682,5
11040,-2.9310849,6.191752,2
11042,7.4982953,13.506721,3
11043,11.105785,14.160588,5
11044,11.425523,9.067131,4
11045,11.4140415,11.804425,5
11046,4.4962626,10.798812,3
11047,10.93261,10.751824,1
11048,10.758624,-0.045448,7
11049,11.062374,0.60304374,7
11050,11.374869,10.895235,3
11052,10.410984,0.25125164,7
11053,8.0736685,-0.7478002,7
11054,13.400322,10.888639,1
11055,5.917785,12.054924,3
11057,7.482498,11.397617,6
11058,-3.3909683,7.281231,2
11059,13.870489,10.780424,1
11060,4.681038,10.879274,3
11062,-4.4925714,3.7528386,0
11063,7.8310237,11.983104,6
11064,7.7434583,11.532582,7
11065,3.3458931,9.58199,4
11067,7.3631306,10.367013,5
11068,-3.2643006,6.517012,2
11069,7.168998,6.472163,1
11070,8.768035,11.966022,6
11071,-4.5199685,4.1299133,0
11072,-5.7177787,4.1352487,0
11073,-2.9754558,5.4470987,0
11074,7.906534,6.5050454,3
11075,-3.6649845,4.5683665,0
11076,7.848472,-0.40217414,7
11077,7.8954563,12.616564,6
11079,3.8305476,9.897657,3
11081,9.645881,12.625531,5
11082,7.238964,12.330698,4
11083,4.3207703,6.125175,6
11084,14.083943,10.1127405,1
11085,-6.5742445,4.023323,0
11086,-3.6646867,4.4257183,0
11087,8.079837,10.852115,4
11088,-4.153542,3.784779,0
11089,9.600051,13.587369,5
11090,9.696238,13.131803,1
11091,8.890528,0.23056023,6
11092,4.803307,6.8288713,6
11095,5.0736675,8.922096,6
11096,10.231035,13.319848,5
11097,-3.8872392,6.432899,2
11098,11.146775,14.918802,5
11099,10.989214,14.862435,5
11101,4.507221,10.717583,3
11102,-5.074188,2.6793454,0
11104,6.917235,6.430686,1
11105,6.9637656,10.862222,1
11106,10.655478,-0.22991873,7
11108,11.317287,13.122453,5
11109,8.294074,12.3068285,6
11110,10.583288,13.795823,5
11111,7.721834,12.7812,4
11112,6.186816,6.7692404,5
11113,-3.1967683,6.6443286,2
11115,9.563875,12.032283,6
11116,3.7404044,10.691158,3
11117,4.295532,10.725436,3
11118,-5.5254765,6.847552,2
11119,-6.0999703,6.4790893,2
11120,5.9393783,10.129612,1
11121,11.141454,14.27925,5
11122,7.377409,12.708838,1
11123,4.2200513,8.643497,6
11124,6.480097,12.270361,1
11125,5.6138697,10.3734,3
11126,12.441958,9.665712,3
11128,6.3441577,12.374716,3
11129,-4.1314626,4.5321794,0
11130,-6.008777,3.5434368,0
11131,10.988303,14.25611,5
11132,14.591866,11.4686775,3
11133,7.0761943,11.330911,1
11135,6.7721176,10.00039,6
11136,10.361518,-0.09631382,7
11139,8.513262,13.148512,4
11140,-3.729273,7.030144,2
11141,11.148595,8.728684,6
11143,10.001275,13.075551,5
11145,6.1096473,6.8674746,5
11146,5.919899,10.927013,3
11147,-5.0260634,7.6009455,2
11148,6.661382,11.541747,3
11149,4.1647205,6.0863266,6
11150,-3.4433188,7.416163,2
11151,9.196136,12.386844,6
11152,7.968105,13.671018,4
11153,4.826587,9.826665,1
11154,7.7730722,11.68969,1
11155,-5.812274,4.2098956,0
11156,3.3067849,9.565141,1
11157,10.534835,10.956603,6
11158,4.2183914,10.066725,3
11159,14.394351,10.851243,3
11160,11.252364,12.823541,5
11162,3.4777145,8.997894,4
11163,14.305015,11.117415,3
11164,-5.5865006,4.5857534,0
11166,9.053043,12.5193,5
11167,10.453152,13.53369,5
11168,9.441009,12.358542,5
11169,-5.7245507,6.708436,2
11170,-3.4343545,5.1661634,0
11171,7.9546456,-0.4606248,7
11172,7.678402,10.71805,4
11173,-5.7790723,6.249337,2
11174,7.7863016,-0.5383725,7
11175,-5.8434525,5.9034657,2
11177,-4.3097115,6.970934,2
11178,10.750592,8.485816,4
11179,14.180821,10.022017,1
11180,4.2513943,9.077748,6
11181,-2.8149202,4.8474674,0
11182,-6.320961,3.833709,0
11183,5.7988663,12.977629,3
11184,11.253284,11.746128,5
11185,8.15782,-0.8598172,7
11186,8.096102,-0.7057221,7
11187,10.397416,0.52417004,5
11189,5.9273925,6.999702,5
11190,-3.3679352,5.073269,0
11191,6.3442783,11.758368,3
11192,6.8110676,5.994739,7
11193,6.2479224,10.125487,3
11194,10.047832,12.854743,5
11195,5.991496,11.022949,3
11197,8.09084,12.242051,4
11198,10.868198,14.238917,5
11199,9.592504,3.4017694,7
11200,10.267104,14.547225,5
11201,-6.12011,6.7988844,2
11202,10.385732,0.014949939,7
11203,7.4028893,11.796492,6
11204,5.0785904,9.979332,3
11205,11.390529,13.106224,5
11206,5.736166,12.231721,3
11207,7.74671,13.361731,7
11208,4.887477,10.76775,3
11209,-5.789169,3.8496618,0
11210,-4.251018,3.8396652,0
11211,-2.9883258,6.9017005,2
11212,10.453596,15.191689,5
11213,6.223568,6.752213,6
11214,5.839174,11.680253,3
11215,7.288673,6.166747,1
11216,11.958704,10.508583,6
11217,9.918383,13.573224,5
11218,5.3534527,10.308666,1
11219,6.3723054,11.430255,6
11220,7.310388,11.393541,1
11221,4.5866084,6.713834,6
11222,7.844182,-0.37221017,7
11223,3.4127495,7.148187,6
11224,6.590139,10.307449,4
11225,10.502954,13.670701,5
11226,14.096847,9.952664,1
11229,3.8454666,9.190166,1
11230,14.36148,10.180271,3
11231,5.892706,13.141902,3
11232,10.829321,0.52768326,7
11233,7.3955555,6.0101905,1
11234,11.340527,8.883682,6
11235,-3.6473713,6.6331964,2
11236,9.844006,14.486989,4
11237,10.267144,13.247935,5
11238,10.815433,11.842699,4
11239,-5.764621,6.9948397,2
11241,3.4143486,7.036875,6
11242,6.8032923,11.304921,1
11243,6.418899,11.6169,1
11244,-5.7071576,6.1791377,2
11245,-6.3303003,4.2806673,0
11247,10.031202,1.1873949,5
11248,7.0663066,6.261357,1
11249,11.200781,13.0705595,5
11251,-6.093889,3.5913217,0
11252,3.6479397,7.6274843,6
11253,-6.110483,6.325259,2
11254,3.476365,7.183889,6
11255,10.215342,-0.17567407,7
11256,-4.7381186,4.441653,0
11258,8.843809,11.272439,6
11259,-4.3977923,7.0193434,0
11260,5.8802056,6.705103,6
11261,13.0109005,10.215106,6
11262,-3.4280295,6.5373373,2
11263,-6.539657,3.9803166,0
11264,4.1000013,8.833766,4
11265,-4.092941,7.0859957,2
11266,9.628581,13.180591,5
11267,7.509452,13.434637,4
11268,-6.238501,4.1864395,0
11269,8.018148,13.568487,4
11270,11.37455,9.044987,6
11271,8.373401,-1.0766046,7
11272,7.792695,6.585562,3
11273,7.3696885,6.0614514,1
11275,11.320024,8.967726,4
11276,6.3581676,11.420249,3
11277,14.644414,10.447192,3
11278,10.828644,-0.07727629,7
11279,3.4448721,6.906764,6
11280,9.199209,3.438059,7
11281,5.671569,10.400936,3
11282,14.336683,10.250049,1
11283,-5.234755,3.9155993,0
11284,10.963904,10.941016,4
11285,3.2738342,9.665863,1
11287,5.1160445,6.687023,6
11288,3.4706998,7.232042,6
11289,6.692911,10.10821,6
11290,4.0072117,10.673006,3
11291,3.952941,6.4944096,6
11292,10.024659,3.0875597,7
11293,-3.3655496,4.4103603,0
11294,8.151168,12.846193,4
11295,6.721651,13.691184,4
11296,4.780433,7.611374,6
11298,6.9575214,12.006465,1
11299,11.198695,13.50526,5
11300,10.727297,13.813631,5
11301,-6.200983,3.4257438,0
11302,4.9697747,7.4524293,6
11303,11.209161,13.412315,5
11304,10.660817,13.187896,5
11306,10.589429,-0.114511564,7
11307,7.4760303,10.74633,4
11308,6.263814,12.290368,3
11309,11.271601,14.137661,5
11310,-5.979958,5.8910017,2
11311,-3.9493222,6.5135336,2
11312,11.519529,11.424019,5
11313,7.876634,11.330213,6
11314,-6.44546,4.5002465,0
11315,4.4599924,9.017703,4
11316,8.664401,12.026003,6
11318,11.660139,9.060752,6
11321,11.855971,9.769825,3
11322,3.2078483,9.00991,5
11323,10.639019,-0.46723932,7
11324,-3.6256459,6.506139,2
11325,6.6050997,10.254386,4
11326,-5.5651126,3.6796653,0
11327,14.419613,10.872256,3
11328,-3.8447304,6.755457,2
11329,5.6588116,7.010215,5
11330,-5.672516,3.6486046,0
11331,-3.9788172,4.857016,0
11332,7.016087,12.24748,1
11333,8.042618,13.524073,4
11334,11.549176,11.105099,4
11335,6.6858335,13.63802,4
11336,-5.4258356,6.545859,2
11337,-5.5509305,7.198707,2
11338,7.1958,13.658396,4
11339,5.8054147,11.427453,3
11340,-6.443298,4.067707,0
11341,10.88642,11.015377,1
11342,13.03447,10.62436,1
11343,14.524968,10.309371,1
11344,10.854646,13.3068075,5
11345,-5.631191,6.917616,2
11346,-4.336416,4.860836,0
11347,-3.2181206,7.23556,2
11349,4.818812,9.956669,3
11350,-4.992064,5.9285774,2
11351,11.118812,13.68982,5
11352,14.088609,9.735699,1
11353,4.615503,9.423886,1
11354,6.015172,6.8357973,6
11355,-5.700632,4.9473023,0
11356,6.8568373,10.061671,4
11360,9.926805,3.1975687,7
11361,10.672133,14.728404,5
11362,14.791351,11.165885,3
11363,-5.4696593,5.236321,0
11364,10.993662,13.656538,5
11365,10.508792,0.14420266,7
11366,10.856627,8.529206,4
11367,7.0722075,11.8744955,1
11369,15.001412,10.858711,3
11370,7.1975994,13.761813,3
11373,10.912018,0.5875042,7
11374,11.311218,9.338392,5
11375,-6.2379985,6.605779,2
11376,7.1668983,12.201547,1
11377,6.4699903,13.6910715,3
11378,9.600222,3.2550914,7
11379,9.348006,3.4605608,7
11380,10.295138,14.775972,5
11381,14.783741,10.495381,3
11382,11.877782,9.64722,6
11383,14.771857,11.05586,3
11385,-3.7285407,5.057506,0
11386,-4.1654725,4.5284224,0
11387,-3.9466121,7.3656635,2
11388,4.4071345,6.3769946,6
11390,-5.84334,3.7321024,0
11391,4.956143,6.9534426,6
11392,5.2463627,7.3749895,6
11393,7.3783565,12.960545,1
11394,9.056837,11.355197,6
11395,3.8833036,9.420749,6
11396,6.1595407,10.941764,1
11398,-3.5088062,6.2349935,2
11399,8.447238,12.887263,4
11400,6.8975325,11.760477,1
11401,14.10075,10.47103,1
11403,10.981769,0.83229744,7
11404,3.6197553,6.889263,6
11405,7.976293,11.464951,4
11406,10.677976,0.6550688,7
11409,6.8669024,11.620811,1
11410,4.463081,6.4386387,4
11411,9.997068,14.7842045,5
11412,11.347198,0.71352047,7
11413,3.4638228,6.6079826,4
11414,11.447236,8.890667,6
11415,6.287782,11.031393,3
11416,10.5509205,14.886019,5
11417,4.9158525,6.45799,6
11418,7.364104,13.333412,4
11419,9.879027,13.133968,5
11420,13.31477,10.3910885,5
11421,-6.5833907,3.9416935,0
11422,11.177917,0.8868176,7
11424,9.889473,13.598662,5
11425,7.695781,11.834935,1
11426,-6.1552353,4.3233027,0
11428,4.1797347,10.362326,3
11429,5.7904716,13.120446,3
11430,9.4288225,11.571668,6
11431,4.0587263,10.732768,4
11433,3.9067762,10.224786,1
11434,10.557669,-0.5023144,7
11435,5.237705,6.5219593,6
11437,5.6268406,6.9130216,6
11438,14.326309,10.315332,3
11439,7.830692,14.037127,4
11440,-3.1580899,6.7830544,2
11441,7.2541013,12.629571,4
11442,-6.145,5.9443936,2
11443,4.9369903,9.274799,1
11444,10.94792,-0.1928753,7
11445,6.373067,12.102619,3
11446,-3.1374545,7.0341415,2
11447,10.96788,10.696996,1
11448,11.079935,8.715627,6
11449,7.283601,11.247252,1
11450,10.486412,10.834485,6
11451,8.364525,12.7375965,6
11452,-5.980144,6.2798986,2
11453,-4.335755,7.09513,2
11454,9.747924,2.8463438,7
11456,7.3969173,10.562815,4
11457,-5.6207337,5.104935,0
11458,-5.503023,5.965918,2
11460,11.107163,13.9733305,5
11461,10.343052,14.8796,5
11462,5.852618,12.791777,3
11463,7.2511024,12.711989,1
11464,7.910904,10.811147,6
11466,6.2785234,10.461398,1
11467,10.516002,14.972468,5
11468,3.8839376,9.394177,1
11469,-4.6840496,3.6721244,0
11471,4.17573,9.341918,1
11472,-6.556931,3.9294815,0
11473,10.417979,11.123266,6
11474,10.986236,13.496843,5
11476,5.304972,10.138188,1
11478,-4.69041,7.1741223,2
11479,5.9181776,11.99087,3
11480,-6.02902,3.305217,0
11481,9.431544,11.92168,6
11482,11.228754,8.977339,6
11483,3.5794997,10.504817,3
11484,3.3152945,9.624514,4
11485,10.5189085,1.077987,7
11486,14.655037,11.243003,3
11488,6.6743984,12.4659,4
11489,10.712274,-0.08533788,7
11490,6.541393,12.056506,3
11491,13.989676,10.580169,1
11493,-2.8876183,5.9116464,0
11494,5.067568,7.028358,6
11496,10.693639,0.55307406,7
11497,4.888738,6.421486,4
11498,13.700275,9.579249,6
11499,-5.288225,6.759699,2
11500,-6.2082424,4.649817,0
11501,10.54692,13.649446,5
11502,11.062625,10.6237545,4
11503,3.4267461,9.434383,1
11504,7.231181,10.617884,4
11505,-6.1982384,3.8974636,0
11506,6.9813166,12.505719,1
11509,14.417957,10.846261,3
11511,-5.0514,3.7928848,0
11512,4.584435,7.4143395,6
11513,14.648271,10.400976,1
11514,-6.2253084,4.4325075,0
11515,5.0603333,7.6407127,6
11516,-5.445251,4.233599,0
11517,5.6189165,6.816523,6
11518,3.4815464,9.447109,4
11519,7.3993254,13.912121,4
11520,14.955041,11.105362,3
11521,9.822772,13.108285,5
11523,7.7142653,12.24252,6
11524,8.137717,-0.77793777,7
11525,-3.7803428,6.2877417,2
11527,7.238678,12.947619,1
11529,-4.721621,3.983416,0
11531,7.477403,13.454521,4
11532,3.6261148,9.158281,1
11533,6.265158,10.236206,3
11534,-5.0823164,2.6919236,0
11536,8.495021,0.008893781,5
11537,7.7955217,11.553084,6
11538,9.546226,3.6502612,7
11539,6.0668783,6.72324,6
11540,6.3489933,9.7734375,5
11541,-3.0467007,5.3165154,0
11542,6.416106,10.723888,1
11544,13.150746,10.40196,1
11545,14.261261,10.377699,1
11546,-5.722697,4.0158887,0
11547,5.992508,11.849554,3
11548,6.545344,11.522009,1
11549,-6.16372,4.574904,0
11550,11.384077,9.036559,6
11551,-6.4670377,6.2534394,2
11552,7.475464,13.926959,4
11553,-6.2327456,6.482519,2
11554,4.167629,7.3520365,6
11557,10.700882,12.949858,5
11558,10.863016,13.253722,5
11559,14.220067,9.837271,1
11560,4.7301865,9.099092,4
11561,-2.6716676,4.921577,0
11562,3.8451476,6.324067,6
11563,10.672902,13.468342,5
11564,10.517693,-0.20443976,7
11565,12.010673,9.5240755,6
11566,-5.697769,3.9850245,0
11567,8.053751,12.266297,6
11568,-3.5211227,6.9561777,2
11569,9.777182,3.35139,7
11570,6.124864,12.568045,3
11571,-6.0595884,4.105651,0
11572,11.135752,8.829636,4
11573,-5.7266846,3.6112106,0
11575,7.409556,6.0037827,1
11576,14.938049,10.930241,3
11577,8.896555,12.897194,4
11578,-5.4546757,4.4993777,0
11579,11.394842,10.766405,3
11580,3.6971004,6.950409,6
11582,3.7116916,6.5796175,6
11585,-5.23413,7.1498156,2
11586,-4.7641997,7.338481,2
11587,12.426019,10.143328,4
11588,11.198282,0.85175925,7
11589,6.7840185,12.972513,1
11590,10.529346,11.012303,5
11591,4.706653,10.303865,3
11593,8.34688,11.603187,6
11594,5.2104526,9.998094,3
11595,5.200147,9.548008,1
11596,5.042503,10.201889,1
11597,11.317953,0.29259738,7
11598,10.704304,0.04492429,7
11599,10.577812,0.26966032,7
11603,9.021596,11.192687,1
11604,5.620699,12.533928,3
11605,14.835399,11.066415,3
11606,-3.3818307,7.3731656,2
11607,11.27572,13.882655,4
11609,10.401387,13.751885,5
11610,3.1435022,6.7085257,6
11611,4.6323686,10.231229,3
11614,10.950931,11.732911,5
11615,7.3364305,5.949211,1
11616,10.922507,0.1785075,7
11617,4.8669124,7.2706075,6
11621,7.0597963,13.012217,4
11622,13.506268,9.673219,6
11624,9.550731,3.1133113,7
11626,12.2539625,9.719984,4
11627,9.617457,3.2368548,7
11628,3.5742188,7.106117,6
11629,10.490653,0.83294594,3
11631,3.5262074,7.2468004,6
11632,-3.9676876,6.999103,2
11633,10.490704,0.9744038,7
11634,4.03337,9.625184,1
11636,8.652186,12.2893,5
11637,-5.2674637,6.5387483,2
11639,14.612338,10.585806,3
11640,5.7476397,12.406682,3
11641,-5.9878693,3.2746167,0
11642,14.341259,10.092403,1
11643,-3.1256437,4.7690477,0
11644,11.329688,0.6643525,7
11645,6.1745424,9.822922,1
11646,7.380943,11.902516,1
11647,6.3977613,12.736842,3
11648,11.183875,8.878288,6
11649,7.4163365,11.384713,4
11650,11.942194,10.38512,1
11651,8.188968,-1.0159494,7
11652,14.470727,11.567361,3
11654,11.060322,13.7193365,5
11655,3.6412947,7.5014086,6
11656,-4.1136055,3.985987,0
11657,-5.680012,6.407488,2
11658,-6.181354,3.781968,0
11661,-3.3597202,5.371011,0
11662,7.631087,6.351814,3
11663,13.651769,9.567701,6
11664,-6.455116,3.971052,0
11665,4.3421125,5.9869256,6
11666,11.274068,9.19868,5
11667,4.1025705,6.5596547,6
11669,11.068715,0.6804903,7
11671,6.636509,10.501774,4
11672,10.585317,0.83405507,7
11673,-4.2602224,6.232057,2
11674,-5.854432,6.7982807,2
11676,14.106015,9.991198,1
11677,6.166829,12.097327,3
11678,-5.8608212,6.228148,2
11679,11.149336,11.559656,6
11681,-4.4095144,3.9158869,0
11684,4.036727,8.993824,4
11685,11.210852,13.948486,5
11686,-3.2044587,7.3413515,2
11687,10.615218,14.733375,5
11688,10.874284,12.202017,5
11691,7.3250937,13.327851,4
11692,7.3376217,6.085772,1
11694,7.546693,-0.8586162,7
11696,13.662126,10.681064,1
11697,10.232916,13.884671,5
11698,11.223883,14.3899355,5
11699,11.033705,11.59669,6
11700,9.562894,3.4749467,7
11701,13.489441,10.492873,1
11702,-2.8265848,5.434396,0
11704,5.5241175,6.808349,6
11705,3.7116032,9.621424,1
11706,11.646115,10.997089,4
11707,13.868494,11.147821,3
11708,-4.958848,4.0958247,0
11709,6.0963516,6.690846,6
11710,9.324537,3.0371509,7
11712,10.250952,14.127012,5
11713,-5.9400845,6.7962613,0
11714,-5.573101,6.5160623,2
11715,6.5664954,12.479253,3
11716,3.6448355,7.496007,6
11718,10.731479,10.67969,3
11719,14.760186,10.829303,3
11720,10.808838,14.169522,4
11723,10.593317,-0.26731116,7
11724,-6.4348173,4.182364,0
11725,10.228446,-0.31026298,7
11726,3.9614105,7.2768335,6
11728,4.419917,9.744411,4
11729,10.404744,-0.35569656,7
11730,4.001381,9.976421,3
11731,-5.6592627,6.26802,2
11732,11.042057,14.264013,5
11733,11.421629,11.220167,4
11734,10.3591,-0.27722156,7
11735,7.792166,-0.37463284,7
11736,4.4277744,9.375788,1
11737,9.49071,11.972828,5
11738,14.482655,10.259886,1
11740,10.6093235,13.550123,5
11741,-2.8974984,6.7931056,2
11743,13.662551,10.857457,1
11744,9.852397,3.300077,7
11745,5.915528,12.825802,3
11746,-3.3360686,4.642825,0
11747,4.0389075,10.472111,3
11748,11.337916,0.64164305,7
11749,7.9783573,12.998192,4
11751,-3.7238748,5.3273063,0
11752,7.698753,12.316624,1
11755,-3.6419005,7.046934,2
11756,7.5861077,12.534883,6
11757,10.458716,-0.30712536,7
11758,10.145878,0.042509828,7
11759,6.4464664,12.197516,3
11760,-6.213993,3.7013273,0
11761,4.149422,9.014032,1
11762,-3.9587753,6.4946156,2
11763,14.35364,11.447893,3
11764,-6.395343,3.778371,0
11766,9.65919,13.380877,5
11768,5.1095595,10.174702,1
11769,14.422357,10.988979,3
11770,13.889323,10.799275,1
11771,6.2243133,11.342851,3
11772,9.520484,11.559799,6
11773,8.2789955,12.116686,1
11775,8.111553,13.021575,4
11776,10.166575,15.272317,5
11778,6.5945225,6.271509,1
11779,3.8069854,9.782265,4
11780,6.893112,6.147511,1
11782,10.536881,0.013443669,7
11783,10.829596,0.7016443,7
11785,-6.236028,4.28509,0
11786,11.296412,0.6342736,7
11787,-5.9336686,6.165166,0
11788,10.892753,13.5525,5
11789,-2.9579816,6.854854,2
11791,8.354009,13.088805,4
11792,-5.2080626,7.3538795,2
11793,7.7431374,10.661403,6
11796,4.02039,9.395846,4
11797,3.413367,7.2965198,6
11798,11.276034,0.72887343,7
11799,5.8109503,12.122023,3
11800,10.935883,14.202253,5
11801,11.251412,14.2852545,5
11802,-3.0407963,5.1723156,0
11803,3.4931736,6.622046,6
11804,7.4056644,12.744675,4
11805,7.3697414,11.695455,1
11807,-2.9251425,4.935857,0
11811,7.939301,12.550747,6
11812,3.3202646,6.5357223,6
11814,3.601422,9.604544,1
11815,10.827354,0.16592067,7
11816,6.7078333,11.956025,1
11817,7.448507,13.29617,4
11818,6.2606454,11.926776,3
11820,5.775185,12.344454,3
11821,10.879474,14.57988,5
11822,10.107074,-0.048815917,7
11823,3.7872014,10.037218,4
11824,11.417787,13.338496,5
11825,6.4065237,11.104628,1
11826,-5.4634557,6.543497,2
11827,7.340381,11.356863,1
11828,14.839218,11.000355,3
11829,-3.9549472,4.0033917,0
11830,6.131764,10.1274805,6
11832,6.710511,12.08565,3
11833,-6.1761494,4.2069097,0
11836,4.30798,9.417519,4
11837,11.2088785,11.638265,4
11838,6.7373605,13.536568,3
11839,9.756932,3.3073745,7
11840,4.7101936,9.09363,5
11841,11.089994,0.6551987,7
11843,6.4961295,9.708063,4
11844,13.703973,9.503212,6
11845,10.324116,14.975368,5
11846,8.698561,11.094214,6
11847,-5.7165036,5.839885,2
11849,6.006386,12.432491,3
11851,7.418992,6.429447,1
11852,9.332838,11.844795,6
11853,-3.5561986,7.3596897,2
11854,3.5159235,6.938935,6
11855,7.1413727,11.650569,1
11856,7.7144175,13.512189,1
11857,8.834816,11.658967,6
11858,3.8618355,7.5865498,6
11859,7.3810816,12.883367,4
11860,9.5774765,12.198896,6
11861,4.874858,8.825208,6
11862,11.28828,0.26291895,7
11864,-3.85879,4.124116,0
11865,6.547448,12.112329,1
11867,11.149764,8.831306,6
11868,-4.1062784,6.9759674,2
11870,-4.753879,4.287159,0
11871,3.7279372,8.884241,4
11873,-6.480694,6.505736,2
11874,7.83654,13.215048,4
11875,7.388425,13.901172,4
11876,13.360727,10.112478,6
11877,5.02519,7.2070794,6
11879,14.404581,10.696366,3
11880,9.346372,11.464342,6
11881,-4.7788086,7.3237677,2
11882,10.841323,13.366554,5
11883,11.04772,14.205944,5
11884,8.245695,11.949902,4
11885,4.6504183,9.393167,1
11886,10.368585,0.77954715,7
11888,8.1760235,11.739189,6
11889,7.892737,-0.49689046,7
11890,10.764711,0.13760625,7
11891,4.6065826,9.38624,1
11892,8.576072,12.503253,4
11893,9.490045,3.5702026,7
11894,8.700572,-0.16866967,6
11896,3.4470897,9.866309,3
11897,10.2055855,-0.22131185,7
11898,10.122459,1.0384179,1
11899,10.971603,8.644898,6
11901,-6.2501683,6.7407627,2
11902,14.6032095,11.388037,3
11903,13.367505,9.9191475,1
11904,7.9507895,-1.0238688,7
11905,11.363892,13.741503,5
11906,-3.7812846,6.36433,2
11907,8.039761,11.724332,6
11908,7.627631,-0.9819585,7
11909,11.26378,0.71579814,7
11910,11.400161,8.946789,6
11912,8.468001,12.728325,6
11914,7.64571,10.9794,5
11915,5.515694,7.028863,5
11916,12.459317,11.007453,3
11919,-5.9347024,4.4096527,0
11920,7.4735837,11.401712,6
11921,8.293964,12.941086,4
11922,4.1930575,6.044131,6
11923,10.148418,0.64648175,3
11924,9.022908,11.710943,6
11925,-3.3483121,6.7229066,2
11926,5.952314,11.283655,3
11927,14.108401,11.451608,3
11928,-6.192767,3.9603603,0
11929,4.6188207,6.403722,6
11930,-5.879369,5.863145,2
11931,4.1765556,7.1688566,6
11932,8.376184,12.65843,4
11933,8.106883,11.650002,6
11934,3.9690108,7.02859,6
11935,-5.3855667,6.4764795,2
11936,-3.6745315,6.395514,2
11938,7.5486245,13.698452,4
11939,4.9923334,6.95645,6
11940,8.560464,13.151583,7
11941,-4.979132,7.516757,2
11943,4.218313,9.92595,3
11944,-4.8768106,4.1989803,0
11945,8.526944,12.545563,4
11946,9.481312,3.3038125,7
11947,-3.2082613,5.3127384,0
11948,4.07206,6.296566,6
11950,11.046443,0.18361971,7
11951,10.717521,11.773444,4
11952,3.673567,7.340038,6
11953,9.36847,11.623682,6
11955,-5.618195,5.179583,0
11957,3.6338933,6.8626704,6
11958,5.071341,7.10664,6
11959,3.8583276,6.462098,6
11960,6.1789083,10.857752,3
11961,9.421101,3.3800032,7
11962,5.0368476,10.645797,3
11963,10.463337,13.868364,5
11964,9.583995,12.058038,6
11965,-3.5567641,7.4570694,2
11966,6.592388,10.955603,3
11967,4.21851,9.443752,1
11968,10.666447,13.753493,5
11969,11.428551,11.303205,1
11970,-4.701987,4.768909,0
11972,6.6197815,12.854547,4
11973,6.460472,12.190425,1
11974,8.278368,-1.121164,7
11975,10.5880995,-0.17725295,7
11976,3.9683688,6.6782007,6
11978,11.324268,8.816898,6
11980,11.39591,10.664471,1
11981,10.248076,14.747428,5
11983,8.108569,12.173981,1
11985,8.656684,-0.31658545,7
11986,3.6087987,7.2474456,6
11988,-5.3345017,4.714739,0
11990,14.031307,10.579283,1
11991,5.440516,9.824427,1
11993,10.602856,13.635746,5
11994,4.937241,10.571916,3
11995,10.939486,8.561066,6
11996,10.952472,0.41154423,7
11997,6.755193,6.1939163,1
11998,13.5833435,10.159987,1
11999,10.71299,10.673579,3
12000,7.1982107,10.458699,6
12001,11.217155,13.182606,5
12002,6.1717362,12.914401,3
12004,7.7312026,12.747444,4
12005,4.4926724,10.414165,3
12006,4.9543242,7.4787683,6
12007,7.63772,11.833575,6
12008,10.769044,-0.0014836453,7
12009,3.7817938,6.825144,6
12010,6.998182,11.432295,1
12011,7.5241036,11.945105,1
12013,-6.401562,4.2155576,0
12015,3.5736136,7.404181,6
12017,5.2324615,10.512182,3
12018,3.9240525,7.3143635,5
12019,13.449071,9.8664875,1
12020,-4.176477,4.184158,0
12021,4.8898697,6.9675884,6
12023,4.1213255,6.2967186,6
12025,7.9459233,6.423144,3
12028,8.270125,13.282089,6
12029,-6.2749686,4.3332067,0
12030,6.9084325,13.4671545,1
12031,3.3027313,6.8857937,6
12032,4.0634193,7.0819125,6
12033,10.737463,0.92808104,7
12034,7.149283,11.564927,6
12035,6.6286516,11.782254,1
12036,8.443413,13.312378,6
12037,7.946087,-0.5799807,7
12039,-3.4464717,4.435293,0
12040,10.757422,13.861496,4
12041,4.7079535,7.258495,6
12042,5.8025703,12.635341,3
12043,11.810966,9.526218,4
12045,14.237076,10.203518,1
12046,11.666201,9.572817,6
12047,14.062405,10.1591,1
12048,8.252021,13.111676,1
12049,4.411337,9.70933,1
12050,5.1766376,7.329695,6
12051,6.136801,9.920182,6
12052,6.4663877,11.251329,3
12053,6.2686157,9.6969185,1
12056,5.896928,12.413947,3
12059,9.829793,12.836801,5
12060,4.8168225,9.764778,1
12061,-5.782169,3.8356512,0
12062,-5.470241,7.143986,2
12063,7.424503,12.822745,6
12064,5.9916863,10.374676,3
12065,7.104578,6.085332,1
12066,9.571385,3.2667003,7
12067,6.606456,10.907108,4
12068,3.7306983,9.263956,5
12069,4.3807526,6.1664085,6
12071,-3.3447468,5.3865685,0
12073,-5.499213,5.004084,0
12074,9.414611,13.069476,6
12075,7.889079,12.710732,4
12077,6.634629,6.2108636,6
12078,10.493542,13.502994,4
12079,9.850145,3.2128382,7
12081,14.416387,10.1504545,1
12082,14.516752,10.389511,3
12083,-6.2565956,4.317166,0
12084,4.2712655,6.5698905,6
12085,-3.3683794,5.180236,0
12086,-3.7535083,5.4453454,0
12087,3.5888546,7.379933,6
12088,-5.878239,4.3186016,0
12089,10.869259,15.182802,5
12090,-6.160085,4.2056723,0
12091,-3.3371212,5.3522964,0
12092,11.476148,13.110445,5
12094,-5.0435047,3.8992221,0
12096,5.1368604,9.121954,4
12097,6.155459,10.317295,3
12099,7.208843,13.3651285,4
12100,8.941947,11.28922,6
12101,5.4352965,10.65901,3
12102,-2.9282904,5.4508533,0
12103,-5.607012,4.997683,0
12104,10.655354,-0.23629916,7
12109,13.885698,9.587558,6
12110,-3.8459625,6.333179,2
12111,14.378302,11.529956,3
12112,6.569943,12.500716,1
12113,-5.848732,4.651188,0
12114,3.690545,7.189524,6
12115,11.386733,11.599158,6
12116,10.616289,13.738715,5
12117,4.7119865,6.2918754,6
12118,5.953123,12.426163,3
12119,11.231744,9.217228,6
12120,-6.396025,6.0023513,2
12121,6.749563,11.163635,1
12122,14.869927,11.151896,3
12123,7.085037,13.273605,4
12126,3.7303526,9.563731,1
12127,-3.799871,6.5691195,2
12128,10.677261,-0.13216975,7
12130,-4.0956597,3.8856792,0
12131,4.129883,9.533808,1
12134,-3.935853,4.1070976,0
12135,11.632911,11.022262,3
12136,10.961697,0.73423314,6
12138,14.852295,10.952775,3
12140,-5.920783,6.924452,2
12142,3.9379942,5.9535265,6
12143,4.010049,7.587643,1
12144,14.612979,10.923155,3
12145,10.865396,10.743237,3
12146,13.294161,10.931313,1
12148,7.6430907,11.612208,4
12149,7.2399473,12.269914,4
12151,9.319953,3.7139132,7
12152,-3.3682697,5.402392,0
12153,-2.873089,6.948416,2
12154,8.936481,13.339466,5
12155,-4.623984,7.280229,2
12156,8.144187,-0.6883616,7
12157,-3.219216,7.1937833,2
12158,-5.2679224,4.351236,0
12159,5.1499414,10.639913,3
12160,3.7503517,7.6672096,6
12161,-5.29018,4.404601,0
12162,11.351823,14.185536,5
12163,-5.6942797,5.2464275,0
12166,9.336382,11.901608,6
12167,-5.4444165,3.7240012,0
12169,4.290899,6.272999,6
12170,7.427314,11.351878,1
12172,3.4615378,8.981555,6
12173,11.29893,10.823642,1
12174,6.180381,6.691146,5
12176,3.343967,6.8185825,6
12177,-5.3820567,3.8834808,0
12178,13.950907,9.566005,6
12179,7.290633,13.170743,4
12180,10.594448,14.136342,5
12182,9.412099,13.492164,5
12183,3.9287798,7.5258074,6
12186,7.3875346,12.74783,1
12187,14.512749,10.396416,1
12188,-3.247833,5.2080474,0
12189,3.735206,9.1837225,1
12191,9.608079,12.270785,5
12192,9.407758,11.774943,6
12193,5.170932,9.650956,1
12194,6.9756026,13.277101,4
12195,13.637028,9.557887,6
12196,14.422888,11.476372,3
12198,-6.660431,6.3976145,2
12199,-3.1227746,7.2123327,2
12201,-3.45818,7.4321976,2
12202,-5.6955137,4.169959,0
12203,7.405352,13.770814,4
12205,11.321678,0.69362205,7
12206,10.771668,10.6328335,3
12209,10.532122,13.510444,5
12210,-6.0657477,4.256973,0
12211,10.024437,3.1300914,7
12213,9.481836,3.5959523,7
12215,-3.3272588,6.9980497,2
12216,7.713764,12.893156,1
12218,9.291105,11.82929,6
12219,7.449339,12.168115,6
12220,6.1679664,10.051867,3
12221,9.84331,3.2211635,7
12222,9.866687,2.958753,7
12223,5.695266,11.968388,3
12224,3.494196,9.318379,1
12225,14.581961,11.045955,3
12226,9.872551,3.0967882,7
12227,-3.58753,6.4930167,2
12229,12.216505,9.557119,3
12231,10.882755,11.154247,4
12233,9.130225,11.417181,6
12234,10.155893,14.885212,5
12237,-4.473174,7.196265,2
12238,-6.373214,6.2238517,2
12239,5.4961658,11.615989,3
12240,7.016599,13.269771,4
12241,7.329325,10.52511,1
12242,4.00126,5.8532,6
12244,-6.547206,6.4800496,2
12245,13.3290825,10.666138,1
12246,9.636348,12.110994,6
12247,5.0176826,10.404782,3
12248,4.51612,10.246941,3
12249,3.5981922,6.7210093,5
12250,10.494271,0.37676278,7
12251,8.102682,11.868388,6
12252,4.2315335,8.647197,6
12253,9.410881,3.5426335,7
12254,10.675142,13.943522,5
12255,6.976596,10.70863,4
12256,4.269096,9.109295,1
12257,-5.155797,7.054872,2
12259,3.8111715,9.717253,1
12260,6.526558,11.044675,3
12261,-4.162121,3.893424,0
12262,13.871025,10.451676,1
12263,-6.426179,6.506565,2
12264,-5.6895127,7.0963783,2
12267,14.345072,10.422791,1
12269,-3.530576,6.540267,2
12270,7.92999,12.501294,6
12273,11.336289,0.80656224,7
12274,10.620684,8.369074,6
12275,5.080643,9.157427,6
12276,7.8164144,6.5194845,3
12277,-5.4467874,6.797525,2
12279,10.459794,14.888526,4
12280,10.747337,0.97134143,7
12281,7.9397388,12.026228,6
12282,-6.1928005,5.910613,2
12283,6.009143,10.945145,1
12285,14.067981,11.190349,3
12286,-4.825209,7.3253703,2
12288,11.714124,10.734225,1
12290,5.450852,9.154744,5
12292,6.3646965,13.593273,3
12293,7.93111,13.553144,4
12294,11.299674,0.62846243,7
12295,-6.203664,5.914346,2
12296,4.644104,9.233186,1
12297,13.764294,10.592431,1
12298,3.8814273,7.4574003,6
12299,-3.2393706,7.190428,2
12304,3.8095539,6.640681,6
12305,-5.327747,4.1970277,0
12307,3.9456985,9.523107,1
12309,6.776685,11.121545,6
12310,8.184432,12.691736,6
12311,6.675078,12.476911,3
12313,-4.841287,5.436673,0
12314,13.671329,9.897708,1
12315,6.222755,13.363258,3
12317,4.909443,10.750201,3
12321,-6.433947,6.190868,0
12322,11.303351,8.928964,6
12323,8.455685,13.260338,4
12324,3.9491336,6.7614384,6
12325,4.3408594,9.166966,1
12326,-6.1282353,6.8075905,2
12327,10.027506,0.78273237,3
12330,-3.6981626,7.114284,2
12331,8.179782,12.456883,6
12332,-2.9113696,5.3979354,0
12333,3.2531543,9.915019,4
12336,7.637481,11.403634,1
12337,13.087762,10.334406,1
12339,8.005253,-0.43965223,7
12340,-6.5185103,3.967843,0
12342,9.789678,2.8776066,7
12343,7.8348074,10.992077,6
12344,14.399257,10.921288,3
12345,-3.0782573,4.8893614,0
12346,-6.3112426,5.3169,2
12347,4.750982,10.44516,4
12348,-5.061678,2.6825736,2
12349,3.8171465,9.51389,1
12350,-4.7581015,3.6524296,0
12351,-5.4976263,3.4393318,0
12352,5.594519,6.7298164,5
12353,10.923977,14.804345,5
12355,7.2855587,12.722244,1
12356,10.631836,0.25967598,7
12357,-6.0371604,5.5636873,2
12358,11.430104,13.213554,4
12359,14.697865,10.939837,3
12360,7.74383,12.171257,6
12361,14.032253,10.854408,1
12362,4.849762,9.110258,5
12363,10.746568,8.467411,6
12364,-5.220897,4.646827,0
12365,4.639229,9.374366,1
12366,-4.9400063,7.5202284,2
12367,11.098034,9.074416,6
12368,11.364485,13.217774,5
12371,-6.5227065,6.3809557,2
12372,3.5246434,9.341744,4
12375,7.163462,12.533473,4
12378,4.5032573,8.96812,6
12379,7.556271,12.081086,1
12380,10.270735,-0.17372869,7
12381,13.602454,11.024707,1
12382,10.660915,11.56359,7
12383,3.7379224,10.458715,3
12384,-5.1230865,4.635186,1
12385,9.455451,3.5501611,7
12388,-5.1997514,4.59835,0
12389,10.083239,1.0713388,7
12390,3.3460994,10.146071,4
12391,10.476103,13.325116,5
12392,6.3233213,11.204823,1
12393,10.153897,12.995065,5
12394,8.128006,12.99485,4
12395,8.55879,12.764739,6
12396,7.735013,10.798987,6
12397,-5.3671904,4.247802,0
12398,14.13279,9.725855,1
12399,7.1343102,11.686911,1
12400,-5.9957404,5.963626,2
12401,6.03726,11.747145,1
12402,-6.0287237,6.5496874,2
12403,12.212508,9.533591,3
12404,7.9709587,12.630288,4
12405,-4.9344206,7.506819,2
12406,6.674673,11.686309,1
12407,3.7618759,9.199021,6
12408,-4.111759,7.2742395,2
12409,6.3870144,11.339708,1
12410,14.020053,10.215396,1
12411,7.259557,13.246817,4
12412,14.171369,10.960699,3
12413,10.688229,13.906831,5
12414,4.783877,7.326009,6
12415,10.408798,13.651252,5
12417,9.17419,11.365753,6
12418,4.0386677,7.518755,6
12420,3.7156136,7.498095,7
12421,4.553101,10.144347,4
12424,7.5534496,12.421533,5
12426,14.411913,11.308557,3
12428,8.886624,11.223235,6
12429,9.466625,3.5461068,7
12432,3.585459,9.011807,6
12434,-3.3234913,7.1031647,2
12435,10.244432,0.27050462,7
12436,6.666172,10.135141,1
12437,13.17237,10.034973,6
12438,6.0840826,9.80938,3
12439,4.0117717,9.579046,1
12440,14.540235,10.463529,3
12441,-5.864311,4.2770815,0
12442,9.96671,3.1962008,7
12443,4.9333,7.2160087,6
12444,9.619673,12.876804,6
12446,6.512899,11.350689,3
12447,10.500419,13.569224,5
12448,-3.6578069,6.964834,2
12450,7.965823,-0.68828344,7
12451,14.553065,10.156302,1
12452,10.826662,0.8674358,3
12453,10.051328,0.72767395,1
12454,-3.073791,5.3229876,0
12455,-3.4689739,5.3800807,0
12456,-5.8304152,3.4271963,0
12457,6.178654,6.7392554,6
12461,5.8252597,10.170642,1
12462,14.6179085,10.70406,3
12463,6.4063935,10.073826,4
12465,-5.161392,3.5293505,0
12466,10.791845,11.021947,4
12467,-5.3346863,4.815806,0
12468,8.713307,11.268021,6
12470,7.92216,-0.6501085,7
12471,3.4945045,6.9133215,6
12472,3.936409,10.498011,3
12473,-3.2233987,6.3863792,2
12474,-5.865222,6.93599,2
12475,6.559336,11.761251,3
12477,5.599191,10.907496,3
12478,4.10202,10.037612,1
12479,6.8580146,13.216307,4
12480,8.891427,11.537797,4
12484,10.089812,0.04209849,7
12485,-3.21679,7.3240004,2
12487,4.5501194,10.256737,3
12488,4.8923273,10.036145,3
12489,3.241196,6.684984,6
12490,7.5210104,13.571901,1
12491,6.166374,6.7194185,6
12492,10.030984,0.31894127,5
12493,7.3295293,10.690463,6
12495,6.949102,10.205178,5
12496,3.6871662,6.77095,6
12497,10.455647,14.051044,5
12498,10.781889,0.6034574,7
12499,-5.0859284,2.729908,0
12500,8.317746,13.033204,4
12502,3.7904222,9.29433,6
12503,8.027377,13.636875,1
12504,11.161383,13.973297,5
12505,11.020238,10.831418,4
12506,10.14366,15.048561,5
12508,9.525264,3.5143886,7
12509,8.490525,11.046124,5
12510,7.6385174,12.584081,6
12511,7.449779,10.682888,6
12514,11.179965,0.8281903,1
12515,-6.3478923,5.9792275,2
12516,3.7799802,6.8725734,6
12517,-3.7037241,7.3080974,2
12519,14.757037,11.020024,3
12520,3.565301,6.815096,6
12524,6.7112265,12.692719,1
12526,-6.4632964,6.2319384,2
12530,7.04907,10.431692,6
12531,4.024889,7.4953694,6
12532,14.123094,9.716901,1
12535,3.7932065,9.770524,1
12537,11.076392,0.8856325,7
12538,4.295057,6.467239,6
12539,13.026801,10.523487,6
12540,4.5003095,6.1882963,6
12541,4.4676123,6.826642,6
12542,14.596249,10.680665,3
12543,-3.218236,5.22257,0
12544,5.0367656,7.693723,6
12545,7.845481,11.391857,4
12546,5.792421,12.723084,3
12547,10.652201,8.3860655,6
12548,-5.9535174,4.285224,0
12550,10.054474,14.801707,5
12552,14.743207,10.784452,3
12554,-3.017221,6.7725253,2
12555,4.6133194,10.65872,3
12556,11.298625,0.65152085,7
12557,-4.20876,7.3130226,2
12560,4.174575,10.249266,3
12561,-5.1395006,3.6286597,0
12562,10.221868,-0.05731835,7
12563,10.460058,11.166251,4
12564,3.4159505,8.981333,4
12565,14.150365,10.947451,3
12566,4.3911805,9.0374565,5
12568,-4.094255,3.6977396,0
12569,11.425554,13.24457,5
12570,8.275614,12.640149,4
12572,6.815126,6.1743402,1
12573,7.283778,12.357653,6
12574,9.809795,14.568393,5
12575,4.557663,10.562157,3
12577,7.3583317,13.573058,4
12578,7.651387,-0.9076299,7
12579,8.339683,-1.0773622,7
12580,-5.9042916,4.6819954,0
12582,-6.449714,4.0041122,0
12583,-4.5940485,4.259247,0
12584,13.460697,10.456303,1
12585,14.416444,11.416014,3
12586,7.859288,13.189366,4
12587,8.326842,12.722348,6
12588,6.654441,13.3294325,4
12589,6.8475513,11.158192,1
12590,4.75418,6.5836353,6
12591,10.607321,14.465132,5
12592,-5.933169,5.8410296,1
12593,11.706096,9.431916,4
12594,6.5536165,11.874071,3
12595,14.24785,10.463866,1
12596,7.740787,10.975428,4
12597,7.022022,11.703027,5
12598,13.431648,9.726229,6
12600,10.800015,11.232231,6
12602,-6.3666625,4.58225,0
12603,13.518178,10.215171,1
12605,4.217189,9.6845045,4
12606,4.0333834,9.972296,4
12607,5.9816437,10.15111,6
12608,7.3704433,11.689601,1
12609,7.041804,12.3021965,1
12610,10.976624,0.66095495,7
12611,-4.255335,4.102966,0
12612,4.244675,7.1304345,6
12614,13.521883,10.633505,1
12615,-5.276893,4.586514,0
12616,10.954155,10.876991,6
12617,9.95605,3.203207,7
12618,11.040675,13.6832905,5
12619,6.436884,12.684139,4
12620,5.8240166,6.809641,6
12623,-4.1580143,3.9912832,0
12624,11.168143,14.356278,5
12625,7.5233107,12.061551,5
12626,11.403721,0.647031,7
12627,10.977562,11.422553,1
12628,-5.5862994,5.8700776,2
12629,9.41397,11.639146,6
12631,10.745826,11.222531,6
12632,10.20726,0.38303834,7
12634,6.968014,12.462609,1
12635,-5.4515266,6.672467,2
12636,10.942152,12.587584,6
12638,9.374572,12.034025,6
12639,4.865835,10.302587,3
12640,-6.6242933,6.2735734,2
12642,10.947185,10.674792,3
12644,10.95584,12.272923,5
12645,11.350335,0.7461576,7
12646,6.5301414,11.036766,6
12647,-3.3265896,5.3412156,0
12648,9.510745,11.860982,6
12649,10.434007,-0.42597938,7
12650,7.6491566,13.024445,1
12652,-3.6554322,5.6030493,2
12653,7.855494,12.967541,4
12654,4.420163,10.527428,3
12655,10.480704,14.548385,5
12656,-5.624877,6.0248923,2
12657,13.680862,9.488005,6
12659,11.068393,11.728197,5
12660,7.0043654,12.822557,1
12661,10.413769,0.5735209,7
12663,7.563265,12.147782,4
12664,3.5000594,9.8629465,4
12665,-6.2734246,6.538544,2
12666,3.9125993,10.747223,3
12667,11.509638,11.110749,1
12668,6.635298,11.855806,4
12670,5.530546,6.850451,6
12671,6.109023,9.825847,3
12672,5.621715,7.1486187,6
12673,10.405276,1.0666066,7
12674,-5.2099905,4.852055,0
12675,7.377092,6.4089475,1
12677,8.963313,11.262121,6
12679,4.0108724,8.949837,5
12681,7.3648195,11.822492,1
12684,-2.8882594,5.057123,0
12685,4.4065614,8.817312,4
12686,5.7016006,11.997752,3
12691,-5.8876586,3.7389104,0
12692,11.0202055,0.26699734,7
12693,11.025179,11.217983,4
12694,13.642134,9.999987,6
12695,-4.0393004,4.167452,0
12696,8.286848,-1.107269,7
12698,-5.489477,6.501047,2
12700,10.255552,14.411865,5
12701,-3.6253223,7.381354,2
12702,-3.4340942,7.3980527,2
12703,4.050357,9.520819,1
12704,7.9325247,11.509523,6
12705,4.415084,8.916074,6
12706,7.509443,13.326847,4
12707,7.9009438,-0.32840395,7
12709,4.9008527,6.5870028,1
12710,3.446727,8.882118,6
12711,8.716208,12.26455,6
12712,11.143229,0.2210024,7
12713,8.217929,11.7653,6
12714,10.922033,13.579931,5
12715,4.92928,6.5343037,6
12717,11.086597,14.770804,5
12720,-4.150052,7.313597,2
12721,8.392596,-0.8237055,1
12722,7.2241416,12.857785,1
12724,5.7857356,10.444156,3
12725,7.311041,6.4329524,1
12726,4.1196914,10.339068,3
12727,4.6528783,6.65373,6
12728,9.491257,13.41553,5
12729,10.427538,1.1903495,5
12730,10.669501,11.415849,5
12731,6.717964,11.279958,3
12732,14.10499,9.708008,1
12733,13.779671,10.621881,1
12734,4.470936,10.085532,3
12738,7.887798,-0.51822245,7
12739,10.897706,0.51465374,7
12740,-5.6844234,5.915653,2
12742,7.4356284,6.0237184,1
12745,-2.788521,4.809468,0
12746,13.755197,10.484081,1
12747,7.541086,12.401605,6
12748,4.343524,9.028786,4
12749,4.90746,6.4680185,6
12750,-5.0273957,3.9447987,0
12751,7.3335605,10.661253,7
12752,-6.056876,6.22105,2
12754,10.608603,14.185889,5
12756,6.9309,5.9737434,1
12757,9.762163,3.3432794,7
12758,-5.0096292,5.155865,0
12760,-3.9538827,7.4983144,2
12761,4.5723004,10.367221,3
12763,-4.8435683,3.8204951,0
12764,-5.778928,5.954391,2
12765,7.766022,12.508208,6
12766,11.295812,10.737562,6
12767,4.43651,9.19565,1
12768,4.0977407,10.497567,3
12769,8.294505,13.725962,4
12770,7.694155,11.77218,6
12771,-6.243563,6.279034,2
12772,6.723567,10.103572,4
12773,13.471369,9.693534,6
12774,6.7271624,6.062377,7
12775,-5.0647416,7.6449943,2
12776,-4.339575,3.7784882,0
12778,13.609315,9.5167,6
12779,13.715898,9.4751425,6
12781,11.389143,14.092862,5
12782,6.263161,11.294087,3
12783,6.784647,12.790327,1
12784,-6.0503235,6.787794,2
12785,8.283449,-1.1364862,7
12786,6.6577363,13.429073,3
12787,-6.1208224,3.5633163,0
12788,11.145834,8.737666,6
12789,6.8662114,10.747089,6
12790,4.034746,8.729103,6
12791,4.698383,6.3265686,6
12792,-3.5195098,6.69352,2
12793,10.607073,14.477016,5
12794,-6.3891907,6.3268,2
12795,14.300007,10.010194,1
12796,-4.3164935,3.8017535,0
12797,-5.376059,6.683926,2
12798,4.629816,9.438503,4
12799,6.0504036,6.493984,1
12800,6.084836,11.2385645,3
12801,7.7199106,13.587381,1
12803,11.055177,14.893547,5
12804,4.0747905,9.92293,1
12805,13.7284775,10.173542,1
12806,9.7748785,2.8761997,7
12808,3.7995398,10.624976,3
12809,9.853126,12.704028,6
12810,7.9031205,11.422029,4
12811,3.5196786,6.42554,6
12813,10.912974,14.086151,5
12814,-6.604463,6.1153345,2
12815,3.2890453,6.572336,6
12817,12.806817,10.20794,1
12818,6.0115457,11.714771,3
12819,-6.007035,4.692309,0
12820,-6.3203735,6.2311764,2
12821,3.7079318,9.661163,4
12823,-5.3877797,3.8680172,0
12824,6.5594735,6.3707924,7
12825,6.987979,12.717694,1
12826,9.280175,12.125527,6
12827,14.370461,10.287086,1
12828,7.74447,6.618685,3
12829,14.251092,11.226649,3
12831,-3.4468741,6.6776853,2
12832,5.2623615,7.469001,6
12833,3.8116372,7.475531,6
12834,3.2061024,9.354417,1
12835,3.3238177,6.6322317,6
12836,7.2447987,11.952746,1
12838,9.127023,12.953765,4
12839,9.688069,13.354172,5
12840,-5.985083,5.599534,2
12842,7.931237,11.947966,6
12843,3.7167368,6.6123405,6
12844,8.103567,12.497215,4
12845,10.857568,13.786958,5
12846,11.280699,8.933043,6
12847,7.629904,14.029342,1
12848,7.5705066,12.348658,1
12849,10.479418,1.0492151,1
12850,-5.753571,4.130356,0
12851,10.438377,-0.36000773,7
12853,8.40471,-0.72258973,7
12854,-5.577456,6.668799,2
12856,-3.3819835,7.1304145,2
12857,9.336659,11.4438505,6
12858,13.799563,11.098073,3
12859,3.838624,10.691371,3
12860,6.6957345,11.337799,1
12861,6.311521,10.140074,3
12862,-2.9258962,6.9670854,2
12863,9.009435,11.051896,6
12864,8.199874,12.51351,6
12865,8.174824,12.662276,6
12866,5.143347,8.932787,1
12867,9.819283,13.553974,5
12868,10.789944,0.33437917,7
12869,9.928703,0.61570674,1
12871,5.74929,12.362677,3
12872,3.577184,6.933543,6
12874,9.367794,11.963535,6
12876,5.342021,7.840993,6
12877,-5.6331444,4.596558,0
12879,-5.402895,4.1080832,0
12880,11.00968,13.646289,5
12884,-3.3685133,6.7262073,2
12885,11.017759,14.888092,5
12886,-5.2545104,3.430198,0
12888,4.2129493,9.091091,1
12889,10.939476,8.714808,6
12890,7.364315,10.549949,6
12891,-6.4309745,6.4570637,2
12892,-5.5469074,4.5751643,0
12893,-3.3797016,6.6526284,2
12895,9.306393,11.811584,6
12898,6.3968787,10.071564,4
12899,6.1783986,12.341428,3
12902,7.256926,12.348715,1
12903,-3.1681294,6.5020957,2
12904,7.8927355,6.504563,3
12905,7.3855433,13.210002,4
12906,7.3142047,6.303274,1
12907,6.0949807,11.004345,3
12908,-2.9859257,4.8716216,0
12912,10.602689,10.692629,1
12914,14.151863,10.444295,1
12915,3.5332575,10.045868,4
12916,4.341015,8.856611,6
12917,8.117674,-0.7739589,7
12918,10.425628,0.022878246,7
12919,4.1002436,8.978064,5
12920,4.1861086,10.73515,3
12921,6.332105,13.34112,3
12924,14.875069,11.11798,3
12925,-6.013779,6.006764,2
12926,11.378117,10.870058,6
12927,3.9566946,9.137517,6
12928,-3.3208857,4.8027167,0
12930,10.418892,0.6050538,7
12931,-5.231531,4.4306,0
12932,11.211641,14.407584,5
12934,3.2757204,9.56545,4
12935,10.977239,13.748892,5
12936,-5.0888023,2.703149,0
12938,-4.980228,4.135935,0
12941,13.7584095,10.088308,1
12944,9.501259,3.4663503,7
12945,5.0768194,7.627388,6
12946,9.520112,12.061089,6
12947,6.7815084,6.3840055,7
12948,14.351277,10.05562,1
12949,8.50075,12.732981,4
12950,10.708005,12.537943,5
12951,5.6449714,10.6833,3
12952,11.036793,13.738454,5
12954,10.103065,0.7486282,4
12955,4.6962824,9.596956,1
12956,3.9942698,8.905312,4
12957,8.311054,-1.0241573,7
12959,10.908604,13.293859,5
12960,13.662594,10.334111,1
12961,5.026774,6.971471,6
12962,5.8974156,12.212749,3
12964,10.182173,0.35904908,6
12965,14.365476,10.100493,1
12966,8.2756815,12.160609,6
12967,7.2432775,12.677434,4
12968,9.392783,3.6792934,7
12969,10.827043,11.119173,1
12970,6.5238104,6.279849,1
12971,-5.4616036,6.643988,2
12972,6.559618,11.127204,3
12973,4.3734326,7.1140065,6
12974,5.7261806,10.688372,3
12976,10.680696,13.184307,5
12977,4.5537353,6.2756963,6
12982,-5.8463755,4.219352,0
12983,14.043377,10.898336,1
12984,4.382886,9.370233,1
12985,10.33951,13.8625965,5
12987,7.85427,-0.37393627,7
12989,3.823688,10.574479,4
12990,11.457602,13.231276,5
12991,9.121235,11.4284,6
12992,10.99942,14.434226,4
12993,7.958207,-0.8410591,7
12994,5.3880095,7.393337,6
12995,9.918076,3.1205933,7
12997,-6.484921,4.074201,0
12998,6.291461,10.747263,6
12999,4.460371,10.081504,1
13000,10.671434,13.75646,5
13001,-5.06251,3.6213934,0
13002,14.531727,10.759199,3
13003,4.6508827,10.721651,3
13004,4.2644105,7.341817,6
13005,9.761908,13.000403,5
13006,3.941418,10.201555,1
13007,10.199642,0.62529737,7
13008,8.020047,-0.4674466,7
13010,9.690284,2.8891566,4
13011,-6.194597,4.2384324,0
13012,3.4999454,6.508365,7
13014,-6.229618,4.01888,0
13017,11.194284,12.466427,5
13018,-4.8531156,3.7377234,0
13020,11.705288,10.803158,6
13022,10.259141,14.91658,5
13023,-3.751347,6.7691355,2
13025,-3.2506456,7.170518,2
13026,4.371896,6.224551,6
13027,3.9320037,9.796682,1
13028,7.391616,12.962935,4
13029,-3.2212753,5.341875,0
13030,6.7018175,9.929843,1
13032,5.083487,6.814351,6
13033,-5.510763,6.203846,2
13034,-3.6810057,5.097786,0
13036,14.32021,11.063739,3
13037,11.820587,10.837305,4
13038,-3.4113326,4.7914367,0
13040,3.8373194,10.594566,3
13041,-6.511197,4.035656,0
13042,-5.0920157,2.7215953,0
13043,10.304009,13.81804,5
13044,6.36415,11.752921,3
13045,-3.2590232,6.4299774,2
13046,3.8383806,6.5062714,6
13047,6.492163,10.509202,1
13049,-4.002278,4.0777216,0
13051,14.870602,11.01327,3
13052,11.912562,9.79272,3
13054,14.722164,10.883614,3
13055,7.580974,11.56,6
13057,3.4219692,7.21282,6
13058,-5.4910035,6.227033,2
13059,-5.9419155,6.917011,2
13060,5.770912,9.900523,1
13061,14.538919,10.342493,1
13062,11.353184,9.083153,6
13063,14.706631,11.206238,3
13064,-4.085821,3.7640128,0
13065,5.5420203,12.046717,3
13066,3.817456,7.482204,6
13067,7.6740403,6.4073625,3
13068,-6.319852,6.2426515,2
13069,3.9245753,6.40336,6
13070,9.308459,3.5235598,7
13071,7.797637,-0.7005246,7
13072,11.252938,8.89979,6
13073,4.788549,7.622143,6
13074,-2.7213874,5.0271974,0
13075,10.841662,11.201035,4
13076,-5.5674253,3.6926236,0
13077,5.9680037,10.461428,1
13078,4.7178435,9.839826,1
13079,7.477225,6.253771,1
13080,13.989238,9.95684,1
13081,6.3825164,11.819489,3
13082,6.2427897,11.795997,3
13083,4.09977,9.409698,1
13084,6.7691197,5.909175,7
13085,10.833683,15.120928,5
13086,6.846862,12.472674,3
13087,7.896335,11.493894,1
13089,-3.2019308,5.564882,0
13090,6.610562,11.816893,1
13091,13.029534,10.115864,5
13093,4.629538,6.9821024,6
13094,7.6653914,12.52752,1
13095,9.835987,3.273062,7
13096,8.311693,-1.0282507,7
13097,9.9339485,3.0501878,7
13098,-5.0005174,3.754759,0
13100,7.481797,10.715377,4
13101,9.298918,3.7047956,7
13102,7.8272076,12.226878,4
13103,3.8635716,9.329174,1
13104,4.6114287,9.804406,1
13105,6.585351,13.313159,4
13106,7.320254,13.805254,4
13107,13.204964,11.175233,3
13108,-2.952175,6.859062,2
13109,8.092177,11.999501,4
13110,6.8286743,11.909444,1
13111,3.2379348,6.298095,6
13112,9.880078,13.891617,5
13114,6.075258,12.347288,4
13115,4.7517695,10.551288,3
13116,10.627811,13.631462,5
13117,8.277413,12.488458,4
13118,-3.478408,7.42715,2
13119,11.135353,10.980141,1
13120,7.5097103,12.470209,1
13122,12.128248,9.406602,6
13123,12.401808,9.597246,1
13124,6.1907,12.62371,3
13125,6.566287,13.727254,3
13126,10.317616,0.5261583,7
13127,5.291449,7.76299,6
13128,10.361937,13.864655,5
13129,9.472024,3.5304825,7
13130,11.327698,14.143541,5
13131,10.476986,15.142302,5
13132,7.592019,12.837745,1
13133,4.380142,6.217655,6
13134,11.314654,12.444889,5
13135,-2.8547065,5.2186294,0
13136,6.175758,12.207158,3
13137,10.487226,12.81046,5
13138,7.1852684,11.128971,6
13139,6.9857707,12.691196,1
13140,-6.416544,6.5469065,2
13141,4.3194685,6.1157494,6
13143,4.5559244,7.340069,6
13144,6.6152115,6.1859727,1
13145,13.60348,11.058936,3
13146,-5.2940416,4.4104586,0
13147,10.326306,13.446836,5
13149,-3.238274,7.288546,2
13150,8.393018,13.578016,4
13151,-3.7072892,4.641452,0
13152,-6.2775073,3.9953735,0
13153,9.855048,3.3824737,7
13154,7.6780148,12.199832,1
13156,14.140533,11.506271,3
13157,-4.1969585,6.90341,2
13158,5.63481,12.377942,3
13159,7.7992787,13.619601,4
13161,-3.377699,7.090326,2
13162,10.454036,14.969762,5
13163,7.4285197,13.311361,4
13165,14.017983,10.815622,1
13166,8.807349,10.835097,6
13167,10.293402,0.4765481,7
13168,8.588818,13.121604,5
13169,7.825011,6.6059027,3
13172,-4.709499,3.622419,0
13173,7.4681177,11.667127,6
13174,-6.049625,3.9727173,0
13175,6.330128,11.184131,1
13176,-5.010345,7.4454403,2
13177,10.748664,-0.39343247,7
13178,-4.068545,3.8970177,0
13180,6.9684668,13.389712,1
13181,4.908306,9.943968,1
13183,7.7616773,11.810551,6
13184,14.291199,9.914093,1
13185,-5.9645443,6.602197,2
13186,6.49016,13.210199,4
13187,-6.0419326,4.835157,0
13188,4.4778833,9.571007,1
13189,14.545542,11.024624,3
13190,4.8509474,9.136178,6
13191,12.492297,10.609899,1
13192,7.6375394,11.298341,6
13194,7.2242074,10.638262,4
13196,11.400778,13.4218235,5
13197,5.6986346,10.101128,6
13198,8.597704,-0.26485237,5
13201,4.00969,10.6052,3
13202,-4.1551948,3.7695887,0
13203,5.7281656,12.638607,3
13204,-5.5026097,6.63021,2
13205,14.907411,11.039618,3
13208,10.144015,13.040538,5
13209,-3.845634,7.4964023,2
13210,4.192351,10.66656,3
13211,9.467437,3.5933528,7
13212,10.293047,14.093411,5
13213,3.8039327,9.916703,1
13214,-6.6459966,6.338156,2
13215,8.162731,-0.98368955,7
13217,-5.803698,3.8137946,0
13219,3.4104252,6.7897973,6
13220,-4.4357324,4.2323637,0
13222,13.848026,10.614728,1
13225,-4.839048,5.282208,0
13226,3.2105346,7.211384,4
13227,8.774389,13.502939,5
13229,14.531568,10.359142,1
13230,5.001743,9.44189,1
13231,14.812898,11.220297,3
13232,-2.7271824,5.0872064,0
13233,9.583209,13.085185,5
13234,-5.71153,3.3509552,0
13235,-6.4044933,3.7694638,0
13236,11.347152,13.775063,5
13239,9.506791,12.269329,1
13240,14.523583,10.422148,1
13241,-6.1178765,5.71073,2
13242,11.380086,13.358345,5
13244,4.646419,9.056045,6
13245,-5.9542017,4.220766,0
13246,-3.5508387,7.372457,2
13247,8.349282,11.094134,5
13248,8.137012,13.606658,4
13249,3.7088063,6.834079,6
13250,15.0346575,10.870895,3
13252,11.314861,13.178106,5
13254,8.086441,13.575997,4
13255,9.3751335,3.3917565,7
13256,7.1061463,13.592813,4
13257,-6.1475735,4.6236053,0
13258,6.29813,12.258762,4
13259,-5.2469764,3.8867114,0
13260,4.6083922,7.256666,1
13262,7.7189045,12.771171,6
13263,-5.988173,6.2034082,2
13264,-2.9532137,4.7846656,0
13265,-3.7037978,6.7033205,2
13266,14.052024,11.10351,3
13268,-6.619462,6.1773386,2
13269,-5.548566,6.0578685,2
13270,5.0574965,6.9705086,6
13271,6.3039494,12.94111,3
13272,6.3583074,13.305646,3
13273,-5.69775,3.5140705,0
13274,11.520763,10.899576,1
13276,-6.1248646,6.359349,2
13277,10.708981,10.657305,3
13279,9.833917,2.8977394,7
13280,9.761352,12.661206,6
13283,-5.6000648,3.522305,0
13284,8.0827055,11.059491,4
13285,14.929333,10.94142,3
13286,10.642724,15.09002,5
13287,11.232968,8.988899,4
13288,3.3720436,6.37684,6
13289,4.0878177,10.767554,3
13290,7.938109,6.336879,3
13292,-3.5216305,4.348565,0
13293,6.686177,12.553116,3
13294,7.937452,14.0394335,1
13295,5.74154,11.735107,3
13296,8.057984,-0.34505036,7
13297,13.518041,11.155628,3
13298,8.133871,12.716577,6
13299,3.9989305,7.156603,6
13300,8.811862,10.881237,6
13301,9.3187275,11.820824,6
13302,10.10223,14.2958,5
13303,11.570417,10.699337,1
13304,5.6444836,12.7396,3
13305,10.911917,14.248768,5
13307,8.600633,13.260705,6
13308,7.523269,13.585589,4
13309,-5.0284038,4.0646577,0
13310,7.0509663,11.554565,4
13313,-6.250171,3.6958778,0
13314,-6.397251,4.3510246,0
13315,13.590978,9.631622,6
13316,-2.9366028,5.6891537,0
13318,-4.013828,3.9432354,0
13320,-2.8884223,6.9519696,2
13321,3.9799979,10.652997,3
13323,4.682813,6.2913303,6
13324,10.942433,15.007094,5
13325,8.069036,13.3020525,1
13326,4.1760616,5.9531317,6
13327,-5.1072426,3.652679,0
13328,6.784176,10.151739,4
13329,8.19802,11.3807745,5
13330,-3.9685502,4.2578006,0
13332,-6.068539,5.660579,2
13333,-5.6784697,3.7895226,0
13334,7.8218927,13.5582485,6
13336,5.862455,12.446977,3
13337,-4.175951,4.038275,0
13338,-5.8137035,3.795497,0
13341,9.99888,0.36567688,7
13342,11.613912,11.022618,3
13343,6.8191257,13.554771,4
13344,-6.567717,4.0000734,0
13346,10.052939,0.84860194,1
13347,6.775454,13.047844,1
13348,6.5971766,12.930307,3
13349,8.631731,10.585378,1
13350,12.231608,10.809797,4
13352,4.686842,6.7554183,6
13353,11.344246,11.1980295,1
13354,10.807662,13.507124,5
13357,-3.0050244,5.4102807,0
13358,4.0318494,10.074348,3
13360,-4.0689425,4.817332,0
13361,4.74541,9.538962,6
13362,9.999943,14.655153,5
13364,8.275481,-1.1030463,7
13366,-5.1541815,6.9392595,2
13367,-6.149924,3.8745997,0
13368,10.91012,8.543413,6
13369,-5.6079087,6.464816,2
13370,11.301167,0.39635953,7
13371,7.817587,-0.4903348,7
13372,3.69202,9.818345,1
13373,-4.390879,4.234633,0
13374,-3.4217193,5.0149083,0
13375,8.508102,12.956149,6
13377,8.164077,-0.959178,7
13378,13.129353,10.134063,6
13379,-4.957391,7.124665,2
13380,6.8096128,10.420423,1
13381,11.320831,0.7197624,7
13384,5.6877007,11.610418,3
13385,4.029757,9.793813,1
13386,-2.8671572,4.9152274,0
13387,-4.209484,6.9151497,2
13388,-5.462689,6.224586,2
13389,11.411115,14.565137,5
13390,14.395477,9.860243,1
13391,4.5884156,6.3848233,4
13392,7.4517055,6.5729346,3
13393,7.3714848,13.238673,1
13394,13.476578,10.844994,1
13395,13.398218,10.778324,1
13396,14.146647,10.110547,1
13397,3.9533317,6.1414614,1
13398,6.508784,10.223819,1
13399,11.060877,0.87254363,7
13401,10.928441,0.18573537,7
13403,8.933264,12.436054,6
13404,-6.2924824,6.181725,2
13405,6.088997,9.976288,3
13406,5.161062,6.5963087,6
13408,-6.1846933,3.5293534,0
13410,4.8507767,9.688582,1
13412,-3.3558598,5.116214,0
13413,5.9786243,12.68097,3
13414,-6.2950463,4.208945,0
13415,-4.220744,6.9612875,2
13416,10.937176,13.209348,5
13417,6.36704,9.814944,1
13418,7.03999,11.238258,6
13420,5.713656,12.18021,3
13421,14.868555,11.065973,3
13422,9.580838,11.819041,6
13424,-3.1802046,7.260118,2
13425,-6.496545,6.3579426,2
13426,4.887469,7.7665496,6
13427,3.9548385,6.9553943,6
13428,7.7703967,12.8489685,1
13429,8.175488,12.002412,1
13430,3.4021358,9.029017,1
13431,10.285557,13.82521,5
13433,9.699357,3.50729,7
13434,-3.8069685,4.972938,0
13436,-6.2762346,6.067291,2
13437,7.561649,13.348235,4
13438,-3.5244477,7.377781,2
13439,14.988286,10.853144,3
13440,7.310926,13.077174,4
13441,-3.475608,7.4128585,2
13442,7.272763,11.222457,4
13443,5.834584,12.095907,3
13444,14.123455,9.728699,1
13445,10.650527,0.4879277,7
13446,13.719134,10.167788,1
13447,7.6369047,12.537777,1
13448,-4.0690327,6.6294236,2
13449,7.8223376,11.341863,4
13450,8.087633,-0.6355806,7
13451,4.3537917,9.998548,3
13453,14.667056,11.100951,3
13455,-3.2700212,6.36683,2
13456,11.168847,11.356955,1
13457,-5.9474363,6.571908,2
13458,-2.853602,6.870403,2
13461,-3.5471494,7.4722056,2
13462,5.771568,11.437902,3
13463,8.4765835,12.969327,4
13464,-4.8006144,5.3297696,0
13465,4.76046,6.6846514,6
13467,-6.5589175,6.596877,2
13468,7.2123804,11.3154,1
13469,7.240329,11.669413,1
13470,7.444045,11.944074,2
13471,6.981496,6.26295,1
13472,8.330966,13.371447,4
13473,6.1633224,9.590548,1
13474,-5.551429,3.395415,0
13476,10.886032,13.434793,5
13477,7.472152,10.960511,1
13479,13.441673,10.900938,1
13480,5.7409296,12.186608,3
13481,3.7554643,6.5929236,6
13482,3.1538734,6.5494065,6
13483,6.1259217,12.789205,3
13484,11.117805,8.70654,6
13485,14.272779,10.135874,1
13486,11.267108,8.806779,4
13487,7.9469757,12.812767,4
13488,10.254821,0.5053866,7
13489,9.492754,11.603885,6
13490,10.399737,1.0742693,7
13493,4.386801,6.378856,6
13495,4.4484935,6.4184422,6
13496,-3.20401,6.492625,2
13497,-6.5154204,6.473653,2
13498,-3.576737,4.697963,0
13499,14.368296,10.070117,1
13500,-6.1501813,3.282331,0
13501,5.940056,10.188351,3
13502,4.3682995,10.382822,3
13503,8.361418,13.223962,6
13505,5.0020623,9.934313,6
13506,7.7963,12.394323,1
13509,-6.0085087,3.4395044,0
13510,6.316587,11.923906,3
13513,7.941227,-0.6429577,7
13514,3.9192014,9.494637,1
13515,14.871963,10.77871,3
13516,-5.2949667,4.2268777,0
13518,7.1748695,12.191562,1
13519,11.002519,10.773162,3
13521,8.985211,12.406807,4
13522,4.970363,9.647434,1
13523,6.753781,13.783865,4
13524,-3.8302617,6.350651,2
13525,10.584351,-0.31707135,7
13526,9.987561,12.956935,5
13527,7.108168,13.564784,4
13528,4.335542,7.0298276,6
13529,7.6765475,12.442816,6
13530,-3.0351171,6.744246,2
13531,-3.0640202,7.124854,2
13533,9.56194,11.817091,6
13534,6.581552,12.700058,4
13535,7.9004245,12.003574,6
13536,11.381303,14.02014,5
13537,-5.124371,4.4597683,0
13538,8.207113,11.532552,4
13539,6.1418133,13.404283,3
13540,-5.632417,4.485954,0
13544,8.291915,-0.90652674,7
13545,10.48739,14.610952,5
13547,11.412399,14.293185,5
13548,-6.393425,4.5037193,0
13549,8.52196,13.272541,5
13550,7.482423,13.979415,1
13552,4.292811,9.154113,1
13553,3.6555266,9.0026,4
13554,-5.6587367,6.971353,2
13556,-5.9701138,5.651819,2
13557,10.330921,14.4713955,5
13558,4.414081,6.4263287,6
13559,-2.796844,4.810346,0
13560,-4.453256,3.9175239,0
13561,7.6942887,11.476142,1
13562,11.012193,14.581528,5
13563,11.839044,9.689539,5
13564,3.3610244,6.688146,6
13565,6.19394,9.824824,4
13568,14.130115,10.656872,1
13569,14.383586,10.42206,1
13570,6.0455794,10.659477,3
13571,-5.566527,7.150126,2
13573,8.99794,11.791634,4
13574,7.9267125,12.991748,4
13575,13.736607,10.879839,1
13576,14.331889,9.988027,1
13579,4.343689,6.0059123,6
13580,5.259223,7.379518,6
13582,-6.24504,6.0650787,2
13583,3.7735157,10.2900715,3
13584,-3.9519224,4.8313656,0
13585,4.025521,9.518871,4
13586,-6.5083256,6.4560137,2
13587,13.689906,10.223769,1
13588,7.8036284,13.675264,4
13590,5.299784,10.439385,3
13592,11.282696,14.765194,5
13593,-4.956647,3.8706148,0
13594,10.443128,12.8816805,5
13596,5.6219215,10.333372,3
13599,-6.454633,6.4808517,2
13600,-4.8457313,3.1582453,0
13601,6.1331577,6.989192,1
13602,6.2199945,9.813789,1
13603,10.499776,8.356758,6
13605,3.6744316,8.959936,6
13606,10.557352,10.926633,6
13607,-3.7578268,7.416443,2
13609,6.7632627,6.0171294,1
13610,6.1906767,13.194075,3
13611,14.102696,11.151901,3
13612,10.515576,12.615044,5
13614,-5.227754,3.7762325,0
13615,6.1765575,13.14422,3
13618,6.3738813,11.609689,3
13620,5.577262,7.361592,6
13621,14.3315325,11.549189,3
13623,-5.5531816,3.3038983,0
13625,12.120597,10.839091,3
13626,6.547213,13.73353,3
13627,11.236151,14.830014,5
13628,7.7203164,6.3286467,3
13629,3.5594335,9.915323,1
13630,-5.374131,4.669566,0
13631,11.375283,8.857238,6
13632,5.062149,9.2180195,1
13633,7.6130857,13.167677,4
13634,6.5700803,11.853499,1
13635,-4.865873,5.4153643,0
13636,10.98813,11.635533,4
13638,14.428549,9.986638,1
13640,6.0010056,10.127006,3
13641,5.126617,7.9499893,6
13642,14.071998,10.745817,1
13643,8.871139,10.902693,5
13644,11.2678795,11.612256,5
13645,7.6544576,6.548461,3
13647,-3.7994738,5.1424594,0
13648,6.847476,11.024369,4
13649,8.841597,12.874619,4
13650,5.9675474,10.131321,4
13651,7.0804753,12.20844,4
13652,9.128123,12.066893,4
13654,13.786299,11.03918,1
13655,11.3245735,14.067644,5
13656,-3.7295713,5.2404103,0
13658,4.0089335,6.554641,6
13659,5.960069,9.609951,6
13660,10.223321,11.512886,4
13661,10.31783,0.48515823,7
13662,8.21367,-0.34124178,7
13663,8.900804,10.950122,6
13664,-4.6073723,7.157679,2
13665,10.829164,0.3793442,7
13666,6.4823775,11.882957,1
13668,9.469587,3.5125504,7
13669,-5.317559,6.5589147,2
13671,7.528389,12.004241,4
13672,-2.7710204,5.534964,0
13674,-4.699154,7.440169,2
13675,7.924907,-0.6289122,7
13676,8.603791,11.784543,6
13677,3.7925906,8.751937,5
13679,-5.9668126,4.833783,0
13680,13.156273,10.356342,6
13681,4.073146,6.2185254,6
13682,-6.411948,3.8773305,0
13683,7.7484426,11.370567,6
13686,10.084928,12.7991295,5
13687,11.000493,0.023769606,7
13689,-6.3781934,3.6720834,0
13690,7.351952,12.630143,6
13691,4.0894866,6.242573,6
13692,-5.002061,7.373308,2
13693,3.5537934,7.1823606,6
13694,-3.4005275,6.623414,2
13695,-6.6504993,6.285217,2
13696,14.696661,10.956845,3
13697,7.0194774,13.518835,1
13698,4.3997083,10.219793,3
13699,-5.9044676,4.3441873,0
13700,3.5948703,9.841751,1
13703,-5.791794,4.1941686,0
13704,-5.582691,3.8836396,0
13705,3.9291856,9.224588,4
13706,4.7033215,7.060835,6
13708,4.4453425,10.3594,3
13709,9.048719,11.905742,6
13710,4.6968007,6.8693748,6
13711,5.8644304,12.532459,3
13713,13.691996,10.222923,1
13714,10.994053,8.584082,6
13715,5.183241,6.588914,6
13716,4.757405,6.474037,6
13717,6.181072,13.118388,3
13720,4.6247573,10.129863,1
13721,10.016064,3.168427,7
13723,8.034098,11.454024,6
13724,3.6948326,7.281158,6
13725,-3.322241,7.2542562,2
13726,-5.7518206,7.0500007,2
13727,11.557213,11.378768,6
13729,6.3357215,12.864674,3
13730,3.492317,7.540715,4
13731,10.703632,-0.06010906,7
13732,-5.8807263,6.9172034,2
13733,7.8613863,-0.28908572,7
13734,7.845444,6.5114903,3
13735,3.3790276,6.7692447,6
13736,9.5573,3.3359401,7
13737,-5.361667,3.9656403,0
13738,-5.539978,7.085948,2
13739,7.613573,12.569409,4
13740,-6.464587,6.463088,2
13741,14.548991,11.481248,3
13742,7.1033006,12.403685,1
13743,9.942176,13.995045,5
13744,4.9830766,6.419118,6
13745,9.46192,12.990041,5
13746,11.11237,0.82776743,7
13747,13.7134695,9.539584,6
13750,5.0596485,10.168191,3
13752,-4.167074,4.376554,0
13753,6.7824707,12.558873,4
13754,-3.498072,6.8075676,2
13755,9.108678,11.179784,6
13756,8.0541315,13.493784,4
13758,-5.9073253,4.646338,0
13759,8.093549,13.263269,6
13760,6.7956347,13.744186,4
13761,-5.128391,4.522591,0
13762,4.5006633,6.282592,6
13763,6.7503405,12.968293,1
13764,-3.524156,4.9555125,0
13765,-6.626649,6.1722703,2
13767,3.42928,9.211681,4
13768,7.5003853,13.895747,4
13771,-6.2550983,5.7910585,2
13772,6.282023,13.024383,1
13773,-6.5745683,6.369669,2
13774,3.9036896,9.154778,4
13775,7.080317,13.147212,1
13777,-5.1537275,4.507448,0
13778,10.464287,14.060143,5
13779,14.386186,11.226073,3
13780,3.3564134,6.95205,6
13782,-6.47889,4.0441384,0
13783,-5.5765047,5.048293,0
13784,14.179389,9.769965,1
13785,6.494481,13.4872055,3
13789,4.0547576,6.2682,6
13790,6.0679016,11.513934,3
13792,-3.7739332,5.4355345,0
13793,-5.960051,6.498428,2
13794,6.1640983,12.898263,3
13796,-5.636045,3.3023255,0
13798,6.8816924,13.263696,1
13799,3.3204198,6.541482,1
13800,8.261324,-0.9961305,7
13801,8.1641445,13.624116,4
13802,-5.9976,4.6153836,0
13803,-5.3826165,4.6408343,0
13804,5.659521,12.393666,3
13805,4.7838225,7.2156644,6
13806,10.890982,10.968227,3
13807,10.835933,12.472084,5
13809,-3.3616982,4.728006,0
13810,11.138533,0.90820694,7
13811,9.692077,11.971618,6
13812,3.3972511,7.9477286,7
13813,7.419307,13.0478,4
13814,4.061653,10.666571,3
13815,-3.4196255,6.4209113,2
13816,6.389786,9.600666,4
13817,3.66496,7.3196254,6
13820,13.85609,9.51788,6
13821,4.9364357,8.633943,4
13822,4.4296722,10.285704,3
13823,-6.263125,3.4222074,0
13825,3.7274373,6.6423607,6
13826,14.254716,10.966999,3
13827,6.9360332,11.701227,1
13828,3.582595,7.5400243,6
13830,9.862738,3.272198,7
13831,3.4581776,6.861282,6
13832,8.828468,13.157374,6
13833,-3.7171447,5.1872854,0
13834,4.099496,5.985848,6
13837,8.937206,12.0375595,6
13839,-4.0911026,3.9206035,0
13840,11.08669,0.8946976,7
13841,-6.0646386,6.9544153,2
13842,8.39898,13.026755,4
13843,-5.538925,3.6759856,0
13844,-3.081849,4.7848706,0
13845,10.967292,14.845544,5
13846,7.1011176,11.964155,6
13847,6.7790165,10.480054,1
13848,4.3220296,7.2589436,6
13849,9.719288,13.337486,5
13850,4.832055,10.402324,3
13851,-3.2867234,6.6369786,2
13852,-5.25087,3.6721227,0
13853,10.669913,-0.13488989,7
13854,10.086703,13.827675,5
13855,4.621013,6.3315864,6
13856,13.725929,10.400712,1
13857,8.031366,12.787083,4
13858,-5.05395,3.5279248,0
13859,8.902129,11.547477,6
13860,5.4624557,8.242298,6
13861,6.4313555,13.479684,3
13862,-3.0141747,6.40521,0
13863,-4.664159,3.9184344,0
13865,14.403768,11.472223,3
13867,7.1351275,13.172551,4
13868,7.595269,12.077227,6
13869,7.9547815,6.29743,3
13870,10.247268,14.924138,5
13871,-6.2039,4.8732524,2
13872,-3.8116415,6.2356157,2
13873,-4.226378,3.789572,0
13874,5.8432937,10.159855,1
13875,9.999112,3.1011922,7
13876,11.174187,0.64704454,7
13877,10.091322,1.0741498,5
13878,6.1811523,11.328009,3
13880,10.901422,11.861455,6
13882,10.0774765,13.427631,4
13883,14.232154,9.936639,1
13884,5.3981304,6.825155,6
13885,6.997353,6.078439,1
13886,-4.185709,6.5962105,2
13887,5.8797517,11.066561,3
13889,-5.427416,6.527766,2
13890,13.49105,10.3170185,1
13891,9.385997,3.4878283,7
13894,-4.566434,3.7216177,0
13895,10.137365,0.08626667,7
13896,5.1742845,7.4274173,6
13897,3.7373002,7.452369,6
13898,4.709516,9.512496,1
13899,6.729959,11.545532,3
13900,5.259636,7.4036674,6
13901,13.499515,9.630886,6
13902,5.398463,6.737023,6
13903,6.8366604,13.388745,1
13904,11.190624,14.243963,5
13905,9.3086195,3.0589213,6
13906,5.481637,6.6808143,6
13908,12.743231,11.2258415,4
13909,7.1672797,11.685112,6
13910,-3.9861429,6.8924427,2
13911,6.4334164,13.419084,3
13912,3.8914492,9.321634,6
13913,4.6821594,10.422444,3
13915,-3.1826098,5.408106,0
13916,-5.771763,3.436622,0
13917,4.5865054,10.015284,1
13919,7.915168,12.85045,6
13920,-5.437683,4.5414515,0
13921,4.562462,6.7361274,6
13923,-5.01242,6.103351,2
13924,7.273069,13.269277,4
13925,-6.232489,3.6829386,0
13926,-6.488863,4.401063,0
13927,9.337283,3.5625784,7
13928,10.542551,-0.4179362,7
13930,11.061925,14.901802,5
13931,9.065272,11.970589,6
13932,-5.993397,4.0888963,0
13934,9.500247,11.540543,6
13935,-3.0456395,7.1161118,2
13936,6.994947,11.539559,1
13937,-3.1657214,6.9035063,2
13938,6.9198484,11.268522,4
13939,-6.1693254,3.8174894,0
13941,-5.657094,3.9826448,0
13942,4.6272616,7.340639,6
13943,14.745196,11.20078,3
13944,-4.334619,6.1704516,2
13945,3.9319947,10.726661,3
13946,10.31924,15.087384,5
13947,6.713724,12.30383,3
13949,-5.336162,4.0280538,0
13951,8.316154,11.689528,4
13952,13.6135845,10.292021,1
13953,7.8610754,-0.37177464,7
13954,10.63025,-0.13421382,7
13955,7.5523896,6.1644087,1
13956,8.031455,13.134335,6
13957,8.332855,-1.06084,7
13958,14.3075695,11.50328,3
13959,4.7237105,6.9856796,6
13960,3.4276695,6.388823,6
13961,10.347579,14.6114645,5
13962,-3.159138,4.8319387,0
13963,14.164856,9.754671,1
13964,-5.057901,7.258665,2
13965,5.6164107,6.98801,6
13966,5.2395763,6.7437167,6
13967,-5.828685,4.192466,0
13968,3.8532975,6.842282,6
13969,7.349655,11.458853,1
13970,9.989972,14.409092,5
13971,3.2991889,7.051515,1
13972,4.914844,6.5667963,6
13973,-6.5356307,6.3887544,2
13974,7.6003537,-0.8223188,7
13975,13.770752,10.666818,1
13976,8.538387,13.090706,4
13977,14.920962,10.982654,3
13978,5.731822,12.312859,3
13979,4.0172276,9.014626,4
13980,5.431851,9.464684,4
13981,13.789222,10.041333,5
13982,3.950324,8.92589,6
13983,11.353311,13.002337,1
13985,-5.473624,6.3765154,2
13987,-5.342085,4.802358,0
13989,6.971733,13.761434,3
13990,10.545882,14.805836,5
13991,-5.7484665,6.8119254,2
13992,-3.5641973,7.154066,2
13994,3.5315516,10.141432,4
13995,4.335116,10.297234,3
13996,10.613481,14.397324,5
13998,5.2230463,6.958569,6
13999,8.303977,-1.0765702,7
14001,13.224,10.091343,6
14002,8.359319,12.548306,6
14003,11.125198,11.493865,4
14004,10.816398,13.64451,5
14005,13.44848,9.958809,6
14006,11.36793,11.455522,4
14007,7.970144,10.6941,5
14008,10.981693,14.234292,5
14009,11.52147,10.789606,4
14010,7.9005766,-0.3335902,7
14011,-2.983199,7.187094,2
14012,4.296448,7.2906775,6
14013,-5.784648,5.896088,2
14015,10.656758,14.41772,5
14016,3.4518087,8.881316,6
14017,-2.8514879,4.869692,0
14018,12.282789,10.752181,4
14019,8.22255,12.913595,7
14020,4.5656185,7.270655,6
14021,10.153656,-0.12114254,5
14022,4.2404885,10.124315,3
14024,3.7753782,9.786051,4
14025,6.0965333,10.188335,1
14026,7.5577416,11.354423,5
14027,6.7044196,6.129114,6
14028,11.127598,13.957057,7
14029,8.672709,13.323109,5
14030,5.8292017,12.267193,3
14031,-3.5989275,6.3265467,2
14033,6.118539,9.373355,6
14034,5.9454613,10.328263,3
14035,7.080583,11.3985,1
14037,7.223124,11.306332,1
14038,7.5386024,11.289703,6
14041,-5.5939884,4.9592123,0
14042,13.608954,9.569528,6
14043,5.7312646,12.846981,3
14044,10.08609,14.881542,5
14046,-4.6690764,4.396347,0
14047,3.719871,6.604128,6
14048,6.4659495,13.687072,3
14049,4.4867654,6.806214,6
14050,-5.316085,4.257614,0
14051,-3.0878506,7.1697016,2
14052,4.4407496,9.523388,1
14055,10.938362,11.802677,4
14056,3.2489634,6.9136863,6
14057,-6.2614403,4.3748684,0
14058,8.256213,-0.16846263,6
14059,14.9998,10.991745,3
14060,10.692197,13.198035,5
14061,8.436025,13.148481,6
14063,3.9340634,10.704714,3
14064,3.630005,8.930169,6
14065,10.939516,13.599669,5
14066,13.246842,10.211095,6
14067,4.902521,8.9741125,6
14068,10.755768,8.4567995,6
14069,-4.3249598,4.5510807,0
14070,9.743437,12.680785,5
14071,5.4651566,7.84026,6
14072,7.6675134,13.300481,1
14073,8.030188,13.562031,4
14077,7.968451,12.941979,6
14079,11.656209,9.393435,1
14080,11.597714,11.263349,6
14081,3.574983,10.495818,3
14083,4.875123,10.748445,3
14084,-6.1723466,4.42049,0
14085,3.9873407,10.7375965,3
14087,6.5415635,13.285616,3
14088,4.255334,7.1071935,6
14089,8.244767,13.077637,4
14092,11.227573,14.073845,5
14093,-2.942686,6.5565195,2
14095,-3.6233935,6.4119864,2
14096,14.8598,11.2123165,3
14097,-5.9343243,3.4394648,0
14098,8.508065,13.05821,5
14099,13.638467,10.254925,6
14100,8.363353,12.738789,6
14101,4.550943,7.1231127,6
14102,9.354538,12.145161,6
14103,5.6265116,10.987481,3
14104,-5.664431,7.122191,2
14105,5.4143353,7.186696,6
14106,-6.2501373,6.5929384,2
14107,3.6624913,8.539237,6
14109,7.9381595,-0.41890007,7
14110,11.139579,13.287667,5
14111,7.575124,11.988591,1
14112,9.645234,12.297686,6
14113,10.048821,14.860176,5
14115,3.7023804,9.650863,6
14116,-4.0512276,6.8455434,2
14117,10.74934,11.050787,1
14119,8.105066,11.63039,4
14121,8.335291,-1.0197163,7
14123,-3.9650848,7.010234,2
14124,13.967182,10.428644,1
14125,4.5575294,10.566224,3
14126,13.81907,10.507022,1
14127,4.4527535,6.2245626,6
14128,4.752037,9.213229,1
14130,4.196121,9.83369,1
14131,14.319047,10.463558,1
14133,4.516482,9.236021,1
14134,3.9868414,10.3107815,3
14136,-5.8703785,5.25764,2
14137,10.100275,0.95877117,6
14138,7.3555627,12.106114,4
14139,7.869534,-0.3998281,7
14140,-3.841907,6.2255263,2
14141,10.44102,15.199502,5
14142,14.522822,11.332314,3
14143,7.6659636,10.791594,6
14144,6.752668,10.875388,1
14145,7.3274493,12.0983,1
14146,10.737414,-0.119458236,7
14147,6.361443,11.95353,3
14148,9.006856,11.152695,1
14149,-3.917387,6.5092115,2
14151,-5.6915665,6.427856,2
14152,7.2167177,10.265387,4
14153,-3.4744878,7.2186522,2
14154,4.3575516,7.385282,6
14155,8.657298,10.398715,5
14156,-3.5362823,7.1563096,2
14157,14.141139,9.820168,1
14158,10.846827,0.79982084,7
14159,7.4651685,6.0979767,1
14160,12.598828,10.533205,4
14163,10.449188,0.93513083,6
14164,10.932358,0.026072936,7
14165,11.173654,8.792754,4
14167,-4.0725584,3.7773662,3
14168,11.545464,11.300091,4
14170,-4.5157204,7.4203296,2
14171,-3.048298,5.3868666,0
14174,6.2994003,11.354184,3
14175,8.261641,-1.0695502,7
14176,11.71594,9.842344,3
14177,-3.4956958,4.4163404,0
14179,9.447675,3.6489823,7
14181,5.5437455,11.749875,3
14182,9.262751,11.675627,6
14184,-3.4401956,6.612367,2
14185,6.9813337,10.394246,4
14186,10.065806,0.72488576,7
14189,6.713311,13.792331,4
14190,14.581181,10.908946,3
14191,7.696078,6.4785924,3
14192,4.182581,9.047711,6
14193,5.570441,11.116407,3
14194,6.1822762,9.8545265,1
14195,7.5313463,5.9743037,1
14197,7.6921754,12.354175,1
14198,5.826643,12.203998,3
14199,-4.6844125,4.438234,0
14201,11.062305,0.17117238,7
14202,-4.0160556,6.838244,2
14203,11.741588,10.558673,6
14204,11.134182,0.626633,7
14205,7.1253996,11.896099,1
14206,9.492751,13.434107,6
14208,7.7505383,11.188843,6
14209,6.3102274,11.411019,4
14210,7.955501,11.949899,6
14211,10.890839,14.285097,5
14212,10.83002,13.115526,5
14213,-2.8243532,5.37836,0
14215,7.4129696,13.575132,4
14217,9.838628,2.9367945,7
14218,13.760411,9.481199,6
14219,11.241008,0.77456343,7
14220,6.6654825,10.330186,4
14223,7.7403903,13.723911,1
14224,-6.6246924,6.4495163,2
14225,10.709412,0.3337074,7
14226,6.175311,6.7322536,6
14227,5.930039,8.730431,6
14229,3.9904768,7.496675,6
14231,3.967754,10.516244,1
14234,8.287515,-1.0810531,7
14235,8.953087,12.948827,6
14236,-5.763484,5.56307,2
14239,7.2751436,6.2918386,1
14240,10.897775,0.6859376,7
14241,10.788864,14.717675,5
14242,9.101354,12.39465,6
14244,11.254786,9.336758,5
14246,-5.1337585,4.5949807,0
14247,-6.0852084,3.9613707,0
14248,13.334019,9.876527,6
14249,10.673666,14.413645,5
14250,10.358451,14.848653,5
14252,7.5511203,13.115846,6
14253,13.761109,9.615409,6
14255,4.3441496,5.982939,6
14256,5.0551243,8.93875,6
14257,-5.89499,6.821197,2
14259,-5.514835,7.135536,2
14260,-6.412957,4.146784,0
14261,7.1991444,13.153477,1
14262,3.8259127,7.3256984,6
14263,9.154732,12.242684,6
14264,5.816534,10.089538,6
14265,-5.9746547,5.8145294,2
14267,-5.426406,6.29487,2
14268,9.074014,3.6825337,6
14269,4.784075,10.570797,3
14270,8.249258,-1.0848976,7
14271,-4.518845,3.7310712,0
14272,-5.495917,4.7010694,0
14275,6.1047497,11.515326,3
14276,6.8105946,13.476214,3
14277,10.663215,-0.48792982,7
14278,4.65309,8.942278,1
14279,7.692561,12.763961,4
14281,9.706207,2.9552622,7
14285,10.641269,14.195949,5
14286,4.895757,6.9763093,1
14287,-5.412424,4.709804,0
14289,-5.0816765,7.0846753,2
14290,11.293607,0.7250008,7
14291,7.831266,11.785544,4
14292,11.097654,10.62911,3
14293,7.900382,13.572962,4
14294,7.017972,11.332691,6
14296,3.2495651,6.347167,6
14297,10.495864,14.0120535,5
14298,-3.7754147,6.292251,2
14299,5.5907364,6.683618,6
14300,4.290796,6.0802207,6
14301,14.596695,11.009136,3
14302,6.956333,12.537814,1
14303,9.162016,12.21787,6
14304,5.8544745,12.824237,4
14305,-3.5703163,6.3460755,2
14306,8.515988,11.315309,7
14307,-5.72681,3.707218,0
14308,7.206635,12.687819,1
14310,5.024436,8.572953,6
14311,7.4152784,6.260607,1
14312,-4.546628,4.3965654,0
14313,-3.6234586,7.4651523,2
14314,-3.4418354,7.285442,2
14315,10.047137,15.207029,1
14316,10.264106,-0.05904424,7
14317,5.594655,10.643908,3
14318,4.683721,10.506697,3
14319,-3.4467566,4.36757,2
14320,13.98778,10.916915,1
14321,11.42789,14.321246,5
14323,-6.045401,6.7174625,2
14324,10.153751,-0.1597651,7
14325,6.1584187,6.778332,6
14326,6.9754925,11.783346,4
14327,4.0411916,10.5779,3
14329,8.215293,-0.58445364,7
14330,6.508916,12.906596,3
14331,3.6737483,8.982953,4
14332,9.405047,3.560877,7
14334,14.55521,10.602811,1
14336,14.617338,10.380892,1
14338,14.575067,11.479774,3
14340,-5.9624567,6.2840657,2
14341,-4.2029448,3.7891452,0
14342,14.572691,10.395792,3
14343,-5.655014,4.027867,0
14344,-6.3015847,6.1854024,2
14347,10.31058,14.758671,5
14348,-5.8626766,6.640978,2
14349,8.258188,-1.1215771,7
14350,13.5738125,10.783069,1
14351,6.18169,9.402114,6
14352,-3.9244552,6.8071322,2
14353,8.505899,11.514691,6
14354,6.653626,12.676942,4
14355,-3.3595748,5.3074336,0
14356,5.6372595,6.817575,6
14357,4.863228,6.520854,6
14358,8.472595,13.48532,6
14359,11.327978,13.199493,5
14360,6.651104,13.439325,3
14361,4.34846,10.071448,3
14362,10.807927,10.743115,1
14363,10.082961,3.086844,7
14364,-3.3305402,6.840432,2
14366,7.641985,10.582688,4
14367,3.1826816,6.524825,6
14368,5.0918794,7.69709,6
14369,-2.9247162,4.9422135,0
14370,7.282663,6.186044,1
14371,13.7743435,9.602908,6
14373,7.612732,6.2355456,4
14374,5.4413767,10.226426,1
14375,6.2216315,10.21455,3
14376,-5.3587685,3.4220955,0
14377,11.216331,8.827579,4
14378,13.5472,9.614523,1
14379,-6.268962,4.6107435,0
14380,7.9841084,13.55668,4
14381,13.490975,10.420891,1
14382,-6.341774,6.595808,2
14384,10.833309,11.201515,1
14385,9.098371,13.191176,5
14388,9.3059225,3.7329822,7
14389,9.719791,12.640463,6
14390,9.702566,3.4661665,7
14391,11.085674,10.932193,1
14392,-4.016406,6.846725,2
14394,7.542257,13.009511,4
14395,-4.803735,4.1201663,0
14398,9.420244,2.8532212,1
14399,5.5307775,11.87052,3
14400,3.9616983,5.9086604,6
14402,8.356097,-0.8295329,7
14404,-3.863399,6.5612,2
14405,-4.547031,7.092068,2
14406,11.554376,11.091928,3
14407,4.808174,10.420195,3
14408,-6.1403975,3.2635565,2
14409,10.894413,13.408973,5
14410,10.710844,13.435753,5
14411,9.532867,3.3387797,7
14412,-5.5102534,6.57525,2
14413,-2.9304478,6.5344925,2
14414,10.409771,15.052363,4
14415,5.9972444,11.328751,4
14416,8.069569,-0.56158507,7
14417,7.6686697,13.766024,4
14418,10.178654,13.903869,5
14419,7.6252847,13.128082,1
14420,4.162322,6.0617347,6
14421,7.9634166,11.48855,6
14422,8.123175,12.673137,6
14423,9.264548,3.4564815,6
14424,10.92078,13.710574,5
14425,7.1577005,11.902625,6
14426,-3.9159224,4.0682154,0
14427,-5.0569553,2.7130826,2
14428,4.9639697,9.335885,1
14429,13.941567,10.219368,1
14430,-4.613905,5.2529197,0
14431,3.2495012,9.381438,4
14432,4.0344157,8.762362,6
14433,8.24423,-1.0711576,7
14434,4.3239694,6.0804744,6
14435,14.483792,11.510329,3
14436,14.906821,11.1024,3
14437,-4.729853,4.3166313,0
14438,8.525576,12.331887,6
14439,8.104796,11.703247,6
14441,11.62804,11.22578,1
14442,11.086197,0.53067815,7
14444,-5.2944803,4.5675564,0
14445,5.9693046,11.619102,3
14446,6.911874,13.210917,4
14448,-3.725559,5.876895,0
14449,9.573077,3.4547803,7
14450,7.310754,11.669901,4
14451,7.8041124,12.805047,1
14453,11.080222,11.226783,4
14454,6.006521,10.565766,3
14455,6.8209,10.548789,4
14457,14.5175085,11.525018,3
14458,-3.2507806,7.2372,2
14459,6.530273,11.554593,1
14460,7.1160316,11.313954,1
14461,9.533963,12.0715885,6
14463,-4.8613853,3.968641,0
14464,9.95592,3.080154,7
14466,13.664484,10.069578,1
14467,3.347006,9.34139,4
14469,13.399059,9.920857,1
14473,4.6790533,10.456077,4
14474,7.644309,13.654178,4
14475,6.097405,10.181645,3
14476,4.0551634,9.861418,4
14477,6.671498,12.10652,3
14478,7.026683,12.268937,1
14479,7.781837,11.864821,6
14480,10.074885,0.27486145,7
14481,6.5224066,12.7548895,3
14482,8.040762,13.062446,4
14483,3.7294443,7.2097225,6
14484,6.8966775,11.609956,1
14485,9.364514,11.693783,6
14487,11.573283,10.886031,3
14488,6.499434,6.276977,1
14489,-5.971131,3.8550916,0
14490,11.175924,14.8086,5
14491,6.15753,9.903101,3
14492,3.4951684,6.919292,6
14493,7.697358,11.274179,4
14494,9.159577,11.394291,6
14495,14.057853,10.012226,1
14496,3.2451856,9.131077,4
14497,11.155701,0.68555635,7
14498,10.512634,0.98005617,1
14499,4.4256334,9.705737,1
14500,-4.8212414,5.3662777,0
14501,11.556226,10.591709,1
14502,7.5642033,6.5079255,3
14503,8.34509,13.178208,1
14504,11.039385,-0.027923884,7
14506,-6.503081,4.123049,0
14507,6.930888,11.139505,1
14508,13.305297,9.853534,6
14509,4.2159452,5.965551,6
14510,11.41702,0.6884868,7
14511,14.3115,11.524413,3
14512,5.8591943,11.520331,3
14514,10.99913,14.040295,5
14515,6.9923,10.334592,6
14516,7.3157377,5.9721055,1
14518,13.471078,9.684532,6
14519,11.359679,0.6942904,7
14520,10.285396,-0.07058822,7
14521,13.754329,10.399408,1
14522,6.2817125,12.574198,3
14523,10.169874,13.264842,5
14526,-3.8097303,4.231956,0
14527,3.2717276,6.7508144,6
14528,14.094409,11.512044,3
14530,11.325671,0.7109165,7
14531,4.6526937,9.791204,1
14532,-5.1458964,4.5525317,0
14533,13.940655,9.8890705,1
14534,6.5553427,12.986871,3
14537,-3.7323565,7.3242555,2
14539,10.153089,14.957993,5
14541,7.6221795,6.2743726,3
14542,4.3667336,7.488689,6
14543,4.834102,10.556546,3
14545,7.2065454,11.919565,1
14546,-4.898451,7.25003,2
14547,6.001984,12.11296,3
14548,3.4004176,7.072721,6
14549,-6.389118,6.563299,2
14550,14.429845,10.594488,1
14551,13.273273,9.936499,6
14552,3.4986773,9.600629,4
14553,9.888358,2.6810172,3
14554,10.313642,1.0955971,7
14556,9.265557,11.977167,6
14557,10.503623,13.027084,5
14558,-5.997212,5.859165,2
14559,13.5043545,10.526661,1
14560,13.593649,11.011678,1
14561,4.326405,6.5325446,1
14562,4.9994683,7.736045,6
14564,9.50526,3.457663,7
14565,4.99997,9.965484,3
14566,13.749305,9.787498,1
14567,-6.149559,3.6089854,2
14568,-3.6952252,5.1100965,0
14570,3.9899654,6.1229076,6
14571,-5.9895573,5.6553936,2
14572,7.422397,12.354796,4
14573,7.8402643,6.6203713,3
14574,-5.0371404,7.663442,2
14576,-5.4453297,4.8600426,0
14577,7.1959786,11.563871,1
14578,6.9000354,12.026242,1
14579,6.765435,11.913488,3
14580,5.8590827,6.6706176,6
14581,8.601782,13.388443,6
14582,6.1414437,9.144611,6
14583,-5.096013,4.5276594,0
14584,10.84317,10.883408,3
14585,10.943808,14.794326,5
14586,4.488109,9.070654,6
14587,3.963214,9.078243,5
14588,14.0720625,9.766233,1
14589,7.1659207,12.544731,1
14590,9.1300535,13.378818,6
14591,6.981382,10.889871,1
14592,-6.235971,6.4858627,2
14594,5.3773193,10.672452,3
14595,7.819549,13.025069,1
14596,14.217504,10.2799635,1
14597,-4.0783906,3.7319853,0
14600,-5.925244,3.7432165,0
14602,10.960983,13.397925,5
14603,6.246195,12.400297,3
14604,7.4769535,10.398511,5
14605,10.983643,10.762159,6
14607,-3.596056,6.598885,2
14608,10.958868,13.682539,5
14609,3.631469,6.9822874,6
14611,7.4228578,13.654935,4
14612,11.657789,9.48793,1
14613,14.065372,10.098449,1
14614,7.8833103,11.969203,6
14615,7.375911,12.939464,1
14616,-5.7258472,5.0955286,0
14617,-5.789513,5.7902007,2
14618,5.1872635,6.7108216,6
14619,14.464849,10.202721,1
14621,6.398188,12.592043,3
14622,-6.594722,6.405139,2
14623,-5.164885,4.537173,0
14624,14.196317,10.96025,3
14625,7.3198166,6.3496614,4
14626,6.155638,12.8696575,3
14627,10.456944,14.742968,5
14628,7.9801974,12.644729,6
14629,4.7655616,10.101173,1
14630,11.575277,10.908457,3
14631,6.276929,12.141668,3
14632,11.345485,14.002628,5
14633,-3.4572005,5.283696,0
14635,11.076879,14.259515,5
14637,6.614083,13.184387,3
14638,10.944609,0.90112776,7
14640,10.419291,1.0769091,7
14641,9.498934,11.902517,6
14642,10.836774,0.036223,7
14643,5.536269,11.859364,3
14646,-5.756388,4.8653545,0
14647,7.0611763,12.264658,1
14649,4.2517443,6.0938168,6
14650,7.7300982,12.113641,1
14651,-6.133707,6.6050577,2
14652,7.5169845,13.756172,4
14654,11.109567,14.544939,5
14655,-4.6673193,4.4329834,0
14656,5.3065104,10.065971,1
14657,-5.308724,4.4124336,0
14659,9.142996,11.718147,6
14660,8.479419,11.953772,5
14661,10.859806,14.92258,5
14663,6.3879657,13.483257,4
14664,8.171213,11.758293,7
14665,7.181971,13.790068,1
14666,-5.0534487,7.442401,2
14667,6.4200993,12.156268,3
14670,4.248947,6.8668838,6
14671,11.26859,12.997417,5
14673,4.1537724,5.8961687,6
14675,7.76218,11.380142,4
14676,3.725082,7.0349183,6
14677,-3.676945,4.356526,0
14678,11.152237,10.888913,3
14679,4.584235,10.101115,1
14680,7.351842,6.2307544,1
14681,7.246685,13.334885,1
14682,7.4280806,12.979542,4
14684,9.133655,12.698896,4
14685,13.610008,10.320803,1
14686,-5.785738,4.2675014,0
14687,10.540051,-0.20319375,7
14688,10.82123,11.05201,6
14690,7.519454,13.173618,4
14691,3.982153,6.175165,6
14693,9.182785,11.678558,6
14694,3.8155136,10.478616,3
14695,9.787973,3.2842247,7
14696,7.259935,12.485872,6
14697,10.637788,8.376979,6
14698,7.827305,-0.49915966,7
14700,5.1295424,10.424217,1
14701,-3.4202676,6.4992785,2
14704,-5.4428735,7.1930356,2
14705,-3.2496977,7.131227,2
14706,-5.245513,3.621539,0
14707,4.4398966,6.292327,6
14708,4.901645,6.516696,6
14709,11.386261,8.936922,6
14712,8.49709,12.095065,4
14713,-5.662178,6.8462825,2
14714,9.5605545,12.143671,6
14716,6.41221,12.9515085,3
14717,-5.9522743,4.1376824,0
14718,4.7748585,6.3265553,1
14719,10.722526,13.438282,5
14721,7.202121,12.708261,4
14723,13.657927,9.570633,6
14724,3.619212,10.076449,1
14725,13.142329,10.1263075,6
14726,10.824875,11.150778,1
14729,6.539619,11.126833,4
14730,14.24569,9.766248,1
14731,13.666589,10.028339,1
14732,4.1160507,7.116385,6
14733,11.385771,11.39474,4
14734,-4.3240147,3.765936,0
14735,14.052636,11.118377,3
14736,-5.068663,2.7314267,2
14737,5.84498,10.830427,3
14738,7.047897,6.0214515,1
14740,4.97051,10.127203,3
14741,11.41378,11.435555,6
14742,-3.164249,5.1726108,0
14743,3.919818,9.564758,1
14744,4.2209444,6.274714,6
14745,-3.6688247,6.619139,2
14746,4.142874,10.475319,3
14747,11.27682,0.6476725,7
14748,-4.548186,5.1978507,0
14749,4.7273517,10.028278,3
14750,4.751531,6.664783,6
14751,-3.41767,6.8876724,2
14752,11.140348,0.75742775,7
14753,-6.4998612,4.065262,0
14754,11.668128,9.28099,6
14755,7.6853085,13.241735,4
14756,-5.4455495,3.3547504,0
14757,-3.415132,5.508916,2
14758,10.468389,14.987961,5
14759,10.559496,14.9057665,5
14760,10.813209,14.038903,6
14761,5.6363444,12.352806,3
14762,-5.8962955,6.986353,2
14763,8.242814,-0.86861134,7
14765,6.311069,6.535982,6
14766,-3.6271033,5.3153143,0
14767,6.8722386,10.308463,4
14768,10.893275,0.1412737,7
14769,6.53507,6.252597,7
14770,7.9743156,13.393646,4
14771,11.343459,13.399911,5
14772,8.039058,-0.47997573,7
14774,8.349125,13.580707,5
14775,4.4892087,6.0437093,6
14776,5.117377,7.154075,1
14778,-6.210833,6.648478,2
14779,-5.413309,4.8238173,0
14780,10.362726,14.542064,5
14781,-6.1399665,6.389442,2
14782,3.839781,6.571585,6
14783,5.9867005,10.388908,3
14784,11.15262,10.900829,3
14787,7.822331,6.465528,3
14788,10.072352,0.09218546,6
14789,3.5992806,7.459158,6
14791,-5.8102474,3.907389,0
14792,14.417094,11.244533,3
14793,-3.1173408,5.381991,0
14794,4.1336064,9.2917,4
14796,14.458086,10.367997,1
14797,6.549454,11.735487,1
14798,5.946104,12.032824,3
14802,6.142781,12.87441,3
14803,13.976305,9.657827,1
14804,-3.9825568,6.5688753,2
14806,13.639117,10.31278,1
14807,13.67249,9.495621,6
14809,14.431389,10.123587,1
14810,10.729811,11.474329,5
14811,-4.2694817,6.16278,2
14813,6.922815,12.729769,3
14814,6.476148,12.478067,3
14815,-3.1720488,4.915364,0
14816,8.828923,10.87142,2
14818,-5.189267,4.0857034,0
14819,-3.6114912,6.638769,2
14820,8.025501,11.621591,6
14821,3.7131763,9.826752,3
14822,10.64795,0.12742507,7
14823,14.22473,9.81915,1
14824,14.373351,10.22801,1
14825,4.525321,6.494336,6
14826,4.9514933,9.285004,1
14828,11.310532,8.951521,4
14829,5.5598226,6.9052835,6
14830,-5.7819934,3.4462824,0
14831,11.2509775,13.308523,5
14832,4.2175817,6.0288544,6
14833,5.753025,10.213629,3
14834,9.845105,2.9231684,7
14835,-4.1113853,6.8058553,2
14836,10.045337,0.84987974,1
14837,7.927304,12.706197,6
14838,10.937648,8.621814,6
14839,7.6181445,12.652546,4
14840,6.9042454,5.9632244,1
14841,-3.0910816,5.3721304,0
14843,8.435669,12.675911,4
14844,7.2789655,6.252336,1
14846,7.463046,5.9430437,1
14847,10.291397,0.8420104,7
14848,-3.845474,6.3369,2
14849,4.1081104,8.780989,6
14850,-2.8178763,5.187835,0
14851,10.958221,13.742149,5
14853,4.937856,9.437017,1
14854,4.817527,6.4381866,6
14855,9.821335,12.808682,5
14856,3.882578,10.713165,3
14857,7.5329666,12.508864,1
14859,5.984697,12.50709,3
14860,-4.281587,6.9316535,2
14861,5.0681243,6.744357,6
14862,11.386966,0.63518786,7
14864,11.725005,10.67672,5
14865,6.1761246,12.150155,3
14866,3.5078216,6.292179,1
14867,-5.392541,3.74438,0
14868,11.008007,12.66604,5
14869,-5.6377993,4.418221,2
14870,4.551429,6.2061653,6
14872,7.8639092,-0.83465475,7
14874,3.500859,9.504448,4
14875,8.086777,-0.6819031,7
14876,13.66465,10.351907,1
14877,11.621815,13.031143,5
14878,7.036121,6.4849153,1
14879,-6.238685,3.5088732,0
14880,-6.163012,4.0644155,0
14881,-5.4480615,7.0272155,2
14883,4.4641,9.136535,7
14885,8.022186,11.8552265,6
14886,-6.0459146,6.519357,2
14887,11.983008,10.926445,3
14888,-5.8903136,4.721361,0
14889,10.302522,15.11209,5
14890,11.395687,8.96869,6
14891,9.996424,2.922621,7
14892,4.4647694,7.0330606,6
14893,3.7594929,7.2181706,6
14894,5.167341,6.618312,6
14895,7.1021657,12.946814,4
14896,-5.4364634,6.7086625,2
14897,10.798105,11.913739,5
14898,11.452274,0.6451107,7
14899,10.915446,13.786253,5
14900,13.25747,9.894037,6
14902,10.3910265,-0.10164983,7
14903,4.221996,8.820574,6
14904,4.3091784,9.054374,6
14906,4.2722583,6.2655067,6
14907,5.8218236,13.001233,3
14909,4.865741,10.685111,3
14911,-2.7289262,5.085235,0
14912,-3.665317,6.648488,2
14913,8.102265,-0.87322795,7
14915,11.343273,13.95389,7
14916,10.515306,10.930865,6
14917,4.5650897,9.669821,1
14918,9.068721,11.140054,6
14919,3.4422996,6.895007,6
14920,12.265547,9.601445,3
14921,3.9061878,10.664463,3
14922,7.188829,13.407233,4
14923,10.107767,0.4581202,7
14926,11.660129,10.559328,6
14927,-4.818495,4.1106367,0
14928,3.9374907,6.4791474,6
14929,11.180679,13.609209,5
14932,10.478099,13.630092,5
14933,7.7935305,12.411694,4
14937,-4.004183,6.893856,2
14938,10.8849745,0.411643,7
14940,11.105695,11.186126,4
14942,6.045129,12.89474,3
14943,7.8315516,12.788198,6
14944,10.61426,13.6323595,5
14945,4.113048,6.8297253,6
14946,4.9670916,6.617322,6
14947,9.154903,11.924233,6
14948,12.253736,9.550814,3
14949,6.0038233,11.467474,4
14951,-5.334938,6.560356,2
14952,7.6195745,10.545786,4
14953,10.764945,11.816932,5
14955,7.4152827,13.311101,4
14956,7.754668,11.375711,1
14957,9.63594,3.193393,7
14959,10.940037,11.536176,5
14960,4.2678833,9.66931,1
14962,8.364039,12.560384,4
14963,5.262481,6.679775,6
14964,10.197493,-0.18529217,7
14966,10.023081,3.1951833,7
14967,14.711878,11.355924,3
14968,6.502599,11.672265,1
14971,5.951699,10.135613,3
14972,4.4268403,6.2020755,6
14973,-5.187533,3.0563424,2
14974,-6.3269525,6.173301,2
14975,4.1056504,8.8775835,7
14976,5.914536,11.746059,3
14977,13.695503,10.048514,1
14979,3.9201033,9.858997,1
14980,-6.376073,6.351126,2
14981,10.848978,0.051754158,7
14982,-5.891928,3.4206662,0
14983,7.4583473,11.366307,1
14984,10.129157,-0.12035675,6
14985,-5.3328943,4.4868226,0
14986,6.7782526,12.958876,1
14987,7.346956,13.348164,1
14988,-4.5045404,5.267147,0
14990,11.788172,11.127113,7
14991,7.214226,12.7583,4
14992,11.139998,14.146255,5
14993,6.4491673,11.041755,1
14995,9.342529,3.6714022,7
14996,-5.825282,4.2928286,0
14997,7.48849,11.533873,1
15000,5.1944556,9.863804,3
15001,6.750666,12.163105,4
15002,13.489169,10.897966,1
15003,6.4855256,10.077887,1
15004,13.58774,10.428097,1
15007,7.8238745,12.712943,6
15008,7.683794,6.508677,3
15009,11.377925,8.894795,5
15010,5.7995524,12.144302,3
15012,4.2216806,5.953358,6
15014,10.552211,13.595706,5
15015,6.1117806,9.877206,6
15016,9.17977,11.22756,6
15017,5.2743044,6.644529,6
15019,4.3667045,8.993115,5
15020,-4.2446165,3.7592735,0
15023,4.444287,7.269379,6
15024,13.3685875,10.351145,1
15025,5.0130763,9.537753,3
15026,-4.927579,7.1707263,2
15027,8.292129,-1.0835962,7
15028,7.940246,12.958084,4
15029,6.960909,11.322271,1
15030,13.47187,10.229855,1
15031,-3.800298,6.9673853,2
15032,-5.044464,7.2027693,2
15033,10.30031,14.896739,5
15034,11.284167,9.459302,5
15035,11.213949,8.827289,4
15036,-6.5145655,6.35206,2
15037,10.482007,13.660078,5
15038,-6.293499,4.8774157,0
15039,3.4452274,6.3925586,6
15040,10.851784,11.113627,6
15041,4.3971615,6.9854155,6
15043,-4.4200964,7.032924,2
15044,11.108331,14.620025,5
15046,10.696446,15.215431,4
15047,7.5849705,6.4561315,3
15048,-4.003966,6.7482233,2
15049,4.976284,10.061738,1
15050,-5.96165,6.913664,2
15051,5.331935,9.350689,6
15053,4.0081754,9.682361,1
15054,11.543208,10.950802,3
15055,8.882468,11.299556,6
15057,-5.9096875,4.627509,0
15058,11.345169,10.629501,1
15059,8.42292,12.721566,6
15060,3.7409825,7.205514,6
15062,-3.5824172,6.5621295,2
15063,5.651674,10.749865,3
15065,13.385143,10.120549,1
15066,4.3425384,10.736777,3
15067,9.88209,2.9427023,7
15068,6.5925536,13.613548,3
15069,7.8057055,6.3734303,3
15070,-5.8601003,6.873077,0
15071,11.829094,9.621259,4
15072,6.944944,12.443466,4
15073,9.205164,3.7628083,7
15075,11.331795,8.980047,6
15076,8.3441925,13.76612,4
15077,4.3260903,9.356704,1
15079,-4.655777,6.6144714,2
15080,7.927089,-0.64628977,7
15081,-4.8204556,4.3728175,0
15082,-6.4234743,6.273735,2
15083,-3.800586,5.2774634,0
15084,15.0613,11.0995865,3
15085,11.575789,11.162578,3
15086,4.11579,6.441241,6
15087,-6.0105424,4.5717316,0
15088,10.117228,13.407531,5
15089,11.735857,10.571427,6
15090,11.351043,0.47958577,7
15091,3.894351,6.0936437,6
15092,6.221887,13.312545,3
15093,4.6353693,9.265734,1
15094,-3.7888849,5.3978534,0
15095,7.9809804,12.192741,6
15096,8.646164,13.523953,6
15097,7.5615363,10.465127,4
15098,9.527957,13.237473,5
15099,7.88697,12.287202,6
15100,7.231129,13.6206665,3
15101,3.7880735,7.321051,6
15103,-3.9618845,7.4509115,2
15104,7.2438755,12.105009,1
15105,9.912074,3.199878,7
15107,7.84886,12.78792,6
15108,6.786674,9.906764,4
15112,-6.067179,6.8374944,2
15114,7.230594,12.123104,1
15115,-3.5255637,5.089567,0
15116,6.3412023,12.589061,4
15117,11.2289505,9.391469,5
15118,-3.4728587,4.7965517,0
15119,13.784486,9.602791,6
15120,8.077744,11.497998,6
15121,8.527018,13.497041,4
15123,4.727176,10.015232,3
15124,5.9512696,12.80096,3
15125,4.4248056,9.737516,1
15127,6.5224786,11.891973,4
15128,10.065768,3.0658836,7
15129,6.922538,11.932651,1
15131,7.6274915,12.988318,1
15132,10.05072,3.1202018,7
15133,-6.5428495,4.016027,0
15134,7.049892,12.506424,4
15136,13.648917,9.934504,7
15137,-6.3174906,3.812321,0
15138,7.291245,6.359017,1
15139,3.7414083,8.858789,6
15140,7.2494054,12.086672,1
15141,11.114477,13.930403,5
15142,5.7035155,11.910703,3
15143,10.500626,15.278664,5
15144,5.860048,11.918144,3
15145,11.094602,14.455701,5
15146,-5.760604,6.1270876,2
15147,-4.899926,5.3019385,0
15148,7.063461,13.52072,1
15149,4.3083925,6.283376,6
15150,7.6833663,11.740287,6
15151,13.536628,10.746695,1
15152,10.408477,0.43657118,7
15153,-3.9849768,6.32709,2
15154,7.256405,10.577289,1
15155,-5.6085505,6.912143,2
15156,4.348913,10.392076,3
15157,10.675227,-0.30738392,7
15158,6.2569084,13.08277,3
15159,9.452726,11.872923,6
15160,-5.809991,3.5691745,0
15163,4.2380366,10.09173,4
15164,10.63,0.18738425,7
15166,9.955209,0.5641524,5
15168,11.054865,0.90206647,7
15171,10.849983,10.835588,6
15172,4.800892,10.83263,3
15173,-5.302449,3.7298834,0
15175,11.205563,13.8858795,5
15176,8.242842,13.345509,4
15177,6.365754,13.274189,3
15178,4.660601,6.850204,6
15179,-3.9508078,4.714221,0
15181,-4.201447,4.2969375,0
15182,6.097243,6.747577,6
15183,10.862129,12.703545,5
15184,-3.5254805,6.5704403,2
15185,-5.9346633,6.2878346,2
15186,-2.6787663,4.883474,0
15187,11.724547,9.722735,5
15188,-5.0270004,7.597357,2
15189,13.656904,9.547515,6
15190,6.131835,12.654783,3
15191,5.905425,11.741061,3
15192,7.1873856,13.243421,1
15193,7.2157393,11.188494,6
15194,4.4930916,9.109795,6
15196,8.021627,12.383624,1
15197,5.31817,6.739292,6
15198,5.3819547,9.9202,1
15199,11.225935,13.782445,5
15200,5.2897315,9.222085,1
15201,-4.026206,3.8004875,2
15203,-3.896804,4.146915,0
15204,-6.4823985,6.156995,2
15205,-4.071822,3.6801722,0
15208,11.12326,10.761783,3
15209,7.412644,13.493734,4
15212,11.318042,10.554757,6
15213,-5.9646564,3.6918948,0
15214,6.2440715,6.8522243,6
15215,13.916067,10.981268,1
15216,6.9607124,13.470489,4
15217,11.217929,12.959673,5
15218,-5.0882535,2.665684,2
15219,9.480115,11.987135,5
15220,5.1359596,10.039968,3
15221,10.854076,-0.10770114,7
15222,-5.147361,4.501205,0
15223,4.714925,6.3505898,6
15225,11.173042,13.580147,5
15227,10.770928,14.742374,5
15228,-6.02477,4.1730742,0
15229,14.834723,11.227987,3
15230,3.95456,6.771404,6
15231,-6.2610784,6.614515,2
15232,5.3532686,10.039918,1
15233,10.681594,13.5716095,5
15235,11.019071,14.284224,5
15236,11.058562,8.655983,4
15238,7.657611,11.690938,6
15241,10.548165,13.578143,5
15242,3.8492424,7.641011,6
15243,-5.8456364,5.895084,2
15245,-3.0860124,4.7049937,0
15246,-5.345477,3.4106774,0
15247,6.7912498,13.0827055,4
15249,13.851616,9.691932,5
15250,6.5664883,10.234473,6
15251,9.338104,11.578592,6
15252,7.4818764,10.982578,4
15254,13.638526,9.99824,1
15255,10.15646,15.207372,5
15256,14.078235,10.9321995,3
15257,5.5783896,11.967789,3
15261,6.865422,13.280536,4
15262,11.182091,11.460368,6
15263,9.777093,2.8784778,7
15264,14.455178,9.9975195,1
15265,4.3700743,6.070526,6
15266,8.549279,10.319327,6
15267,-5.3757286,6.804708,2
15268,-4.641358,4.3423457,0
15269,5.649064,12.617932,3
15270,7.4627604,13.256113,1
15271,-3.294533,4.484833,0
15272,3.5716608,9.6353855,1
15273,8.93564,13.034334,5
15274,-3.4500923,6.6179876,2
15275,3.3787215,10.065449,1
15276,11.689653,12.946442,1
15277,3.6932597,6.6819077,6
15278,10.870712,10.637776,1
15279,10.584555,0.3951209,7
15280,4.2135754,9.194381,6
15281,-4.7567024,7.211371,2
15282,7.277219,12.55346,1
15283,5.8867598,11.902309,3
15285,6.065393,10.112939,3
15287,6.1687145,12.745995,3
15288,-4.0780964,3.7981167,0
15289,4.5509458,10.321667,3
15290,10.221837,-0.117628574,7
15291,-5.936946,6.740471,2
15293,10.605048,0.19369712,7
15294,7.526098,12.914562,4
15295,5.7873883,10.408516,3
15296,14.4692135,10.141868,1
15297,7.6144996,12.490786,1
15298,-6.527617,6.2867093,2
15299,5.9544034,10.917284,3
15301,-6.0269947,3.5277617,0
15302,11.608319,9.158586,5
15303,-3.7164507,4.9266,0
15304,4.164658,9.383296,1
15305,6.484727,13.451606,3
15306,3.7756436,9.20992,5
15308,14.0782,10.718045,1
15309,11.132481,0.46436238,7
15310,6.1662545,12.615599,4
15311,7.0041466,10.14321,5
15312,6.379051,13.289549,4
15313,14.5991535,10.076081,1
15314,-5.6013637,5.0905547,0
15315,3.8114738,10.4604,3
15316,11.042625,0.4757435,7
15317,5.8548064,11.345891,1
15318,-5.269708,3.6001904,0
15319,10.872874,13.40643,5
15321,-3.6925879,5.7751575,0
15322,9.23619,3.5707579,7
15323,4.4092917,6.098872,6
15324,4.6736536,6.2774153,6
15325,-6.262391,6.3396297,2
15326,10.185897,14.92439,5
15327,6.081474,12.063405,3
15329,14.49655,11.437119,3
15330,11.83373,9.743975,1
15331,3.732662,6.423147,6
15333,-2.7664313,5.2221217,0
15334,11.155892,8.731235,4
15335,8.606685,13.418793,6
15336,14.736665,11.165072,3
15337,-5.837446,4.2406874,0
15339,7.2545114,13.214436,1
15340,-5.897101,4.0702853,0
15341,3.8719914,10.656397,3
15343,8.432682,-0.5134122,7
15346,6.9505434,5.9818707,1
15347,-6.231709,6.759844,2
15348,6.2045226,10.296933,1
15349,14.248614,11.412226,3
15350,10.90156,14.458257,5
15351,13.503454,9.695883,6
15352,-4.591203,6.214072,2
15353,6.3377843,11.6967535,3
15354,4.061115,9.458155,1
15355,10.696352,0.008074296,7
15356,10.956961,14.237769,5
15357,8.709842,10.354682,7
15358,3.7805896,9.512235,4
15359,-5.8641963,6.7405457,2
15360,-5.8777494,5.9840536,2
15361,-5.3102026,6.7792315,2
15363,-5.7178917,3.7009237,0
15364,11.684186,9.732628,3
15365,-5.910381,4.0455317,0
15366,10.987249,11.272579,5
15367,4.2290316,6.1062927,6
15368,7.72317,12.784615,1
15370,4.2013946,10.008058,1
15372,9.925856,12.902198,5
15373,8.217676,13.0496235,6
15374,6.917779,11.033893,4
15375,5.98276,6.608316,6
15376,-4.8117957,7.302892,2
15377,10.268457,0.6738385,7
15378,7.3970103,12.184742,1
15380,14.516687,10.353148,3
15381,5.021949,6.796265,6
15382,-3.6226914,6.367913,2
15383,6.1792297,11.541172,3
15384,-2.895841,6.8046727,2
15385,14.72844,11.198801,3
15386,-4.6111665,3.7455199,0
15387,6.0233974,10.142032,6
15388,11.112791,0.511512,7
15389,11.292464,8.79275,6
15390,7.466034,12.498563,4
15391,6.231639,7.015374,1
15392,10.177034,14.718623,5
15393,14.219468,10.836126,3
15394,3.9670606,9.034909,4
15395,4.6222463,6.876628,6
15399,6.7744336,11.703856,1
15401,3.4732761,6.7294035,6
15402,9.901406,14.730046,5
15404,-2.9485767,7.1161685,2
15405,14.518623,10.1651945,1
15406,6.978477,13.30888,4
15407,11.062424,8.7232485,4
15408,7.3536725,6.010035,1
15409,4.032028,10.324725,3
15411,10.230061,13.006192,5
15413,6.197693,6.7769885,6
15414,9.5865,3.391621,7
15415,8.660338,13.11359,6
15416,6.1438875,9.146786,6
15418,9.867978,12.986712,5
15419,10.700039,8.419534,6
15420,8.103488,-0.51497084,7
15421,14.561348,11.3274975,3
15422,7.294297,13.392242,4
15423,-4.596912,3.7557313,0
15424,6.947361,6.2679944,1
15425,-6.5539827,5.936386,0
15426,4.022057,10.756318,3
15427,6.991985,11.007664,1
15428,11.238675,11.223445,4
15429,7.0019183,10.8535,1
15431,10.156615,0.692876,7
15432,8.8311,10.970373,6
15433,-5.380423,4.811683,0
15434,4.415875,9.341788,1
15435,10.791025,10.555138,4
15436,-5.679947,5.82508,2
15437,6.0370407,8.968397,6
15438,4.636409,6.780095,6
15442,-5.529673,4.4398904,0
15444,4.724427,8.562796,4
15445,-5.2104373,3.6927977,0
15447,3.7701287,9.32661,6
15448,8.871439,13.071827,6
15449,4.6781263,9.120814,1
15450,9.076978,11.20201,6
15451,9.185269,11.586077,6
15453,7.899438,-0.31546482,7
15454,13.629978,9.503772,6
15456,4.790486,10.244806,3
15457,7.9840817,12.809198,1
15459,3.983507,9.246336,4
15460,-3.7474704,6.5373836,2
15461,8.120488,-0.9405365,7
15463,11.387714,8.939626,6
15464,-2.988012,5.5198326,0
15466,8.361476,13.334503,6
15467,-5.4175115,3.6925852,0
15468,4.3669114,10.363704,3
15469,-3.5368474,5.3025546,0
15472,5.5015135,10.574636,3
15473,11.284173,9.08285,5
15474,9.65123,12.794703,6
15475,8.717851,10.854417,6
15476,6.748492,13.538909,4
15477,8.78379,11.164508,6
15479,6.402572,12.507167,3
15481,5.981469,12.938329,3
15483,8.583622,10.405677,6
15485,-5.056999,3.5575874,0
15486,10.104052,0.76634437,7
15487,8.072048,-0.73713046,7
15488,4.7994776,10.33938,3
15490,10.287318,-0.04705317,7
15491,-5.5179067,4.8474684,0
15492,5.7790537,11.309854,3
15493,10.894666,11.632622,7
15494,4.1868963,7.1200814,6
15495,3.8623536,9.055609,4
15496,3.648455,9.866378,1
15498,-3.9675648,6.5418844,2
15499,-2.9219124,6.9477205,2
15500,-5.5412474,6.232089,2
15501,10.150627,14.605211,5
15502,8.973474,11.823552,6
15503,13.435673,10.242742,6
15504,6.8443217,11.71941,6
15505,-5.7003264,5.8640065,2
15509,-5.696272,4.0223527,0
15510,-5.743971,3.574114,0
15511,7.317458,12.0413,1
15512,-3.8564827,6.7575912,2
15513,7.0554953,10.481757,4
15514,11.427511,11.563244,5
15515,10.15739,-0.0977654,7
15516,-5.0303116,7.6022916,2
15517,-5.7151246,4.6058593,0
15519,8.001549,13.292391,6
15520,6.45449,13.347404,4
15522,-6.435834,3.8800795,0
15523,6.5445375,12.11291,1
15524,11.933783,9.681939,4
15525,4.897361,6.545611,6
15527,7.7634473,6.631187,3
15528,8.021707,12.936269,4
15529,4.5801787,10.127297,3
15532,6.2743635,13.43702,3
15533,8.811807,10.797007,6
15534,-3.4979312,7.2367516,2
15535,11.020828,0.89017,7
15536,8.049993,12.414357,4
15537,11.197051,9.305599,5
15538,7.8058076,-0.31299746,7
15539,8.195108,12.789983,4
15540,10.540699,13.575256,5
15543,-5.9250774,6.4503136,2
15544,12.829479,9.974157,5
15547,10.2519045,14.759211,5
15548,7.3178287,5.987309,1
15549,11.018232,11.448589,4
15550,7.27283,13.714186,4
15551,-6.060084,6.6097474,2
15553,13.812481,10.952696,1
15554,3.2397962,9.543447,4
15555,-6.224516,6.6291933,2
15556,7.345159,11.172377,6
15557,12.514967,9.663753,6
15558,-5.6166534,6.274415,2
15559,6.17836,12.874768,3
15560,4.972928,7.893211,6
15561,7.4725714,6.356811,1
15563,-5.614977,3.2898507,0
15564,14.366852,10.033891,1
15565,-6.142815,6.8128834,2
15566,9.153363,11.940179,6
15567,-3.1007361,7.0844293,2
15568,10.481669,10.654131,1
15569,10.2993355,-0.2752908,7
15570,-6.0000334,3.9367263,0
15571,13.755392,9.574063,6
15572,6.055003,12.282956,3
15573,7.9693904,12.59179,6
15574,11.149777,0.3907502,7
15575,-5.956919,4.5716243,0
15576,5.2675376,7.504104,6
15579,11.844049,9.576638,1
15582,-6.613393,6.3223724,2
15583,13.209032,10.869699,1
15584,-3.9095554,7.0281014,2
15585,-3.693442,6.388914,2
15587,7.0073853,13.162518,1
15588,4.0453377,10.810682,3
15590,6.220999,9.776618,1
15591,5.709993,11.980074,3
15592,11.18685,10.675071,1
15594,6.5964785,12.760887,3
15595,11.786034,10.5669775,5
15596,10.818635,13.29641,5
15597,-3.8424509,5.1921997,0
15598,4.483341,9.539149,1
15599,-5.6982636,4.071243,0
15600,11.021754,8.615528,6
15602,9.922093,13.615449,5
15604,14.6088705,11.055828,3
15605,9.51442,12.268362,1
15607,10.240745,13.320644,5
15608,14.295602,9.833127,1
15609,-5.3732433,3.816171,0
15610,7.969828,11.29291,4
15611,6.4358325,11.818891,3
15612,3.8497825,9.639957,1
15613,13.877834,9.641456,6
15614,10.77766,-0.12685627,7
15615,9.445558,3.0599532,7
15616,10.145492,0.49241745,7
15617,-3.7687678,6.442817,2
15618,9.02983,11.130549,6
15619,-4.643794,3.669557,0
15620,7.4709287,11.547565,5
15621,-3.6545942,6.3463373,2
15622,4.0693665,7.210341,6
15624,-3.1644065,6.3819957,2
15625,11.188259,8.809784,6
15626,3.6676164,7.0663834,6
15628,9.430924,3.5246341,7
15629,9.6909275,12.92435,5
15631,-3.8405046,4.916352,0
15632,7.2635136,11.826569,1
15633,10.663018,13.473997,4
15634,5.945268,12.175228,3
15636,7.8429575,12.004898,4
15637,7.334224,13.807188,4
15638,-6.098131,6.8418894,2
15640,10.754206,13.000692,5
15641,11.205336,14.82244,5
15643,11.372423,8.960323,3
15644,-6.133429,6.354872,2
15645,5.10693,6.532997,6
15646,-2.8135402,6.0388827,6
15647,-3.0355058,5.0897613,0
15648,-5.7012954,4.848397,0
15650,8.124694,-0.5515853,7
15651,8.197455,-0.84692633,7
15652,-4.4746923,4.3239107,0
15653,4.1668787,6.264031,6
15654,6.527158,12.551615,3
15655,9.099587,11.210705,6
15656,5.8474846,10.193478,3
15657,7.3745046,12.440896,1
15658,7.8785777,-0.34982198,7
15659,7.3046227,6.0082717,1
15660,-3.4336798,7.3436427,2
15661,4.8829994,6.6579747,6
15663,4.201502,10.444892,3
15664,10.853475,15.053214,5
15665,9.506906,12.021022,6
15666,11.771418,9.861743,1
15667,3.7979207,6.7016587,5
15668,6.1560926,9.945127,3
15669,3.9764686,6.991227,6
15670,7.940333,11.758611,6
15671,7.0323815,12.725295,1
15672,3.6728232,7.08408,1
15675,7.798688,13.627249,4
15677,5.8636823,10.294134,3
15678,11.27988,0.81699175,7
15679,7.908712,12.359555,4
15680,7.503638,13.262142,1
15681,5.018119,10.8343935,3
15682,4.301935,10.649137,3
15683,10.681946,13.590626,5
15684,7.7915125,11.322435,1
15687,8.061554,-0.24012338,7
15688,11.341026,8.9577,4
15689,7.4347587,12.106744,1
15691,-3.1134984,6.726744,2
15692,-3.7747574,6.9888167,2
15693,-5.144694,2.8164833,0
15694,-4.2753115,4.456762,0
15696,10.099942,13.506203,5
15697,3.5376632,6.7699547,6
15698,7.149432,12.5482435,1
15700,6.5032926,6.427578,5
15701,3.8118873,7.569845,6
15702,10.501289,14.798214,5
15703,10.518738,14.0571375,5
15704,8.419079,13.655716,5
15705,-5.3416524,4.7619977,0
15706,8.612377,11.934852,4
15707,4.1194744,10.301758,3
15709,-5.9585466,3.9010088,0
15710,4.3867764,6.7501864,6
15711,9.102947,11.946041,6
15712,10.11398,1.0459633,5
15713,3.9096465,8.809394,6
15714,8.091958,-0.18219714,7
15716,7.1100483,12.17752,1
15717,11.393161,0.7709299,7
15718,-5.630243,5.054438,0
15719,5.06961,10.132433,1
15720,3.3127062,6.7182765,6
15721,5.421823,7.2306495,6
15723,3.20783,6.6310515,6
15724,7.087389,11.671443,4
15725,3.9292693,10.19963,3
15726,7.0189857,12.218507,1
15727,7.417662,10.806948,1
15729,4.377487,9.371424,6
15730,10.889498,8.592986,6
15732,9.458284,11.597081,6
15734,3.7269065,6.920584,1
15735,7.0084786,11.390419,6
15736,11.743935,10.987352,4
15737,-3.294895,7.30408,2
15739,3.3986259,9.019838,5
15741,-3.4122014,4.6301975,0
15743,-5.4981217,4.1913176,0
15744,6.9601693,12.444165,1
15745,10.311347,0.6894359,7
15746,10.146768,0.68411875,7
15747,-5.548288,3.2879858,0
15750,5.9830265,11.997624,3
15751,-5.9971147,6.032306,2
15752,11.326642,9.054382,6
15753,-6.4420114,6.364514,2
15754,5.2328525,9.6882,4
15755,-3.7990766,6.0820246,0
15756,7.8668694,-0.9328371,7
15758,-4.472726,3.7216249,0
15759,6.833036,10.246084,4
15761,-3.8586197,6.474032,2
15762,3.2770789,6.3819437,6
15763,4.6533628,6.2999883,6
15764,-6.5298285,6.217398,2
15765,-5.9620647,3.535488,0
15766,6.0592403,9.072179,6
15767,-3.5935798,5.731169,0
15768,3.5742452,9.525065,1
15769,6.682199,10.81623,1
15771,-3.5810854,5.0819626,0
15772,7.705524,11.528742,4
15773,-5.285686,3.476931,0
15774,6.647393,13.761161,4
15775,7.6499968,10.776007,6
15776,10.084275,13.650504,5
15777,11.230997,14.278012,5
15778,4.2143135,10.424408,3
15779,6.163967,10.0023155,3
15781,6.81098,11.699799,1
15782,11.061718,0.51809156,7
15783,5.8303757,10.755962,3
15784,-4.323182,7.314256,2
15785,4.89808,6.409347,6
15786,5.769112,12.6926985,3
15787,8.167066,13.78455,4
15788,14.615544,10.786983,3
15791,10.450103,13.47357,5
15792,7.8784003,11.244363,4
15793,11.059213,14.808141,5
15795,6.4488196,12.914501,3
15796,3.7955594,7.6004157,6
15797,-4.993215,4.08757,0
15798,10.793051,14.108875,4
15800,9.722601,3.481349,7
15801,-4.3833823,7.552651,2
15802,-3.662425,7.4859443,2
15804,10.50101,14.362928,5
15805,11.0025625,0.6937937,7
15806,-3.33822,5.1260457,0
15807,-6.0518107,3.3104088,0
15808,11.124971,12.774644,5
15809,5.1024566,6.6313276,6
15811,10.051953,3.102955,7
15813,9.475845,12.131871,6
15814,6.86594,10.932954,3
15815,6.258349,13.374337,3
15816,5.530851,10.517016,1
15817,-6.066757,4.6551185,0
15818,-6.144725,3.8637595,0
15819,7.7437315,11.203462,1
15820,11.238684,13.801391,5
15821,5.0777225,7.7154965,6
15822,-4.4019427,7.2440968,2
15823,6.728548,12.536864,4
15824,6.9103527,10.435593,4
15825,-3.5991566,6.4072986,2
15826,9.977054,3.107023,7
15828,6.9336514,12.572773,1
15830,-5.9776597,5.7083535,2
15832,-3.5199149,6.302879,2
15833,-4.8290963,5.045835,0
15834,11.0243025,0.51642865,7
15835,8.405809,12.18275,1
15838,8.929932,11.033716,6
15839,14.484574,10.304036,1
15840,4.037505,9.947961,1
15841,10.980092,13.391686,5
15842,3.7110546,9.472549,1
15844,-5.652744,4.6444244,0
15845,8.2921095,-1.048109,7
15846,10.204481,0.5745997,5
15847,7.8723707,12.034444,6
15849,10.14173,13.772825,5
15850,10.725193,-0.2964479,7
15851,-5.4273777,3.3382103,0
15852,10.856961,11.201656,1
15854,6.1947803,12.555264,3
15857,8.334281,12.998027,6
15858,-3.7047405,6.543754,2
15859,-4.9565964,4.5953975,0
15862,10.567684,13.982898,5
15863,3.600937,7.331507,6
15865,13.696961,9.520128,6
15866,-4.557617,7.240981,2
15867,7.723052,10.851446,5
15868,6.6590934,13.305141,4
15869,10.871622,15.030057,4
15870,-5.474207,3.6583402,0
15871,13.697176,10.847547,1
15872,11.451423,11.070804,4
15873,13.560886,10.369033,1
15874,10.891543,14.97345,5
15875,3.8811293,6.05852,6
15876,3.3166947,6.743318,6
15877,4.417091,7.0543566,6
15878,4.359526,10.538894,3
15879,-6.2946153,6.1796317,2
15880,3.4653163,6.404194,6
15881,-3.074802,6.9887886,2
15883,10.76659,10.715712,3
15884,5.88623,12.569668,3
15886,10.185429,15.016481,5
15889,-5.0651236,2.6740828,2
15890,11.260613,9.57492,5
15891,11.491902,9.01371,6
15892,3.5610151,9.5953665,4
15893,10.781573,14.156553,5
15894,-4.910516,3.7361312,0
15896,-5.642232,7.144598,2
15897,7.4400716,13.708613,4
15898,4.112872,8.944814,4
15899,5.428285,10.132254,1
15900,6.9315124,5.894413,1
15902,-3.570314,4.485342,0
15903,6.7403708,6.101373,1
15904,4.1450434,10.568541,3
15906,13.493443,9.668166,5
15907,10.068483,13.624836,5
15908,8.214083,12.56062,1
15909,13.517814,9.62825,6
15910,4.1227136,10.390051,3
15912,8.07871,13.728505,4
15913,3.843323,9.075674,1
15914,-2.8725252,6.988857,2
15915,5.062007,10.206291,1
15916,4.702651,6.309736,5
15917,4.276132,9.234567,6
15919,-5.3673882,4.463235,0
15920,-3.5531363,5.2900476,0
15921,14.73068,11.265499,3
15922,5.8334,11.817231,3
15924,6.3093486,11.388963,3
15925,6.2981725,12.976024,3
15926,-5.7286906,7.0485454,2
15927,-3.749677,6.9616604,2
15928,9.632393,11.929786,6
15930,8.636695,12.69363,6
15931,6.760133,11.561786,3
15932,11.126489,13.928374,5
15933,6.681747,11.244882,5
15934,9.2030735,3.7048473,7
15935,7.8836946,13.735225,4
15936,-5.6672473,3.7343194,0
15938,-5.020535,7.3191094,2
15939,7.394662,6.1385155,1
15940,11.782468,11.198491,4
15941,-3.5999072,6.210877,2
15942,-2.647865,5.0563,2
15943,5.093165,10.805872,3
15944,10.140473,13.191053,5
15945,-3.5565395,4.9002886,0
15946,9.808239,3.367356,7
15947,8.02045,11.885825,0
15948,4.016858,6.9607563,2
15949,13.558391,10.342887,1
15951,6.944903,11.756596,4
15952,-3.7733407,7.373857,2
15953,7.113056,12.092617,1
15954,6.3490686,12.777559,3
15955,11.473251,11.080609,1
15956,-6.064088,4.621438,0
15957,6.764352,12.9033575,1
15960,8.270253,13.6632395,4
15961,6.4078956,11.560074,4
15962,10.82233,14.987404,5
15963,6.7080874,11.354927,3
15964,-4.8598256,7.3541613,2
15965,8.030969,12.902313,1
15966,4.542985,10.007764,1
15967,5.5061865,6.8653827,6
15968,-5.5761013,6.01224,2
15969,-3.405985,6.2667155,2
15970,13.864341,11.2377205,1
15972,7.8482513,-0.36392516,7
15973,-6.4816027,4.3904915,0
15974,9.759904,3.402907,7
15975,7.0271387,5.923603,1
15977,-5.4842124,6.144462,2
15978,14.972239,10.866939,3
15979,10.478168,0.8841235,7
15980,3.496338,6.344234,6
15983,8.647527,12.97498,6
15984,9.245707,11.880119,6
15985,6.434741,11.88612,4
15987,4.207822,7.624454,6
15988,6.094279,12.046049,4
15989,4.4360642,6.0994287,6
15991,4.5219874,9.921055,1
15992,5.850851,12.2507,3
15993,3.413147,9.354863,4
15994,5.6115923,10.791683,3
15995,-5.5347476,6.8611135,2
15997,-6.0099993,3.3969443,0
15998,7.3798957,12.290889,4
16000,6.4812098,10.531354,1
16001,14.42202,10.7410345,3
16002,-6.045633,4.1347613,0
16003,7.9989057,13.476719,4
16006,3.8470848,10.207923,1
16007,13.514726,9.644449,6
16008,7.5138216,12.824405,1
16009,-5.698925,3.833734,0
16010,13.466546,10.014085,1
16011,4.6048813,10.295778,3
16012,10.471771,-0.44140923,7
16013,4.1132426,9.145173,6
16014,11.886667,10.650682,6
16015,5.640873,12.505106,3
16016,8.49662,12.112756,4
16018,-4.240331,3.9207425,0
16019,-3.6346567,6.3258166,2
16020,5.2446604,7.33603,6
16021,-6.549046,6.115442,0
16022,7.5542483,-0.9523579,7
16025,4.4883175,8.784307,6
16026,-5.63495,6.420853,2
16029,14.431062,10.090744,1
16031,10.670535,0.42701438,7
16033,8.32591,13.344891,6
16034,-5.810764,5.8021665,2
16035,14.390608,10.017976,1
16036,8.185201,13.11933,6
16037,-5.7256846,5.030926,0
16038,12.868094,10.756692,1
16039,-4.6347895,7.007349,2
16040,6.0798516,10.531623,6
16041,-4.0387273,7.4807453,2
16042,11.877062,10.959072,1
16043,-6.60949,6.3520474,2
16044,8.562563,13.271527,6
16045,14.131478,11.052952,3
16046,-6.3616476,4.2088923,0
16049,5.8069587,10.551242,3
16050,13.831908,10.72144,1
16051,8.001423,12.277288,4
16052,7.1591163,13.804695,3
16053,8.354679,-0.9697386,7
16054,-4.409255,7.3242917,2
16055,6.322679,13.130397,3
16056,11.370407,8.973667,6
16057,11.282203,8.838591,5
16059,7.312039,5.9451838,4
16060,6.937976,12.330914,3
16062,10.970394,0.52624255,7
16063,-5.981927,4.6188316,0
16064,11.204934,9.287001,6
16065,6.2742634,6.5985174,6
16066,4.214515,6.753334,4
16067,14.530215,11.422894,3
16070,10.068595,-0.17698799,7
16071,-3.2734907,7.3503513,2
16073,11.4526415,9.452994,5
16074,10.288056,12.911447,5
16075,3.806571,10.646145,3
16076,4.2050867,9.783119,1
16077,-5.7834673,3.704802,0
16078,5.244401,7.3040123,6
16079,3.8076148,10.706585,3
16080,8.194609,13.338853,4
16081,-3.7505453,6.3407655,2
16082,7.702157,12.221964,6
16083,8.023906,11.972915,5
16084,-5.1078434,7.3548727,2
16085,9.445661,12.019854,6
16086,9.611617,12.11671,6
16087,-5.0513086,7.632524,2
16088,10.862318,0.065516815,7
16089,10.446567,14.747754,5
16090,10.078769,12.853013,5
16091,5.2012296,6.669258,6
16092,-4.1899424,6.985181,2
16094,10.484763,14.637034,5
16096,10.786385,-0.18078211,7
16097,8.559336,10.373902,6
16098,7.8550444,-0.36407858,7
16099,-3.0438726,6.794947,2
16100,6.5383773,12.620961,3
16102,9.726281,3.427606,7
16103,7.897007,-0.34974074,7
16105,6.960587,13.832297,4
16106,5.0521317,10.131853,1
16107,4.5619035,6.7744346,1
16108,3.7350457,10.674991,3
16109,3.8886359,7.467476,6
16110,11.779998,9.697051,3
16111,10.972523,14.028177,7
16112,6.01974,11.949569,3
16113,8.685081,11.146406,6
16114,-3.6750185,5.988469,0
16115,10.74296,14.69511,5
16116,8.15778,-0.6526257,7
16117,-6.014597,5.6210923,2
16118,9.226943,11.761756,6
16119,14.136583,9.857212,1
16120,10.707302,13.690898,5
16121,-5.2522373,3.4984534,0
16122,7.727287,12.51237,6
16123,6.285092,9.804025,6
16124,9.044856,11.395272,6
16125,6.270883,12.473245,4
16126,10.897201,0.62591964,5
16127,8.314163,13.559048,5
16128,-3.3562875,6.8003726,2
16129,7.3027263,10.7507715,6
16130,-5.8410225,5.792356,2
16131,9.336484,12.036286,6
16132,7.768514,13.810482,1
16133,11.182426,0.65732384,7
16134,7.219167,12.083795,1
16135,10.1999035,15.024235,5
16137,7.7262015,11.941037,6
16138,14.136609,10.796529,3
16139,-5.5243297,4.6028647,0
16140,5.5766125,6.8203278,6
16141,5.9139643,10.4653425,4
16142,6.3822746,7.137921,1
16143,4.6513004,9.171073,4
16144,10.733052,13.802245,5
16145,-5.953268,6.9352274,2
16146,14.359652,10.028074,1
16147,-6.6678357,6.3926272,2
16148,8.158754,11.812106,4
16149,3.8788,10.647787,3
16150,4.052373,7.373945,6
16151,-4.6910133,3.5826735,0
16155,4.0821624,5.9166684,6
16156,10.628266,15.045154,5
16157,3.5576003,6.9388423,6
16158,-3.6227582,5.356641,0
16159,10.990476,10.833645,3
16160,-4.4532537,4.387921,0
16161,14.425081,10.662353,3
16163,9.244491,3.3014247,7
16164,14.522607,10.349855,1
16165,11.187452,0.83955246,7
16168,10.632374,8.379159,6
16170,4.1214685,8.880466,6
16171,10.045473,0.58439934,7
16173,6.4151025,12.230491,1
16174,7.9166536,11.439253,6
16175,10.062669,13.458907,5
16176,10.501885,-0.24887262,7
16180,-3.5661786,5.309472,0
16181,11.891817,9.619353,6
16182,10.683774,13.708975,5
16185,-6.2883773,4.5314746,0
16186,6.0781384,9.003214,6
16187,11.392495,0.69076705,7
16188,-5.787135,6.756531,2
16189,-5.0388737,7.360925,2
16191,7.9910665,11.870933,6
16192,3.3758705,7.181213,6
16193,10.92163,0.720816,7
16194,10.884246,11.495648,1
16195,8.302291,-1.0722728,7
16196,-4.1567564,7.4925847,2
16197,-2.860341,5.2631674,0
16198,4.609086,8.979887,6
16199,-5.9072595,3.6519053,0
16201,7.312348,12.316067,4
16202,-4.169897,3.717716,0
16203,-5.9663363,6.324181,2
16204,-3.4513278,6.6244164,2
16205,7.8491116,6.2840466,3
16206,11.106977,14.248246,5
16207,9.996828,3.194588,7
16208,13.808514,9.850524,1
16209,3.868863,9.97556,3
16211,-4.0585313,3.6941466,0
16213,-4.0265994,6.3693037,2
16215,9.314362,12.059406,6
16217,3.5002582,7.3755293,6
16218,-3.2162182,7.063067,2
16219,11.101581,13.584782,5
16221,-3.6038795,6.136567,0
16223,3.2759113,8.996314,4
16224,-4.7756977,5.2084208,0
16225,14.5012865,10.651789,1
16226,7.566073,-0.98443455,7
16227,10.59842,13.507902,5
16228,3.515215,6.411598,6
16230,3.9950383,9.088975,4
16232,9.385423,3.4803321,7
16233,14.191456,10.905619,3
16236,10.4857435,8.354818,1
16237,3.8780205,7.528491,6
16238,3.2720487,6.297886,6
16239,-5.2350955,3.4648912,0
16240,4.6735296,6.404818,6
16241,-6.1679773,6.048963,2
16242,12.306306,9.548493,6
16243,4.723686,6.3593616,6
16244,-6.013949,6.78303,2
16246,-3.2170901,7.2909985,2
16247,11.077636,10.6407795,1
16248,3.9108436,6.7701063,6
16249,3.857101,10.694677,3
16250,7.9812236,13.550909,4
16251,3.4607549,6.934749,6
16252,11.44658,14.207832,5
16253,7.746827,13.911872,4
16255,5.9288354,11.932723,3
16257,10.710771,14.473955,5
16258,6.1629367,13.045569,1
16259,6.877514,13.479374,1
16260,10.586689,-0.19826168,7
16261,5.9699774,10.251517,3
16262,14.740668,10.647918,3
16263,3.2518606,6.4538493,6
16264,-5.237166,4.501778,1
16265,11.387908,0.7484411,7
16267,9.934973,14.344106,5
16268,10.56205,15.14131,1
16269,-3.1550424,7.0217505,2
16271,-6.0122952,4.096373,0
16272,3.9406374,9.069424,6
16273,6.229764,9.312123,6
16274,3.444097,6.48913,6
16278,7.0169554,12.5427065,4
16279,-3.4130683,5.4471674,0
16280,8.309934,12.338624,4
16281,5.4868407,6.739131,6
16282,3.4692004,7.312433,6
16283,9.130947,11.9627905,6
16284,3.5529578,7.017057,6
16285,11.430778,9.534456,1
16286,5.1213856,7.0084047,6
16287,10.518436,0.34219095,7
16288,11.330584,9.008572,6
16289,9.24881,11.596472,6
16291,13.05339,10.420721,1
16292,6.8786855,11.751538,3
16294,-2.9913692,5.476759,0
16295,13.558512,11.141794,3
16298,11.014762,0.4842158,7
16299,11.321042,11.9997835,5
16300,14.092659,9.954189,1
16301,4.1715255,6.9051957,6
16302,5.208043,6.7118707,6
16303,-3.9424918,6.8104973,2
16304,-4.6853347,4.1293173,0
16305,-5.082327,2.7257628,2
16306,7.7541127,13.607426,4
16307,8.610076,13.010763,5
16308,9.661131,3.564834,7
16309,4.51546,9.128248,1
16311,-5.154661,3.5189323,0
16312,10.31846,12.780105,4
16313,3.6371322,6.2154994,6
16314,7.714969,13.718695,4
16315,11.087366,11.56334,4
16317,11.078903,0.5471258,7
16318,4.974533,6.634743,6
16319,4.4227557,10.609356,3
16320,-5.5913224,5.8264146,2
16322,4.3600564,6.0465355,6
16323,7.279893,12.909015,1
16324,9.5068655,3.5999417,7
16325,-6.4827805,6.5226455,2
16328,6.316144,13.330767,3
16329,14.567804,10.109635,1
16330,10.644495,13.408771,5
16334,11.298179,8.977579,6
16335,7.933871,6.3688607,3
16336,3.613059,9.645967,4
16339,11.421963,8.77909,4
16340,11.65099,9.403617,5
16341,-3.5645301,7.389384,2
16342,-4.3321943,7.493836,2
16343,3.6628904,9.258615,1
16344,10.172009,0.45253292,6
16345,-2.7793958,4.938377,0
16346,-4.1922917,3.9545023,0
16347,-5.316866,4.475396,0
16348,-5.533072,6.042103,2
16349,4.6655054,8.8649645,6
16350,13.407421,10.45033,1
16352,7.5692763,11.542071,1
16353,11.129805,13.759773,5
16354,3.3757472,7.1882167,6
16355,10.85465,12.840624,5
16356,10.858705,11.019305,6
16357,6.6115675,11.716255,1
16359,-5.2070484,3.5945692,0
16360,10.318715,13.459086,5
16361,6.64294,10.637433,4
16362,13.023607,10.108815,1
16363,10.656358,0.87927055,7
16364,3.746047,9.955234,1
16365,-5.980455,3.816202,2
16367,13.320805,10.029729,1
16368,7.368162,10.56567,1
16369,13.407598,10.039093,1
16370,-3.6787312,6.4818416,2
16371,-5.5829906,5.951611,1
16372,13.799996,10.541559,1
16373,-3.4407094,5.3362126,0
16374,10.983861,0.37834552,7
16375,8.317283,-0.98290104,7
16376,11.044476,8.678611,6
16377,-6.15638,4.5559564,0
16380,-6.1820946,3.7043536,0
16381,10.613258,14.471642,5
16383,6.411792,10.153433,1
16384,6.728134,10.277259,4
16386,5.715691,11.797401,1
16387,8.996591,12.627523,6
16388,6.8432775,10.1657915,4
16389,-5.504709,6.158689,2
16390,14.312376,10.043891,1
16391,7.6915126,12.271581,6
16392,9.853254,3.197633,7
16393,4.149767,10.403545,4
16394,6.9984117,12.159486,1
16395,5.8941193,11.897369,3
16396,10.623695,14.153197,5
16397,3.7810667,7.5149875,6
16399,14.371444,10.809417,3
16400,7.9257154,12.974561,4
16401,4.7628536,10.440223,3
16402,-4.948532,4.432746,0
16403,6.325529,12.971632,3
16404,6.2243505,12.498512,3
16405,5.878065,12.145143,3
16406,-3.5913298,4.881551,0
16408,4.4784083,6.5332704,6
16409,4.935206,10.766819,1
16412,8.175136,12.784811,1
16413,5.6212244,12.21769,3
16414,8.365054,11.496908,4
16415,13.473052,10.299381,1
16418,7.1022563,12.36963,1
16420,10.619156,13.953867,5
16424,-6.183448,3.304031,0
16426,-3.386845,4.9757648,0
16428,-3.2288897,5.1171474,0
16429,-5.6105685,4.484358,0
16430,14.610012,11.20619,3
16431,7.3866286,6.2770424,1
16432,14.091603,10.526898,1
16433,10.385802,0.95088637,7
16434,11.00491,11.161284,4
16436,6.0948443,6.81353,6
16437,-2.8515656,5.3482184,0
16439,7.721046,10.705427,4
16441,9.722911,12.143805,6
16442,9.355208,11.570746,6
16443,-4.094037,3.805731,0
16444,11.174595,14.587855,5
16446,8.172885,-0.95022297,7
16448,10.026569,3.0889597,7
16449,4.2861967,5.9911485,6
16451,8.340575,13.361575,6
16452,-4.0674863,3.9506488,0
16453,4.0066514,8.693196,6
16454,3.606862,6.6641364,6
16455,7.1718335,10.514583,1
16456,-5.1478267,4.57623,0
16457,-3.0422945,4.6996064,0
16459,5.650838,7.059041,6
16461,6.842066,10.919444,1
16462,5.734419,12.706562,3
16463,7.661383,13.030097,4
16464,-3.7993693,6.426591,2
16465,3.8279176,6.1163387,6
16467,10.730826,13.6690855,5
16468,7.728043,12.604761,6
16469,13.122358,10.049541,6
16470,6.316875,12.560399,4
16471,3.3148496,9.640447,1
16472,14.31295,10.522733,1
16473,4.3831744,7.328647,6
16474,3.736368,6.5246496,6
16475,6.4558525,11.910132,1
16476,11.231769,13.959816,5
16477,7.568555,11.684793,6
16478,-3.664037,6.239321,2
16480,13.515892,11.050898,3
16481,-6.4551,6.4771733,2
16482,6.8012757,11.38991,4
16483,10.488655,14.936766,5
16484,9.753495,12.479505,6
16485,8.307011,13.35634,5
16486,6.711788,12.705537,1
16487,-2.7878938,4.9634895,0
16488,7.5045104,12.017489,1
16489,6.844879,11.3561,4
16491,11.6591,10.828852,3
16492,11.287165,0.28680602,7
16493,13.861536,10.658949,1
16494,10.962389,14.80186,5
16495,8.209132,13.625021,4
16496,11.369866,0.6324838,7
16497,6.064377,6.6107893,6
16498,5.9846125,10.096645,3
16499,10.518897,-0.40284857,7
16501,14.4825,10.227267,1
16502,5.068118,6.710127,6
16503,6.9939256,11.394354,4
16504,9.918338,13.435727,5
16505,6.5380692,6.227258,6
16507,9.213261,11.949976,6
16508,5.7927785,11.475492,3
16509,4.5470924,10.182774,3
16510,10.02784,13.736,5
16512,8.551225,12.787846,5
16513,3.7157266,9.497223,1
16514,10.845594,0.46653184,7
16515,7.9417644,-0.6156892,7
16516,11.139092,14.736086,5
16517,6.56827,12.68266,3
16518,4.194715,10.142667,3
16519,8.13451,-0.69214237,7
16520,14.093504,10.18112,1
16521,6.1349854,13.272171,3
16522,13.374706,10.086658,1
16523,10.322916,-0.46489206,7
16524,-5.6413403,5.8107324,2
16525,9.247676,11.603445,6
16527,-3.63118,6.6847873,2
16528,8.940744,11.861554,1
16529,11.248792,11.255324,3
16530,7.8511434,6.598328,3
16531,-6.4327655,4.4341273,0
16532,-4.9119334,3.7085047,0
16533,3.8254755,9.206948,5
16534,8.035058,13.502917,4
16536,4.761165,9.493377,1
16538,-4.5288825,4.172927,0
16539,-3.0570948,4.9044805,0
16540,-4.8579564,4.43553,2
16541,9.329689,11.682686,6
16542,7.885053,10.966669,7
16543,10.896234,10.634615,1
16544,8.180281,12.941758,4
16545,11.331184,0.5924894,7
16547,-6.6052904,6.3147235,2
16548,7.280949,11.843087,6
16549,10.536982,14.733511,5
16551,10.594011,14.281234,5
16553,11.232606,13.838198,5
16554,8.612538,12.583777,5
16556,3.4961379,6.9755936,6
16557,10.222611,0.59478134,6
16558,10.918144,0.98842496,7
16559,11.129847,14.3306675,5
16561,8.440512,12.853371,5
16563,7.4309688,13.082302,1
16564,7.3774877,11.4703455,1
16566,6.3768764,12.506247,3
16568,8.232775,-0.1800881,7
16569,10.563485,11.948619,4
16571,3.6783473,7.031442,6
16572,-6.4775753,4.1201744,0
16573,7.271072,11.876697,1
16575,6.260452,6.8013883,1
16576,3.5527291,7.0977306,6
16578,6.1976466,13.213146,3
16579,-4.150328,4.464351,0
16581,-3.3458157,7.0860662,2
16582,8.573998,10.335986,6
16583,8.235699,13.150451,4
16584,14.734324,10.605395,3
16585,6.0485415,11.864248,3
16586,4.5432706,8.949003,1
16587,6.7088375,6.8199363,1
16588,-6.414738,6.1242924,2
16589,9.051683,11.162822,6
16591,14.039093,9.864263,1
16593,10.858023,-0.30783206,7
16594,7.6887355,13.720104,4
16595,13.124303,10.038542,6
16596,-3.8911426,4.799806,0
16597,4.0446944,9.935558,4
16598,7.535134,12.423787,6
16599,14.7415085,11.262427,3
16600,4.8508344,7.300615,6
16601,3.9030578,6.3295054,6
16602,6.107157,12.604083,3
16603,10.959011,0.12488455,7
16604,-5.448246,4.3590603,0
16606,3.7879515,7.5769105,6
16607,14.157049,9.875499,1
16608,10.062525,14.745539,5
16609,6.2186894,11.79309,3
16610,-5.924828,3.7804015,0
16612,14.204895,9.921092,1
16615,6.2074285,13.076752,4
16616,8.172764,13.248292,4
16617,11.889118,9.617561,1
16618,4.347275,6.657285,6
16619,14.012442,11.183735,3
16620,11.792473,9.67536,3
16621,-4.9595532,3.931608,0
16622,4.870257,10.030162,1
16623,9.108782,11.986293,1
16625,11.346447,14.346483,5
16626,11.25944,0.8489711,7
16627,-3.7199187,6.3336773,2
16628,3.3487654,7.1107626,6
16629,9.62477,12.239715,6
16632,11.556946,13.02107,5
16633,11.300665,0.6248124,7
16634,6.216767,12.126787,3
16635,14.76588,11.304997,3
16636,3.7716472,7.0616074,6
16637,3.3369985,9.1702385,5
16638,8.603313,13.402937,5
16639,4.1552567,7.021097,6
16640,3.8223739,10.575438,4
16641,11.260129,14.271712,4
16642,3.2622855,6.5644436,6
16643,5.0946126,7.8363023,6
16644,6.659709,13.123346,1
16645,-5.3297877,4.7163587,0
16646,-2.7366424,5.487475,0
16648,10.790366,-0.20501561,7
16650,8.245129,12.481454,7
16652,10.707084,14.947608,5
16653,11.499902,9.522876,5
16654,-4.6810646,3.6479754,0
16655,5.6448197,6.8131976,6
16656,4.6137114,10.415039,3
16657,4.6358633,10.617181,3
16658,11.125266,0.8432306,7
16659,-2.9660115,5.411732,0
16660,13.944206,10.972531,1
16662,13.945789,9.93225,1
16664,-5.8892307,5.966154,2
16665,-5.6879845,6.0504923,2
16666,10.220219,15.00006,5
16667,10.466557,14.83998,5
16669,8.49208,12.702774,6
16670,6.287153,12.890902,3
16671,-5.7949905,5.8283834,2
16672,11.060976,11.143922,1
16673,4.4057164,6.56072,6
16675,10.192871,0.6335085,7
16677,9.411794,3.7031446,7
16678,-5.038438,7.4327564,2
16680,-3.6463003,6.4109583,2
16681,-5.710193,6.046964,2
16682,9.639219,3.6167276,7
16683,4.055529,9.772721,1
16684,-3.2867785,6.7096186,2
16685,-3.3135307,6.8196588,2
16687,9.5298815,11.611541,6
16688,-3.6903145,6.3856215,2
16690,13.819789,10.022062,1
16691,14.941232,11.035335,3
16692,-4.3195047,7.2900643,2
16693,7.641297,11.938545,1
16697,9.597021,3.402058,7
16699,6.773766,10.552399,3
16700,11.559565,11.033996,4
16702,3.47393,9.087434,4
16703,5.828851,12.482569,3
16705,6.1730795,9.269301,6
16706,4.900036,9.408055,1
16707,6.433567,12.110699,3
16708,8.070874,11.736308,5
16709,-4.9005294,3.678678,0
16710,3.4558318,9.525128,4
16711,-3.6971824,6.5119586,2
16712,-3.7433162,6.35794,2
16713,5.756282,11.996307,3
16715,8.957418,11.061688,6
16716,7.70061,11.595798,1
16717,-4.980386,3.7101436,0
16718,14.433779,10.353428,4
16719,-3.0223212,5.260335,0
16720,7.021628,10.897678,6
16723,11.627819,10.682719,1
16724,6.0827675,9.079636,6
16725,3.1819627,9.09491,7
16726,14.0539,10.9023285,3
16729,-5.9708223,5.6505914,2
16730,13.405246,9.784391,6
16731,-5.994501,6.2788067,2
16732,4.001518,6.0760036,6
16733,-3.1434536,4.979989,0
16734,10.782928,0.25134104,7
16736,-5.0227423,4.4610457,0
16737,3.7955937,7.58588,1
16738,7.445098,11.502669,1
16740,10.929102,10.59954,3
16742,10.729557,15.026666,5
16743,-6.427566,3.976235,0
16744,8.020863,12.712378,4
16745,-3.1811075,7.268789,2
16746,10.686268,0.010736493,7
16747,-5.9816566,4.5760856,0
16749,14.868505,11.000331,3
16750,10.978844,0.21945924,7
16751,4.0267763,10.673503,4
16752,6.3674173,12.900273,4
16753,7.863291,11.462525,6
16754,-5.9197373,4.208485,0
16755,3.2431939,6.446981,6
16758,9.861419,13.633307,5
16759,10.313105,14.955654,6
16760,9.100457,11.397964,6
16761,11.286679,0.82505214,7
16762,7.890351,-0.39084584,7
16764,-6.2541666,6.5522118,2
16765,9.258678,3.713923,7
16768,5.576525,10.586111,3
16769,4.768587,7.5144277,6
16770,3.3941896,10.401341,3
16771,4.1366386,6.735412,6
16773,11.391784,8.918013,4
16774,-3.3458452,6.935276,2
16775,4.2676916,5.988136,6
16777,-4.9096065,5.885225,2
16778,11.056884,0.43714437,7
16780,-3.2426343,6.959636,2
16781,-4.235192,4.524849,0
16782,13.909081,11.091307,3
16783,-4.043124,3.682449,0
16786,10.549472,-0.1990171,7
16787,7.117776,10.777812,4
16788,-6.0088863,4.591461,0
16789,14.102715,9.663401,1
16791,-5.6741257,3.9664714,0
16792,-5.796421,6.3479896,2
16793,6.6259494,13.092652,1
16795,5.6412206,10.699516,3
16796,13.640611,11.013004,1
16797,11.308797,11.341055,6
16798,6.604374,11.611418,3
16799,-6.337092,3.8272572,2
16800,14.970829,10.837617,3
16801,3.4382052,9.422976,1
16803,4.0778804,10.3949,3
16804,-3.581224,7.066644,2
16805,3.8118532,6.9148617,6
16806,-6.466916,4.007291,0
16807,-2.8766139,5.2248363,0
16808,3.6191716,9.694485,1
16810,14.296761,11.142104,3
16811,14.808986,10.898694,3
16812,-3.02365,6.972821,2
16813,3.399954,6.539985,6
16814,5.8522997,12.013662,3
16815,6.1817203,9.674629,3
16816,7.0773263,10.458381,6
16817,4.3404603,10.5504265,3
16818,-6.328546,6.398391,2
16819,11.473245,11.314776,4
16821,13.906977,9.873299,1
16823,3.716276,9.708373,1
16824,6.9884777,10.422841,4
16827,4.777032,6.879754,6
16828,6.441193,10.600464,3
16829,3.5709424,9.504694,4
16830,10.938272,11.492392,6
16831,5.5573993,10.592841,3
16832,-3.3621602,5.3559027,0
16833,10.758174,14.614864,5
16834,11.25641,0.78251326,7
16835,6.1070247,9.888596,1
16836,13.753879,9.451643,6
16837,-2.6692214,5.065999,0
16838,-5.181953,6.016252,2
16839,-4.3596272,7.4852657,2
16840,6.0171056,8.863186,6
16841,5.7690597,12.074845,3
16842,14.800172,11.2881565,3
16844,5.046413,6.595953,6
16846,11.3627615,14.568787,5
16847,3.6791177,7.0912127,6
16848,7.7567825,-0.5071141,7
16849,13.70267,9.481068,6
16850,4.011614,9.698519,1
16851,8.593203,10.37445,6
16852,7.0980825,13.60259,4
16853,7.089717,12.294865,1
16854,7.3394403,12.586808,1
16856,-6.3151307,6.6913795,2
16857,-6.1315393,4.0381584,0
16859,6.037376,12.972761,3
16862,3.8144765,10.703493,3
16863,10.420927,0.4237085,7
16864,8.412495,13.426185,4
16865,6.412452,12.975644,4
16866,4.0607724,10.510088,3
16868,12.285941,9.56626,6
16869,7.416768,13.715218,4
16871,-5.760436,6.262116,2
16872,-5.103337,3.5320194,0
16873,5.2194943,10.641775,3
16874,10.201571,0.29453316,6
16875,8.855951,13.01918,5
16876,6.9473987,12.462036,1
16877,11.24797,14.749176,5
16878,14.109374,9.772718,1
16879,-6.0223637,5.854996,2
16880,5.195569,9.8722315,3
16881,10.059844,14.632033,5
16882,13.346048,9.834668,6
16884,10.523176,1.102016,6
16885,4.7663546,8.993948,6
16886,11.737178,9.38171,5
16888,-5.0177655,7.537446,2
16889,3.236973,9.084876,4
16890,4.3694506,9.855792,1
16891,7.9444375,12.319984,6
16892,9.967262,13.483866,5
16893,-6.151468,5.9079685,2
16894,7.4319615,13.2046175,1
16895,-6.2215533,3.5486708,0
16896,10.624974,-0.42013305,1
16897,10.967545,0.75494725,7
16898,11.069779,10.834362,6
16899,-3.2096431,6.2418466,2
16900,4.045154,10.253901,3
16901,10.805573,11.117652,6
16902,11.72796,11.233827,1
16903,-4.3168964,6.8349867,2
16904,5.7377815,12.334114,3
16905,-4.7560687,5.5208745,0
16906,6.36236,12.014119,3
16907,11.226156,13.515617,5
16909,13.683335,10.181921,1
16910,10.473338,-0.29140636,7
16911,7.813211,12.15606,1
16912,6.4257307,12.873399,4
16913,7.4930496,12.4311495,1
16914,4.3505745,9.602552,1
16915,7.300864,10.808143,1
16916,-6.0460553,3.2831247,0
16917,7.967405,13.983525,4
16920,6.080549,9.089444,6
16921,8.928783,12.96185,6
16922,8.195939,12.350049,4
16923,11.556701,11.14066,4
16925,3.3271184,9.316776,4
16926,-4.6020336,5.346508,0
16927,14.680661,10.275779,1
16928,12.33304,9.646999,1
16929,10.665994,13.668619,5
16930,8.523729,12.162599,5
16931,7.176547,12.970537,1
16932,-4.6694684,3.960164,0
16933,8.70631,13.456747,4
16934,5.8812013,10.166759,3
16935,-5.5704384,6.517069,2
16936,-3.2517307,4.865215,0
16937,-6.665667,6.2284274,2
16938,-5.0608025,4.779144,0
16939,14.405246,9.862062,1
16940,5.773821,11.756463,3
16941,6.7163186,12.650071,1
16942,11.2535925,0.76697123,7
16943,4.043562,9.333576,6
16944,10.664397,0.49115133,7
16945,-3.1046813,6.5800667,2
16946,8.1560335,11.932196,6
16947,4.305126,7.4007897,6
16948,6.597101,6.219944,7
16949,6.337968,7.1193714,1
16950,10.394935,13.88079,5
16951,-6.192665,6.1027117,2
16952,13.50354,10.617304,1
16953,7.9089003,10.825466,6
16954,11.001497,11.489964,4
16956,6.9212165,11.129716,1
16957,-4.255703,6.920528,2
16958,11.18658,0.7035171,7
16959,3.7280698,7.6104164,6
16960,5.8275304,13.025501,3
16962,13.57927,10.08819,0
16963,-5.7786765,5.8135114,6
16964,13.286498,9.979992,6
16965,11.298214,8.917208,7
16967,-4.916618,4.026808,0
16968,9.771135,12.848924,5
16969,10.295852,1.0325735,7
16970,4.0585475,10.001291,1
16971,3.650002,6.658202,0
16972,11.231609,14.843767,5
16973,13.173615,9.976095,6
16974,9.764231,3.3016117,7
16975,4.460175,10.336518,3
16976,10.058958,14.636797,5
16977,6.0853734,12.217156,3
16978,-5.9171824,3.3211687,0
16979,11.504501,11.237508,4
16980,14.07138,11.2787695,3
16982,8.238985,12.537848,4
16983,-5.7011666,6.458703,2
16984,4.443501,9.651019,1
16985,-5.519449,6.269846,2
16986,11.769308,11.006276,4
16987,10.916932,11.239936,4
16988,11.204951,0.7394118,7
16989,4.7768817,9.998262,3
16990,11.218018,11.291458,4
16991,8.163174,13.157523,6
16992,-5.0062613,5.746736,0
16993,4.555554,9.216437,6
16994,13.216315,10.643027,1
16996,-3.301359,5.2860904,0
16997,7.712102,12.87797,1
16998,-6.579494,6.3843675,2
16999,6.1897116,6.7316856,6
17000,10.194483,14.671537,5
17001,13.901446,9.888426,1
17003,13.023911,10.417667,1
17004,-3.3250296,4.543129,0
17006,9.777129,2.869085,4
17007,-4.1639915,3.838323,0
17009,6.6129994,10.816457,5
17010,-4.8099017,4.010259,0
17011,8.855797,12.526398,1
17012,9.119166,11.890613,6
17013,11.69554,11.079879,6
17014,8.368717,13.561068,5
17015,11.185909,10.630856,1
17016,-4.4565387,7.226517,2
17017,-5.827149,4.9330997,0
17018,-6.2997284,6.4539785,2
17019,7.687611,11.495327,1
17020,-3.290114,4.9374375,0
17022,-4.5583334,4.290472,0
17023,6.2498593,10.064955,1
17024,-5.5401673,6.5808525,2
17025,13.742583,9.513739,1
17026,7.847357,13.802894,1
17028,10.931538,13.871151,5
17030,3.8336542,6.5370975,6
17031,3.8465254,6.1957107,6
17032,11.295981,12.7423935,5
17033,7.3968234,6.52733,3
17034,7.5836463,-0.92911494,7
17035,6.8723598,11.087596,5
17037,4.4436088,8.749751,6
17040,11.302825,13.391492,5
17041,-5.8612943,4.8510137,0
17042,-4.496251,3.6896915,0
17043,7.883715,13.565317,4
17044,4.5778146,6.7634006,6
17045,7.507665,10.724708,4
17046,-5.3949933,3.6358597,0
17047,7.8194957,11.631739,6
17048,6.3819466,9.80254,1
17049,5.669043,11.995114,3
17050,-4.0273886,6.7894893,2
17051,3.6479855,6.431441,6
17052,4.018279,9.3669815,6
17053,10.310978,0.91422284,7
17055,4.159186,9.192942,6
17058,14.034882,11.089308,3
17059,8.069418,13.309099,4
17060,-4.9150047,3.9107318,0
17061,6.1834216,10.07588,1
17062,7.1535525,11.322965,6
17063,8.312049,12.367959,4
17064,8.054014,-0.89823353,7
17065,10.706968,11.0885935,6
17066,13.118453,10.460951,1
17067,-3.887431,6.3770795,2
17068,5.8530254,11.013159,3
17069,4.6692567,9.297233,1
17070,6.6625733,12.50538,1
17072,13.871633,10.591968,1
17073,6.0708275,11.839212,3
17074,10.23011,-0.40248263,7
17075,3.649506,6.666494,6
17076,14.368203,11.596018,3
17078,6.5713983,11.17712,3
17079,13.332432,10.682882,1
17080,12.508527,10.610378,4
17083,-3.6894364,7.503477,2
17084,10.753679,10.7445345,1
17086,5.164977,7.8194075,6
17087,-5.043902,7.6440315,2
17088,8.278967,-0.17345516,7
17089,7.516455,13.474639,4
17090,-6.345358,6.1207895,2
17091,7.464825,6.0758495,1
17092,3.7045105,9.909878,1
17093,4.9178553,10.210908,3
17094,13.792184,9.852783,1
17095,7.2414694,13.072964,1
17096,-3.3952107,6.601742,2
17097,6.382949,9.889213,3
17098,8.193374,13.599578,4
17099,6.0513515,12.76218,3
17100,7.952757,12.410476,4
17101,10.082685,14.905306,5
17103,-5.0539527,4.430405,0
17104,-3.3490558,4.983489,0
17105,13.995893,10.490504,1
17107,3.9366195,6.537182,6
17108,5.1957793,10.719453,3
17109,9.6542,12.130161,6
17110,9.9524355,0.23856021,7
17111,10.838202,10.751946,3
17113,9.748037,3.3907201,7
17114,8.734656,12.098949,6
17115,-5.547747,6.0824122,2
17116,9.109116,11.864259,6
17117,13.40448,10.761005,1
17118,9.515355,3.5207334,7
17119,-6.3155103,4.030534,0
17120,-2.9833543,6.999862,2
17121,4.816242,9.638093,3
17122,11.226748,8.792403,6
17123,8.899033,11.286366,6
17125,9.327527,3.5050676,7
17127,-6.273332,6.7400603,2
17129,-5.4752965,4.6715307,0
17130,7.829976,10.761699,6
17131,4.0144014,9.865449,4
17132,4.686189,6.419007,6
17133,6.8414254,12.071132,3
17134,10.763329,14.653269,5
17135,8.665787,12.399539,6
17137,8.615209,13.1909,6
17138,7.84607,12.894102,1
17140,10.673967,11.433811,5
17141,6.8868775,12.692512,3
17142,6.273501,6.387707,6
17143,9.27989,3.3598466,6
17145,-5.7050447,4.133349,0
17146,-4.1558475,3.7592616,0
17147,10.3116255,1.2609029,5
17148,-6.0417657,5.700574,2
17149,-5.275975,3.6960444,0
17150,7.521537,13.242031,4
17151,10.772565,15.217699,5
17152,4.7973757,8.77587,6
17153,-5.4425716,4.6896014,0
17154,15.069122,10.821963,3
17155,14.293358,11.51486,3
17156,-5.852845,3.4326851,0
17158,7.450114,10.893609,6
17159,3.820128,9.632484,1
17160,10.463717,0.75993115,7
17161,6.292826,9.860431,1
17162,11.437378,11.478066,4
17163,-6.3781595,4.2543035,0
17165,8.579773,10.408568,6
17166,-6.54764,6.380569,2
17167,10.844761,-0.21347754,7
17169,6.3258023,13.030554,4
17171,4.699076,10.017625,3
17172,-5.359998,4.449859,0
17173,6.028728,8.998572,6
17174,-2.9698827,4.9708056,0
17175,10.714505,13.601652,5
17179,6.930435,12.85013,4
17180,-4.0749874,6.9077735,2
17183,4.2199965,9.738268,1
17184,-2.9144154,4.7327914,0
17185,-2.794669,4.9475093,0
17186,13.718335,9.491631,6
17187,8.318529,-1.117429,7
17188,8.649135,10.831317,6
17189,13.432098,10.856628,1
17191,-3.304318,4.9514694,0
17192,6.3865404,10.277764,6
17193,6.0039597,10.88221,3
17194,10.392346,-0.26410645,7
17195,9.501491,11.975108,6
17196,-3.165977,6.6361017,2
17197,11.11949,14.941765,5
17198,-6.2239413,6.7895827,2
17199,6.3701267,13.390966,3
17200,6.6771784,12.924029,3
17201,8.086021,12.919581,4
17202,4.253194,6.132208,6
17203,8.164061,11.365438,6
17204,5.2306194,9.913583,3
17205,4.315023,6.416439,6
17208,4.869639,7.431647,6
17209,14.053864,10.349825,6
17210,-5.8998637,3.4608572,0
17211,10.069401,14.91822,5
17212,14.650493,11.294085,3
17214,8.264581,11.362074,4
17215,10.858711,14.322371,5
17216,5.9808035,11.850118,3
17219,4.754042,9.446907,6
17220,7.3057165,11.947718,1
17221,11.473903,9.5804615,4
17222,7.9648824,10.944018,4
17223,7.4495077,12.79797,1
17224,9.6792555,3.5072467,7
17225,4.4666495,9.6897745,6
17226,14.356693,9.980384,1
17228,5.1003547,7.863591,6
17230,5.52132,11.115018,3
17231,-5.812433,5.856209,2
17232,11.139079,13.967729,5
17233,14.75662,11.256093,3
17234,-5.599007,3.71204,0
17235,-3.3038297,5.0585365,0
17236,3.394807,6.800971,6
17238,13.688161,10.355051,1
17239,3.8282266,9.5897255,1
17240,5.073364,9.84335,3
17241,-5.5879645,4.5155716,0
17242,14.051901,10.847319,1
17243,9.374953,3.5050728,7
17244,10.9731045,14.2769985,5
17245,-3.671498,5.473469,0
17246,9.310498,3.2791836,7
17247,14.213829,10.737568,1
17248,7.5413003,12.066997,1
17250,-2.6373644,4.929131,0
17253,-3.0168152,6.9857564,2
17254,6.8481236,12.817864,4
17256,3.89984,9.059401,6
17257,6.0892763,12.889707,3
17258,-4.9130335,5.7624283,2
17259,10.248161,13.372403,5
17260,6.5734463,12.982595,4
17261,8.501807,13.553362,4
17262,9.864984,3.2011294,7
17264,7.371984,13.508276,1
17265,5.8495064,12.684956,3
17266,14.548371,11.470265,3
17267,14.094169,9.77247,1
17268,-3.616242,4.4953322,0
17269,11.542212,11.142984,1
17270,7.757856,13.394331,1
17271,8.626888,12.49429,6
17272,9.436238,11.5364,6
17273,6.7996798,13.126506,1
17275,3.803225,6.6309166,6
17277,6.9362845,11.980586,1
17278,11.33436,0.7149727,7
17279,7.1110325,12.206488,1
17280,7.0964785,6.368241,1
17281,-6.1074147,4.422606,0
17282,-4.0244412,4.101863,0
17283,-2.6769266,4.934005,0
17284,8.560485,10.94817,6
17286,-3.1416667,7.1677094,2
17287,5.946474,12.827445,3
17288,-4.6599536,7.191756,2
17289,10.240366,14.834751,5
17290,-4.0479503,6.9409766,2
17291,-5.814905,3.8740528,0
17292,-3.3798194,4.913097,0
17294,9.614223,12.203353,6
17295,5.9658017,12.87299,3
17296,-6.3282723,3.502406,0
17297,10.494444,0.70046926,7
17298,8.233541,13.491024,4
17300,10.32107,15.0606785,5
17301,11.465951,14.271463,5
17303,10.145327,1.08145,7
17304,-3.463294,6.71186,2
17305,10.642081,10.952847,1
17306,7.9289603,13.100335,4
17307,11.016201,8.643613,4
17308,5.068092,9.18721,1
17309,10.229598,0.46775147,7
17311,11.365391,8.903671,6
17312,5.6451516,12.52041,3
17313,4.6012726,10.534917,3
17314,5.9950595,6.9529977,6
17315,13.041983,10.510942,1
17316,-3.1982224,6.515398,2
17317,11.16448,14.785521,5
17318,3.6512716,6.8746433,6
17319,11.278443,11.52014,5
17321,9.188969,3.516056,7
17322,-6.5034637,4.1380057,0
17325,10.919265,0.7292999,7
17326,11.003465,11.3248005,4
17327,8.216419,-0.21918596,7
17328,5.999082,11.874728,3
17329,3.8604763,10.550369,3
17330,4.524104,7.6200337,6
17332,7.495816,13.868707,4
17333,7.3746247,11.184094,4
17334,9.180586,11.470793,6
17335,13.527831,10.083761,1
17336,10.338267,14.825331,5
17339,4.8077965,10.193673,3
17340,11.321199,0.7350994,7
17341,10.824564,11.363873,6
17342,11.202705,13.014965,4
17343,7.2323356,11.936639,1
17344,3.303209,9.645235,4
17345,-5.519075,5.985375,2
17346,10.959403,14.222954,5
17347,13.47875,10.605319,1
17350,9.252017,3.4180782,7
17352,5.550298,8.148301,6
17353,9.059005,12.322392,1
17354,10.192698,13.274907,5
17355,14.93924,10.892789,3
17356,7.6395283,10.260987,5
17357,6.1604753,12.700741,3
17358,7.554243,10.446995,4
17359,4.002919,10.627235,3
17360,7.964948,-0.53420484,7
17361,7.486587,13.208041,6
17362,11.216914,14.143782,5
17363,11.3164215,13.878064,5
17365,8.858459,13.393854,4
17366,10.801481,15.138982,5
17367,-3.5595672,5.366408,0
17369,11.828393,9.568086,1
17371,4.1897335,7.0718684,6
17372,14.770928,11.297461,3
17374,-4.081232,4.497816,0
17375,-6.158062,5.991216,2
17377,3.4029412,9.162948,1
17378,7.7216525,6.6327972,3
17379,-3.1329026,7.207457,2
17380,7.891249,11.399689,6
17382,7.7959824,6.181156,3
17383,-2.6936677,5.0308805,0
17385,13.72215,9.510466,6
17387,9.60149,3.6151853,7
17388,6.744498,6.090616,1
17390,10.888102,11.079377,1
17395,4.5099916,10.199324,3
17397,-6.0384912,4.703908,0
17398,-6.1015105,3.5245295,0
17399,11.04109,13.242323,7
17400,7.874714,-0.9736357,7
17401,10.895982,11.497012,6
17402,11.222735,9.039669,5
17405,8.390739,13.02294,4
17406,3.6098988,9.204188,4
17407,3.944918,10.180653,3
17408,14.539028,10.814159,3
17409,-3.5147924,7.4321003,2
17410,11.607322,10.977775,6
17411,10.61881,0.08267106,7
17413,5.222897,6.610712,6
17415,11.445197,9.603345,5
17416,5.532718,6.7443714,6
17417,8.761554,12.221878,5
17418,13.656974,10.475158,1
17420,-6.1387815,4.377807,0
17421,10.830693,11.0537,3
17423,10.257914,13.318169,5
17424,10.612341,13.806889,5
17425,7.827611,10.447461,6
17426,7.351189,6.004656,1
17427,7.0734715,13.631202,4
17428,6.772118,12.830368,1
17429,9.340331,3.7280385,7
17430,-5.900019,6.1206727,2
17432,-6.1845593,6.229324,2
17434,4.2947946,6.2626123,6
17435,-5.4353557,6.659932,2
17436,4.9435015,9.399884,1
17437,6.8941827,6.237834,1
17438,7.232833,11.463366,6
17439,10.109655,13.914187,5
17440,3.9971714,9.302377,1
17441,-5.9440055,5.976965,2
17442,10.464969,-0.40637726,7
17443,7.082825,5.9287343,1
17446,3.2615614,6.311939,6
17447,-3.7391062,4.63704,0
17448,14.485671,11.507611,3
17449,14.57462,11.39827,3
17450,-6.0823803,6.8265057,2
17451,8.1374,12.765745,4
17452,3.980862,6.8484926,6
17453,3.60793,9.163944,6
17454,5.715787,11.475634,3
17456,10.904519,14.125527,5
17458,-5.4338374,6.845893,2
17460,10.625875,-0.16898979,7
17461,-3.1953506,6.9954395,2
17462,5.1636086,7.4815154,6
17463,7.6686134,6.15701,1
17464,3.3046725,6.4787607,6
17466,-3.604652,6.674811,2
17467,4.1030607,5.855066,6
17468,6.464087,10.266594,4
17469,3.7249768,7.21151,6
17470,10.618292,14.567473,5
17471,7.8526125,6.572567,3
17472,9.737162,12.991267,5
17473,8.370839,13.446569,4
17474,4.7967224,9.708837,3
17475,10.684982,14.908664,5
17476,7.4393077,13.01529,4
17477,13.362569,10.618143,1
17478,8.419369,12.727127,4
17479,8.229991,11.696698,4
17480,-5.677182,6.7086024,2
17481,9.574602,3.458392,7
17482,-4.0924406,3.8452475,0
17483,10.210113,0.37139747,7
17484,11.27912,8.918819,6
17485,-3.8838086,7.458498,2
17486,-5.4347653,4.283836,0
17487,6.027894,10.190531,1
17488,11.168131,8.794377,4
17489,-3.3257723,5.0159216,0
17490,-2.937052,4.836395,0
17491,-4.907131,5.705207,1
17492,6.105389,11.882028,3
17494,9.107985,11.939384,6
17496,10.068407,15.221639,5
17497,4.4510355,10.0532875,3
17498,8.047911,13.507224,4
17499,5.943424,11.389103,3
17500,6.489859,11.342192,1
17501,4.028971,9.494551,1
17502,-5.7908025,6.205644,2
17503,10.458359,8.349619,4
17504,3.2789419,6.5616436,6
17507,5.8484764,11.941219,3
17508,12.882336,10.433445,6
17509,7.046469,13.073024,4
17510,13.474678,10.737516,1
17512,11.0065975,0.30587006,7
17514,-4.34425,3.8995662,0
17517,7.409874,13.536348,4
17518,11.148282,14.1591215,5
17519,-5.4090877,3.555008,0
17520,10.065471,1.1602012,7
17521,-5.637982,4.3839345,0
17523,11.800014,9.705153,4
17524,3.4673984,6.4839473,6
17525,3.9123383,9.499606,1
17527,11.595088,11.331011,1
17528,11.976974,9.714532,4
17529,-5.760731,6.162827,2
17530,-5.0487685,4.5944324,2
17531,10.659833,-0.300278,7
17532,7.3429117,10.974139,1
17533,-5.369018,4.6193066,0
17535,-3.970316,4.312496,0
17536,4.3501086,8.692459,4
17537,8.155202,-0.9404243,7
17538,14.633532,11.401923,3
17540,-3.066566,4.7361546,0
17541,8.804191,13.098398,6
17542,6.199984,12.0873785,3
17543,7.621347,13.6356,4
17546,8.153905,-0.9668266,7
17547,15.039021,10.871821,3
17548,11.311925,0.7379804,7
17549,6.378957,9.74645,3
17550,4.897581,10.006293,1
17551,7.5922976,12.414454,1
17552,3.1894693,9.527653,1
17553,6.0050263,11.789012,3
17554,6.2043276,6.724018,6
17555,5.6023374,12.094486,1
17556,-4.981344,3.7586958,0
17557,12.144626,9.495225,5
17558,8.309575,12.306629,4
17560,9.20002,11.798046,6
17561,-5.3760986,4.358338,0
17562,14.496358,10.178791,1
17563,13.52986,9.7491,6
17564,10.592981,15.254744,5
17565,8.497238,11.325682,4
17566,4.0121384,8.980572,6
17567,14.402353,11.469905,3
17568,-2.9545739,6.7432876,2
17570,-4.6436696,7.22497,2
17572,4.9844666,9.835194,3
17573,7.409157,13.280751,4
17574,3.8796802,7.2498,6
17575,7.415459,11.957601,6
17577,3.9801514,10.280437,3
17578,9.38665,3.1545732,7
17579,-5.676788,3.3868024,0
17580,-6.2374725,3.6861577,0
17582,14.515949,11.489408,3
17583,10.199232,0.5223884,6
17584,-5.480318,4.2899246,0
17586,10.172089,0.5226678,7
17587,13.605267,11.19951,3
17588,6.5864663,13.133888,3
17589,-4.6489196,4.383041,0
17590,6.6180124,13.114709,4
17591,6.395517,9.739863,6
17592,14.735292,10.995584,3
17594,13.239045,10.008546,6
17595,10.634882,0.5088239,7
17596,4.5602264,9.906831,1
17597,3.5738823,6.9726434,6
17598,4.0487733,10.517166,3
17599,-5.6009917,3.4989343,0
17600,-5.4865527,3.6860194,0
17601,-4.432254,3.9672873,0
17602,15.006261,10.799481,3
17603,5.149281,7.74422,6
17604,11.329142,13.771547,5
17605,10.982509,13.032484,5
17606,-3.6623693,4.94949,0
17607,5.3411613,10.703659,3
17609,10.739862,12.857266,5
17610,14.414328,10.344682,1
17611,6.785573,11.129674,4
17612,3.3938427,6.4402413,6
17613,7.326808,13.701243,4
17614,-5.58368,4.235505,0
17615,11.081106,0.81002057,7
17617,-4.629588,3.718373,0
17618,8.122124,12.81369,4
17619,10.9027195,11.095748,4
17620,-5.226542,3.473294,0
17621,5.495458,11.112845,3
17623,5.615888,6.8393893,6
17624,9.039537,12.18112,6
17625,-4.016442,7.462054,2
17627,3.8768046,10.029959,3
17628,11.143061,0.83560646,7
17629,-4.346642,7.4179225,2
17630,5.901398,10.407283,1
17631,11.008564,8.7214,4
17632,11.403439,13.018817,5
17633,6.9246674,6.069876,1
17634,9.210618,12.054991,6
17635,5.224985,8.0505705,6
17636,6.7484393,12.570779,1
17637,8.162461,-0.9686697,7
17640,3.7991645,6.844934,6
17641,9.41011,12.678829,4
17642,-3.0702596,5.5274367,0
17643,11.84115,9.696198,3
17644,8.457762,13.132821,6
17645,-6.0383415,4.781837,0
17646,8.576554,10.35845,6
17647,-5.8538785,5.680028,2
17648,3.9926045,5.842281,6
17649,10.923863,0.034558848,7
17651,-3.1983051,4.9411926,0
17654,6.400249,12.581856,3
17655,14.891038,11.111381,3
17656,10.374398,14.410567,5
17657,8.1524,-0.976297,7
17658,11.2642355,14.383476,5
17659,6.42341,13.419918,3
17660,11.234508,8.826172,6
17661,7.254258,13.038322,1
17663,-3.640975,6.408695,2
17664,7.2126074,6.2040386,1
17666,14.417837,10.510312,3
17668,7.9556813,11.52166,6
17669,5.806015,11.396622,3
17670,7.43539,11.432433,6
17671,6.169586,6.7106853,6
17672,-3.6842756,5.3217993,0
17673,-4.31703,7.218002,2
17674,14.15901,10.080528,1
17676,7.902698,12.992303,4
17677,-3.4948342,5.1103096,0
17678,10.678766,-0.15300411,7
17679,7.5688562,13.589663,4
17680,-3.6150331,4.9084034,0
17681,-5.8506765,6.916398,2
17682,13.943399,10.206208,1
17683,3.1830015,6.8129015,6
17684,3.8208945,8.6705,5
17686,5.6195793,12.121958,3
17688,14.259117,9.955723,1
17689,-2.9329,7.005891,2
17690,7.3604336,11.360272,1
17691,7.25596,10.475395,4
17693,7.477522,12.838479,4
17694,5.562567,6.899395,5
17695,11.205277,8.79652,1
17697,3.1838741,6.814747,6
17698,7.5726786,14.041383,1
17699,-6.5647435,4.0774946,0
17700,9.008694,11.21195,6
17701,10.849576,13.127153,5
17702,-4.9565587,3.6840074,0
17703,3.3182242,10.072831,3
17704,9.34024,3.346294,7
17705,4.5282955,8.711547,6
17706,7.711743,10.804662,6
17707,14.039854,10.661555,1
17708,11.205907,0.28558123,7
17709,6.3595033,10.799954,6
17711,8.574326,-0.13370354,1
17712,11.338298,0.7600707,7
17713,7.159407,13.171496,1
17714,9.200916,11.971052,6
17715,7.3044724,12.113555,1
17716,3.9925928,7.3220515,6
17718,4.407648,9.360358,1
17719,10.897854,12.258073,4
17720,7.0159516,10.37383,4
17722,-2.8347576,5.2283535,0
17723,11.366139,0.39724705,7
17724,11.068095,0.46084034,7
17726,7.227681,10.445289,6
17727,-3.5426898,5.1876187,0
17729,-5.873839,6.8942404,2
17730,4.97927,9.206609,1
17731,14.5957775,10.467868,3
17732,7.1479726,12.30845,1
17733,-3.493564,6.579349,2
17734,5.211449,6.717064,6
17735,-6.217475,6.8066072,2
17736,13.426856,10.481304,1
17737,10.66249,8.392722,4
17739,7.777959,6.6254425,3
17740,8.226053,11.946765,5
17741,-5.2679157,6.6774178,2
17742,10.910354,11.06602,4
17743,5.722707,6.998507,5
17744,-3.1841786,4.855319,0
17745,3.3846262,7.166973,6
17747,11.109059,11.720406,4
17749,-3.5441756,7.105143,2
17750,6.1920967,9.580934,6
17751,7.0206475,12.702477,4
17752,11.3773365,9.022145,6
17753,-5.6093783,4.788993,0
17754,11.020793,14.673473,5
17755,10.609246,-0.28028408,7
17756,-6.4053483,6.3603487,2
17757,6.7922473,12.07644,3
17758,6.175076,12.3772335,3
17759,7.475193,11.445991,4
17761,-4.839456,5.410696,0
17762,5.6734414,12.006188,3
17763,6.396311,13.633056,3
17764,10.851229,0.8214946,7
17766,10.906233,14.639284,5
17767,-4.4752507,7.1711473,2
17769,-5.5585504,7.0410542,2
17771,4.033278,6.2980156,6
17773,10.8225155,14.0845175,5
17775,4.1534657,7.1240788,6
17777,4.8399277,7.7356267,6
17778,11.007282,8.626348,6
17779,6.991192,6.3863864,1
17780,10.943332,13.588623,5
17781,14.361908,11.4947,3
17782,-4.418064,3.7792215,0
17783,7.9768243,11.103739,4
17784,11.180288,0.70853007,7
17785,7.2749104,13.839218,4
17788,6.8146043,5.964274,1
17789,11.898054,10.558673,1
17790,3.8638382,7.0404716,6
17791,8.502116,13.429051,5
17792,8.154167,13.820317,4
17793,4.1905026,10.346328,3
17794,4.344979,7.5598693,1
17795,3.9129736,9.812688,1
17796,6.388588,11.950253,3
17798,8.089959,10.983278,4
17799,4.860654,9.685526,1
17800,-6.1525393,6.8467317,2
17801,-6.430366,6.1605754,2
17802,12.6134205,10.614129,1
17803,9.917466,2.9613256,7
17805,-3.7419772,7.39057,2
17806,9.782208,3.2940326,7
17807,11.280557,8.963543,6
17808,-6.0638986,3.8962479,0
17809,7.2633724,11.218665,6
17810,7.6181474,13.353367,4
17811,11.718837,11.342168,6
17812,3.3629756,8.331548,5
17813,9.531425,12.114506,6
17815,9.541202,3.6233833,7
17816,13.038962,10.246927,5
17818,8.303616,-1.0154645,7
17819,13.330121,10.184158,6
17820,10.423313,0.67988425,7
17821,4.844444,7.002764,6
17824,8.637573,13.147632,6
17825,-3.3393927,6.402883,2
17826,10.195718,0.14951405,7
17827,9.619394,2.9362679,7
17828,9.986029,11.683477,6
17829,11.365913,0.6411686,7
17830,8.316579,-0.9177801,7
17832,-5.4346843,4.8393126,0
17833,7.7359753,13.547908,4
17834,-3.7770522,5.539698,2
17835,10.161798,-0.18895222,7
17836,-6.1042857,3.8557758,0
17837,3.471593,7.148615,6
17838,-3.0723934,5.1830974,0
17839,7.777018,13.528998,4
17840,6.1737676,11.610094,3
17841,-5.740486,3.4307218,0
17843,-3.548996,4.4621277,0
17845,7.7675233,12.940981,4
17846,11.144111,13.917887,5
17848,7.2046175,12.420312,1
17849,5.232089,9.658677,4
17850,9.256603,3.525793,1
17851,7.848774,13.7883215,4
17852,7.9054136,-0.9523423,7
17853,10.696022,0.7753636,7
17854,-3.6212652,6.5141625,2
17858,12.733253,10.727037,4
17859,-5.5778995,7.076306,2
17860,11.208148,13.638668,5
17862,7.8503733,6.444532,3
17863,6.5224576,10.1265135,6
17865,10.898968,10.789486,1
17866,13.704043,10.6096735,1
17867,-4.1762285,4.3926506,0
17868,10.312342,14.879352,5
17869,6.1404357,9.840221,1
17870,-5.572369,4.4762487,0
17871,7.8561225,-0.33030388,7
17873,7.2327785,12.433924,4
17874,3.1639967,9.596373,4
17875,-5.7882347,4.871121,0
17876,4.6529884,10.363677,3
17877,9.736374,12.78327,5
17878,13.390901,10.105276,1
17879,13.391421,10.439569,1
17880,3.4903712,8.78603,4
17881,7.2338843,12.50415,1
17882,13.157689,10.0748825,6
17884,4.0023026,6.4001045,1
17885,10.815686,10.595719,1
17886,7.814705,6.610973,3
17887,11.042566,11.281578,3
17888,10.710473,-0.18927778,7
17889,7.736705,-0.51110166,7
17891,8.497067,13.271428,6
17892,-4.4599533,3.6809318,0
17893,-6.419431,6.2905154,2
17894,3.6167276,10.332904,3
17895,9.684013,12.703693,5
17897,13.556393,10.82112,1
17899,14.205828,10.198398,1
17900,-5.286036,7.0333176,2
17901,6.072556,13.046414,3
17902,10.983201,11.357597,5
17903,9.905261,13.792038,5
17904,11.820164,11.041632,3
17905,-4.746322,4.547248,0
17906,3.693138,7.3241715,6
17907,-4.487233,4.2874203,0
17908,6.861291,11.743619,1
17909,7.76833,13.247295,4
17910,6.9002748,13.895515,4
17911,-3.3370345,5.4180727,0
17912,3.9039938,10.570874,3
17913,4.8429937,7.4468474,6
17914,6.17275,6.7640433,5
17916,7.6902313,12.066985,6
17917,-3.5691516,6.256833,2
17918,-4.207,6.1763873,2
17919,-3.425959,4.3586955,0
17920,13.3046255,9.8890705,6
17921,9.919154,3.2122722,7
17923,-3.113381,5.403538,0
17925,6.8236976,11.929454,4
17926,11.804816,9.624248,1
17927,7.7398124,11.387881,5
17929,-6.275417,4.179203,0
17930,8.173924,12.598601,4
17931,8.5529175,12.725083,6
17933,8.806112,11.467076,6
17934,4.1461005,9.227504,1
17935,4.306499,5.891989,6
17937,5.5193815,7.3619304,6
17938,6.043109,12.944302,3
17940,8.956071,13.485555,1
17941,-5.635023,6.958498,2
17942,8.288582,-0.926749,7
17944,4.4904323,6.6799483,6
17945,6.084206,12.501978,1
17946,7.096848,13.054733,4
17947,13.698588,10.369106,1
17949,7.4062004,13.99263,4
17950,4.926277,7.26954,6
17951,3.3026838,9.323634,6
17952,7.5998907,13.523085,4
17953,10.814344,14.866475,4
17954,8.20902,12.374805,7
17955,7.5023394,13.303873,4
17956,10.86232,14.878901,5
17957,-5.065353,2.7158601,0
17958,-3.6301198,5.258579,0
17960,4.674057,9.75662,4
17961,-5.7138352,5.816882,2
17962,10.575384,14.834844,5
17963,4.5649304,9.372359,1
17965,6.6351676,11.826862,1
17966,6.0107865,11.073137,3
17967,-5.2653737,4.878544,0
17968,5.2078104,10.104468,1
17969,8.994728,11.855342,6
17971,8.0860815,13.664313,4
17972,-4.788728,4.550578,0
17974,10.949325,10.714131,1
17975,7.868135,-0.33542868,7
17978,5.9191723,13.343418,3
17979,5.521024,6.835604,6
17980,7.2726517,12.854327,4
17982,14.94343,11.040548,3
17984,11.150862,14.662888,5
17987,11.237963,13.426883,5
17988,7.4872584,12.8836155,4
17989,14.502976,10.380689,1
17990,10.752248,14.428152,5
17993,-3.5295646,6.633605,2
17994,3.793055,9.496364,1
17995,10.276397,12.947111,6
17996,6.2426414,12.388569,3
17998,11.31481,8.908888,6
18000,-6.0880575,4.169324,0
18001,-6.3859005,6.6483507,2
18002,5.72469,12.48497,3
18003,-5.613667,6.077143,2
18006,11.278669,9.406555,5
18008,4.036986,5.8533134,6
18009,5.019197,7.168693,6
18010,-3.0610857,4.7933416,0
18011,4.3838773,10.260608,3
18013,9.403345,12.033347,6
18014,11.105341,8.767189,6
18015,3.432575,6.3495054,6
18016,7.5400133,13.727539,1
18017,6.815215,6.031444,1
18018,-6.1815276,3.8236024,0
18019,8.965766,11.660843,6
18020,5.738238,7.000674,6
18022,10.453184,14.988596,5
18023,7.936292,-0.91000646,7
18024,4.7117143,7.0953393,6
18026,9.58625,12.161213,6
18027,9.135334,11.3680105,6
18028,6.682142,12.187632,1
18029,13.449916,10.174057,1
18030,4.34603,6.0164456,6
18031,3.9953372,9.155672,6
18033,14.650925,10.369977,1
18034,3.6188138,9.306436,4
18035,6.9915633,6.311381,1
18036,10.489042,-0.4450973,7
18037,8.397553,13.275686,6
18038,10.74002,15.178031,5
18039,3.8095503,10.451069,3
18040,8.300711,-0.17896235,7
18042,8.239348,12.922985,6
18043,5.97049,12.558771,3
18044,10.590583,-0.033978082,7
18046,11.055713,0.026450403,7
18047,10.6994505,15.163474,5
18048,7.540089,13.825444,4
18049,6.119672,6.73963,6
18050,-5.074515,6.2658706,2
18051,3.7567475,7.6071286,6
18052,8.05378,-0.90319586,7
18055,8.261574,-0.17648463,7
18056,7.0413613,11.728823,1
18057,9.616557,3.530537,7
18058,11.291601,14.253565,5
18059,7.9403105,11.270698,7
18060,10.706294,0.5161699,7
18061,11.728347,9.184268,6
18062,3.699672,8.982134,4
18063,-4.266414,4.0705543,0
18064,13.421716,9.719998,6
18065,7.683207,11.723213,6
18066,3.841724,6.318079,6
18067,10.316417,0.2703255,7
18070,5.6590586,11.906048,3
18071,5.8380876,11.96759,3
18072,-3.74686,4.7879796,0
18073,5.2637763,8.138427,6
18075,-3.0056865,7.1130466,2
18076,4.0869017,9.187852,6
18077,11.021926,10.818892,3
18078,10.9253435,10.683891,3
18080,14.41257,10.303653,1
18081,-5.876056,5.3205943,2
18083,-6.253468,6.2006936,2
18085,11.454818,9.037996,1
18086,14.577621,11.502354,3
18087,6.0474887,6.687293,6
18088,5.0533667,6.8713207,6
18089,7.793914,10.838697,6
18090,10.163905,13.014816,5
18091,7.000769,10.625076,6
18093,6.804098,12.904531,1
18094,8.268577,12.441295,4
18095,-3.7484572,6.809935,2
18098,10.904366,12.852215,4
18100,-5.593503,4.7760935,0
18102,4.011937,9.255246,5
18103,13.558289,10.101048,1
18104,10.9619055,13.350477,5
18105,11.47521,13.14039,5
18106,14.024616,9.6972,1
18108,5.2509146,7.8773317,6
18109,7.543847,14.064663,4
18111,9.668593,13.336614,5
18112,6.244524,11.589148,3
18113,3.9864655,9.993869,3
18114,-4.485297,4.1811514,0
18116,13.764843,10.473512,1
18117,9.393231,11.815229,6
18118,11.68185,9.306227,5
18119,-3.2882,4.973145,0
18120,6.5380354,11.047215,3
18121,-3.7937934,4.192667,0
18122,6.1972594,6.7765536,6
18123,7.0293274,12.803366,4
18125,3.879001,8.716777,4
18126,14.029359,10.523111,1
18127,10.54953,11.86279,5
18129,3.635747,7.439732,6
18130,4.627617,10.386277,3
18132,5.870082,12.172881,3
18133,6.6412063,13.504149,3
18134,11.186722,14.354809,5
18135,-3.3010297,4.5929823,0
18136,5.0372033,10.592456,3
18137,5.302819,7.2609134,6
18138,10.754471,14.377045,5
18139,-5.303467,4.2719564,0
18140,8.512878,13.579085,6
18141,11.425211,0.5897733,7
18142,14.143092,10.152658,1
18143,11.653906,10.565818,6
18144,13.632002,10.258877,1
18145,7.7569137,6.402132,3
18148,7.9447923,11.301354,5
18149,-5.249076,4.77368,0
18150,13.9964285,11.252636,3
18151,7.4262633,11.465494,2
18152,11.809333,10.585824,5
18153,10.042577,14.804946,1
18154,11.227647,8.803899,4
18155,11.411611,0.597812,7
18157,10.411718,-0.31082922,7
18158,7.4846134,11.326398,4
18159,13.670058,10.292324,1
18160,6.8129168,11.733259,1
18161,7.840704,13.70076,4
18162,-3.025899,6.777536,2
18163,10.11911,14.798051,5
18164,-5.5594277,3.9501767,0
18165,9.941713,14.800863,6
18166,-3.5854611,6.416944,2
18167,6.4113936,10.18909,4
18168,5.868752,11.978337,3
18169,8.2246,12.996759,4
18170,6.149548,10.646424,3
18171,-3.7902427,6.3024907,2
18172,11.260197,0.27910334,7
18174,5.5414405,11.9284935,3
18175,3.349869,6.7506647,6
18176,-5.8664937,3.8616002,0
18177,-4.9779434,4.0896316,0
18178,11.143061,0.13486922,7
18179,-5.985687,6.689993,2
18181,9.986756,12.866337,5
18184,11.098299,11.054461,6
18185,5.610884,9.845228,4
18186,5.669097,12.303087,3
18187,13.429716,10.1079035,6
18188,9.572396,3.013778,7
18189,3.6959138,10.484909,3
18190,-4.0894127,4.9353824,0
18191,11.066906,0.800874,7
18192,6.7678075,12.453347,1
18193,7.46386,10.772104,1
18194,10.853739,8.5269985,1
18195,-5.687316,4.502429,0
18197,-4.9436116,3.920487,0
18198,7.5878434,12.034672,4
18199,6.1913104,9.564952,1
18200,-3.06029,6.4533553,0
18201,-6.6534986,6.334505,2
18202,10.843752,8.54453,6
18203,4.3911324,10.180917,3
18204,10.972792,10.765785,6
18207,10.363311,-0.3529564,7
18208,10.745054,10.68967,1
18209,7.137922,12.173428,1
18210,-3.071856,6.745667,2
18211,5.943473,10.696566,1
18213,11.030602,14.819328,5
18214,6.1288543,9.933415,3
18215,4.8238792,10.051509,3
18216,11.800688,9.586327,1
18217,6.0041294,12.752264,3
18218,8.384945,-0.2932059,4
18219,7.6654844,12.47876,6
18220,6.642942,10.264493,6
18221,12.20662,9.552036,1
18223,8.104738,-0.95737404,7
18225,-5.757613,4.176361,0
18227,-6.348048,3.7819772,0
18228,10.261621,-0.31137162,7
18229,6.8488307,12.130539,3
18230,4.017796,7.5613723,6
18231,10.58309,8.895255,5
18232,9.680056,12.330337,6
18234,3.5622334,7.3311253,6
18235,-3.221441,5.208861,0
18236,7.0985703,12.964786,1
18238,11.683369,10.925495,1
18241,11.858001,9.641963,6
18244,-3.2309532,7.2197914,2
18245,9.586831,3.4180908,7
18246,6.2711053,12.30741,3
18247,10.827691,-0.35741174,7
18249,10.703545,0.9865645,7
18250,7.3917236,11.027267,6
18251,11.106413,11.351972,3
18252,11.488174,11.324618,4
18254,-5.616907,4.7025256,0
18256,3.796109,10.87177,3
18257,-5.655878,5.140821,0
18258,5.4317756,10.156588,1
18260,-6.572622,3.9537308,0
18261,9.505599,3.0648644,7
18262,4.78771,9.288356,4
18263,10.993349,11.269152,4
18264,5.3257933,10.490342,3
18266,6.453568,13.301474,3
18268,-4.7355957,4.2733765,0
18270,13.269352,10.102205,1
18272,-5.6787696,4.453286,0
18273,10.446753,14.887694,5
18275,3.46818,10.048136,4
18276,4.271181,6.4084215,6
18277,5.440524,11.192568,3
18278,4.5497174,9.836845,3
18279,9.455241,12.042068,6
18284,6.392394,9.868801,6
18285,-2.7025208,4.928543,0
18286,-5.1893597,7.2024417,2
18287,-5.635792,3.7092557,0
18288,6.315141,12.382046,3
18289,11.041866,13.4155855,5
18290,11.322248,0.6662417,7
18291,-6.0893145,4.442999,0
18292,14.93444,11.004407,3
18293,10.115864,3.1355805,7
18294,5.697531,11.724835,3
18295,5.722925,10.783634,3
18296,-4.877515,4.205017,0
18297,3.497663,9.0842085,6
18298,7.7621784,6.489607,3
18299,3.843718,10.765162,3
18300,-3.68608,6.9191256,2
18301,7.2499456,6.2369776,1
18305,10.164093,14.064369,7
18306,13.5007715,10.679282,1
18307,4.641971,6.3534336,5
18308,11.301182,13.849997,5
18309,8.172071,-0.6786194,7
18311,-3.7198532,5.110309,0
18312,-4.0826354,6.8121085,2
18313,8.499113,12.12056,4
18314,11.493188,10.891092,3
18315,-4.4515295,7.197691,2
18316,-3.2705197,7.3104305,2
18317,7.279383,13.784693,4
18318,-5.5220156,5.2785034,0
18319,3.8464055,6.2653475,6
18320,7.7226195,6.116662,1
18323,13.975075,10.011088,1
18324,4.405748,9.768036,1
18327,4.482843,7.3407774,6
18328,-5.121178,4.550997,0
18329,6.3282523,9.81683,1
18330,-4.4881973,7.078997,2
18331,10.729159,10.876804,6
18332,7.18726,13.93712,4
18333,14.383272,11.255152,3
18334,6.7971053,5.953036,7
18335,6.0113425,12.571524,3
18336,-2.8644948,6.9755135,2
18337,14.70649,10.60716,3
18339,14.191347,9.86702,1
18340,8.878157,13.012555,5
18341,-6.2133403,4.8979793,2
18343,12.459962,10.457128,4
18344,-5.757756,3.7611723,0
18345,13.459182,10.565439,1
18346,-3.2952764,7.1641574,2
18347,6.865543,12.146194,1
18350,-5.149236,4.076496,0
18353,3.6761062,6.6209917,6
18354,5.5503206,6.833766,6
18355,11.555458,9.081545,6
18356,8.900086,12.755636,5
18357,6.00793,6.9711013,6
18358,3.8874109,10.027161,3
18359,4.068837,5.8666625,6
18360,10.94771,13.584008,5
18361,5.820249,11.70814,1
18362,6.956553,11.424099,4
18363,14.515342,11.557144,3
18364,6.003674,10.187342,1
18366,3.718593,9.80494,1
18367,13.32099,10.005538,6
18368,-5.0993547,2.6757717,2
18369,6.589715,11.118513,6
18370,-5.1367245,7.3904386,2
18371,11.057026,8.696823,6
18373,11.161141,13.886781,5
18374,10.814934,8.46991,6
18375,-3.0731113,7.0547895,0
18376,-3.2654722,7.029308,2
18378,8.181977,11.189301,6
18379,3.9144626,6.8701534,5
18380,6.3766522,12.11026,3
18381,10.523195,-0.35833138,7
18382,6.113498,10.379673,6
18384,-4.8066745,7.475323,2
18385,3.633372,7.1264586,6
18386,3.6767232,9.302902,5
18387,-2.9879825,6.8217726,0
18388,12.48166,9.672013,1
18389,6.6006866,13.708199,4
18391,7.3002677,11.30627,4
18392,-6.3445797,4.4811964,0
18393,4.045562,6.700928,6
18394,10.330889,-0.2734801,7
18395,-6.162018,6.5874724,2
18396,9.351364,12.000531,6
18397,9.845077,3.3830469,7
18398,6.482711,11.180766,3
18400,-4.1811953,3.946171,0
18401,4.9133115,6.690826,6
18402,11.312332,14.653037,5
18403,-5.303861,4.1951303,0
18404,7.2892823,11.312003,6
18405,11.123878,13.839627,5
18409,10.710621,10.715403,3
18410,7.194708,11.639297,6
18411,7.662677,11.876074,6
18412,4.114515,7.0850267,6
18413,11.09434,13.265021,5
18414,11.158033,0.30487615,7
18415,13.503012,10.863586,1
18416,4.9297,7.1299367,6
18418,9.991772,13.014377,5
18421,3.6389925,7.1339703,6
18422,10.852824,11.21175,1
18423,6.7030745,12.8835125,3
18424,14.32144,9.9984255,1
18425,6.341741,9.721623,3
18426,3.8181458,7.4812593,6
18427,6.462487,11.4023485,4
18428,5.161377,7.6692653,6
18429,3.4098747,9.298351,4
18430,11.183173,0.4333678,7
18431,-4.18339,7.513401,2
18432,-5.692204,3.685768,0
18433,13.976364,10.955369,3
18435,-5.4888587,6.0333095,2
18436,3.4286795,6.645471,6
18437,7.0466113,12.192586,1
18438,10.370091,0.6568272,7
18440,10.449633,13.330217,5
18441,9.287866,3.7225337,7
18442,11.071869,0.083266445,7
18443,9.226795,11.619727,6
18444,8.274447,-1.0986062,7
18445,10.854174,0.7187959,7
18446,5.3918166,6.9403815,1
18447,9.025557,11.20145,6
18448,6.4388614,12.749555,3
18449,8.499608,12.800042,6
18450,-3.6717784,6.7407765,2
18451,10.657283,14.130258,5
18452,4.6318116,6.253946,6
18453,10.179499,-0.16167492,7
18454,10.629304,8.3838005,4
18455,-5.1247077,2.8899288,0
18457,14.462632,10.242192,1
18458,11.294958,13.815132,5
18460,13.772504,10.565158,1
18461,-3.844863,4.6220913,0
18462,3.94215,9.1236,4
18463,7.279766,11.169172,4
18464,11.155465,14.152248,5
18465,10.385372,-0.29512697,7
18466,9.935487,3.073593,7
18467,9.394505,11.492735,6
18468,4.9391317,9.068636,1
18472,7.6529665,11.493787,6
18473,11.051271,13.256791,5
18474,8.331381,-1.070417,7
18475,10.680468,8.3894205,4
18476,10.871226,14.048402,5
18477,10.747178,0.15046285,7
18479,3.4676547,7.376913,6
18480,14.271986,11.545661,3
18481,9.059931,11.343647,6
18482,6.6743383,12.604457,3
18484,7.3430223,11.370983,4
18485,-5.829913,3.8171089,0
18486,5.036453,9.080309,6
18487,-3.4709723,7.3814945,2
18489,10.557188,14.852355,5
18490,4.2821493,7.325851,6
18492,-6.5321007,6.4586463,2
18493,5.016475,10.670612,3
18495,5.434871,6.5669713,6
18497,-6.310561,4.402773,0
18499,4.0694175,7.069884,6
18500,3.665043,9.1645355,6
18501,7.3168845,11.963798,1
18503,10.962653,8.588077,4
18504,6.5575333,10.231997,6
18505,-3.5315135,7.035096,2
18507,7.555151,10.78002,4
18508,11.25984,9.365908,5
18509,7.5164285,12.821237,1
18510,8.038395,11.845474,6
18511,6.969769,11.799295,1
18512,8.916787,11.095426,6
18513,10.967473,11.339369,4
18514,9.344847,12.10066,6
18515,3.2633083,6.5064297,6
18517,4.328115,6.187625,6
18518,-3.3039901,6.604798,2
18519,11.395851,0.6595345,7
18520,5.0554733,7.9199295,6
18521,-3.0158577,5.0427465,0
18522,8.043223,13.574661,5
18524,8.233706,12.7414255,4
18525,11.041856,0.4229094,7
18526,11.29877,0.6340101,7
18527,-6.268986,6.0408325,2
18528,3.4522176,7.009396,6
18529,6.313545,11.217381,3
18530,8.277849,-1.1288075,7
18531,14.097499,11.09544,3
18533,8.952388,11.304972,6
18534,10.375671,13.462369,5
18536,8.084237,-0.5004413,7
18537,10.249548,14.884935,5
18538,3.8514233,9.059694,1
18539,13.6962385,10.658873,1
18542,14.233194,10.919674,3
18544,6.6222615,12.7030735,3
18545,7.706986,11.578647,1
18547,11.27329,10.421453,1
18548,3.9072638,9.832333,1
18549,9.763928,13.0261755,5
18550,7.559553,12.272811,1
18551,3.725717,9.395582,4
18552,5.8369684,12.807671,3
18553,12.306814,10.482524,4
18554,11.048051,14.226261,5
18555,14.202142,10.043206,1
18556,7.8696456,12.197628,6
18557,9.219617,11.927752,6
18558,10.4175,15.008844,5
18559,-4.1441045,7.160579,2
18560,8.661985,12.98779,6
18561,10.696671,14.963574,5
18563,-6.249151,6.153581,2
18564,3.385379,9.240733,4
18565,9.844503,12.981546,6
18566,10.824695,11.269017,6
18567,7.1207404,11.986857,1
18568,10.390432,0.4058065,7
18569,8.396735,13.148048,4
18570,7.6975965,11.355024,6
18571,5.8767734,11.92194,3
18572,14.003198,9.886035,1
18573,6.809275,11.6820545,3
18574,-5.0303664,6.2071795,2
18577,8.7243805,13.075697,4
18578,4.466328,6.007619,6
18579,-6.6243415,6.3084226,2
18580,-3.0248458,6.8510265,2
18581,10.531719,-0.3599368,7
18582,-5.5739903,3.4533224,0
18583,10.633894,-0.37839228,7
18584,-3.81171,4.5108523,0
18586,3.2626905,6.3103595,6
18587,-4.871626,4.204138,0
18588,-5.966141,4.718162,0
18589,-3.5371606,4.490035,0
18590,9.134919,11.997594,6
18591,-5.3080363,6.3050365,2
18592,3.4247532,6.9570537,6
18593,-4.0432577,3.6561146,0
18594,-3.9988422,6.5615354,0
18595,7.310501,12.676306,1
18596,-6.3597865,3.5494173,0
18597,6.2203193,12.97437,3
18600,10.441322,1.0630203,7
18601,14.742184,11.008409,3
18602,9.115303,11.316668,6
18603,-5.4821997,4.1713734,0
18605,9.532582,3.537185,7
18608,-5.45234,6.2597675,2
18609,-5.5017495,6.4985113,2
18610,4.363731,8.596586,5
18611,10.679244,0.15710168,7
18612,7.20495,6.038313,1
18613,3.4990106,6.2851667,6
18614,-2.9853806,5.328544,0
18615,9.386368,12.024382,6
18616,7.300278,13.78874,4
18617,-5.028029,7.326354,2
18618,-6.3943887,4.4271784,0
18620,-4.518378,3.7226129,0
18621,4.4907746,10.695695,3
18622,5.5780463,12.737883,3
18624,10.482981,14.899476,5
18625,10.124159,-0.056557745,7
18626,3.9550538,7.0349145,6
18627,-3.6487622,6.292577,2
18628,4.715607,9.220223,4
18629,10.787994,15.003492,5
18631,5.2571673,6.5010467,6
18632,4.1010656,6.9801116,6
18633,6.53226,11.802456,1
18634,3.9704697,10.690247,3
18636,6.079507,9.0155735,6
18637,12.110036,9.4976,1
18641,11.1833105,12.364939,1
18643,10.690824,1.0400101,7
18644,13.222257,10.305514,1
18645,11.151451,14.761786,5
18646,-6.5415387,3.9690933,0
18647,4.620565,7.3988795,6
18648,9.25305,11.810654,6
18650,13.468466,10.687635,1
18651,-3.3808496,5.1415434,0
18652,4.185777,6.815884,6
18653,13.942731,10.583965,1
18654,8.002435,13.286777,4
18657,4.286304,7.1629186,6
18658,-3.7213976,6.7537303,2
18659,6.5956125,10.150859,6
18660,8.262478,-1.1113625,7
18661,6.706402,13.570173,4
18662,3.6484625,7.4609165,6
18664,8.332401,-0.9988727,7
18665,10.130682,0.39700916,7
18666,-3.3059874,5.0550632,0
18667,14.232527,11.212209,3
18668,6.1551166,12.943993,4
18669,13.908865,11.1005125,3
18671,7.0004444,6.1709986,1
18672,14.2218485,10.471438,1
18673,-6.157202,3.5741377,0
18674,5.7253838,12.369632,3
18675,6.2606516,12.076093,3
18676,9.585176,12.057175,6
18677,6.43215,11.873696,3
18678,11.162599,0.13924079,7
18680,10.025113,3.1143277,7
18681,4.6304035,9.711512,4
18682,-5.6350527,4.188339,0
18683,3.7134817,9.959134,1
18684,14.30555,11.318234,3
18685,3.4130962,9.252962,4
18687,8.827302,13.514336,4
18688,11.052134,12.498627,5
18689,10.5860405,-0.27591196,7
18690,6.4545903,12.157226,3
18691,9.45447,13.124792,4
18692,10.438215,13.8492365,5
18693,8.05419,-0.5649694,7
18694,11.057187,0.5583593,7
18695,7.433047,6.6404896,3
18696,-5.2467055,3.3851051,0
18697,10.436585,11.545866,4
18698,-3.4015336,6.6999803,2
18699,10.390595,14.970573,5
18700,7.776038,12.419988,6
18701,8.757674,10.85453,6
18702,10.922554,11.446108,4
18703,-2.8356051,4.9283204,0
18705,7.323871,11.224562,1
18707,3.8603454,6.8930492,6
18708,-5.2987924,4.290918,0
18709,-4.081438,6.8381457,2
18710,12.25708,9.515702,3
18711,11.28664,11.442769,6
18712,5.834092,6.881475,6
18713,-5.819194,5.806669,2
18715,5.2322536,9.577983,1
18716,14.981485,10.978518,3
18717,-5.157633,4.795476,2
18718,3.50722,7.0967145,6
18719,11.34726,0.693361,7
18720,3.7331288,6.7771645,6
18722,7.3293,10.555549,6
18724,13.620078,10.158617,1
18725,10.624204,8.363628,6
18726,3.5569963,9.877641,4
18727,-4.676444,3.756289,0
18728,4.7617526,7.3265533,6
18729,6.312887,11.636449,1
18730,-5.753711,3.3763127,0
18731,9.4577675,12.97424,5
18732,-3.9288914,7.533342,2
18733,7.9207497,6.4635477,3
18734,5.009209,6.661787,6
18735,3.552594,7.390664,5
18738,9.157208,3.7997096,7
18739,14.079654,10.805418,1
18742,11.107584,8.838648,6
18743,-3.7333047,6.3134136,2
18745,-4.082897,6.9178996,2
18746,11.211653,13.799098,5
18747,4.4840846,6.4894505,6
18748,3.9313726,5.876147,5
18749,-3.2836475,4.976254,0
18750,10.150223,0.69940215,6
18751,7.241499,11.8866625,4
18752,10.954097,13.319462,5
18754,3.8230116,7.0440235,7
18755,7.3567905,10.645456,4
18756,6.204639,11.596618,3
18757,5.8462424,10.740244,3
18758,6.7800527,11.644187,1
18759,7.9135923,-0.35158926,7
18760,9.681335,3.3223758,7
18761,10.792377,12.485414,5
18762,11.358136,13.407595,5
18763,-4.8542156,3.689539,0
18765,4.9018383,8.844197,6
18766,-3.621003,6.6838646,2
18767,14.302815,10.158098,1
18768,11.489424,14.238481,5
18769,11.267593,14.497142,5
18770,6.094086,6.8748765,4
18772,10.623932,14.831196,5
18773,-6.164703,4.6908712,0
18774,-3.5941505,7.4524283,2
18775,6.9459724,11.586117,1
18776,3.4352496,6.5251303,6
18777,11.390476,14.418823,5
18778,8.194694,11.878755,7
18779,7.570589,6.6149893,3
18780,-4.156058,4.790772,0
18781,11.282761,8.903022,6
18782,7.429315,10.684323,4
18783,6.3997974,13.303896,3
18785,11.170361,14.852815,5
18786,10.856217,15.06553,5
18787,4.159304,9.048302,6
18788,13.5107,10.368066,4
18789,8.012383,12.28453,6
18790,6.7495346,10.036242,4
18791,8.143138,12.798224,6
18794,3.4683526,9.122319,6
18796,13.953173,9.563878,6
18797,9.857835,2.9362335,7
18798,5.0018573,6.6382184,6
18799,6.132869,9.812087,3
18800,4.376847,9.126161,1
18801,-6.1891813,4.0729237,0
18802,7.375966,12.111188,1
18803,7.358312,6.015426,1
18804,7.831127,-0.45085502,7
18805,7.6144257,10.911565,6
18806,10.491267,-0.13187739,1
18807,9.179049,12.691294,5
18808,7.591066,12.995146,1
18809,11.7141695,9.359586,6
18810,-6.6181874,6.2839646,2
18811,4.112931,6.1715274,6
18812,5.7000165,10.447889,3
18814,-6.2807407,6.596754,2
18815,10.911346,11.456198,4
18816,3.3410504,9.961213,1
18817,5.454352,6.9411497,6
18818,-4.1219497,7.5210376,2
18820,14.927365,11.0692425,3
18821,9.440916,11.551087,6
18822,4.834366,6.3666887,6
18823,14.869491,11.008389,3
18824,3.8017516,7.6703587,1
18825,11.35527,0.74396235,7
18826,-3.4981997,7.399333,2
18827,10.672051,14.899619,5
18828,4.115474,5.8052964,6
18830,-5.9342937,5.0032034,0
18831,14.134592,9.939983,1
18837,-5.3743405,4.4716454,0
18838,12.401066,9.682596,3
18839,7.383833,12.769953,4
18840,-5.5667005,3.7438233,0
18841,11.389843,8.964782,6
18842,8.687963,-0.15579484,7
18843,7.6323404,12.400618,1
18844,7.323047,10.422724,6
18845,10.112911,0.4948187,6
18846,-5.913785,4.4332557,0
18847,13.258573,10.120763,1
18849,10.007461,0.83770794,7
18850,-5.6979346,4.973115,0
18851,7.7938313,13.640171,4
18852,-4.79968,7.464932,2
18853,8.193077,13.700398,4
18854,9.047341,11.986387,1
18855,10.029225,13.5406275,5
18857,6.445824,12.036881,3
18859,6.591368,10.751548,4
18860,-3.4522676,5.1594,0
18861,-6.4902444,6.494125,2
18862,-3.1325939,5.457567,0
18863,14.385773,10.15565,1
18864,7.9000373,6.246396,3
18865,-3.8306184,7.327595,2
18866,11.513874,11.4162855,4
18867,7.0028844,11.577167,6
18868,7.438502,6.3220496,1
18869,6.4817944,13.202071,3
18870,-3.7676373,6.302174,0
18872,4.3687153,7.4401007,5
18874,13.61833,9.615646,6
18875,8.890494,11.1305,6
18879,14.816014,10.734533,3
18880,3.6825678,7.515197,6
18881,-5.661271,6.420505,2
18883,10.820017,10.914951,1
18884,3.5450711,7.4290714,6
18885,9.425717,3.3816617,7
18886,11.453935,11.293465,4
18887,-4.2526693,3.922661,2
18888,8.409667,12.503172,5
18889,9.958697,12.517826,5
18890,10.809064,-0.051930312,7
18891,4.145177,6.082492,6
18892,13.848465,10.860702,1
18893,7.4580073,5.9763117,1
18894,13.172,10.511977,1
18895,9.691329,2.8941433,7
18896,7.1232824,10.303176,6
18897,5.3182135,9.975048,1
18898,10.953902,13.50984,5
18899,-6.2614336,3.6284268,0
18900,5.71648,11.478497,3
18901,7.89987,-0.6441117,7
18902,8.619179,10.489525,6
18903,14.113297,9.836939,1
18904,11.692958,11.218678,4
18905,-3.4689329,6.460413,2
18906,4.627304,8.304219,1
18908,13.633314,10.242006,1
18909,10.948952,11.17362,4
18910,7.4981885,12.491411,6
18911,3.465356,7.2189035,6
18914,3.6904798,6.1324,6
18915,7.011741,13.087402,1
18916,-3.5016053,5.3492665,0
18917,9.554425,3.4940715,7
18918,8.32314,-0.9692007,7
18919,-6.4099936,4.240793,0
18920,13.956497,9.701702,1
18921,6.0730205,6.818346,6
18922,10.822797,0.44068316,7
18923,-5.556101,4.722518,0
18924,4.09978,9.403934,1
18925,-4.1959033,3.7676187,0
18926,7.169137,12.054737,6
18928,14.475131,10.658455,3
18929,14.980903,10.881785,3
18930,-6.449448,6.3604984,2
18931,-5.4446363,3.960215,0
18932,3.785967,10.17979,4
18933,6.874207,11.166139,1
18934,8.646118,12.947224,4
18935,11.555025,11.343259,4
18936,4.968007,9.991868,1
18937,-5.380315,7.2309995,2
18939,-4.372831,6.92898,2
18940,5.743747,10.816651,3
18941,3.6752608,7.4257135,6
18942,7.116722,12.596887,1
18943,7.237775,11.721446,1
18945,-3.7875245,4.9038916,0
18946,10.541044,14.4519825,5
18947,11.30005,13.201096,5
18949,4.0837684,5.784167,6
18950,10.182701,14.78736,5
18951,10.208944,13.059144,5
18952,7.341644,6.3197203,1
18953,8.178295,12.378537,6
18954,7.4940405,12.190074,1
18955,9.750235,3.4381309,7
18957,6.7469006,12.225164,3
18958,11.218087,8.871787,6
18960,7.956508,13.526231,4
18961,7.0639806,10.73493,6
18962,-5.8602834,5.940793,2
18963,4.846903,9.330828,1
18964,11.225561,9.290476,6
18965,7.4623923,10.462964,4
18966,13.040805,10.312071,6
18967,-2.95429,4.7063675,0
18968,10.007854,14.642717,5
18969,-5.3516507,6.7915277,2
18971,11.730405,11.222213,7
18972,11.781948,9.387956,4
18973,4.124889,10.386939,3
18974,-5.2441163,5.8916717,2
18975,6.0779686,9.425925,1
18977,10.969823,0.25592187,7
18978,8.014928,12.02971,4
18979,4.9464254,10.605231,3
18980,13.250329,10.4445095,1
18981,6.491205,12.845202,3
18982,4.7084837,10.259398,3
18983,-6.5255046,6.562066,2
18984,11.747322,10.488069,1
18985,-4.28784,7.124419,2
18986,-3.32614,7.3342857,0
18988,-5.93136,5.754502,2
18989,11.421188,0.51288027,7
18990,-3.9512055,7.0615625,2
18991,-4.6749554,4.6171594,0
18992,8.705915,12.790617,7
18993,9.206471,13.290506,4
18994,6.114682,13.1096945,3
18995,4.5100813,7.2267756,4
18996,8.396608,13.424513,6
18997,-4.687486,3.5450876,0
18998,5.0409617,7.238718,6
18999,-3.272255,6.5437007,2
19000,7.8579288,11.438266,6
19001,-6.229074,6.685201,2
19002,7.7359095,13.286457,4
19003,8.629431,13.348922,6
19004,7.1017094,13.221175,4
19005,12.206415,10.926613,3
19006,-6.4651337,3.9886029,0
19007,3.7604065,6.9668727,6
19008,4.396665,9.543124,1
19009,-5.2727094,7.197785,2
19010,-3.783831,5.2767625,0
19013,8.135963,12.41146,5
19014,4.538516,10.141109,3
19015,4.6471252,9.186669,1
19016,4.043947,9.778842,4
19017,-5.2849517,3.9262824,0
19018,6.5284977,12.924062,1
19019,9.583906,2.9351673,5
19020,10.5802145,14.991476,5
19021,9.271722,11.951055,6
19022,10.426067,14.939396,5
19025,11.273644,0.8055033,7
19029,7.22169,11.838027,1
19030,9.584198,3.2146294,7
19031,10.688752,10.65281,3
19032,4.6699395,9.426074,1
19033,8.40236,-1.1309499,7
19034,-3.5087693,7.4187455,2
19035,9.457603,3.4858716,7
19036,7.7832384,11.560498,6
19037,4.368442,10.562725,1
19038,6.300836,10.5525055,1
19039,-4.6399636,4.1381965,0
19040,4.453688,6.2280726,6
19041,4.2284913,6.7029247,6
19042,8.224225,12.04438,6
19043,6.4546366,11.725892,1
19046,-5.947029,5.0019116,0
19047,-3.3885195,4.862222,0
19048,-6.418938,6.285538,2
19049,7.749238,11.70107,6
19050,-4.985504,7.3156705,2
19051,3.405366,6.7381983,6
19052,8.834172,11.25911,6
19053,6.165473,9.651477,6
19054,6.887768,12.453023,1
19055,11.412462,0.62991714,7
19056,7.46876,13.734423,4
19057,-5.0460973,7.668479,2
19058,7.521506,11.994893,4
19060,5.6767445,12.452433,3
19061,8.277729,12.751173,7
19062,8.082005,-0.84035474,7
19063,10.604272,-0.31193346,7
19064,7.344579,5.989276,1
19065,10.8954,14.922516,5
19066,11.367738,10.684916,3
19068,4.744086,10.231244,3
19069,-6.100591,3.3175042,0
19070,11.280735,0.32036102,7
19071,11.293672,14.786516,5
19072,-6.505503,4.074224,0
19073,-4.1359987,3.9653666,0
19074,10.794029,11.260205,4
19076,-3.5415123,7.4432573,2
19077,6.235405,11.7436,3
19078,9.522948,12.739562,5
19080,-3.2827375,6.9530478,2
19084,10.988318,8.696894,6
19086,10.392029,13.816238,5
19087,5.781736,12.476108,3
19088,3.7102196,10.489795,3
19090,6.0971746,11.728262,3
19092,11.271992,8.84315,6
19093,7.7951937,12.582865,6
19094,4.0896106,9.4973135,1
19095,3.794321,6.8627534,6
19096,9.624677,3.5422366,7
19097,5.062891,9.052735,6
19098,10.8198185,14.995464,5
19099,4.981943,7.857547,6
19100,-6.5882354,6.5173893,2
19101,4.8005943,10.515085,3
19102,5.35963,6.848365,6
19103,5.820103,12.48866,3
19106,-4.979576,7.410695,2
19107,10.840396,0.7528041,7
19108,13.048277,10.303691,1
19109,-5.463234,4.8152175,0
19110,6.9593377,11.647503,6
19112,4.9383736,10.7512865,3
19113,7.9157267,-0.29222694,7
19114,11.411962,14.021297,5
19115,7.232285,10.4889145,1
19117,10.08106,0.57194346,1
19118,5.4179754,7.765176,6
19119,13.604242,9.898633,1
19122,-4.308903,4.058122,0
19123,10.172481,13.740406,5
19125,13.926582,9.675759,1
19126,6.380299,10.9687,6
19127,3.819208,7.539328,1
19129,3.8683462,9.898189,1
19131,9.698337,13.278319,4
19133,6.204263,11.306826,1
19134,-6.334772,4.2842374,0
19135,10.79889,0.6597096,7
19136,6.245773,13.242462,3
19137,9.59079,2.832092,7
19138,-3.9228308,6.4436555,1
19139,10.292994,0.5055959,7
19140,9.816297,14.319113,5
19141,-3.116525,4.995119,0
19142,7.0006084,10.327066,4
19143,4.722722,9.997591,1
19144,-5.824544,4.2868633,0
19145,-3.9673588,6.6930857,2
19146,4.319175,10.210156,3
19147,14.453577,11.383728,3
19148,11.321783,14.775155,5
19150,10.996328,14.964073,5
19151,5.651026,7.605723,4
19152,6.153889,12.76228,3
19153,6.346132,12.329591,3
19154,-3.5533545,5.3541207,0
19155,14.014264,10.379907,1
19156,5.335488,6.564103,6
19158,7.649641,-0.97908753,7
19159,4.4036703,6.073606,6
19160,-4.242162,3.9396684,0
19161,-6.3740187,6.2521772,2
19162,4.181255,6.1061563,6
19164,6.82565,13.099121,4
19167,10.872822,12.902775,5
19168,14.521978,11.504256,3
19169,3.5650694,6.6457615,6
19171,11.05215,8.632355,6
19173,12.9786825,10.850254,6
19174,8.372997,13.240859,4
19175,7.7235627,13.228722,1
19177,6.729678,11.797452,1
19178,-6.0127826,6.08116,2
19179,10.761408,8.450969,6
19182,-5.9157085,4.8151298,0
19183,10.957484,13.8368435,5
19185,10.991875,10.95881,4
19186,11.185806,12.957734,5
19187,6.706888,10.972994,1
19188,-3.8646712,6.614718,2
19189,9.166307,11.59916,6
19190,7.2715044,11.457106,1
19191,5.133041,6.6821036,6
19192,10.412533,-0.44329447,7
19194,5.23152,10.660103,3
19195,6.141408,9.9566145,1
19197,7.925904,12.075365,6
19198,3.1317203,6.6816096,6
19199,4.038671,7.4544997,6
19200,9.596048,12.184028,6
19201,9.535833,11.861401,6
19202,-3.8407094,6.5680985,2
19204,6.2748857,10.878279,4
19205,11.390832,10.743326,3
19206,-3.0234385,7.1994834,2
19207,9.985261,0.40161103,6
19208,-6.2640905,6.525854,2
19209,7.7013416,6.212515,3
19210,5.5447173,7.870307,6
19211,5.099339,7.340733,6
19212,8.364242,13.306607,6
19213,7.430781,10.574589,4
19214,7.673572,-0.96097034,6
19215,5.3103285,9.192261,4
19218,7.05177,12.741126,1
19219,-6.023382,3.810606,0
19220,10.99844,11.322628,4
19221,7.0259132,12.459792,4
19223,10.804027,-0.08259576,7
19224,11.426629,13.322682,5
19225,-3.0104542,5.0376053,0
19226,14.284752,9.913512,1
19227,13.370665,10.210983,1
19228,-3.508655,5.3140264,0
19230,3.154338,6.6330576,6
19231,7.3131685,12.633963,4
19232,-6.507834,4.107251,0
19233,-3.73808,6.2105427,2
19234,8.056828,13.730906,4
19235,9.314413,13.092646,5
19236,10.499677,13.621996,5
19238,-6.2951655,4.2122874,0
19240,-5.9686995,4.5310063,0
19241,6.527492,12.121485,1
19242,4.286763,6.0368853,6
19243,11.9616,9.656893,1
19244,3.9529035,7.0198693,4
19245,11.086366,11.353512,4
19247,6.7305355,7.079771,3
19248,-4.0786796,6.6085443,2
19249,3.9988678,9.736117,1
19250,10.766593,-0.4684747,7
19251,7.6933856,13.398526,1
19252,9.340629,12.073439,5
19253,-3.1511297,6.8428464,2
19255,10.819203,14.97915,5
19256,-5.9219456,3.274003,0
19257,11.206538,14.312772,5
19258,5.9274864,11.185977,3
19259,7.0158234,10.711868,1
19261,14.359649,11.540922,3
19262,8.740283,10.970568,6
19263,9.23081,11.779851,6
19264,4.0571585,5.814148,6
19265,6.503855,11.333252,3
19266,13.076868,10.095062,6
19269,11.816775,10.866978,3
19270,3.6605115,6.886955,6
19272,10.958299,11.1726885,1
19273,4.652835,8.75014,6
19275,6.5453305,13.35965,3
19276,3.7197201,7.518315,6
19277,-5.071212,2.7206056,2
19278,11.1083145,14.7337475,5
19279,6.0861435,12.955055,3
19280,11.049003,14.205648,5
19281,-3.7708626,6.2980304,2
19282,3.5092132,6.968587,6
19283,12.228978,9.577787,3
19284,10.503173,14.390061,5
19285,-2.7545736,5.026557,0
19287,10.450782,-0.21354325,7
19288,-5.0341425,7.636435,2
19289,-2.9834318,5.62596,0
19290,13.441252,10.62924,4
19292,10.324585,13.407502,7
19293,11.453697,14.378303,5
19295,11.094689,0.4926163,7
19296,-6.365699,4.2187166,0
19297,14.272016,9.938551,1
19298,6.5342617,13.765833,3
19299,4.629244,6.272393,6
19300,10.93347,0.3401037,7
19301,10.780856,-0.22225139,7
19302,8.286153,-1.0057274,7
19303,5.9068437,11.607167,3
19305,10.565392,0.25934607,7
19306,11.289039,14.242383,5
19308,4.7121634,10.625806,3
19309,3.541277,6.9421115,6
19310,5.0240335,6.5585055,1
19311,5.919378,12.205345,3
19312,14.366879,10.112653,1
19313,8.189612,-0.8053904,7
19314,7.5001507,10.576308,6
19315,-5.555753,3.7686934,0
19316,-5.6583943,6.152937,2
19317,10.8437605,8.554858,5
19318,-3.2291656,4.848079,0
19319,6.059479,11.188066,3
19321,3.6557493,7.371456,6
19322,6.9198728,6.401072,1
19323,10.714327,15.0306425,5
19324,5.580144,11.6096,3
19325,-3.6269743,5.299204,0
19327,-5.7006164,6.43389,2
19328,-4.916384,7.490656,2
19329,7.8472576,13.240707,1
19330,3.898534,8.982053,6
19331,7.4913025,11.607657,1
19332,10.305772,14.356161,5
19333,-5.5529766,6.4287653,2
19334,10.216574,15.123229,6
19335,11.460393,10.91053,3
19336,-3.4927444,5.265999,0
19337,10.874467,-0.03176953,7
19339,5.8283,10.166895,1
19342,-5.7221537,4.483109,0
19343,8.238566,-0.9465431,7
19344,13.144241,10.059976,6
19345,7.5107226,12.624112,3
19346,4.692749,10.501546,3
19347,7.6251745,11.1552725,6
19349,8.175628,12.70725,1
19350,4.363743,10.694916,3
19351,6.4244356,11.902376,4
19352,7.0436387,13.658727,4
19353,10.617016,13.256048,5
19354,6.0978193,10.46232,1
19355,7.8680534,-0.37528718,7
19356,11.129775,12.748559,6
19357,-5.9768496,5.1022334,0
19358,4.091258,5.7661843,6
19359,4.2390246,7.4050145,6
19360,-6.1805277,3.2563999,0
19362,6.461338,11.523507,1
19363,7.3502293,13.753863,4
19367,10.9238405,13.397194,5
19368,6.6805415,11.894775,1
19369,10.751688,-0.15243815,7
19370,11.174645,10.769276,3
19371,11.414015,13.114118,6
19372,7.6859202,12.942119,1
19374,11.499565,10.8659525,3
19375,7.8023434,11.609699,4
19377,13.514827,10.924609,1
19378,-3.2964396,7.2909403,2
19379,9.07135,11.273814,6
19380,-5.3655276,4.653894,0
19381,-4.7012367,4.230686,0
19383,10.33702,14.698652,5
19385,10.123612,0.007083754,7
19386,11.795137,9.644282,2
19387,7.4965606,13.100776,4
19388,3.2859287,9.499068,1
19390,8.345878,13.00662,5
19392,10.014397,14.7044525,5
19394,-5.5390506,7.1496606,2
19396,6.248565,10.138566,6
19397,-5.073202,6.573361,2
19398,9.174285,11.3975,6
19399,4.650819,10.250255,3
19400,11.024694,14.912219,5
19401,7.74841,11.799531,6
19402,8.244806,-1.0416491,7
19403,11.290686,9.031168,6
19407,10.475004,14.521784,5
19409,3.1954792,9.090468,4
19410,7.789596,12.501755,6
19411,5.8041306,6.6824884,6
19412,3.921795,6.52486,6
19414,-4.8876243,3.6931689,0
19415,13.546035,10.112308,1
19416,3.8820279,6.1983643,5
19419,10.507637,1.0248853,7
19420,13.510303,9.837594,6
19421,4.0055633,6.39085,6
19422,8.413963,-0.13386221,7
19423,14.268236,10.631358,1
19424,-5.0217705,7.466915,2
19425,5.995646,12.743411,3
19426,8.000215,13.05159,6
19427,7.301877,11.569625,1
19428,10.279031,14.740923,5
19429,-3.0008326,6.8990273,2
19431,-4.3069773,7.1967335,2
19432,-5.011291,4.637902,0
19433,-5.6725397,6.519956,2
19434,9.170212,11.615061,6
19435,10.415816,-0.4963843,7
19436,7.8803744,6.569528,3
19438,7.400164,13.906128,4
19439,6.1711,11.083677,3
19441,7.9798775,12.197882,4
19442,9.380287,13.682582,5
19444,10.0209875,13.671765,6
19446,8.101202,12.481811,6
19448,4.2590094,6.013494,6
19449,9.408687,11.943416,6
19450,-4.9995656,3.9558494,0
19452,4.667934,9.1415205,6
19453,13.510847,9.675936,6
19454,6.133231,11.897583,3
19455,-3.0786026,5.5546303,0
19457,-6.46366,6.5287695,2
19458,5.7528105,12.029274,3
19459,10.589984,-0.16029686,7
19461,-5.5680003,4.40222,0
19462,4.9548783,10.279684,1
19463,4.8979588,7.3780875,6
19464,-6.096507,3.3055806,0
19465,9.287466,12.021116,6
19466,-3.043915,7.033079,0
19467,4.6748295,10.617357,3
19468,-6.063709,3.2661211,0
19469,7.856133,6.6003723,3
19470,10.130545,14.082736,5
19471,4.106791,6.171753,4
19472,5.567204,10.367552,1
19473,9.571953,12.148392,6
19474,7.47317,13.608985,4
19476,11.179512,10.904027,1
19477,-3.628024,4.967575,0
19479,11.373809,10.693638,3
19480,6.758813,13.213219,3
19481,4.344966,10.388448,3
19482,14.329126,10.62701,3
19483,4.883279,7.4148784,6
19484,-3.4318454,5.2210946,0
19485,7.247734,13.304858,1
19486,6.6466374,6.0939054,6
19487,6.350931,12.810028,3
19489,7.302781,6.3898234,1
19490,-5.5801225,7.0014887,2
19492,-3.282935,7.3092675,2
19493,3.734858,10.328354,1
19494,7.8604245,6.4202733,3
19495,4.500371,6.3776846,6
19496,-5.6617136,4.015915,0
19497,3.5056827,10.454107,3
19498,6.6236343,11.030133,6
19499,7.4901757,12.767078,1
19500,3.8268847,7.469366,6
19501,6.3904867,6.4769726,6
19502,4.1585736,5.8540816,6
19503,9.859764,13.845845,5
19504,7.8766756,6.466972,3
19505,-6.34671,4.0642147,0
19506,10.772137,0.48061764,6
19507,9.1839,11.74956,6
19508,3.7442784,9.221146,4
19509,-3.2350476,5.4058447,0
19510,8.366823,13.029291,4
19511,6.452328,6.2879896,6
19513,10.803996,12.177613,5
19514,13.903527,10.430712,1
19515,8.473849,13.536175,7
19516,3.8606405,9.580702,1
19517,11.143402,13.895786,5
19518,-5.35808,4.8194504,0
19519,3.9919171,9.393123,6
19520,11.273071,0.3558061,7
19522,13.48724,10.282217,1
19523,5.550269,8.2182665,6
19524,14.497846,11.050694,3
19526,10.629542,8.389553,4
19527,6.2789764,9.572785,6
19528,10.298463,0.48695186,7
19530,11.441571,8.931283,6
19531,5.858454,11.382988,3
19532,5.335249,9.963099,1
19533,-5.6499915,7.0396514,2
19534,-4.8130875,3.9657533,0
19535,14.630576,10.669065,3
19536,4.0242705,9.027783,4
19537,4.009135,9.425179,4
19538,-6.3081484,6.298671,2
19539,4.8978944,6.395184,6
19540,4.00601,9.284216,1
19541,3.5950198,6.8069797,6
19542,4.5452976,6.405577,6
19544,10.819986,13.473955,5
19545,3.3885977,7.3706007,6
19546,-5.8249016,3.5716636,0
19547,-6.1328053,3.7512352,0
19548,10.29103,0.052156758,7
19549,-5.3347964,4.833673,0
19550,6.0060887,6.786332,1
19551,10.82412,10.716801,1
19552,4.9112363,9.076254,6
19553,6.873572,10.9321995,4
19555,11.296735,13.601253,5
19556,7.716078,12.622288,1
19558,6.1277323,11.7939005,3
19559,6.7656984,11.551515,6
19560,-4.835803,5.385262,0
19561,7.133519,10.436365,3
19562,4.974707,10.175056,3
19563,10.990535,11.668161,6
19564,-3.2039733,6.7512417,2
19566,9.978984,3.088222,7
19567,10.839103,0.9485744,7
19569,-4.222055,7.2567034,2
19570,6.0992765,9.706298,1
19571,-5.7360935,4.4032426,0
19572,6.3435683,13.564698,3
19573,10.216049,15.022378,6
19574,-6.383507,4.131846,0
19575,3.952659,6.6516495,6
19576,9.957193,0.8197709,3
19577,-6.35585,4.3048916,0
19578,6.7520375,12.755143,1
19579,10.477356,14.178068,5
19580,7.6311736,12.416761,6
19581,13.56116,10.941934,1
19582,7.532416,11.551592,4
19583,11.843565,9.609777,6
19584,6.9540133,11.8162775,1
19585,9.555039,12.041687,6
19586,-3.820218,6.0914097,2
19587,11.256104,8.867999,4
19588,6.8658576,11.8499365,1
19590,11.234449,9.0679865,6
19591,7.464331,12.467355,6
19592,11.241765,13.840424,5
19593,10.686625,8.409004,6
19594,6.9692464,6.1657763,1
19595,-5.573572,6.5837655,2
19596,6.338246,13.274345,3
19597,13.55778,10.316227,1
19598,5.6333504,12.4523325,3
19599,6.48564,12.407957,3
19600,8.192095,13.32683,6
19601,-5.933293,6.155438,2
19602,-5.883579,3.4037004,0
19603,6.617461,12.028422,3
19604,6.20185,11.449294,1
19605,7.5558457,11.630901,6
19606,3.9702733,7.5839567,6
19607,4.8253746,8.971195,6
19608,6.477745,12.66103,1
19609,6.8312807,13.172555,4
19610,7.162225,6.135847,1
19613,8.320666,13.286999,4
19615,7.7602234,11.87849,6
19616,7.6971555,12.4652,1
19618,7.097369,12.844927,1
19619,9.316993,3.7063997,7
19621,11.142623,11.288497,4
19622,4.7437134,10.031621,3
19624,4.5880523,9.163721,5
19625,7.9052224,11.927992,6
19626,-3.5377612,4.602985,0
19627,5.385457,6.69485,5
19629,-5.1282816,6.9499593,2
19630,-5.3758454,3.4501374,0
19631,7.413285,13.306729,1
19632,-5.7033405,5.8270783,2
19633,5.960605,6.894285,5
19635,3.852409,9.830117,3
19636,10.234539,-0.17002793,7
19639,8.193559,13.199192,4
19642,11.267618,8.833448,6
19643,10.519472,0.041732974,7
19644,-3.1752791,6.5958915,2
19645,-5.8844223,3.884445,0
19646,4.6950893,9.876558,4
19648,-3.162603,5.3436503,0
19649,10.998811,13.576314,5
19650,-5.2632513,4.2686872,0
19651,14.290349,11.421766,3
19653,7.8165073,13.062257,4
19655,4.1050243,6.8258185,4
19656,-4.483357,6.756364,2
19657,-3.8670714,4.2719636,0
19658,4.509132,7.508721,6
19659,5.0257215,6.8515954,6
19660,7.73765,13.568927,1
19662,6.0862403,12.676268,3
19663,10.844938,11.709322,1
19664,-5.7229133,6.248006,2
19665,4.036082,10.359658,3
19666,-5.3960233,6.561694,2
19667,11.674442,10.645875,6
19668,13.484605,10.734723,1
19669,-4.7917447,4.0805516,0
19670,8.263578,-1.0707643,7
19671,9.567719,11.627344,6
19673,-4.9506745,3.7987454,0
19675,5.237279,7.04173,6
19676,6.493145,6.270725,6
19678,4.769,9.756648,3
19679,11.071444,14.937324,5
19680,3.6127164,6.4753976,6
19681,6.990469,12.920373,1
19682,-4.622258,4.0943866,0
19683,6.1808996,12.7247305,3
19684,10.87455,10.671469,1
19685,6.369729,10.049846,1
19686,-6.097755,5.6026254,2
19687,7.3031507,12.737023,1
19688,9.158123,12.009784,6
19689,14.5181465,11.474881,3
19690,6.3612413,12.581591,3
19691,-2.8728597,6.625265,0
19692,13.709048,11.084837,3
19694,-5.590969,4.4289255,0
19695,13.720987,10.216965,1
19697,-3.467916,7.404305,2
19698,6.757429,9.988691,4
19700,7.1743774,11.670908,1
19702,6.4780784,12.838729,3
19703,8.35749,-0.8013788,7
19704,9.558494,12.092623,6
19705,3.9262142,6.873527,6
19706,-3.5780582,7.427612,2
19707,11.059372,8.694007,4
19709,7.017659,11.479759,1
19710,10.534536,13.585433,5
19711,-6.355212,6.1418977,2
19712,-3.5007708,7.0505066,2
19713,9.292654,3.602195,7
19714,11.21606,0.3877104,7
19716,6.3506136,11.217206,3
19717,13.560889,9.587698,6
19719,5.3031154,6.6408634,6
19720,-3.3358214,5.207956,0
19721,11.722421,11.221449,6
19722,5.4200096,6.77017,5
19723,11.425062,14.119017,5
19724,-3.6502986,6.15774,2
19725,8.124096,12.227356,4
19727,7.087356,11.818079,1
19728,7.507604,13.377808,4
19729,-6.0232024,3.407606,0
19730,6.5316706,10.891357,6
19731,7.22435,13.254781,4
19732,8.637804,13.333813,6
19734,10.551487,0.6108956,7
19735,-5.872378,4.854351,0
19736,13.639364,9.56379,6
19737,-6.5741644,6.385823,2
19738,-4.1313396,7.0638413,2
19740,4.4312515,9.625703,1
19741,8.578724,13.327557,6
19742,-3.3090067,5.3546615,0
19743,-3.0257118,4.789337,0
19744,7.103955,12.473507,4
19745,11.011964,8.682483,4
19750,8.26667,13.24328,4
19751,4.2977433,7.430039,6
19752,-6.3612127,5.9179273,2
19754,10.251846,14.9045925,5
19755,7.1358175,10.923741,1
19756,-3.8804123,6.51377,2
19757,-5.1004825,7.2057686,2
19758,10.547347,10.909086,6
19759,14.849875,10.679663,3
19760,11.440026,0.56380624,7
19761,14.153295,10.834854,3
19762,5.1510344,7.792446,6
19764,-6.6419716,6.445954,2
19765,7.880659,11.227894,5
19766,9.962051,0.545616,5
19769,14.961196,10.667288,3
19770,10.629287,-0.16346294,7
19772,-6.171278,3.471137,0
19774,11.253298,0.46334216,7
19775,4.896281,9.480079,3
19776,3.862785,9.767704,1
19778,11.378136,0.7833752,7
19779,8.7104025,13.525224,6
19780,7.980602,12.352501,4
19781,14.004727,10.039104,1
19785,11.23916,0.15742038,7
19786,7.1355615,6.4820433,1
19788,4.448222,9.331405,1
19789,4.0365205,6.212736,6
19790,6.311734,10.25063,4
19792,12.002329,10.535865,6
19793,7.154732,12.370998,1
19794,9.5244,12.05117,6
19795,4.975671,6.3612795,6
19796,6.6082797,12.955112,4
19797,-5.24691,4.2130966,0
19799,-2.807901,4.998865,0
19800,-6.0843534,6.1871676,2
19801,8.295245,12.962262,6
19802,-3.854366,5.2614174,0
19803,-4.856196,7.309077,2
19804,-6.41333,6.278028,2
19805,-6.481943,6.4375343,2
19806,-2.7941356,5.1641703,0
19808,8.196515,13.295495,4
19809,7.698496,13.411712,1
19811,-6.248042,6.673048,2
19813,4.4119353,8.909157,6
19815,7.385686,11.901221,1
19816,4.484821,7.4818945,6
19817,3.9798656,9.980118,3
19818,14.288323,10.694,1
19819,5.0064116,10.27357,3
19820,7.4427714,11.927075,0
19821,3.993394,6.919425,6
19822,7.594028,6.245486,1
19823,9.900125,11.690511,6
19824,10.637287,13.492124,4
19825,13.866842,9.52062,6
19827,4.8242164,7.4384747,6
19828,13.691887,10.239155,1
19830,10.9853325,14.640738,5
19831,8.34416,-0.20250669,1
19832,-6.102004,4.537503,0
19833,-4.1380515,7.3487945,2
19834,-4.9010935,7.2467656,2
19835,10.07217,0.16960327,7
19836,6.063934,11.325917,1
19837,-4.5910044,4.0384803,0
19838,7.8715873,-0.43313426,7
19840,-6.2543306,6.8135004,2
19841,-5.588293,6.5194454,2
19842,8.286408,13.539033,7
19843,5.60587,10.247026,2
19844,6.5105977,11.948827,3
19846,7.291886,12.137718,1
19847,7.1578193,12.738353,4
19848,14.271003,10.140093,1
19849,8.891069,13.5188875,4
19850,4.4474144,10.450957,3
19851,10.514724,15.325562,5
19853,7.882433,6.2341237,3
19855,8.262754,13.015857,6
19857,14.091934,9.700487,4
19858,7.8674054,13.996171,4
19860,-3.2541618,4.982473,0
19861,7.8316517,-0.3354125,7
19864,-5.719486,7.065028,6
19866,9.925192,3.1029232,7
19867,4.7910385,6.8209386,6
19868,10.192576,12.955906,5
19869,8.178133,13.355834,5
19870,7.4945335,5.873968,1
19871,-6.1698813,6.611806,2
19872,-3.7333484,6.4875317,2
19873,9.130359,12.640081,6
19874,3.6535423,6.6378922,6
19875,4.1535993,9.924775,3
19876,4.725569,10.193513,3
19877,9.943033,13.507293,5
19878,7.2407045,10.427136,5
19879,5.3732476,9.540962,6
19880,7.0298343,13.11264,4
19881,7.467493,13.911857,4
19883,9.90475,11.433106,6
19884,9.434788,3.647224,7
19885,7.868546,-0.36727324,7
19886,3.817675,6.8158593,6
19887,14.717769,11.263205,3
19888,13.927959,10.147812,1
19890,7.1605363,10.318779,4
19891,3.6057773,7.523802,6
19892,5.041379,10.637971,3
19893,13.297675,10.162147,4
19894,10.895385,13.192762,5
19895,11.138024,10.707653,6
19896,-4.459125,7.0021195,2
19897,5.0730014,7.3933234,6
19898,-6.3972178,6.5014043,2
19899,7.1806474,13.387552,4
19900,13.859747,9.635496,6
19903,7.879441,13.808907,4
19904,7.320632,12.562865,1
19905,-2.9476793,5.3582973,0
19906,6.7385836,10.460038,4
19907,7.389286,11.463846,1
19909,9.324949,11.929921,6
19910,11.22163,14.180688,5
19912,5.7270775,11.932731,3
19913,-5.665542,5.986257,2
19915,10.772983,14.101326,5
19916,-5.866924,3.275311,0
19918,8.001294,-0.6387489,7
19919,7.8262706,11.510524,4
19920,7.494118,13.908536,4
19921,11.220885,9.239046,6
19922,14.2506,9.880064,1
19923,-4.748565,7.223574,2
19924,7.1095734,12.751134,1
19925,10.404398,13.339939,5
19926,-3.740049,6.237391,2
19927,3.3594785,6.299905,5
19928,3.5699694,7.444038,6
19929,-3.4089763,6.5371766,2
19930,8.321661,-1.0912629,7
19931,8.020734,12.446391,4
19932,14.644402,10.889993,3
19934,14.391856,9.892402,1
19935,11.284549,0.77064055,7
19936,-3.7298696,5.4389987,0
19937,3.8557665,8.621268,5
19939,10.317119,0.2785787,7
19940,7.4905014,6.008504,1
19941,3.6596158,9.50078,1
19944,8.543482,12.915992,5
19946,4.093397,8.942438,6
19947,6.163445,10.091581,1
19948,-5.7107606,3.6548007,0
19949,-3.960552,6.7150207,2
19950,14.737316,11.27228,3
19953,-4.2419357,3.9591444,0
19954,3.757522,7.0183835,6
19956,11.239967,0.6318407,7
19957,10.416138,0.86967367,7
19958,8.380492,13.668182,4
19959,8.483672,12.792567,4
19960,-6.6241097,6.1635437,2
19961,-4.1641903,6.834853,2
19962,13.309601,10.537219,1
19963,14.766257,11.138071,3
19965,14.160585,10.881409,3
19966,6.812631,13.035551,1
19967,3.467724,7.1783504,6
19969,-5.49726,4.684656,0
19970,11.437998,13.318085,5
19972,10.21489,13.540446,5
19973,7.3009195,12.4198065,1
19974,11.154433,14.830937,5
19975,5.132631,8.0179,5
19976,-4.90962,7.5634656,2
19978,6.7348228,13.6342325,4
19979,4.3916707,6.3081555,6
19980,5.84359,11.994904,3
19982,-5.5209656,4.455016,0
19983,10.721782,-0.11901328,7
19984,14.47082,11.499954,3
19985,5.2648153,10.567051,3
19987,12.138388,10.618116,1
19989,6.570685,11.148411,3
19990,3.523319,6.5503435,6
19991,7.2724214,11.341446,1
19992,-3.6830683,6.427099,2
19993,7.965232,-0.2334305,7
19994,-6.4785624,4.1740837,0
19996,14.279992,10.875722,3
19997,-2.8315058,6.9254704,2
19998,5.0230136,6.505038,6
19999,-6.4567904,5.961312,2
20001,-6.049994,6.1314626,2
20002,7.1818886,11.843663,1
20003,10.873687,14.874916,5
20004,8.594533,13.567912,5
20006,13.890712,9.570751,1
20007,7.9459224,11.6797285,5
20008,-4.091084,6.788309,2
20009,8.99915,11.201563,6
20010,7.2318177,10.840588,4
20012,4.678327,8.91734,4
20013,-5.9864893,4.0583825,0
20014,11.533342,10.981977,3
20015,7.1923423,11.750449,1
20016,7.265492,6.385025,1
20017,-5.747671,4.73576,0
20018,9.33828,11.379523,6
20019,7.600026,12.35948,6
20020,4.4880443,10.610037,3
20021,6.497673,13.749757,3
20022,-5.9966297,3.3236892,0
20023,7.4791946,6.002463,1
20025,-4.7073693,3.9666753,0
20027,5.786658,6.9307656,6
20029,10.963022,14.2151575,6
20030,4.563108,9.391179,5
20031,9.975118,11.612233,6
20032,5.9826574,12.332239,3
20033,14.687262,11.323563,3
20034,7.9184732,-0.39398584,7
20035,6.9324694,11.134654,4
20036,6.7173204,11.593057,1
20037,8.125776,-0.5000267,1
20038,6.070129,12.372568,3
20039,10.815263,14.172585,5
20040,-6.452436,6.511404,2
20041,-5.797226,6.330207,2
20042,10.063178,14.688574,5
20043,6.577453,11.231347,1
20044,11.209382,10.653481,6
20045,9.3671665,11.821715,6
20046,5.198577,8.220462,5
20047,10.083953,0.9565315,1
20048,10.747613,13.632576,5
20049,9.033912,12.914741,7
20050,-3.12839,6.8367777,2
20051,8.684911,12.917131,4
20052,6.599847,11.278226,1
20053,-5.8903666,3.8720055,0
20054,11.259598,13.648332,5
20056,10.898164,14.81685,5
20059,4.82914,9.558187,1
20062,4.233792,10.703116,3
20064,14.046492,9.698274,1
20065,8.125963,-0.70431787,6
20066,13.966107,9.635453,1
20068,11.793841,9.535755,1
20070,6.2681417,12.130966,3
20072,4.991929,7.6322517,6
20073,5.8503685,10.238996,1
20074,10.462318,0.39038467,7
20075,-3.9705572,5.371941,0
20077,6.215027,13.032268,3
20078,6.145603,6.697984,6
20079,11.357739,11.041443,1
20080,4.1820135,6.6124077,5
20081,-4.4224434,4.680808,0
20082,7.5545053,11.52085,4
20083,-6.5460443,4.029773,0
20084,3.5854259,6.727256,6
20085,8.876542,11.142639,6
20086,-2.7026308,5.1178055,0
20087,8.550967,11.5208845,4
20088,4.8256536,6.517534,6
20089,-5.735608,6.2795897,2
20091,10.183514,13.949918,5
20092,9.259208,11.405287,6
20093,14.093577,9.834711,1
20095,-4.77521,5.286134,0
20096,-3.6620882,7.2148895,2
20097,11.186701,0.6752017,7
20098,13.905162,11.195477,3
20099,-3.8520002,7.170609,2
20101,-4.114867,3.9601502,0
20102,7.7997055,11.7280655,4
20103,-5.552898,3.4456015,2
20104,13.79913,9.728344,6
20105,9.238758,11.204899,6
20106,3.9904323,10.381154,3
20107,9.613031,12.130325,6
20108,9.497501,12.217047,6
20109,-5.6139703,6.3334303,2
20110,4.073057,7.4291534,6
20111,-4.836901,5.433024,0
20112,-4.324192,3.827574,0
20113,-3.654233,4.8690124,0
20114,4.9067655,9.416552,4
20115,10.612774,13.373116,5
20116,-3.468371,6.2721286,2
20117,11.130056,13.032575,5
20118,9.790975,2.7484198,5
20119,11.821366,9.628694,3
20120,-3.181814,4.99735,0
20121,-3.4339082,7.069832,2
20122,11.02218,10.660386,1
20123,6.4006133,13.249917,3
20124,-5.6752625,3.9810765,0
20125,4.3327436,6.776025,6
20126,7.541276,12.7743225,6
20128,3.7807956,7.8078957,6
20129,13.577753,9.683244,6
20130,-5.436012,5.805072,0
20131,9.81816,3.3396385,7
20133,10.731062,14.465666,5
20134,-5.7480416,3.4605622,0
20135,3.8798718,7.3873334,6
20137,9.34496,11.661562,6
20139,6.74669,10.821721,4
20140,11.35157,13.19782,5
20141,-5.600384,6.412164,2
20142,-3.2458534,4.4609,0
20144,13.657419,10.651657,1
20145,4.5327635,11.06106,3
20146,12.787719,10.944573,3
20147,4.461972,10.330411,3
20148,10.265789,-0.27633134,7
20149,3.706293,10.15085,1
20150,14.075602,11.301822,3
20151,-6.5248933,6.4362855,2
20152,-2.8933814,6.9381,2
20153,4.910348,6.634955,4
20154,-3.304354,5.0120397,0
20155,7.7565513,12.099553,6
20156,11.235691,11.650567,5
20157,7.2422476,13.833971,4
20160,14.114895,11.06621,3
20161,-5.3447037,3.4131947,0
20162,11.424909,8.957001,4
20164,4.1410494,9.732439,1
20165,14.9270315,10.933098,3
20166,-5.652486,5.007941,0
20167,10.365558,14.723255,5
20169,6.947244,11.194263,3
20170,-3.7844765,6.515943,2
20171,-3.7651489,5.7348485,0
20172,6.9819536,11.345603,1
20173,-5.1876187,3.8798387,0
20174,10.566292,0.33668867,7
20175,4.7779074,6.835494,6
20176,11.793793,9.643613,1
20177,7.9740243,13.316536,4
20178,11.512412,11.455792,1
20179,3.7329288,10.645662,3
20180,-4.138921,6.790392,2
20181,4.4967456,10.653816,3
20182,6.4841285,11.042413,6
20183,4.687488,6.992654,6
20184,9.834166,3.0154688,7
20187,6.0205207,12.135561,3
20188,12.550867,10.359034,4
20189,-3.9158213,6.449821,2
20190,6.3041253,13.121932,3
20192,7.427323,12.263194,1
20193,10.754016,13.949976,5
20195,7.738958,12.189488,6
20198,6.596663,13.613224,4
20200,6.9935727,12.537172,4
20201,9.387507,11.445781,6
20204,-5.7510405,3.7413375,0
20205,-3.175096,5.174341,0
20207,-4.562435,4.146788,0
20208,-6.3444877,4.340335,0
20209,7.943997,6.411345,3
20211,11.044874,8.644094,6
20212,4.5973306,10.012355,1
20213,4.155845,9.57825,1
20214,6.1017776,11.154913,3
20215,-4.0403647,6.218511,2
20216,-3.3580513,6.441187,0
20217,8.101006,13.460091,4
20221,9.5847845,12.17065,6
20223,-3.6173878,6.441793,2
20224,-3.683686,6.149486,2
20225,4.4886413,6.080024,6
20226,8.002693,11.442308,6
20227,8.165944,11.173597,5
20229,3.728063,7.5700116,6
20230,8.0005,13.634763,4
20231,3.862885,7.5023484,6
20232,-2.8664017,5.2783256,0
20233,8.256417,12.464086,7
20234,7.0329547,12.49635,1
20235,10.855256,10.948412,3
20236,4.528865,8.941095,4
20237,5.757156,6.7048945,6
20238,4.6761637,9.562434,4
20239,10.714446,1.0165455,7
20240,5.7568913,11.080941,3
20241,9.467876,3.5475602,7
20243,4.722368,10.852327,3
20245,13.179913,10.579854,1
20246,-3.497741,6.890088,2
20247,-5.831081,3.3817403,0
20248,7.9440055,13.8459215,4
20250,6.601223,12.625122,3
20252,7.489957,13.061803,4
20254,9.290701,3.4648733,7
20255,3.4823358,7.3611116,6
20256,5.645512,12.32319,1
20257,-5.360284,4.4356356,0
20258,-6.582489,3.9473245,0
20259,5.9258738,10.883888,3
20260,11.218984,13.700427,5
20261,9.286778,3.611827,7
20262,3.883565,6.1427507,6
20263,4.2618427,7.331994,6
20264,11.24641,0.88292956,7
20265,7.513625,13.086732,1
20266,5.919035,9.8792925,6
20268,7.837258,13.460891,4
20269,3.8139973,10.158888,1
20271,10.84005,0.44012854,7
20272,6.233066,10.096473,1
20273,7.7290735,12.024721,4
20274,8.353495,13.4790325,4
20275,7.9466195,-0.5379666,7
20276,6.7744393,11.230464,1
20279,10.768428,13.763739,5
20280,-6.1178994,3.3022163,0
20281,4.835637,9.267257,1
20283,13.846182,9.817207,5
20285,11.321416,14.736598,5
20287,7.6523786,6.226159,3
20289,-6.413447,4.242673,0
20290,11.429019,10.921922,3
20291,9.044846,11.236072,6
20292,10.574674,1.0731508,6
20293,13.080215,10.141953,6
20294,6.1649904,10.382073,6
20295,-6.129658,4.274938,0
20298,4.072302,10.554734,3
20300,10.285721,-0.26489097,7
20301,10.4015255,0.5180918,7
20302,10.328981,-0.07051598,7
20303,6.5301223,13.757745,4
20304,3.7609637,6.929579,6
20309,11.085713,14.534399,5
20310,10.523224,13.623722,5
20312,7.602391,11.998426,1
20313,4.9247313,10.612501,3
20314,8.094023,-0.91599065,7
20315,6.567552,13.39039,4
20316,9.487041,12.065925,6
20317,-3.8579943,7.1940455,2
20318,11.017277,0.7595444,7
20319,5.934977,11.48142,3
20320,11.359847,11.342009,1
20321,7.0282316,10.789273,4
20322,6.1508946,10.025755,3
20323,6.0641,11.862941,4
20324,-6.450948,6.5217805,2
20325,11.30971,0.7966286,7
20326,-5.4952903,6.2497225,2
20328,5.9628024,10.943113,3
20329,-5.5882597,3.6358917,0
20331,14.604806,11.396313,3
20334,-3.6179755,7.447459,2
20335,5.9450846,12.072708,3
20337,11.045696,12.289014,5
20338,-5.040922,2.6399846,0
20339,10.563691,14.87491,5
20340,10.249386,13.8735075,5
20341,-6.143427,6.5729795,2
20343,6.4755993,10.171539,1
20344,6.913112,12.582776,1
20345,3.4402146,7.1764336,6
20346,4.215796,8.5797825,5
20347,8.142523,11.529334,5
20348,6.140205,9.899898,1
20349,-5.9281216,5.801887,2
20352,6.8883743,11.608229,4
20353,-6.1780343,3.8135874,0
20355,13.247886,9.975855,0
20356,-5.6821284,3.983757,0
20357,8.791083,13.126761,5
20358,7.615424,12.332654,6
20359,4.2856193,9.74897,1
20360,8.083789,12.793743,4
20361,8.142516,12.5799885,6
20364,13.843792,9.595872,6
20365,7.1786075,12.551808,4
20366,10.896781,11.558246,4
20367,-4.270372,6.846546,2
20369,7.1797414,10.454102,6
20371,-3.8894947,7.163318,2
20373,7.0027113,13.288098,1
20374,-5.978121,6.3227067,2
20375,6.220414,12.1071415,3
20378,-3.1753225,7.137784,2
20379,7.3873734,12.427546,1
20380,-3.045185,5.264877,0
20381,6.3253903,11.261343,1
20383,6.5564137,12.089565,3
20384,7.8341,10.923711,3
20385,5.482858,11.479847,3
20386,10.631123,-0.1974582,7
20387,6.3677044,9.965583,4
20389,9.4933195,13.594888,5
20390,9.928878,13.764392,5
20391,-3.783755,7.470578,2
20392,4.3020496,6.810631,5
20393,6.257142,11.649173,3
20394,3.5796332,6.275745,4
20395,-4.8596087,4.605069,0
20396,11.154014,14.023834,5
20397,-3.510508,6.6517124,2
20398,-2.9431677,5.089906,0
20399,7.016316,11.871678,1
20400,4.3599215,8.786273,5
20401,7.1397886,12.029557,1
20402,7.485033,11.59622,6
20404,4.5519466,7.1575365,6
20405,7.1468616,11.275661,1
20406,9.995061,13.055291,5
20407,11.248072,0.7439101,7
20408,7.3749976,11.546101,6
20410,3.28181,6.4446855,1
20411,9.8747,13.088897,5
20413,-5.7604485,3.348483,0
20414,7.3869467,5.963833,1
20415,6.3669634,10.127611,4
20417,7.555726,13.091896,4
20419,6.147491,11.457084,6
20420,-3.2244036,4.7584114,0
20421,10.171628,-0.31850672,7
20422,-5.9482245,4.0956397,0
20423,6.223149,11.398682,3
20424,7.394847,11.80717,1
20425,3.3132699,9.838636,4
20426,7.784153,13.552711,4
20428,-5.4793,6.4685297,2
20429,8.622155,11.007215,5
20430,7.431742,11.727736,1
20431,5.19931,7.6830497,6
20433,8.088882,13.60261,6
20434,11.29012,0.67266256,7
20436,9.420508,2.9610837,1
20438,11.389317,14.425858,5
20439,-5.821302,4.030385,0
20440,10.352245,-0.48701173,7
20441,7.960098,12.558474,4
20442,-3.3243306,5.1368275,0
20443,10.036519,3.069197,7
20444,11.380987,11.528852,1
20445,6.038044,11.261566,4
20446,10.427356,0.5766285,7
20447,-6.437679,6.3881354,2
20448,10.436279,13.178494,5
20449,5.933724,11.044438,3
20450,13.369678,9.906712,5
20451,3.3027287,9.722677,4
20452,5.828411,13.063214,3
20453,5.937938,12.48755,3
20454,6.9037037,10.378516,4
20456,13.979941,11.059594,3
20457,4.8359027,6.3626685,6
20458,8.848944,11.108094,6
20459,-3.6479392,7.4856443,2
20460,14.824322,10.762213,3
20461,4.327897,10.867186,3
20462,3.9820478,10.667928,3
20463,4.128898,6.113565,6
20465,6.898131,10.377087,6
20466,14.475077,10.202607,1
20468,14.220317,11.074829,3
20469,4.625265,10.197054,3
20470,5.952561,12.986059,3
20471,4.1545496,7.278631,6
20472,-2.9372733,6.9192295,2
20473,11.325345,11.178894,1
20474,10.8225155,-0.046563536,7
20476,12.079722,10.543456,4
20477,9.651943,3.1318114,7
20478,7.852647,-0.7755125,7
20479,7.11405,12.499532,1
20482,11.821158,9.611984,4
20483,-5.979542,4.6266656,0
20486,4.340911,7.1964545,6
20487,10.803419,0.9638485,7
20488,9.010283,11.595993,1
20489,9.008055,12.319481,6
20490,-5.74558,6.2488003,2
20492,4.077431,9.085343,4
20493,10.945005,14.8268585,5
20494,11.157631,14.023926,5
20495,11.023898,13.639722,5
20496,8.586715,12.906762,5
20497,7.375349,12.04833,1
20498,-5.5112658,4.8042097,0
20501,7.812209,-0.5848511,7
20502,4.380472,6.12994,6
20505,-5.6300054,3.4013698,0
20507,4.2867866,6.5684667,6
20509,10.015914,14.479915,5
20510,-6.0431676,4.0723634,0
20512,6.5572286,13.130473,4
20513,10.358306,14.690443,5
20514,8.860402,11.918446,5
20516,10.745617,11.797152,4
20517,3.828337,10.500529,3
20518,13.826676,9.586857,1
20519,-5.007153,4.661527,0
20520,11.447277,11.255989,3
20521,13.835632,10.485444,1
20522,3.9425917,8.952686,4
20524,9.699018,2.9095492,7
20525,7.156542,12.590394,3
20526,13.750469,10.44831,4
20527,3.389327,9.852483,4
20528,-4.977284,7.5520864,2
20529,-4.298045,7.4774303,2
20530,9.524794,3.2821128,7
20533,11.695474,10.68124,3
20534,14.627629,11.348405,3
20535,5.261669,6.7478447,6
20536,5.944922,10.109703,4
20537,-6.4963665,6.5252166,2
20538,9.134435,11.370293,6
20539,8.597629,13.002183,5
20540,10.72554,11.0851345,5
20541,10.57889,8.334243,6
20542,6.3389773,12.259137,3
20543,14.222013,11.51349,3
20544,5.199972,7.506421,6
20545,6.1967173,6.818162,6
20546,12.549909,10.560998,3
20547,4.1837378,6.0384164,6
20549,11.87082,9.692783,1
20551,5.044499,6.376693,6
20553,-3.0253394,5.3989224,0
20554,14.992301,11.038902,3
20556,-2.641722,4.982005,0
20557,8.011695,12.594978,6
20559,6.575938,12.106719,3
20560,6.5568075,11.932842,3
20561,10.620708,14.940729,5
20562,6.547516,13.586277,4
20563,3.8183649,6.284651,6
20564,4.1379633,9.473803,4
20565,-5.064891,7.4255285,2
20566,-6.2849097,4.0480223,0
20567,4.3923264,9.928817,1
20568,9.433609,3.149385,7
20569,3.8312871,10.571761,3
20570,6.2952924,12.768017,3
20571,3.1275175,6.5562186,6
20572,-5.522132,6.3270783,2
20574,-5.267187,6.2894797,2
20575,-5.8221006,4.155677,0
20577,8.481817,13.339184,6
20578,4.959019,9.118993,4
20581,3.6239238,7.120437,6
20583,4.37526,7.056978,6
20584,4.99784,9.367695,1
20585,14.934355,11.077432,3
20586,7.0093975,13.049166,4
20587,10.362785,-0.18713294,7
20588,-6.4975705,6.3832064,2
20589,10.794034,15.046669,5
20590,13.665712,10.791956,1
20591,9.982688,0.5907659,7
20592,7.3291345,5.9052525,1
20593,9.514319,11.579488,6
20594,6.400004,11.51441,1
20595,7.858596,-0.34811145,7
20597,10.210089,14.727387,5
20598,7.0947843,12.283251,1
20599,9.415144,11.968926,6
20600,-2.8503096,5.220629,0
20601,11.472602,13.265798,5
20603,-6.012427,6.9739704,2
20605,-5.3103933,3.569522,0
20606,4.583407,8.884962,6
20607,3.3561509,6.239001,6
20609,10.048176,3.1732883,7
20610,11.346574,0.7356572,7
20613,3.5736969,6.864265,6
20614,6.037649,11.556899,3
20615,7.3359194,10.353069,5
20616,4.2525826,6.2834315,6
20617,-2.894401,5.4470553,0
20618,5.668978,10.795046,3
20619,10.748637,15.096177,5
20620,5.0021253,9.106434,4
20623,9.252631,11.352707,6
20624,6.454032,11.954762,1
20625,10.9855,14.907227,5
20626,11.655202,9.1340475,6
20628,10.615261,0.6662036,7
20629,4.0636034,9.57098,1
20630,-3.6063843,6.4575524,2
20631,13.426315,10.111776,1
20632,-6.125967,6.7569017,2
20633,7.3284683,12.649129,4
20634,-5.287972,4.4397025,0
20635,10.200212,13.909716,5
20636,11.377481,14.6457615,5
20638,9.947162,12.932822,5
20639,10.567706,0.13667426,7
20640,8.323618,12.147293,6
20641,7.144839,12.85274,4
20642,4.432899,6.191725,6
20643,6.4427557,12.020177,1
20644,3.7510176,7.3977733,6
20645,3.2383528,6.7920933,6
20647,-6.076243,3.8679254,0
20648,4.035424,10.142363,3
20649,8.976702,11.084689,6
20650,7.3045545,11.334704,4
20653,9.722231,2.8883908,7
20655,10.941408,0.021770103,7
20657,10.510258,-0.21836537,7
20659,3.3470974,7.164241,6
20660,9.409185,11.5769205,6
20661,-3.445561,5.36352,0
20662,7.093299,13.150622,4
20663,10.314892,13.947192,5
20664,9.817215,13.20485,5
20665,7.2963295,11.209515,5
20666,8.647899,13.405935,6
20667,10.633814,12.321216,5
20668,10.3792305,0.60196453,7
20670,6.474683,10.255122,4
20671,10.93306,11.064926,1
20672,5.8007517,12.2982435,3
20674,3.4824219,6.380103,6
20675,13.951975,9.647729,1
20676,10.6231165,8.372281,6
20677,5.7861314,13.104469,3
20678,3.7600646,7.625092,6
20679,4.357039,7.3397026,6
20680,4.3421035,8.593583,5
20681,8.84877,11.471724,6
20682,11.001702,14.056104,5
20683,14.833486,11.134051,3
20684,7.3884335,12.568705,1
20686,3.2845142,6.5627894,6
20689,11.264349,9.077482,6
20690,-4.2071805,7.0687923,2
20692,3.7234912,9.847536,1
20693,11.247658,0.87687033,7
20694,3.4897738,9.933993,4
20695,7.3832216,13.249422,1
20697,10.897603,13.498726,5
20698,7.473793,13.370641,4
20699,8.169692,-0.26608604,7
20700,5.153492,10.652546,3
20701,4.123358,7.0819535,6
20703,-3.6148646,6.617686,2
20704,10.65591,8.395274,4
20705,8.241052,-1.0080502,7
20707,5.986385,12.403553,3
20708,10.98966,0.24887384,7
20710,6.657574,11.051658,1
20711,7.616151,11.845835,4
20713,-6.1202726,6.8138294,2
20714,10.572702,13.940986,5
20715,8.425431,13.448221,4
20716,5.8493986,11.379679,3
20717,-4.9742913,3.6127234,0
20718,5.970681,12.867866,3
20719,-2.9493325,5.3071904,0
20722,8.221686,-0.44737396,7
20723,7.7543654,11.846805,6
20724,13.506733,10.042976,5
20725,10.933981,12.884631,5
20728,8.36463,-1.0023264,1
20729,7.1628566,11.290666,1
20730,7.8487597,6.215339,3
20731,10.982711,10.928111,1
20732,10.765244,0.9371888,7
20733,-4.279273,3.844029,0
20734,-3.3067377,4.967637,0
20735,6.0174484,12.599294,3
20736,7.845898,-0.4090242,7
20737,4.7586546,6.5643826,6
20739,3.3354437,9.155029,2
20741,11.000013,13.163577,5
20742,8.203867,12.917829,4
20743,4.542697,7.0697865,6
20744,6.0419207,12.535634,3
20745,8.195346,12.111194,5
20746,-4.5038857,5.155122,0
20747,3.7455766,7.5284295,5
20748,-5.304732,6.8057823,2
20750,4.553669,7.54742,6
20751,7.1327143,13.799485,1
20752,5.174245,10.502921,3
20753,-5.550264,5.1167893,0
20754,-4.4586124,3.884089,0
20755,7.006297,10.835787,3
20756,8.991398,11.420505,6
20757,3.3915002,6.6217327,6
20759,11.264576,10.664541,1
20760,4.849397,10.298019,3
20761,6.940738,12.249193,1
20762,8.505918,13.16311,6
20763,7.27584,11.2697315,1
20764,6.395786,12.990774,3
20765,14.064001,10.61111,1
20766,4.739024,9.693207,3
20767,13.873941,10.558229,1
20768,9.908695,0.881049,6
20769,11.000965,14.824423,5
20770,3.6553512,8.890773,5
20772,5.214062,6.8672953,6
20773,11.148283,11.291439,4
20774,-5.1402926,3.932462,0
20775,6.4259973,9.99825,3
20776,10.499698,0.87139636,7
20777,4.4214764,6.886246,6
20778,-5.543533,3.9136817,0
20779,11.353814,9.093812,0
20780,7.108641,13.183964,4
20781,6.8225174,12.785424,3
20782,6.17186,12.877435,3
20783,7.325726,5.941005,1
20784,7.8164434,13.613661,1
20786,10.920569,12.19943,5
20787,5.6898284,6.9633875,5
20788,7.007082,11.841417,6
20790,-5.033513,2.8080933,0
20791,10.17313,0.28949618,7
20792,11.175213,11.59196,6
20793,-4.2017646,3.9107895,0
20794,-3.2493622,6.7506485,2
20795,3.8793864,9.186138,6
20796,3.9703877,9.2248745,6
20797,13.345608,10.687506,1
20798,4.6722846,6.5709944,6
20799,8.756017,13.368334,4
20802,13.304781,9.989334,6
20803,4.8563943,8.813325,6
20804,6.6604004,10.263024,4
20805,14.351161,11.313466,3
20806,-5.1192765,3.4564965,0
20807,5.124147,6.6408124,6
20808,4.2237926,6.1568694,6
20810,-5.7337584,5.8787146,2
20811,10.889403,13.868621,5
20812,-4.2447577,3.7328553,0
20814,-2.9284604,5.414866,0
20816,14.272945,10.518765,1
20817,11.392603,14.463168,5
20818,10.918067,14.039167,5
20819,-5.7905893,6.1235056,2
20821,4.803879,8.971521,6
20822,-3.5178378,5.403013,0
20823,11.69654,10.896992,4
20824,9.102847,11.232028,6
20825,11.662847,10.669254,1
20826,5.806929,13.122974,3
20827,6.808424,13.684235,3
20828,10.5802765,14.649972,5
20829,11.29563,8.898043,6
20830,7.8091235,12.205534,6
20831,7.569491,6.4115973,3
20832,3.391783,7.048898,6
20833,4.531131,7.110301,6
20835,11.022686,10.637059,1
20836,5.9464126,11.140472,3
20837,6.5663633,10.197849,1
20840,9.068334,3.7484472,7
20841,9.530798,11.980112,6
20843,7.9113555,11.859558,6
20845,9.847604,3.2252648,7
20848,5.0601096,9.509061,1
20849,-4.0370846,6.6431293,2
20850,14.727098,10.527962,1
20851,10.776483,0.79864883,7
20852,5.846741,12.071427,3
20853,9.223009,11.7217865,6
20854,9.919139,1.373252,4
20855,7.483392,12.823669,4
20856,4.3494143,9.434148,6
20857,9.554618,3.5456932,7
20858,-4.839038,5.36754,0
20859,9.608478,2.9076183,7
20861,7.445843,13.685928,1
20864,11.182412,14.820302,5
20866,-3.0069895,6.865001,2
20867,7.7688165,13.368796,1
20869,-4.1052675,6.715348,2
20872,5.8667397,10.333893,3
20876,5.0129027,6.7623715,6
20877,5.920122,6.8191156,6
20878,-5.563113,6.631448,2
20879,7.7564287,13.64429,4
20880,6.2099285,9.617888,3
20881,7.2766175,6.269797,1
20882,4.3096347,9.113337,4
20883,13.127218,10.521516,1
20884,8.546414,13.332887,4
20885,7.288287,6.3251047,1
20886,5.968368,11.981386,3
20887,-4.951302,7.545714,2
20889,7.1742754,10.884429,4
20890,4.576263,9.880334,3
20891,4.8515797,10.303356,3
20892,11.029598,11.362664,4
20893,13.669366,9.62576,1
20894,-5.790134,4.4994764,0
20895,-3.4515615,7.3062305,2
20897,11.450329,10.846985,4
20898,14.021071,10.007304,1
20899,8.54397,11.979152,4
20901,5.585407,9.970264,1
20902,10.2739525,14.82104,5
20903,3.9882686,8.989783,6
20904,9.43311,3.4520156,6
20905,9.26768,3.7172067,7
20906,9.512127,11.847426,6
20907,-4.5977917,4.187669,0
20909,7.3175154,11.401925,4
20910,5.435812,10.6642475,3
20911,-3.5141551,6.447631,2
20912,-4.886743,4.540026,0
20913,4.2015753,6.9786496,6
20914,8.042609,-0.8202096,7
20915,14.791437,11.173504,3
20916,7.7064023,11.485511,6
20918,4.836884,10.309237,3
20919,5.607968,10.976663,3
20920,-2.757563,4.79075,0
20923,-5.1008425,4.5999465,0
20925,10.3341465,0.2647654,7
20926,10.316165,15.287239,4
20927,10.280457,-0.3192549,7
20928,4.53068,9.355161,1
20929,7.835188,6.6039677,3
20930,11.258776,9.001423,1
20931,-6.4993844,6.3882985,2
20932,-3.053835,7.128318,2
20933,-5.6462536,7.0258775,2
20934,7.8823466,13.340858,4
20935,-3.2600827,4.952445,0
20936,8.275309,-1.0761622,7
20938,4.002337,6.84333,0
20939,11.358716,11.528671,6
20940,4.855236,6.420652,6
20942,7.3764477,12.049355,6
20944,-3.2960634,6.5758433,2
20945,6.3330507,11.538391,3
20947,3.8903913,9.057264,5
20948,4.1428733,8.224699,5
20949,4.1156416,7.0330772,6
20952,10.898668,13.411539,5
20953,10.192573,13.204553,5
20954,3.9263968,5.8394775,6
20955,14.150404,10.90511,3
20956,-3.0178602,5.4342165,0
20958,6.589652,10.9651165,4
20959,6.4456725,12.178914,3
20960,5.3369455,8.198804,6
20961,11.30922,11.378467,4
20962,8.125365,-0.6978148,7
20963,5.3726654,10.573784,3
20965,-4.5426507,3.723924,0
20966,8.800896,10.764655,6
20967,8.376852,12.689169,6
20968,7.386048,10.434563,4
20969,-5.258789,3.3667328,0
20970,6.9544883,11.743803,1
20972,-5.7162786,4.016592,0
20974,10.934725,11.457588,4
20975,5.8980665,12.446059,3
20976,6.248777,11.428815,3
20977,11.376163,11.313911,3
20978,-5.647428,4.092044,0
20979,4.557062,6.17112,6
20980,-3.7589684,6.34252,2
20981,10.85125,1.0233567,7
20982,-4.122927,4.315904,0
20983,14.135624,10.762467,3
20984,-3.4421399,7.314434,2
20985,4.80352,7.107341,6
20986,11.380925,11.457579,7
20987,3.6683722,8.569262,6
20988,7.1809607,12.205696,4
20989,10.444377,-0.32660487,7
20990,9.911772,13.461907,6
20991,9.29875,11.678426,6
20992,-6.5672727,6.386483,2
20993,4.2038603,10.643524,3
20994,5.3213162,10.549514,3
20995,7.8632574,-0.4614907,7
20996,-5.837974,6.1768956,2
20997,8.076383,-0.23442535,7
20998,4.39384,8.827511,5
20999,3.284961,6.85203,6
21000,5.1595807,6.5391603,6
21001,7.577899,13.062535,1
21002,-6.4245415,4.371886,0
21003,10.779212,10.63757,3
21004,5.9201574,10.509296,3
21006,6.582093,12.410115,1
21008,-5.9097333,4.315509,0
21011,7.6644297,13.623833,1
21013,-4.4003124,7.3690085,2
21014,-3.2186613,6.917048,2
21015,-2.8621325,6.8747635,2
21016,3.2993553,6.633169,6
21018,5.1250563,10.625664,3
21020,-4.2992597,7.463856,2
21022,5.83332,11.259574,3
21023,6.472964,12.195736,3
21024,9.443786,11.432703,6
21025,-6.6051087,6.2543526,2
21026,10.011598,14.612229,5
21028,10.7790365,0.56823677,7
21030,-5.4497666,6.6175785,2
21031,-2.8940327,4.8472433,0
21034,9.603979,3.496884,7
21035,9.793983,13.509311,5
21039,4.0578685,9.241233,4
21040,4.89868,9.384807,1
21041,-6.2337065,6.791091,2
21043,-5.881002,3.379,0
21044,-5.5713344,6.070533,2
21046,3.9810388,10.101473,1
21047,7.905903,13.874572,4
21048,7.1688514,13.017562,4
21049,-5.6805873,6.578665,0
21050,7.8384514,-0.44275847,7
21051,11.373066,11.466481,6
21052,7.053294,12.257224,1
21053,8.263515,13.122293,4
21054,5.4816136,10.517713,3
21055,5.158674,6.6222286,6
21056,5.8013215,11.063721,3
21057,10.641863,13.156419,5
21058,7.1530786,11.457289,6
21059,-3.2839384,6.5893264,2
21060,-5.34356,6.73808,2
21061,11.328374,0.6982851,7
21062,9.793285,3.1733694,7
21063,-3.5490894,6.7831917,2
21065,10.859864,0.02012942,7
21066,14.273996,9.942396,1
21067,9.9094,3.1698015,7
21068,7.9572716,13.484919,1
21069,10.236819,15.10932,5
21070,8.550913,12.5558815,6
21071,-5.3104615,6.6112657,2
21072,3.7744188,6.3874025,6
21073,-3.9551675,6.8334513,2
21074,8.215678,12.697252,4
21076,5.995408,10.285876,1
21077,10.935884,0.7647158,7
21078,10.742059,12.226916,5
21079,8.382172,-0.902662,7
21080,11.041255,11.090155,3
21081,5.7804112,10.678007,1
21082,4.0582914,6.266708,6
21085,13.058118,10.655547,1
21086,-5.9929676,6.8231997,2
21087,8.426177,12.826731,5
21089,7.378505,11.643649,6
21090,8.790235,11.740467,6
21091,9.551301,3.3816812,7
21092,-5.8781986,6.296024,2
21093,5.013612,9.555242,1
21094,9.728024,3.309401,7
21095,3.1604087,6.56399,6
21096,10.696069,8.41462,4
21097,7.8643603,12.305033,4
21098,14.558963,10.304392,1
21100,-4.246219,4.4467883,0
21103,9.122613,11.451499,6
21105,11.327598,8.97769,6
21107,-4.9436345,5.2818127,0
21108,3.589042,6.542285,6
21111,6.048114,11.831829,3
21112,7.2051935,13.852238,4
21113,7.791474,13.030187,1
21114,11.80962,10.637718,5
21115,6.711468,10.254542,4
21116,4.463785,9.715478,1
21117,7.8706083,6.5977445,3
21118,14.070862,10.397668,1
21119,6.8591285,11.352885,1
21122,-3.0567508,4.837313,0
21123,6.7096486,12.620901,1
21124,6.3583746,13.018349,3
21125,6.13836,9.821922,3
21126,3.9200318,6.259063,6
21129,-5.6934624,5.8650503,2
21130,8.033436,-0.70122427,7
21131,11.145257,14.004433,5
21132,7.280677,13.00248,4
21133,-3.5139399,6.2580614,2
21135,8.022303,12.471871,4
21136,-6.301418,6.0075884,2
21137,-6.2692456,3.7664735,0
21138,-5.135164,3.9175568,0
21139,10.926784,13.618203,5
21140,-3.0599802,5.323069,0
21141,10.809804,-0.23614378,7
21142,11.118653,13.710101,5
21143,-4.476786,7.2750273,2
21144,11.244303,10.950911,3
21145,10.1793165,-0.18472922,7
21147,4.228131,10.05632,1
21148,6.6930633,12.302435,1
21150,6.5713,12.68394,3
21152,-5.3889403,7.2680764,2
21153,8.086556,11.636618,1
21154,6.9707103,12.379738,1
21155,14.629591,11.1001,3
21156,8.070025,12.711477,4
21157,9.354882,11.918532,6
21159,7.1447477,12.16698,1
21160,6.6362376,9.886135,6
21161,10.4188795,-0.15156217,7
21162,-6.069075,6.686555,2
21163,11.256608,13.997356,5
21164,7.612843,12.528358,4
21165,8.228961,-0.941171,7
21166,8.188628,13.439153,4
21167,9.638538,12.162337,6
21168,-5.808009,6.026946,2
21169,9.853619,2.8903909,7
21170,14.101703,11.523938,3
21171,7.7679224,12.433623,1
21172,11.118976,0.28569278,7
21173,10.178196,15.034923,5
21174,-6.3114877,3.537418,0
21175,11.308572,10.641599,1
21176,4.3134995,10.485915,3
21177,10.773775,14.162417,5
21180,-3.786272,5.415847,0
21181,3.825809,10.017678,1
21182,11.743195,9.606808,4
21183,5.731726,7.2110043,5
21184,7.935586,-1.0139414,7
21185,4.095944,9.187501,6
21186,5.8318524,10.1095495,1
21187,7.547594,11.823883,4
21188,9.826499,2.9692051,7
21190,6.8165045,12.9570265,1
21191,-5.4285064,3.5006828,0
21192,10.140183,0.10774576,7
21193,-3.3076475,6.407823,2
21194,7.4077144,6.0911756,1
21195,3.392524,6.43656,6
21196,10.646164,0.3189637,7
21197,7.911665,12.409239,6
21198,-4.9226055,4.3117256,0
21199,4.542504,9.812669,1
21200,-6.4278316,4.432459,0
21201,9.273181,12.914882,5
21203,11.568371,9.0741825,6
21204,10.9348545,14.982403,5
21205,9.536478,3.431314,7
21206,9.5505905,3.5298452,7
21207,-6.298699,6.708887,2
21208,-3.333333,5.2769446,0
21209,9.776601,3.280352,7
21210,11.122533,14.920718,5
21211,-4.594469,4.073261,0
21212,6.810605,12.890471,1
21213,10.566594,-0.30834407,7
21215,8.515266,13.1749325,5
21216,8.472583,12.600533,5
21217,9.698961,12.974718,5
21218,-3.0476987,6.7689824,2
21220,-6.291059,3.4641464,0
21221,7.233173,13.052829,4
21222,6.888096,11.976494,1
21223,13.978523,10.616754,1
21224,9.909567,14.4106,5
21225,-5.51688,4.4725614,0
21226,4.129926,10.68634,3
21227,4.5134344,10.714729,3
21228,11.136065,0.8117973,7
21229,4.248667,9.180853,6
21230,14.527522,11.046958,3
21231,5.632368,12.633714,3
21232,6.144846,6.7980485,6
21233,7.6672606,12.017909,6
21237,12.164367,9.6191225,1
21239,4.8541045,6.695113,6
21242,4.545425,9.177989,1
21243,-4.2004175,3.9335773,0
21244,10.982391,13.737089,5
21245,8.228219,12.364291,6
21246,10.762721,0.27346358,7
21247,6.1558986,9.840085,1
21248,-4.4981976,7.2699795,2
21250,9.621816,13.576736,5
21251,-5.031069,4.3469357,0
21254,-5.3772473,4.295977,0
21255,10.035476,14.4874,5
21256,3.1994154,9.022294,5
21257,4.6606164,9.037659,6
21258,7.5555396,-0.8724584,7
21260,11.285808,11.520958,4
21261,10.857112,13.991969,5
21262,11.283081,0.8007825,7
21263,9.960253,3.138293,7
21267,3.2009945,6.71156,6
21268,13.100707,11.003418,4
21269,10.511244,14.867516,5
21270,6.510711,13.25498,3
21271,7.6681747,6.638683,3
21272,-6.197119,4.1864347,0
21273,-5.342318,4.788974,0
21274,3.98482,9.568201,1
21275,-4.7864347,3.5445924,0
21276,10.784533,11.980173,5
21277,14.353214,9.901673,1
21279,9.910424,13.847443,5
21280,7.421694,13.456312,4
21281,10.708312,15.1739,6
21282,11.163996,0.88745475,7
21284,14.6088085,10.673359,3
21285,6.8674335,12.865004,1
21286,-5.9456367,4.677611,0
21288,12.149583,9.54324,6
21289,10.747027,11.339254,4
21290,-5.854181,6.510628,2
21291,3.467819,10.411309,3
21292,-3.2292697,5.0054965,0
21293,-5.6138954,4.7130003,0
21294,3.5432878,6.9792867,6
21295,11.186184,0.58263713,7
21296,3.9834082,5.950566,6
21297,4.526334,8.690984,6
21298,11.248119,0.80636036,7
21299,3.4301956,9.016666,6
21300,4.2428927,6.7401347,6
21301,-5.8785677,3.6409178,0
21302,6.6912966,10.847909,3
21303,-5.078521,2.6863468,0
21304,-5.835964,3.2598758,0
21305,13.848722,10.548711,1
21306,14.016682,11.097147,3
21308,5.534433,10.2158375,1
21309,10.237378,14.698495,5
21310,5.8752546,11.598825,1
21311,14.043776,10.706831,1
21312,8.505672,13.504747,4
21313,8.002706,13.190984,4
21314,3.3626428,9.662742,1
21315,4.3945055,7.159006,5
21316,-4.544441,3.9537666,0
21317,4.1911297,6.34515,6
21318,-5.0134826,4.4608507,0
21320,-6.114278,3.910111,0
21322,-3.1978517,5.21263,0
21323,3.7758477,7.407657,6
21324,11.101318,11.1224,4
21326,5.9042163,12.256537,3
21328,6.0389624,11.086692,3
21329,7.508725,10.9728775,1
21331,6.24059,13.280476,3
21332,9.18399,3.5462136,7
21333,8.227566,12.854443,1
21334,10.07183,0.19141683,7
21335,4.9973145,6.8211985,6
21337,6.2791977,9.868665,1
21338,-3.1588767,6.420592,2
21339,6.1057625,13.212581,3
21340,4.4043865,9.817452,3
21342,11.534598,11.247507,3
21343,10.957986,11.538746,5
21344,7.5307617,5.9451323,1
21345,6.63535,12.964548,3
21346,7.729266,12.6742525,1
21347,-5.8339095,5.841279,2
21349,-5.348407,3.819702,0
21350,4.349239,6.154148,6
21351,3.4628253,7.1050735,6
21352,11.963857,10.543029,6
21355,14.687704,11.364411,3
21356,10.965866,13.787791,4
21357,4.7064805,9.288123,1
21359,-3.0051262,7.0435247,2
21360,-4.598785,3.6767669,0
21363,-4.747444,4.1063085,0
21364,4.8545365,9.222486,4
21366,15.024984,10.823078,3
21368,-6.152333,6.451174,2
21369,-6.1094966,5.2422953,2
21370,6.0199294,10.177673,3
21371,10.8032465,-0.3344859,7
21373,-4.4465756,4.182772,0
21374,-6.154988,3.5295951,0
21375,-3.4736805,5.3642135,0
21376,-2.856375,5.1970224,0
21379,7.7527514,11.434369,4
21380,13.755694,9.826316,6
21381,3.950261,9.858203,4
21382,7.914853,6.4476514,3
21383,-3.1137867,5.0416427,0
21384,7.8408813,13.707518,4
21385,7.689705,12.634626,4
21386,4.466949,6.4854336,5
21388,7.4172845,11.218254,6
21389,10.08947,1.0772573,1
21390,7.6793823,13.673946,4
21391,6.0658216,12.017801,3
21393,-6.4145017,6.4099364,2
21394,-4.0140543,6.969098,2
21396,14.33944,10.525882,1
21397,-4.3098016,6.957698,2
21398,-3.2827795,4.977643,0
21399,5.5634217,11.60556,3
21401,11.033941,13.7698765,4
21402,7.5954447,11.773105,1
21403,7.826327,11.207792,5
21404,-3.7948897,4.2689195,0
21405,-5.359728,4.56982,0
21406,-6.0803566,3.8356962,0
21407,4.0689573,6.168227,6
21408,3.5831113,7.413789,6
21409,6.4601355,11.196433,1
21412,11.180058,14.156785,5
21413,6.8341365,11.64169,3
21415,5.0345716,9.39931,1
21416,4.482161,7.062884,6
21417,4.341552,9.554109,1
21418,-4.323549,6.9343514,2
21419,10.024394,13.776389,5
21420,3.9330575,10.2178135,3
21421,8.138112,-0.97922176,7
21422,8.334385,13.352687,5
21423,-6.6631193,6.3747096,2
21424,3.9042442,6.0391636,6
21426,6.668454,13.536075,3
21427,-6.653948,6.2450476,2
21428,3.9334562,9.18717,1
21430,-5.602935,6.0785103,2
21431,14.35814,10.189886,1
21432,5.5258384,12.6632595,3
21433,11.322585,10.888126,3
21434,4.687778,7.32408,6
21435,7.6929426,12.100335,1
21438,6.926463,12.02073,4
21441,6.879183,11.65241,4
21442,10.29803,-0.32904524,7
21444,-4.3064275,6.8472133,2
21445,13.881969,9.550176,1
21446,11.783587,9.379791,4
21447,7.463382,12.023154,1
21448,3.6331108,9.011049,5
21449,5.105506,7.1143117,6
21450,4.8696885,6.8622513,6
21451,8.709546,12.664473,5
21452,10.973267,14.197501,5
21453,4.4326954,10.069602,3
21454,-3.822437,5.278262,0
21455,-5.2646995,7.324089,2
21456,-6.238618,6.5695057,2
21457,-5.232787,4.453932,0
21458,7.8515925,-0.35520816,7
21460,6.4199657,12.922414,3
21461,6.0582404,12.431437,3
21462,8.399299,12.093639,5
21464,3.8945477,6.4509377,6
21465,11.410825,11.353858,4
21466,-3.6705234,4.4994063,0
21467,11.01589,13.771386,5
21468,9.879985,3.018932,7
21469,4.8458953,6.4276066,6
21470,3.7350583,7.366825,6
21472,10.479705,11.682579,5
21473,6.5306726,12.595006,3
21474,6.233066,13.43307,3
21475,8.132119,13.218434,4
21476,6.40839,12.477723,3
21477,11.284004,8.9735365,6
21479,9.166442,12.133857,6
21480,10.379822,13.417496,5
21483,8.3244,13.65461,6
21486,10.851793,11.124346,4
21487,8.131432,-0.453697,7
21488,-6.23817,6.2702413,2
21490,-5.788988,6.7698674,2
21491,-6.0505395,4.3263783,0
21492,4.327107,8.687928,6
21493,11.144402,8.743562,6
21495,11.482232,11.445451,7
21496,4.669302,6.6555176,6
21497,11.760394,9.46598,4
21498,11.390104,11.376482,4
21499,8.289235,13.1937275,5
21500,4.8698487,6.792044,6
21501,8.465048,13.423499,6
21503,9.562517,2.9205554,7
21504,4.3772025,9.479629,1
21506,-5.7662144,4.099437,0
21507,-5.909502,4.202784,0
21508,4.880589,9.183067,6
21510,6.187982,10.733774,3
21511,3.5295386,6.8225813,6
21512,3.6471946,9.639919,1
21515,6.984113,12.884218,1
21516,-3.4393816,7.3257966,2
21517,4.090311,6.796598,6
21520,11.250034,0.6955987,7
21521,14.989878,11.108578,3
21522,11.409052,14.007474,5
21523,-3.8635094,5.2845817,0
21524,3.6576362,9.646485,1
21525,12.491876,10.860392,3
21527,3.8451512,9.072844,1
21528,-6.4639826,6.20001,2
21529,10.405219,-0.14966139,7
21531,6.628906,10.861433,4
21532,13.136207,10.231943,1
21534,-3.081043,7.2356486,2
21535,9.256556,11.871969,6
21536,6.397912,13.063034,4
21537,-3.6351418,7.1346087,2
21538,-5.1874166,3.6986804,0
21539,-5.036457,5.2004538,0
21542,-6.02741,6.2439694,2
21544,11.012038,0.21194701,7
21545,3.6195264,6.903572,6
21546,4.36509,8.468479,5
21547,4.1153936,10.734761,3
21548,9.154209,11.268531,6
21550,6.1453724,6.675082,6
21551,7.0542307,11.151222,1
21552,10.985522,11.450854,3
21553,3.5438852,6.303208,6
21554,7.033772,13.23729,4
21556,4.637233,10.549138,3
21558,6.8916616,6.32504,1
21559,10.550592,11.198439,4
21560,-6.3439837,4.1588087,0
21561,4.691334,9.620487,1
21562,10.699887,11.1107235,6
21563,11.096567,11.617935,6
21564,-5.010121,7.5761724,2
21565,9.31772,11.923282,6
21567,11.3127775,11.159552,1
21568,10.113442,15.108681,5
21569,6.7462783,13.196731,1
21571,11.001502,11.335925,4
21573,5.420425,10.747206,3
21574,-4.4957733,7.401304,2
21575,5.4455037,6.8733826,6
21576,7.647802,12.87316,6
21577,11.292053,11.916322,5
21578,14.523316,11.062847,3
21579,10.918291,11.604848,6
21581,5.6313047,7.0027037,6
21582,10.68499,-0.308272,7
21583,5.0483303,8.998511,6
21584,7.57702,11.335486,6
21585,5.730014,10.4688835,3
21586,-5.8390703,4.188264,0
21587,7.9122934,-0.34150258,7
21588,3.6929526,6.0006123,6
21589,13.105977,10.465329,1
21590,-5.80883,5.1444993,0
21592,-3.754552,5.294568,0
21593,-3.8555348,6.5300837,2
21594,-5.6207533,3.7626033,0
21595,3.2831907,6.4709024,1
21596,-6.078255,4.4665256,0
21597,-2.9478023,5.9691997,2
21598,-5.9939013,3.9597135,0
21599,10.387545,1.1579337,7
21601,10.247091,0.27278334,7
21602,4.6458316,9.182444,1
21603,14.586752,10.668385,3
21604,10.451155,13.631616,5
21606,-6.433081,6.107378,2
21607,11.275112,12.747714,5
21608,14.064506,10.904259,1
21609,7.2616754,11.444481,1
21610,8.149311,-0.95275146,7
21611,11.502827,11.497281,4
21612,-5.6705837,3.5967577,0
21613,9.597444,12.225811,6
21615,6.4900413,11.15693,1
21616,10.152376,0.39178947,7
21617,14.913286,11.161727,3
21619,14.717855,11.388748,3
21620,4.1206636,9.472163,1
21622,13.870075,10.400821,1
21624,8.02533,12.408343,6
21625,-5.562916,4.7319713,0
21626,-5.732033,4.3256583,0
21627,5.0716662,10.67786,3
21628,10.509224,8.352181,6
21629,4.3422422,5.9816575,6
21630,-3.0035977,5.3313937,0
21631,4.2586064,10.007368,3
21634,10.683445,-0.0076222005,7
21635,14.333408,9.617493,1
21636,3.4218905,6.8039536,6
21637,11.690985,9.648292,6
21639,4.2096987,9.975468,1
21640,3.9099677,7.0602145,6
21642,7.335541,6.3680277,1
21643,7.973229,11.747468,4
21644,14.641623,10.84644,3
21645,7.2699113,11.084916,4
21646,7.326809,6.354178,1
21648,9.694158,11.788595,6
21649,8.745406,12.241232,6
21650,4.0296555,10.274914,3
21652,10.856137,14.660655,5
21653,7.9575953,6.260892,3
21654,6.872096,11.3442955,4
21660,-4.5126133,4.023308,0
21662,-4.1469913,6.684941,2
21663,10.970739,8.592055,4
21664,10.073582,13.285875,5
21666,10.452761,0.004979544,7
21667,3.5522864,8.902227,1
21668,3.8860824,10.396714,3
21669,5.7146573,12.333095,3
21670,-3.7382066,5.1740613,0
21672,-3.1305814,5.7589235,2
21673,8.222852,-1.0518637,7
21674,6.7429295,10.78116,1
21675,4.9593315,9.361029,1
21676,11.862386,10.681553,4
21677,6.8164706,13.300334,4
21678,9.341457,12.702749,5
21679,7.6026807,13.27716,4
21680,7.856215,-0.3442526,7
21681,-3.5244656,6.2991505,2
21683,9.609089,11.719972,6
21684,9.4050665,12.109499,6
21685,-5.9309144,4.872049,0
21686,11.133134,11.459309,4
21687,14.1659355,9.851134,5
21688,6.467636,12.675279,3
21689,8.594793,13.46959,4
21690,-5.827445,4.2637906,0
21691,10.428468,10.726008,3
21692,5.0220413,7.1201687,6
21693,-5.5621963,7.177346,2
21694,-3.535105,5.3193088,0
21695,7.489866,10.892498,1
21696,13.304668,10.011071,6
21697,8.018699,13.171257,1
21698,13.8066,10.682318,1
21700,9.139382,11.25622,6
21702,7.0697756,10.566918,1
21703,6.3465366,10.053363,5
21704,4.6202555,9.216297,4
21705,7.1748724,10.2312565,6
21706,9.695703,13.371009,5
21707,4.6817956,8.698107,6
21708,10.840794,13.886058,5
21710,6.126501,10.469539,3
21711,-3.6363015,5.220468,0
21713,-5.975766,3.9466102,0
21714,8.19518,13.336788,4
21715,4.711458,6.5479474,6
21716,9.535691,11.652915,6
21717,-4.2442293,7.0180917,2
21718,3.576988,8.681123,6
21719,3.462113,6.5108576,6
21721,10.905582,14.6402645,5
21722,10.436242,14.78118,5
21724,6.1409707,12.834867,3
21725,-3.401207,5.0296044,0
21727,6.003721,8.799067,6
21728,-3.164498,5.070764,0
21729,11.203111,11.36828,4
21732,11.175998,10.725804,1
21733,3.9306355,7.564034,6
21734,4.6717343,10.525281,3
21735,6.56281,10.1810465,1
21736,14.048657,10.77331,1
21737,4.348094,9.734011,1
21738,-6.0542397,5.7661986,2
21740,5.1168137,10.287974,1
21741,10.496097,-0.08466702,7
21742,6.7806435,6.0156817,1
21743,6.8097076,5.940012,1
21744,7.3570094,13.559335,1
21745,9.577864,12.544685,4
21746,-5.099878,2.7568154,0
21747,-5.76062,6.358954,2
21748,-6.5425997,3.8721545,0
21749,3.8260238,6.465787,6
21750,3.6886492,6.228312,6
21751,10.227017,15.138591,5
21752,6.203814,6.735135,6
21753,10.943622,11.411178,1
21755,-5.9755645,6.2064953,2
21756,10.102105,14.635893,5
21757,-5.3889885,4.0395045,0
21758,4.2305975,10.308186,3
21759,7.0993857,13.5263405,4
21760,4.3662276,10.436692,3
21761,13.060659,10.290174,5
21762,4.132275,9.229217,6
21763,10.1293545,15.166179,5
21764,-4.425068,4.998131,0
21765,8.592924,13.079849,5
21766,7.332458,10.54636,4
21768,8.241371,-0.1062684,7
21769,6.005765,10.200366,3
21770,9.331052,11.325159,6
21771,5.0653515,7.903624,6
21772,8.035843,11.911077,5
21773,6.415074,12.907294,4
21774,11.075383,8.628524,6
21775,-4.4871526,3.888124,0
21776,10.270267,0.4998785,7
21777,6.4800076,12.006284,1
21778,6.0529313,9.004349,6
21779,-3.849883,7.0187583,2
21780,10.963245,12.808686,5
21781,-3.9093802,7.434938,2
21782,10.276702,15.012084,5
21783,5.2571344,7.0405884,1
21784,5.009785,6.612997,6
21786,3.7654834,9.016694,6
21787,5.3157606,6.973708,6
21788,7.4727063,11.38829,6
21789,4.394347,6.8429556,6
21790,-5.842938,7.001769,2
21791,6.7643394,13.3077965,4
21792,-5.2424364,4.493321,0
21793,7.2284627,11.486801,4
21794,9.5288,3.5873623,7
21795,-6.3742704,4.222099,0
21797,4.367133,9.843391,1
21798,6.177698,9.433478,6
21799,-3.1419756,7.179033,2
21800,10.003735,14.701937,5
21801,8.084443,13.680099,4
21802,9.229992,12.035422,6
21804,7.661794,12.289052,1
21806,14.456801,10.517997,3
21808,14.072302,9.741956,1
21809,9.4957485,3.5241108,7
21810,11.175774,11.379253,3
21811,6.6640816,11.158965,1
21812,14.348228,11.4678335,3
21813,10.930283,11.592492,6
21814,13.869979,10.672981,1
21815,8.565995,12.071671,4
21816,7.3728023,12.691359,6
21817,-5.7464056,5.609615,2
21818,7.7891293,-0.8221822,7
21819,10.997673,11.384366,4
21821,14.239096,11.097868,3
21822,9.975842,13.042038,5
21823,9.345032,11.339816,6
21824,10.558908,15.2487135,5
21825,6.1294994,9.532693,6
21826,-5.891116,4.503979,0
21829,9.566665,12.204554,6
21831,13.400109,10.604225,1
21832,14.022251,10.459443,1
21833,11.241572,0.7534471,7
21835,8.567961,13.589794,6
21836,4.503317,6.208897,6
21837,10.094415,-0.07575577,7
21838,-5.288077,4.622216,0
21839,7.780293,11.919128,6
21840,3.8823779,10.245868,3
21841,7.1794744,12.377854,1
21842,7.213322,10.920786,6
21843,10.357128,15.143856,4
21844,14.271256,11.535628,3
21845,5.243735,8.957529,6
21849,4.2629614,10.024506,1
21850,10.808568,13.382776,5
21851,6.820814,5.9593825,1
21852,4.6942744,6.435046,6
21853,-6.0165787,3.7904773,0
21854,5.9504113,11.844732,3
21855,7.0229692,12.710956,1
21856,7.599622,13.282096,4
21857,6.77627,6.119848,1
21858,7.509731,11.294684,6
21860,7.4501247,13.908541,4
21861,8.476817,13.19541,4
21862,6.306815,9.95341,3
21863,8.151339,12.831537,4
21864,-4.069714,6.391779,2
21867,-2.9063087,6.9328623,2
21868,10.988173,8.589894,6
21870,7.127546,10.64561,4
21873,8.40263,13.0806055,4
21874,6.575241,10.768931,3
21875,-3.7089705,7.328391,2
21876,9.28008,11.365869,6
21877,-4.949878,3.5381265,0
21878,10.044122,13.695872,5
21880,8.294454,12.555481,5
21881,8.297848,13.009531,4
21883,6.4260383,11.693142,3
21884,7.216079,12.219149,1
21885,4.8664393,10.2869625,3
21886,6.794485,12.888951,3
21887,11.207764,13.672542,5
21889,3.7367353,8.950101,4
21890,-6.3302755,6.6639476,2
21891,-2.793229,6.564996,2
21892,11.524207,9.058951,6
21893,3.9739923,10.217816,4
21894,9.662292,12.06239,6
21895,3.6060495,9.375676,1
21896,3.53212,8.753654,6
21897,10.775128,13.84052,5
21899,5.003773,6.63519,6
21900,10.358019,12.879542,5
21901,4.8824944,6.5682135,6
21902,10.998696,10.768482,6
21903,14.714436,10.894923,3
21904,10.761982,-0.3451077,7
21905,10.051354,11.56945,4
21907,10.062578,0.41618538,1
21908,-5.9559445,6.878487,2
21909,9.944184,12.953283,5
21910,7.100804,13.100441,1
21911,7.8104877,-0.80448383,7
21912,11.473392,11.116043,4
21914,-3.350014,6.6365023,2
21915,8.028964,13.134398,4
21916,4.025926,7.094345,6
21917,4.1965904,6.947852,6
21918,-6.234046,6.755897,2
21920,4.532478,8.521436,4
21921,-3.2769125,4.9865713,0
21923,6.0923843,12.180393,3
21924,5.9277544,11.150519,3
21926,6.811034,5.938545,1
21927,13.571372,11.276623,3
21929,8.316732,-0.8844452,7
21930,3.898582,6.9261017,6
21933,14.9419365,11.059669,3
21934,11.668777,11.211202,1
21935,-3.8681486,6.3572164,2
21936,-4.575137,3.8018007,0
21937,4.1967635,9.313152,6
21938,6.702223,10.690964,6
21939,13.507829,9.65921,6
21940,4.932967,9.268975,4
21941,5.6167784,12.275587,3
21942,9.322301,3.683193,7
21943,8.858126,10.877605,6
21944,13.328926,9.858246,6
21945,4.603794,7.4488206,6
21946,9.726751,3.2766798,7
21947,-3.8210363,7.4707055,2
21948,7.034832,12.2929535,1
21949,3.682581,9.693864,4
21950,8.364711,13.217337,7
21952,8.332238,12.976602,4
21953,14.343854,9.946403,1
21954,7.6026707,12.869867,1
21955,13.943863,10.618463,1
21956,-5.8442383,6.8732653,2
21959,7.381677,13.518641,4
21960,4.380663,10.030243,3
21961,14.7805,11.326185,3
21962,7.336604,10.7536335,5
21963,6.7395396,13.600817,4
21966,5.4320974,7.7132363,6
21967,8.455232,12.408605,5
21968,-4.155524,3.7712312,0
21970,6.1109457,10.146651,1
21971,3.607042,9.938575,4
21972,-5.467963,4.2211137,0
21973,4.342731,8.998148,6
21974,4.2180467,7.048612,6
21975,4.027395,9.497223,4
21983,10.752635,-0.29425457,7
21984,-5.8712525,5.845382,2
21986,12.429644,9.754949,3
21987,11.511162,0.58792996,7
21988,-3.0427248,5.4478936,0
21990,4.3335996,6.3563952,6
21991,3.2676065,6.9951377,6
21994,5.9235945,7.136584,1
21996,13.784271,10.992276,1
21997,11.550724,9.153994,4
21998,4.2379785,10.215296,3
22001,5.8522887,11.655992,3
22002,-5.9824343,4.0222073,0
22003,8.842057,11.194992,6
22004,-3.7921946,4.3091893,0
22005,-4.965824,5.939274,2
22006,-5.8150573,3.5952413,0
22007,5.6255717,10.72263,3
22008,6.190543,12.700595,3
22009,3.8311734,6.8088107,6
22010,-3.0038364,5.846804,0
22011,10.66767,15.143315,5
22012,-3.1141338,6.9710474,2
22013,10.2827015,13.9045725,5
22014,4.532271,6.3762293,6
22015,11.087329,11.49005,1
22016,6.843446,12.257043,1
22017,6.936423,12.443376,4
22018,6.1414986,7.014135,1
22019,8.91736,11.267478,1
22020,7.4389997,13.524625,4
22021,4.642162,7.3034954,1
22023,9.515633,3.5709937,7
22027,10.50619,0.88167703,3
22029,8.57941,10.314539,6
22031,-4.7407985,4.032181,0
22032,5.8721504,12.321282,3
22034,11.211776,10.474964,1
22035,6.193907,9.692377,1
22036,6.9036083,12.365664,1
22037,8.00317,12.266069,6
22038,10.070735,13.382626,5
22039,10.675177,14.6525545,5
22040,3.818202,7.3810983,6
22041,5.2251654,9.119981,6
22042,-5.4658055,6.59129,2
22043,-4.5892005,3.710265,0
22044,11.087436,11.320505,3
22045,11.222197,0.71261805,7
22046,7.6916146,10.911449,7
22047,3.6014771,7.2337456,6
22048,-5.2867827,4.9228873,0
22049,7.199242,13.577067,4
22051,-6.1235332,3.7904387,0
22052,11.062781,14.857923,5
22053,10.62949,10.797468,1
22054,3.850367,6.195924,6
22055,-3.134582,4.989252,0
22056,6.240328,11.947045,3
22057,-4.940103,3.652958,0
22058,4.723632,9.993976,3
22059,3.7501078,10.421541,1
22060,8.113228,-0.7589878,7
22062,7.5326915,10.741978,4
22063,10.97893,13.788765,5
22064,9.4669075,12.040498,6
22065,6.1977654,12.277046,3
22066,13.598299,10.217089,1
22067,-6.176262,6.468394,2
22070,-5.119884,2.6992412,0
22071,7.102249,11.762416,4
22072,5.752949,12.496078,3
22073,-4.316823,4.038207,0
22074,10.498238,14.445764,5
22075,8.780232,11.514296,6
22076,-4.7696157,5.2505755,0
22077,3.694673,10.634251,3
22078,-3.6705334,4.385039,0
22080,-6.2958765,5.8773823,2
22081,3.3433669,9.4998255,1
22082,7.1758018,12.394583,1
22083,9.455813,3.288826,7
22086,-2.988928,4.6029634,0
22087,4.4704056,9.372212,4
22088,-4.072816,6.8924913,2
22089,-5.6728687,3.344549,0
22090,10.206243,13.180594,5
22091,9.712643,3.4219925,7
22092,11.476113,14.227807,5
22093,6.8491344,12.98781,4
22095,-5.5299697,6.484518,2
22096,-3.029942,7.0071454,2
22098,13.406263,10.161387,1
22099,10.988129,11.41603,4
22100,8.949282,11.544754,6
22101,10.309658,0.7300609,4
22102,-5.7754664,4.146722,0
22106,5.029415,6.78495,6
22108,-5.8074393,4.1877346,0
22109,10.9913845,13.110183,5
22110,3.8688407,10.017674,1
22111,-3.5969853,5.2267256,0
22112,13.277419,10.475058,1
22114,7.8441463,6.547148,3
22116,-6.2739477,3.6137338,0
22117,-5.6262517,3.9603333,0
22119,6.1527214,6.8668313,5
22121,-3.544104,7.455321,2
22122,-5.346682,3.5816355,0
22125,13.833744,10.163636,1
22126,3.5648592,9.056656,5
22127,6.115225,9.965311,3
22128,9.923166,3.0163412,7
22129,7.966835,-0.54935527,7
22131,-3.7121708,5.312239,0
22132,5.581417,6.6205063,6
22133,8.265487,13.056288,4
22134,6.8821616,11.517143,1
22135,4.6146946,10.129348,1
22136,7.8283873,12.07919,6
22137,10.943715,11.587592,4
22138,4.935761,6.7829776,6
22140,-3.118382,7.177262,2
22141,3.498881,7.386357,6
22142,8.1996355,12.603309,6
22143,4.1795382,10.466875,4
22144,-5.9506073,4.839251,0
22145,10.56466,12.942403,4
22149,-3.5977926,6.309782,2
22150,4.7850847,7.395451,6
22151,7.5013633,6.2954874,1
22152,4.579884,10.48291,3
22153,-3.1780725,7.284932,2
22154,7.8103194,13.8033,4
22156,11.072726,0.86721694,7
22157,10.824229,-0.30316877,7
22158,-3.1668015,7.259169,2
22159,8.930294,13.013525,6
22160,14.180044,10.244687,1
22161,-3.0302625,5.4687514,0
22162,11.257686,0.703025,7
22163,9.457002,3.6427727,7
22164,9.66695,3.508307,7
22165,8.043621,12.769369,4
22166,7.089175,11.817587,1
22168,5.9302025,11.042557,3
22171,13.933961,10.295037,1
22172,-6.2043843,4.6997037,0
22173,6.7983994,10.215213,4
22176,4.623494,10.136411,1
22177,14.290513,10.209687,1
22179,13.962486,10.335967,1
22180,10.866784,11.112694,4
22181,10.952098,10.711998,1
22182,13.589661,10.852109,1
22183,10.467954,11.191868,4
22184,-6.212257,6.8215637,2
22185,9.043148,11.133403,6
22188,11.135551,11.434457,4
22190,7.350928,10.402671,4
22192,13.321691,10.066528,1
22193,6.2821465,13.329411,3
22194,11.137717,14.551428,5
22196,7.3639364,12.418231,1
22197,-5.463679,3.899039,0
22198,10.760038,13.156755,4
22199,10.098596,0.6267651,6
22200,-5.010563,7.5735474,2
22202,-3.1058404,4.8255205,0
22203,11.047927,8.657188,1
22204,4.302612,9.746456,1
22205,10.366455,0.008255255,7
22206,4.3381352,10.128585,3
22207,6.7562165,13.787361,4
22208,-2.7316787,5.170849,2
22209,10.972947,0.25540736,7
22210,-3.4607704,6.646805,2
22211,-4.1533666,3.9946504,0
22212,14.110582,10.009174,1
22213,-5.366104,6.1492524,2
22215,3.9158833,10.768635,3
22216,11.189987,11.589017,4
22217,-5.8213654,3.4611082,0
22218,4.826751,10.5858,3
22219,11.075253,0.29186442,7
22220,8.635931,-0.037873674,6
22221,5.9246817,11.812872,3
22222,6.118878,11.716963,3
22223,8.27522,11.330016,6
22224,4.363431,10.477241,3
22225,6.206121,9.720354,3
22227,-5.7264166,3.7069309,0
22228,5.3622646,7.766463,6
22229,9.596958,12.352024,6
22230,8.258646,11.956155,6
22231,-4.0878077,3.8001347,0
22232,-5.373163,6.6367803,2
22235,-6.1891165,3.9250627,0
22236,-6.557772,6.3401933,2
22237,11.125813,8.724357,6
22238,6.4239497,7.107804,1
22240,6.450201,10.3626995,4
22241,10.085554,-0.20545955,7
22242,-5.683856,5.8413587,2
22244,7.4284534,6.0016847,1
22245,7.4681025,13.460904,4
22248,-6.2953362,5.8287315,2
22249,8.207584,-1.1032699,7
22250,-5.08276,2.6917372,0
22251,10.973701,13.544367,5
22254,4.5813727,7.2053857,1
22255,7.9142666,12.018228,7
22257,9.329615,3.4579606,7
22258,-6.361425,6.4786572,2
22259,-6.4429398,3.9127505,0
22260,-5.8352985,3.6967647,0
22261,8.117195,11.819492,4
22263,7.5519056,13.582554,1
22264,4.1502476,6.9946175,6
22265,-3.2148976,5.2873936,0
22266,-6.603327,6.2723017,2
22267,3.928607,10.606245,3
22268,-5.042114,3.455082,0
22269,7.39446,11.354264,6
22270,13.703265,9.516681,6
22271,-3.5012922,6.639388,2
22273,11.093635,14.289315,5
22274,4.283424,10.703202,3
22275,10.518754,12.923801,5
22276,8.24007,-0.25607815,7
22277,6.49981,10.918329,1
22278,4.6462955,9.556374,1
22279,-5.0899906,7.685177,2
22280,3.2624288,6.614657,6
22281,4.7043405,9.210826,1
22282,4.6506376,9.261356,1
22284,9.366171,3.0865881,5
22288,-3.8106956,6.2566,2
22289,-5.9958763,4.2179713,0
22290,9.620526,3.2112126,7
22291,7.8674564,6.370003,3
22293,-2.889689,6.9361672,2
22294,6.941783,11.148058,4
22296,7.238899,10.317032,6
22297,9.700643,13.479723,5
22298,8.138037,12.5144825,7
22300,10.546517,11.138371,5
22302,8.163813,13.766575,4
22303,14.253553,10.499907,1
22304,3.3506098,6.485119,6
22305,6.587143,11.800205,1
22307,7.451872,6.1495113,1
22308,10.781481,-0.077711105,7
22309,4.808259,6.6764674,6
22310,5.6340437,12.426596,3
22313,3.7196405,6.967587,6
22314,6.0176888,6.7633486,6
22315,7.4503517,10.913647,4
22316,-5.4313,6.6821165,2
22318,-3.070389,7.0760937,2
22320,11.3311615,9.025649,6
22322,13.687337,11.013699,1
22324,-6.155409,3.7930186,0
22326,5.086688,8.718165,6
22327,3.9895043,10.800521,3
22328,-5.32423,3.5970478,0
22329,10.510547,14.777241,5
22330,11.212146,10.776342,3
22331,4.3079,10.120231,4
22332,-6.1458178,5.508023,0
22333,-5.650462,3.2818816,0
22334,4.5331745,9.745101,1
22335,3.8018441,9.543857,1
22337,3.8035433,6.53498,6
22338,6.4987516,9.951591,4
22339,7.249505,11.997719,4
22340,11.282521,13.04677,5
22341,8.258672,12.818648,1
22342,4.007348,10.332696,3
22343,13.633359,9.566127,5
22344,10.998269,11.580621,4
22345,7.218708,11.7556305,1
22348,3.2993617,9.613215,4
22350,-6.139765,6.7748346,2
22351,8.727955,13.238669,4
22352,7.7974935,11.509552,5
22353,10.743286,-0.4187421,7
22354,7.633433,11.01561,1
22355,10.719564,-0.4057192,7
22356,5.891676,10.15423,3
22357,6.1958966,13.379376,3
22358,4.009269,9.345105,6
22360,8.004929,12.525465,4
22361,-4.23093,3.8971798,0
22362,-6.600303,6.3424315,2
22363,-6.0315003,6.8655033,2
22364,9.919698,11.505201,5
22365,12.239574,9.577957,1
22366,11.140685,11.184033,6
22367,-3.5604768,5.3648925,0
22368,9.657429,3.5842848,7
22369,-4.031367,3.7287242,0
22371,10.595855,-0.24024172,7
22372,11.820962,9.645857,4
22373,-5.547952,4.996008,0
22374,7.2114925,10.431588,4
22376,10.546711,15.001508,5
22377,7.9417634,6.6125836,3
22378,-3.0626333,7.262115,2
22379,10.743672,11.658884,6
22380,13.612179,10.362649,1
22381,12.998283,10.378789,6
22382,10.825057,14.324157,5
22383,7.6942573,6.4917808,3
22384,8.269869,11.828559,4
22386,10.27381,-0.00604082,7
22387,10.609226,14.104298,5
22388,10.876129,10.986255,3
22389,7.4194016,5.944091,1
22390,7.7483006,13.387973,4
22391,4.0542383,7.2113733,6
22393,5.645696,10.941825,3
22394,5.722425,11.632018,3
22395,10.855442,14.480983,5
22396,-3.6855507,7.5302677,2
22398,8.928154,11.345123,6
22399,7.7286067,12.013681,6
22400,-6.0509343,4.4709105,0
22401,11.640019,9.144938,6
22402,13.350827,9.874396,6
22403,-3.3168614,5.58929,0
22404,7.7961974,13.6773,4
22405,5.180778,6.6962543,6
22406,-5.9344563,3.85629,6
22408,13.725529,9.652624,1
22409,9.18779,11.447331,6
22410,13.514973,9.696329,1
22411,6.6137543,11.749436,1
22413,4.647236,6.346241,6
22414,10.801731,0.23286161,7
22416,6.7099485,11.009726,1
22417,-5.7816095,3.7392294,0
22418,3.7009916,7.5074887,5
22419,14.776229,10.982562,3
22420,5.869104,12.262651,3
22421,3.7821748,10.644844,3
22422,7.4088945,5.893127,1
22424,6.8266215,11.353195,1
22425,9.588567,11.696658,2
22426,14.118888,10.2715225,1
22427,9.045103,11.769897,6
22428,7.60003,13.59736,4
22429,-6.3203526,3.5452638,0
22432,-4.185303,3.774382,0
22434,-4.68361,3.691268,0
22435,10.665663,13.9245205,5
22436,-6.0932393,4.689918,0
22438,-5.9775076,4.6191278,0
22439,11.75289,10.663378,4
22440,3.694808,9.757115,1
22441,10.835557,-0.284468,7
22442,5.002345,7.04325,6
22443,-5.826307,6.6570983,2
22444,-3.3639052,6.581071,6
22445,5.9734354,10.183647,1
22446,10.636787,15.022472,5
22447,10.655711,14.137007,5
22448,-2.704715,4.9209323,0
22449,11.2512,8.846032,6
22450,-3.9467723,6.863521,2
22451,10.989869,0.30360544,7
22452,9.916479,12.794681,5
22453,3.6864552,6.4511642,6
22454,8.14675,-0.9857368,7
22455,4.010101,9.135865,6
22456,7.5611467,13.687266,3
22458,-5.6733856,5.833486,2
22459,7.682254,12.705504,4
22460,13.317356,10.055985,1
22461,-5.113203,4.6382837,0
22462,11.706928,9.320096,4
22463,-6.676062,6.101715,2
22464,8.773277,13.431121,4
22467,4.0083604,10.06738,4
22468,13.12895,10.516596,6
22472,13.834954,10.643464,1
22473,13.868261,9.911762,1
22474,11.435893,12.452843,5
22475,3.7735927,6.769003,6
22476,4.479706,10.536027,3
22477,-5.8164206,4.3769913,0
22478,13.650081,10.633609,1
22479,5.5585465,12.380029,3
22480,6.9003778,11.493015,1
22481,4.6493554,7.5956473,6
22483,11.321343,9.010351,6
22487,11.62622,10.816488,1
22488,5.7965794,10.965603,3
22489,4.0615163,9.995528,3
22490,3.3271353,9.373579,4
22491,10.617018,-0.303292,7
22492,-2.6812923,4.8716083,0
22495,3.6248093,7.135248,6
22496,8.323271,12.365433,5
22498,-3.7367718,5.090026,0
22499,7.3284364,13.690452,4
22500,14.708144,11.291189,3
22501,4.356211,6.1003027,6
22502,9.165829,12.186952,4
22503,-2.7052927,4.9309435,0
22504,14.856226,11.096787,3
22505,-3.2120764,6.456675,2
22506,7.5010624,12.557229,6
22507,4.0380635,9.489451,4
22509,10.209772,15.248643,5
22510,3.9294825,10.022212,3
22511,10.084303,13.9623785,5
22512,3.8175263,9.39022,1
22513,13.417382,9.881597,6
22514,11.626779,10.801252,1
22515,8.178592,-1.0190482,7
22516,14.555561,10.448698,3
22517,5.78586,12.373848,3
22520,-3.6609077,6.231363,2
22524,3.6509273,9.732552,1
22525,-2.8375669,4.9131336,0
22526,-5.375467,3.8962877,0
22527,14.28526,9.778779,1
22528,7.425183,12.538701,4
22529,7.2671914,10.334833,5
22530,-5.089581,2.7767751,2
22531,3.9388614,10.434595,3
22532,6.794988,13.119192,1
22534,-4.3456345,6.9375296,2
22536,6.679577,11.73739,3
22537,5.4153924,6.98236,6
22538,10.970228,14.941241,5
22539,7.10733,13.899923,4
22542,11.398864,10.632849,1
22543,14.414335,10.343175,1
22544,3.6940985,6.9952655,6
22547,-6.2690372,6.604969,2
22548,14.628109,11.447717,3
22549,13.956173,10.750817,4
22550,7.1580105,13.27626,1
22551,7.907312,11.977319,4
22553,-6.615115,6.254731,2
22554,4.3975444,9.566494,1
22555,14.457752,11.529075,3
22556,8.772078,10.938005,6
22557,-3.7349613,4.9116397,0
22558,5.7518196,12.136769,3
22559,3.3540716,7.1511774,6
22560,7.601894,12.075753,6
22561,-2.8966017,6.9051867,2
22562,-2.834235,5.3060894,0
22563,8.070753,-0.67332876,7
22564,-5.4954877,4.752272,0
22566,11.924188,9.665167,1
22567,4.4110665,8.6824875,6
22569,-3.5712721,7.3547077,2
22570,4.0013323,9.899907,1
22571,6.9438577,13.8078375,1
22572,11.030306,8.657716,4
22573,7.011853,11.052004,6
22574,-3.625548,5.281528,0
22575,-3.0302913,4.8622074,0
22576,-3.3006854,6.162582,2
22580,5.958094,12.88265,3
22581,4.4119935,9.887764,3
22582,-6.400068,4.27339,0
22583,4.9638906,9.5824375,1
22584,10.822684,15.105939,5
22585,7.069495,12.962922,1
22587,5.475674,6.7071385,4
22588,7.8235407,-0.9084246,7
22590,4.3401136,10.281677,3
22591,7.7353745,6.66926,3
22592,4.881255,10.700133,3
22593,-5.322453,4.583808,0
22594,-4.11336,4.038739,0
22595,-6.1990266,3.9036398,0
22596,14.243372,9.884966,1
22598,10.360605,13.421712,5
22599,9.649621,2.8275087,1
22601,14.305539,10.379205,1
22602,-2.9202936,5.409432,0
22603,11.305296,0.5692852,7
22604,8.455965,12.802348,6
22605,5.003839,9.5699215,1
22606,-4.9915004,7.569255,2
22607,3.3514724,6.686594,4
22608,8.544522,10.383358,6
22609,3.707463,10.227698,4
22610,-2.893352,5.5061436,0
22611,3.779297,8.521191,6
22612,11.263753,14.291887,5
22613,5.6204205,10.337439,1
22614,5.009726,10.381435,3
22615,7.164505,6.180831,1
22616,10.566234,0.020560626,7
22617,5.5004053,6.616784,6
22618,8.482725,13.211972,6
22619,14.143517,9.841904,1
22620,9.096825,11.412803,6
22621,-3.6293612,5.411538,0
22622,6.8696704,13.292402,4
22623,6.181504,12.609016,3
22624,-6.435174,3.9154286,0
22625,14.162685,9.79896,1
22626,7.2795625,13.966312,4
22627,4.0499015,10.010879,1
22628,-4.6899624,7.378762,2
22630,-3.8033097,7.4288607,2
22631,-3.7421117,7.194102,2
22633,11.279654,13.409399,5
22634,4.4350514,8.732917,1
22635,11.065281,8.644392,6
22636,4.3066225,10.507144,3
22637,6.107643,12.470386,3
22639,10.560567,10.772392,1
22641,7.709347,12.75178,6
22642,6.0038304,12.190863,3
22644,7.815052,13.115735,4
22645,7.5102196,6.1404824,1
22647,8.853948,11.981787,6
22648,-6.3436794,3.5662866,0
22649,3.509411,6.9200077,6
22650,10.218078,12.980335,5
22651,6.610529,11.39452,3
22652,6.7247868,13.113943,4
22653,7.4284716,10.953212,4
22654,4.170532,10.164938,3
22656,-3.6363623,6.348385,2
22657,7.960409,13.630911,1
22658,11.217759,13.91428,5
22660,9.219792,3.680679,7
22661,3.886004,9.4040575,4
22663,4.332819,7.5556607,1
22664,9.216328,12.38053,6
22666,5.664495,8.411253,6
22668,7.5615706,13.22766,4
22669,-3.2712648,4.906997,0
22670,4.7149215,6.4424686,1
22671,6.7437553,10.673822,3
22672,14.551703,11.129563,3
22673,14.371593,9.801866,1
22674,-4.108609,6.2089276,2
22675,8.0553875,11.509018,6
22676,4.8479285,7.4213457,6
22677,-3.491469,6.2228794,2
22678,7.8851104,-0.98624814,7
22679,4.696111,6.3556485,6
22680,3.9915988,10.83055,3
22682,-6.3744154,6.4113874,2
22683,7.993943,12.0099125,5
22684,9.540911,3.620806,7
22685,7.589234,11.746717,6
22686,4.77174,6.698665,6
22687,13.378385,9.841611,6
22689,-5.125935,3.0009305,0
22690,6.852831,11.20387,1
22691,4.845363,9.581238,1
22692,7.3455954,12.42831,6
22694,-5.731913,3.4259343,0
22696,14.509296,11.484757,3
22697,-4.0854235,6.7021403,2
22701,8.111534,-0.21752355,7
22702,-3.4770458,6.184253,2
22703,4.546374,6.4000463,6
22704,11.178385,0.6179284,7
22705,-5.4359994,5.782001,0
22709,5.9708505,10.098411,1
22710,5.3197274,6.589496,6
22711,-3.1477125,7.0626855,2
22712,6.0520115,10.993496,3
22714,6.02901,10.375885,1
22715,5.800855,12.663216,3
22716,9.462004,13.207152,4
22717,13.160979,10.842216,1
22718,-5.2535677,3.458607,0
22719,5.647346,6.7074947,6
22720,8.038911,11.433565,1
22723,3.951877,9.07153,1
22724,11.683188,9.148574,6
22725,7.3782973,12.596984,1
22726,11.982316,10.987838,1
22728,-5.072764,2.7259712,0
22729,4.838078,9.693213,1
22730,5.228541,7.674486,6
22731,13.927685,10.767549,1
22733,8.919575,11.449367,1
22735,7.2468896,12.591855,1
22736,4.0308814,9.153039,4
22739,9.519618,11.9946995,6
22740,10.821267,14.44497,5
22741,5.154303,7.295284,6
22742,-3.6134412,4.345557,0
22744,9.772102,12.09022,6
22745,14.132119,9.90094,1
22746,10.68421,8.411872,4
22748,10.111611,-0.01739019,7
22750,8.29449,12.526101,6
22752,5.89732,12.392531,3
22753,13.506762,9.69176,6
22754,7.925325,13.331221,4
22755,-5.929076,4.539073,0
22756,-5.480312,6.072633,2
22757,6.3071246,12.378876,1
22758,10.825393,13.823278,5
22759,11.1479025,14.355779,5
22760,6.716961,12.060035,1
22761,6.593736,11.0345545,3
22763,10.370485,0.6032973,7
22765,-6.3513007,6.210348,2
22766,8.08853,11.30212,1
22767,8.881252,12.62246,6
22768,4.2990775,6.160046,6
22770,-5.6808896,6.1145945,2
22772,11.389406,14.020683,5
22773,5.5210314,6.3520007,7
22774,11.728742,9.589517,6
22775,11.20546,0.64180493,7
22776,-3.7508872,6.5191,2
22777,7.9098597,13.363755,4
22778,-5.589939,3.7626393,0
22779,-6.4573517,3.9480414,0
22780,9.824568,12.562626,5
22782,8.244684,-1.0498776,7
22784,14.512771,11.0900345,3
22785,6.4057603,9.710918,4
22787,-5.7169313,3.3582363,0
22788,13.54686,10.151866,1
22790,11.460662,0.5622268,7
22791,3.4129791,6.9129715,6
22793,11.3737135,0.6469308,7
22794,5.867092,11.203998,3
22795,-3.5201933,5.0270634,0
22796,9.089019,11.196158,6
22797,7.3905907,12.491301,1
22799,14.063804,11.199437,3
22800,10.73439,13.298614,5
22801,-3.806326,6.593284,2
22802,11.44841,14.068881,5
22803,4.601824,9.494269,1
22804,7.9746976,-0.30972654,7
22805,-6.14054,3.2277508,0
22806,7.9357386,11.484463,3
22807,8.551183,10.342184,6
22808,3.3666148,6.4566984,4
22809,-6.0256443,4.1991563,0
22810,7.3085327,5.9977055,1
22811,9.983226,13.060246,5
22812,-6.172076,3.4085724,0
22813,-3.684619,7.256342,2
22814,14.03791,10.496117,1
22815,-6.494679,3.9478364,0
22816,-3.3040032,4.937746,0
22817,8.288211,11.709812,4
22818,-5.6144266,4.671602,0
22819,-5.5349755,5.845902,2
22820,10.692053,10.681811,1
22821,-3.1691604,7.2612605,2
22822,9.378218,11.632427,6
22823,11.121308,10.687357,3
22824,6.1079297,10.108319,6
22825,10.73441,-0.13852818,7
22826,-2.8759248,5.207271,0
22827,9.106244,11.878776,6
22828,-5.6942387,3.6672614,0
22829,11.354058,14.022088,5
22830,5.143291,7.94322,6
22831,7.6237245,12.519413,6
22832,-3.1998935,7.221155,2
22833,14.947298,10.739476,3
22834,8.618404,11.117996,6
22835,10.846116,13.618259,5
22836,14.035968,11.166293,3
22837,13.326371,9.855096,6
22838,7.119576,12.86465,1
22839,5.1221523,7.64907,6
22840,-4.00009,6.904406,2
22841,4.71524,6.5258913,6
22842,4.384081,9.357258,4
22843,10.238326,-0.18533278,7
22844,9.369185,11.397329,6
22845,11.026614,0.7371695,4
22846,7.8297157,13.147226,4
22847,6.0801926,10.051273,3
22848,9.999472,13.6118965,5
22850,11.297841,0.5251645,7
22851,11.483956,14.26341,5
22852,-4.344853,7.5332313,2
22853,6.5190005,12.286789,3
22854,10.91658,14.162311,5
22855,11.014996,10.984682,3
22857,7.6394067,12.464629,4
22859,11.249551,0.8323135,7
22860,5.5833683,10.540552,1
22861,-4.5799484,7.0959044,2
22862,5.958143,6.9887595,5
22863,3.532796,9.315582,1
22866,-3.4885194,7.239283,2
22867,-3.9883776,4.6657553,0
22868,8.165181,11.688074,6
22869,-5.656871,6.080555,2
22870,-3.4023714,6.5523753,2
22871,-2.676648,4.934474,0
22872,7.145434,13.118807,4
22873,6.3140492,13.137684,3
22874,6.154611,9.812476,1
22875,8.719956,13.237837,4
22877,5.6028605,12.691397,3
22878,6.1895103,6.741376,6
22879,3.990752,7.0021157,6
22880,-2.8447824,5.245591,0
22881,7.868975,12.057104,6
22882,12.94286,10.289052,4
22883,6.2635593,12.407359,3
22884,11.28571,10.712781,3
22886,-3.115894,6.093985,2
22887,13.427009,9.756293,5
22890,7.0373697,12.608371,1
22892,11.615666,10.866373,1
22893,-4.0638456,3.676424,0
22895,14.516501,11.051293,3
22897,4.2709866,7.4251833,6
22898,3.8250418,9.641343,1
22899,-4.9488826,5.643024,2
22900,8.226586,-1.0765518,7
22901,3.88376,9.343115,6
22902,4.242063,9.539974,4
22903,9.627344,3.5752482,7
22904,14.405596,11.535177,3
22905,7.4053698,5.940033,1
22906,-3.5948021,6.285975,2
22907,11.925799,10.556739,1
22908,7.0372567,6.43053,1
22909,6.1185513,9.108029,6
22910,11.038115,8.7014885,1
22913,13.482851,9.685341,6
22914,14.942881,11.055038,3
22915,-6.220367,4.617594,0
22916,-3.6952407,5.229639,0
22917,4.8117065,6.7786903,6
22918,-5.1167197,3.5641248,0
22919,7.5774665,14.016915,4
22920,11.185272,13.979491,5
22921,13.902867,9.813303,1
22923,6.020078,10.864331,3
22924,6.9929156,12.036194,4
22925,-4.1127954,6.923576,2
22926,-4.261088,3.7541373,0
22927,4.645882,9.843396,1
22929,10.146785,-0.2572993,7
22930,10.593647,15.26728,5
22931,11.2018795,8.839737,6
22933,10.478054,14.774521,5
22935,13.939949,10.870318,1
22936,6.492061,12.605192,3
22937,9.804141,2.8529165,7
22941,3.6959972,9.678225,4
22942,8.028206,-0.7358236,7
22943,6.105537,12.065996,3
22944,-3.2370164,6.9301047,2
22945,6.8968935,6.296764,1
22946,-3.8892386,6.6008325,2
22947,-5.6820107,3.479214,0
22948,-6.194598,3.631924,0
22950,11.8056965,9.618407,5
22951,14.325772,10.400071,1
22952,4.520526,9.043575,6
22953,-4.937084,7.5230613,2
22955,11.725673,9.359486,4
22956,13.603386,10.15246,1
22957,-3.5701718,6.6242256,2
22958,-5.068989,7.094903,2
22959,3.9956992,10.751648,3
22960,8.041644,13.657959,4
22961,-5.952767,3.975216,0
22962,-5.454721,4.3351,0
22963,6.2146564,11.22465,3
22964,11.144319,8.733693,6
22965,11.289662,13.876859,5
22968,7.402353,11.840129,1
22969,10.589469,13.155924,5
22970,10.489159,0.06815759,7
22971,-3.609829,5.337369,0
22972,14.285837,11.312656,3
22973,-4.1301055,4.196331,0
22976,-5.139072,7.316013,2
22977,6.7428036,11.425259,1
22978,11.03592,13.58915,5
22979,5.2277546,9.135767,6
22980,3.4037871,6.7135468,6
22981,6.174682,6.7202797,6
22982,-5.410279,4.8619413,0
22983,10.29803,0.36621952,6
22984,6.835165,10.375549,4
22985,4.8956504,6.583981,6
22986,6.6161056,12.465594,1
22987,-6.0643835,3.4755192,0
22990,7.894244,-0.35514098,7
22992,7.754409,12.765464,1
22993,8.573102,10.401882,6
22994,12.29939,9.582856,6
22995,8.802489,12.304638,1
22996,8.365526,-0.97652334,7
22997,9.99325,14.982669,5
22998,-5.3363743,3.8688931,0
22999,11.32478,8.961982,6
23001,11.156604,10.694727,1
23002,4.7981043,9.209405,1
23003,4.608339,6.270215,6
23004,11.302486,9.430505,5
23005,3.9995203,10.065879,3
23008,7.4497967,11.043504,6
23009,9.681077,2.9226985,7
23010,4.7597075,6.666315,6
23011,-3.366739,5.2515945,0
23012,3.562988,9.719534,1
23013,5.678191,12.028704,3
23014,6.6492443,11.896139,1
23015,4.2308064,9.246156,1
23016,7.640601,10.896419,4
23018,9.843234,14.3904705,5
23019,-4.336697,4.0324597,0
23020,3.5487714,6.3998528,6
23021,-5.0174975,4.584711,0
23022,4.1084123,8.38034,5
23023,8.9653225,11.215732,6
23024,-2.7329228,4.841302,0
23026,11.244432,10.996378,7
23027,9.627866,12.201029,6
23028,10.241142,13.447109,5
23030,7.428534,13.673259,4
23032,13.386541,10.861513,1
23033,6.771233,12.029072,3
23034,10.66572,-0.19614209,7
23035,4.1857443,6.8986993,6
23037,14.314432,11.119594,3
23040,9.5780525,2.9011817,6
23041,9.06596,11.205309,6
23042,11.356733,13.496404,5
23043,7.1844797,13.137045,1
23044,-3.428349,6.784809,2
23046,10.441944,0.3281815,7
23048,10.06022,0.6687759,7
23049,-4.85884,4.1027193,0
23050,3.5605292,8.767505,6
23051,7.2007136,10.589575,1
23052,14.337772,10.547673,1
23053,-4.1507115,4.8060637,0
23054,10.891497,11.633902,5
23055,4.942636,10.2416935,1
23056,10.65245,10.857221,4
23057,4.885404,9.385579,4
23058,6.4336143,10.271594,1
23059,10.604597,0.14017493,7
23060,-5.0520296,2.6959963,2
23061,11.567668,11.394092,4
23062,3.5227175,10.172498,4
23063,14.420674,10.101609,1
23065,11.064215,0.6934221,7
23066,11.406668,11.312582,3
23067,5.891672,13.275586,3
23068,11.360996,8.868524,6
23069,-5.083316,2.7394397,2
23070,5.692426,12.442715,3
23071,14.8941,10.614474,3
23072,-6.207374,3.799328,0
23073,-5.0460615,6.2364287,2
23074,10.9600525,13.239623,5
23075,10.755484,10.831669,1
23077,3.8571064,9.184042,4
23078,8.207992,13.011956,6
23079,-4.2400513,3.8172743,0
23080,13.712197,9.504017,6
23082,8.607133,13.187067,6
23083,4.273728,8.356046,6
23084,3.6036434,6.8664017,6
23085,13.520071,10.970903,1
23086,8.190002,-0.66351175,7
23087,7.9090805,11.945349,6
23088,10.854606,14.060225,5
23089,-4.996267,4.410787,0
23090,10.487189,14.615071,5
23091,7.0098944,12.232638,1
23092,-4.9929705,4.572356,0
23093,13.946631,10.471404,1
23094,10.414566,1.088624,7
23095,11.208526,8.742322,4
23097,8.475711,11.972237,5
23098,7.0571184,13.742846,4
23099,-4.9482183,4.5591874,0
23100,4.5659733,6.3800697,6
23101,9.991824,13.448344,5
23102,6.91183,6.388651,1
23103,11.126162,13.87779,5
23105,-2.8960123,5.3323183,0
23107,14.206574,10.732113,1
23108,-5.0790863,4.305963,0
23109,5.031228,10.092279,1
23110,7.3746476,6.589354,3
23111,10.78473,8.500764,4
23112,-6.3588386,5.7534776,2
23113,6.902111,10.327604,4
23114,6.25686,10.221435,3
23115,6.58211,11.80721,1
23116,-5.817824,5.7902026,2
23117,6.383914,12.235877,3
23119,-4.6664433,7.2064466,2
23120,11.361155,8.945059,6
23122,3.9045742,10.422367,3
23123,4.5437307,6.4819975,1
23124,14.566741,11.5267725,3
23125,-6.2628803,3.5826147,0
23126,-3.33688,7.3723497,2
23127,6.0488057,7.3856964,4
23128,5.0024314,9.898909,3
23129,10.382947,-0.018075103,7
23130,6.4407277,7.2231407,1
23132,4.423831,10.028165,1
23133,-3.0817447,6.3291035,0
23134,10.224102,0.6328161,7
23135,5.753117,12.734408,3
23136,4.668799,10.032241,4
23137,7.015423,13.712406,4
23138,7.852493,12.6648245,4
23139,-3.5422347,5.101744,0
23140,-4.2429266,7.502829,2
23141,-3.3003898,7.328187,2
23143,4.3610377,9.234368,1
23144,-6.6161823,6.2583528,2
23145,-4.05334,6.5661383,2
23146,11.093241,14.288494,5
23147,11.300413,13.304979,5
23148,7.411951,11.806167,1
23149,7.769118,11.935081,6
23151,4.3380346,9.942157,4
23152,13.9073,11.028535,1
23153,11.149547,14.881787,5
23154,13.354659,9.747376,6
23155,-2.9963746,7.0731263,2
23156,3.9475448,10.235046,3
23159,8.494919,12.633676,4
23160,11.0355835,8.686316,4
23161,6.8355126,13.023562,4
23162,14.248529,10.537191,1
23163,9.819985,13.212492,5
23164,8.3716955,13.309613,6
23166,4.485891,9.150962,4
23167,4.3412223,8.65859,6
23168,8.908872,11.257274,6
23169,5.7699833,11.801284,3
23170,10.483193,14.521739,5
23171,-2.8834355,4.8978524,0
23172,5.28778,6.4909625,6
23174,14.264529,11.245765,3
23175,7.785795,11.4411745,6
23176,10.247401,-0.23842607,7
23177,-3.711128,6.9096084,2
23178,7.607947,13.430636,4
23180,10.696718,0.0552858,7
23182,14.043856,11.014974,3
23184,13.468994,10.627912,1
23185,-4.12924,4.0039897,0
23186,11.258556,8.995325,6
23189,-6.5748386,6.27047,2
23190,10.922165,11.173342,1
23191,9.842354,3.250089,7
23192,3.3166237,6.336949,6
23194,11.925653,9.758615,3
23195,-6.674622,6.163273,2
23196,10.123657,14.977,5
23197,9.978468,3.0251842,7
23198,4.1196876,9.029093,1
23199,14.607405,11.146606,3
23200,-3.099049,6.391842,2
23201,5.960904,12.535786,3
23202,4.2775903,6.0627284,6
23203,-5.871748,5.2126684,0
23205,14.129992,9.897929,1
23206,7.5616846,10.526268,4
23207,7.7888794,-0.7945061,7
23208,10.761599,-0.19320624,7
23209,-5.3999133,6.6539655,2
23210,6.9264235,12.610755,1
23211,-5.823343,6.07301,2
23212,7.3356524,12.67913,1
23213,14.414586,10.740565,3
23214,4.8801956,6.3088603,6
23215,-4.9433274,4.125292,0
23216,8.326258,12.057792,5
23217,9.938575,14.549545,7
23219,-3.2203271,7.1065865,2
23220,-3.991984,6.7195816,0
23221,3.3195298,9.488579,4
23222,5.704522,10.593667,3
23223,-3.239915,6.977656,2
23224,-5.6678247,3.5869045,0
23225,11.158817,0.41711673,7
23226,10.568633,11.494017,4
23227,14.538762,11.262562,3
23228,6.1938033,6.756565,5
23230,-5.884487,4.372354,0
23231,10.753608,0.2908737,7
23232,11.61259,10.884342,3
23233,11.300694,13.31594,5
23234,6.2296643,9.623277,4
23235,-5.166717,3.3656723,0
23236,6.9486866,11.302354,1
23237,-6.237184,6.792829,2
23238,3.9443479,9.772437,1
23239,5.090907,8.992434,4
23241,13.498875,10.830745,1
23242,6.4185123,13.334307,4
23243,8.383074,13.754268,5
23244,10.379227,10.673168,4
23245,6.8212996,13.063264,4
23246,-4.0011644,6.8486905,2
23247,7.8031673,11.591671,5
23249,4.737234,7.025197,6
23250,7.7709503,-0.49873364,7
23252,7.506515,5.906439,1
23253,6.129298,12.593129,3
23254,10.57692,8.354054,4
23255,-5.0334496,7.596171,2
23256,-5.5197673,3.725384,0
23257,6.261547,13.0534935,4
23258,4.350547,10.505658,3
23259,3.9827733,10.259446,3
23260,7.2835164,10.8145,1
23261,11.372074,10.313476,1
23262,-5.9359956,3.8685753,0
23264,7.2290077,11.241171,6
23265,-3.5549195,4.97922,0
23266,-6.0513134,6.0462613,0
23267,10.562357,0.20126319,7
23268,5.3106527,7.7836647,6
23269,7.4179893,12.161514,4
23270,11.266195,13.352807,5
23271,9.062096,11.709521,6
23272,4.0987754,10.176053,1
23273,3.6305468,7.141146,6
23274,4.8859906,7.4070306,6
23275,6.122025,11.497328,1
23276,5.2778735,6.542558,6
23277,8.576659,13.485592,4
23278,10.540137,13.606145,5
23279,10.695911,0.11496627,7
23280,-2.9612372,4.8488135,0
23281,10.369906,14.696136,5
23283,7.424484,13.715946,4
23284,7.2693853,11.056448,6
23285,-5.04754,2.6450205,2
23286,5.8849216,12.806267,3
23287,-6.10046,4.0507226,0
23288,8.291072,-0.94586235,7
23290,3.315328,9.444186,4
23291,3.9382045,9.491829,1
23292,7.998758,11.749148,6
23293,7.637795,6.308858,1
23294,9.482538,3.6032674,7
23295,14.32311,10.220526,1
23296,8.598264,13.383966,4
23297,6.9689264,5.988032,1
23299,14.196429,9.93098,1
23300,6.3542337,13.163836,3
23302,4.0303693,6.045257,6
23303,-4.182836,4.0032926,0
23304,-6.0041537,6.5180917,2
23305,3.4506054,10.166674,3
23306,7.3793845,10.504801,4
23307,7.7320867,11.536057,6
23308,-4.6944766,4.452393,0
23310,-3.229356,7.2047048,2
23312,3.525387,6.5380964,6
23313,3.90876,9.264783,1
23314,13.80646,10.627612,1
23315,8.631667,13.067374,6
23317,9.1915455,11.975448,6
23319,14.683311,10.858242,3
23320,4.246983,10.172157,1
23321,4.7428365,7.287082,6
23322,3.2847424,6.9306397,6
23323,4.9092126,6.923451,6
23324,10.904278,14.774087,5
23325,-4.0364814,6.714618,2
23326,6.9174023,13.029098,1
23327,-4.4961495,7.0951715,2
23328,5.516083,6.7295666,6
23330,7.0602517,13.044511,4
23331,10.917526,14.28,5
23334,14.829727,11.074015,3
23335,11.346969,8.973104,1
23336,11.220864,14.136337,5
23337,10.034087,0.93330735,6
23338,11.258771,0.37458697,7
23339,-3.1447337,7.2247386,2
23340,7.108113,10.66917,4
23341,11.666528,11.07983,4
23342,11.053789,0.03407069,7
23343,9.516244,11.570109,6
23344,11.456796,14.435829,7
23345,5.6642714,7.3949184,1
23346,-6.1392374,3.591456,0
23347,7.565291,6.4099197,1
23348,-3.7356708,5.4619865,0
23349,6.92901,10.960716,1
23350,14.723783,10.640617,3
23351,4.1544456,10.720723,3
23352,4.6017656,7.1431603,6
23353,10.701719,0.34005648,7
23354,6.32425,13.264494,3
23355,7.388625,13.835436,4
23356,3.8093848,10.065143,4
23358,7.870211,-0.68342966,7
23360,5.6936398,11.853104,3
23362,6.115704,12.268565,4
23363,11.047728,13.0805435,4
23364,5.945022,12.4146595,3
23365,7.0429893,11.423595,4
23366,-3.2949064,7.2047615,2
23368,10.13462,1.0811492,7
23369,7.823438,-0.987458,7
23370,14.02802,10.847741,3
23371,-4.7717004,5.282423,0
23373,4.263288,10.515556,3
23374,8.634744,11.677177,1
23375,-6.2575684,4.3628187,0
23376,10.03097,3.1272583,7
23377,5.985009,12.358038,3
23378,3.561698,9.130299,1
23379,12.713417,10.2360935,6
23380,11.935152,9.697781,3
23381,4.720509,7.1529408,6
23382,-3.169253,4.821685,0
23383,6.906381,10.944987,1
23384,9.80009,2.8615477,7
23385,6.6179423,12.172261,3
23387,14.773742,11.059868,3
23388,3.6568046,7.270173,6
23389,-5.943027,6.9648213,2
23390,11.233067,0.688439,7
23391,5.8913198,13.144575,3
23392,7.447847,6.0055356,1
23393,8.636184,10.468577,6
23394,-3.5820694,7.3951764,2
23395,-3.3573632,6.840727,2
23396,5.250079,9.246059,6
23397,11.004193,11.303879,1
23398,5.9475713,12.245223,3
23399,5.077558,10.643862,3
23400,-5.2247787,3.5525503,0
23401,4.0613656,9.4394045,6
23402,6.388192,12.56286,3
23404,-3.040562,6.984305,2
23405,6.2370563,10.292165,4
23406,13.381428,10.6537075,1
23407,8.224424,11.802577,4
23408,4.6555705,8.954679,1
23409,5.7868314,10.566347,3
23410,6.188551,10.245844,3
23411,3.6276057,6.0124135,6
23412,11.394803,13.237302,4
23413,6.5237756,12.982304,3
23414,11.180395,14.29853,5
23415,6.2146935,10.491521,1
23416,4.965843,6.971985,6
23417,8.437166,13.544286,6
23419,3.5048065,7.4083548,6
23422,4.200378,6.045641,6
23423,9.823048,13.0435095,5
23424,-5.3162923,3.637062,0
23426,6.0967565,9.333388,1
23427,14.66898,11.273035,3
23429,4.5286827,8.0340605,4
23430,-3.5999568,7.071652,2
23431,5.5059714,6.9415383,6
23432,6.836276,11.315734,4
23433,8.025197,12.507676,6
23434,14.222899,10.961334,3
23435,10.758776,15.04367,5
23437,12.499919,10.111832,1
23438,11.16102,11.240925,3
23439,-3.5587173,5.334551,0
23440,-5.7657213,5.551868,2
23442,-6.427063,6.0274973,0
23444,5.921388,12.610145,3
23445,7.073651,12.384879,1
23447,-6.085562,3.876452,0
23448,8.379482,-0.21312791,6
23449,7.025817,10.398668,1
23450,-5.694049,3.819992,0
23451,11.081894,11.73814,5
23452,-5.339067,4.037607,0
23453,-5.8755703,4.1204224,0
23454,4.5815434,9.433108,1
23455,11.08028,0.37990564,7
23457,6.2585983,13.207071,3
23458,6.143436,12.130605,3
23459,4.3557763,10.225161,3
23460,-3.9370098,5.2265306,0
23461,10.401946,1.0640417,7
23462,11.19167,12.710429,5
23464,-6.277942,6.404983,2
23465,4.1501694,9.2745075,6
23468,-5.8240366,3.6309714,0
23469,8.791872,11.48622,6
23471,-3.2946928,7.311772,2
23472,7.0555654,6.4306903,1
23473,-6.2110567,3.7085476,0
23476,-5.8053946,4.2195883,0
23477,8.211339,13.597447,4
23478,7.728329,10.65408,4
23479,4.1924167,9.286527,1
23480,11.355773,12.73352,5
23481,11.003674,11.236148,4
23483,10.579856,-0.45032015,7
23485,7.1558676,12.8317175,4
23486,14.809365,11.185916,3
23489,-5.3189516,4.091527,0
23490,9.884526,3.3001955,7
23492,11.398972,8.971475,4
23493,6.0582666,12.303491,3
23494,-3.1192641,7.172164,2
23495,6.1295805,12.161406,3
23496,-6.17255,3.262459,0
23497,3.32575,10.071633,1
23498,8.66386,12.406197,6
23499,9.350337,3.2899477,7
23500,-5.6433682,6.426699,2
23502,3.687248,10.312887,4
23503,-4.1780443,4.968765,0
23506,7.285596,11.316567,4
23507,-5.05847,7.6570168,2
23508,11.032339,11.914893,5
23511,-2.9785378,6.93799,2
23512,3.7806978,9.1343355,6
23514,8.695161,12.885494,4
23515,11.107531,11.412583,4
23516,7.085226,13.542362,4
23519,-3.6241164,4.5012746,0
23520,7.9355083,11.514902,2
23522,3.8062897,6.0031886,6
23523,9.427489,3.61616,7
23524,-6.032066,3.5338671,0
23527,11.379008,13.255499,5
23528,4.126018,8.693482,4
23529,5.505768,8.269932,6
23530,10.7307005,10.865824,1
23533,8.934369,11.8609495,6
23535,4.054319,6.17546,6
23536,9.841329,13.813063,5
23537,6.0454936,12.255054,3
23538,4.5985613,6.744526,6
23539,11.335986,11.262803,6
23542,9.926844,12.982479,5
23543,-6.6377897,6.2875285,2
23545,10.467569,15.251414,5
23546,4.088819,9.089854,6
23547,-3.5257585,7.318544,2
23548,6.197828,10.03416,4
23549,14.403409,11.538953,3
23550,6.708631,12.592651,1
23551,13.273675,10.7428255,1
23553,-3.4619927,5.0592475,0
23554,7.0185494,5.9900227,1
23555,-2.6797457,4.930806,0
23556,-4.5374436,7.3730283,2
23557,11.409443,11.432475,1
23558,-5.927632,4.3728786,0
23560,7.3459034,13.961739,4
23561,4.6549935,9.998831,3
23562,6.1779737,6.7659945,6
23563,10.673759,11.157299,6
23564,4.844,6.5007787,6
23566,7.3324804,12.44821,5
23567,5.1904054,7.6644278,6
23568,5.9680414,11.938745,3
23569,10.301695,15.138751,5
23570,-4.0444555,4.547868,0
23571,6.6173744,11.2161875,4
23572,14.062488,11.092444,3
23573,5.2426367,9.348444,1
23575,-3.8673348,6.8339562,2
23576,5.804403,11.459179,3
23577,10.844493,11.07301,4
23578,14.954386,10.684904,3
23579,-5.516504,6.842185,2
23580,4.969051,10.185188,3
23581,4.684423,6.981533,6
23582,8.7980585,11.581756,6
23584,3.890309,9.824692,3
23585,10.730525,0.16837381,7
23586,5.769506,12.166727,3
23587,-5.745553,5.8362527,2
23589,6.072703,9.962654,3
23590,11.608346,10.936364,4
23592,9.9550495,13.862719,6
23593,7.8935757,10.792024,6
23594,13.637001,9.701474,6
23595,7.45453,10.49199,4
23596,-6.357298,6.6707993,2
23597,-3.4336994,7.330658,2
23599,-3.16645,5.3662424,0
23600,14.441287,10.557816,3
23602,8.061541,10.97508,4
23603,11.145019,14.847971,5
23604,5.9069233,11.626436,3
23605,-3.148895,6.0654383,2
23606,5.707672,10.741427,3
23608,-5.033258,7.5164723,2
23609,11.825661,9.618646,4
23610,5.58752,8.476445,6
23611,13.325576,9.848022,6
23612,4.8729286,6.7581954,6
23613,-3.1103938,4.749301,0
23614,5.1214085,8.968873,6
23615,11.057599,13.627232,5
23616,5.129059,6.4924226,6
23617,10.84069,0.6315939,7
23618,9.59251,3.595811,7
23619,3.8111818,10.343199,3
23620,7.0073104,10.321214,4
23621,10.513376,-0.35651127,7
23622,11.322957,0.55019337,7
23624,-5.345004,3.5152571,0
23625,11.23183,9.14769,6
23626,-5.8833394,3.4401882,0
23628,-3.5728655,6.286669,2
23629,6.555719,10.380639,4
23630,13.573185,10.844982,1
23631,7.2326727,13.851346,4
23632,10.249318,-0.2616055,7
23634,6.3440714,7.2248287,1
23635,11.008808,13.262551,5
23636,7.8952036,11.321724,5
23637,4.232234,9.525609,4
23638,5.781139,6.840028,6
23639,-2.641794,4.9344788,0
23640,5.099476,10.888299,3
23641,10.898418,0.9265252,7
23642,-3.6306386,5.3152137,0
23644,-2.875538,6.824135,2
23645,-2.8259087,4.9580154,0
23647,8.394985,12.883262,6
23648,5.5203447,6.9181905,6
23649,11.75531,9.414711,6
23650,14.890478,10.627169,3
23651,4.0091014,7.1032915,6
23652,10.731623,13.941331,5
23653,6.2009726,12.486161,3
23655,5.975255,11.164249,3
23657,6.9526305,12.7001915,4
23658,14.896624,11.1104145,3
23659,3.924402,6.370837,6
23660,10.587841,-0.13138305,7
23661,7.592069,11.781139,1
23663,14.472692,11.390297,3
23664,6.061125,12.076409,3
23665,6.0960536,12.096471,3
23666,11.213416,9.188677,6
23667,-6.2220035,5.5693116,2
23668,4.200196,6.6967793,6
23669,3.8456922,7.489035,6
23670,7.143529,11.914574,1
23672,4.3124146,9.24946,6
23673,6.53583,6.2342505,1
23674,-2.9968257,5.334952,0
23677,4.8992243,9.204046,1
23678,-6.113712,3.2941146,0
23679,5.937141,10.381689,6
23680,9.697944,12.725037,5
23681,-6.6220675,6.427032,2
23683,7.410252,13.800998,4
23684,6.5211678,12.433166,3
23685,14.841359,11.071872,3
23686,5.1065736,7.446831,6
23688,7.918244,11.673222,7
23690,11.11385,0.47215232,7
23691,9.918699,12.965259,5
23692,10.109957,15.046994,5
23693,-2.8047614,5.157174,0
23694,10.317957,13.910961,7
23695,4.5286546,9.695573,1
23696,10.763401,13.491568,5
23697,13.771263,9.549163,6
23698,7.421437,6.0549045,1
23699,-5.616504,3.9210649,0
23701,9.428723,3.4651732,1
23702,4.024917,10.359085,3
23703,-6.34848,3.7426956,0
23704,10.313651,13.467709,5
23705,-3.5607185,5.1928825,0
23706,10.561105,-0.40281728,7
23707,-6.124031,5.654132,2
23708,10.958093,13.714165,5
23709,14.200572,10.28572,1
23710,6.19432,10.703218,1
23712,4.1965184,9.894728,1
23713,13.724279,9.690743,1
23714,10.310808,15.004319,5
23715,10.205472,-0.15849717,7
23716,7.3505034,12.472198,1
23717,11.283409,11.471159,3
23718,10.919663,15.11622,5
23720,3.9781106,6.538497,6
23721,3.770284,9.618636,1
23722,4.5298367,6.3010426,6
23723,3.5795977,9.627692,1
23724,-3.042619,4.763852,0
23725,5.5851912,12.702376,3
23726,6.4764414,11.442449,1
23727,11.345559,14.165825,5
23728,13.802273,10.525589,1
23729,-3.3871021,4.740533,0
23732,6.4355583,13.446313,3
23733,5.6379333,10.557376,3
23734,11.318535,13.140656,5
23735,14.764939,10.896511,3
23736,5.886142,8.628502,6
23737,-3.653151,6.226983,2
23739,9.930417,3.1342278,7
23742,6.4724736,9.796556,6
23744,5.0943084,7.2458096,6
23746,11.730087,9.451177,5
23747,7.8738685,11.400621,6
23749,9.3809185,11.892003,6
23750,9.687244,3.5173538,7
23751,6.0727777,9.732719,6
23752,9.838388,3.0614238,7
23753,5.9359627,11.782185,3
23754,4.679422,6.6691957,4
23755,6.393789,10.506252,4
23757,9.950722,3.083787,7
23758,14.063755,10.932896,3
23760,-5.8225904,4.2769413,0
23761,7.865762,-0.48772052,7
23762,13.510671,9.840461,6
23763,8.458369,13.022374,6
23764,-3.0549712,5.0391884,0
23765,-6.110818,3.2841194,0
23766,-6.164395,4.178826,0
23767,7.638463,6.2060437,1
23768,11.107857,11.527525,4
23769,7.031023,12.0680485,1
23770,9.47094,12.087261,6
23771,-5.6685677,5.976984,2
23772,3.9668381,6.088239,6
23773,10.04179,2.9877439,7
23774,7.7390842,11.36759,1
23775,9.819428,3.0926974,7
23776,13.933231,10.822061,1
23777,4.1288505,9.652051,1
23778,11.007378,10.906071,1
23779,10.998203,11.00092,3
23780,4.242268,8.811778,6
23781,11.002562,14.074055,5
23782,-5.994071,3.3672962,0
23783,6.395317,10.955198,1
23784,4.4892793,8.991305,4
23785,9.559325,11.783194,6
23786,8.091472,11.832358,6
23787,6.16215,10.655369,1
23789,7.868401,-0.32805896,7
23790,-3.5356448,6.6687827,2
23793,4.259641,10.547187,3
23794,8.5067625,11.924958,6
23795,3.5957735,7.043412,6
23796,10.387867,14.6177845,5
23797,3.6916275,9.532494,1
23798,10.05338,0.64248526,3
23799,8.405175,12.452531,5
23800,4.6140504,9.904102,3
23801,-4.678097,3.7532153,0
23802,7.8793774,12.133677,6
23803,9.673403,13.646776,5
23804,3.991193,9.41675,1
23805,4.123268,9.615707,1
23806,9.319436,11.272249,6
23807,11.03838,11.412213,4
23808,11.124276,14.331511,5
23810,7.948953,6.2416677,3
23811,6.4032283,9.823964,3
23812,11.088092,10.690659,1
23813,10.067508,14.686044,5
23814,-6.1636314,4.6310086,0
23815,6.443903,10.838977,6
23816,4.283835,9.29317,1
23818,3.5172126,9.591199,4
23819,4.691499,6.1317744,6
23820,8.352741,-1.0408391,6
23821,4.186982,10.134134,3
23822,3.953487,9.406215,1
23823,4.5715227,9.812234,3
23824,8.617582,13.255223,6
23826,13.604194,9.590464,6
23828,10.720172,10.543046,3
23830,4.6814437,10.554741,3
23831,-6.176209,6.7481513,2
23832,-5.6755238,5.9139576,2
23833,6.4159822,12.883004,3
23835,-4.886741,3.8971279,0
23836,-3.1910586,5.1414456,0
23837,4.1208735,9.143657,4
23838,7.7638645,6.516899,4
23839,-5.0414877,7.6262465,2
23840,3.749078,9.592796,1
23842,13.678117,9.555118,5
23843,-3.3449733,6.665641,1
23844,4.188591,9.673042,1
23845,5.4764695,6.935034,6
23846,7.475539,11.204713,1
23847,10.1681795,14.746331,5
23848,10.737654,0.29258695,7
23850,10.228164,-0.0058074095,7
23851,4.277133,10.281424,3
23852,4.5113115,9.19001,1
23853,14.641221,11.039547,3
23855,5.8873706,12.633893,3
23856,6.92782,12.831822,1
23857,-4.5767627,5.2808366,0
23860,11.405591,9.093002,4
23861,10.56338,13.551263,5
23863,-3.5613267,7.4588304,2
23865,-5.5783844,6.401327,2
23867,10.215525,15.079351,5
23868,-3.5878446,5.1149035,0
23869,10.857593,10.741743,3
23870,10.906484,13.916512,5
23871,-4.7113156,3.606805,0
23872,14.563324,10.150585,1
23876,7.007616,12.203056,1
23878,-3.064044,5.469381,0
23879,8.505804,11.50864,4
23880,6.581819,13.069506,3
23881,7.912735,6.4123464,3
23882,14.318878,10.029657,1
23885,9.24984,3.7398262,7
23886,-6.3045564,6.55353,2
23887,6.840521,5.9763174,1
23888,7.0386147,11.045255,1
23890,5.215985,10.542553,3
23891,13.828042,10.396606,1
23892,8.407359,13.529504,4
23893,10.904943,14.817571,5
23895,6.896104,11.415231,1
23896,4.6387873,6.2297826,6
23898,6.254754,9.787275,1
23899,7.6792955,-0.96251726,7
23900,11.236034,8.839345,4
23901,6.3825,9.969697,1
23902,-3.2964423,4.686145,0
23903,-3.5911636,6.2484827,0
23904,7.0044456,6.1302814,1
23905,5.314116,6.549716,6
23906,13.888193,9.624772,6
23907,4.7175827,6.4370046,6
23908,7.4721637,12.132397,4
23909,10.64637,8.382619,4
23910,12.48829,10.664055,3
23911,3.4852853,6.2114325,6
23912,11.077557,12.362476,5
23913,-4.8278446,7.5020523,2
23914,-6.430933,6.6208587,2
23915,10.721737,0.2694635,7
23917,6.9144073,10.421272,4
23918,11.179562,11.111765,4
23919,3.6371343,9.627743,1
23921,6.2165895,10.729962,3
23923,11.039416,13.492313,5
23924,-3.2248824,6.68278,2
23925,13.75558,10.827422,1
23926,-6.1434155,4.6023173,0
23928,14.175065,11.017106,3
23929,8.461932,12.027292,5
23930,10.726869,8.424002,6
23932,11.708937,9.573816,5
23933,5.8395324,12.554218,3
23934,7.953692,13.9332075,4
23935,7.4436154,11.390273,4
23936,11.280693,14.175029,5
23937,-3.5367982,7.379198,2
23939,10.868634,-0.14418752,7
23940,7.241668,10.355276,1
23941,7.435846,11.6444,4
23942,4.92958,9.363229,4
23943,7.1250567,10.550771,4
23945,10.921601,14.427321,5
23946,-4.39221,7.1811643,2
23947,7.2193966,11.708384,6
23948,14.705743,10.927663,3
23951,-4.290899,7.1793227,2
23952,10.088413,14.972356,5
23954,10.501219,-0.23931316,7
23956,3.8357756,9.235553,4
23957,7.23922,10.861637,4
23958,3.7667413,10.43463,3
23959,10.165072,0.42539275,7
23960,7.8177843,14.027247,4
23961,-3.6169882,5.5987234,2
23963,6.0170116,11.757098,1
23964,14.860857,11.134572,3
23966,-6.1187663,6.2625484,2
23968,-2.7673876,5.226663,0
23969,8.286478,-1.154093,7
23971,10.059515,15.14959,5
23972,-6.14077,4.346126,0
23973,-4.4391284,7.452332,2
23974,-6.1172266,6.082368,2
23975,8.035988,-0.7229456,7
23976,3.6591074,7.4215417,6
23977,8.294313,12.429254,4
23978,5.0455017,6.723065,6
23981,-4.042399,6.7011223,2
23982,3.9412196,6.26608,6
23983,7.716852,12.977806,4
23984,6.5874376,13.824378,4
23985,14.909078,11.079928,3
23986,7.4034066,13.464336,4
23987,4.373116,10.128585,4
23989,4.2183146,7.544435,6
23991,11.0407715,11.270634,3
23993,10.81765,-0.33082715,7
23994,4.346819,6.9802585,6
23996,-4.3821445,4.994879,0
23998,9.469445,12.011995,6
23999,14.101144,9.797883,1
24000,-6.121736,6.624569,2
24001,8.681284,13.217344,6
24002,4.502743,10.647522,3
24003,7.1399918,13.200601,4
24004,3.699399,7.6703887,6
24005,4.48414,8.086706,5
24006,7.000444,12.470173,4
24007,-3.3590913,6.745747,0
24008,5.0470963,6.8149724,6
24009,9.732588,3.3387675,7
24011,11.700846,11.20428,4
24013,10.779909,8.494757,4
24014,8.036651,-0.3838421,7
24015,-4.609629,3.806743,0
24017,8.467277,13.55113,4
24020,5.596031,12.282878,3
24021,3.2878242,6.3621187,6
24022,13.480651,10.395805,1
24024,9.528107,13.645438,5
24025,11.355872,8.934097,4
24026,12.938239,10.218603,5
24027,14.217638,10.18861,1
24028,4.6620703,10.172058,3
24029,11.104021,13.938244,5
24030,7.900851,11.490559,6
24031,5.715976,7.3042917,6
24032,10.153645,13.53695,5
24033,3.2996306,9.434608,4
24034,5.9839616,10.822681,1
24035,5.926889,10.869232,3
24036,7.0881395,13.26992,1
24037,7.7985005,13.291375,4
24038,7.728039,10.809102,6
24040,14.930507,11.033797,3
24041,-5.893746,7.0417657,2
24042,5.4499545,10.043737,1
24043,-3.4798942,7.361151,2
24044,6.0677915,11.509391,1
24045,10.855251,10.960381,4
24046,12.094569,10.535436,1
24048,6.3386455,11.736306,3
24049,-3.409737,7.150043,2
24050,7.376891,10.635539,4
24051,9.3064375,3.740154,7
24052,-5.7488413,5.944003,2
24053,13.806463,9.541036,6
24054,14.998767,10.930004,3
24055,4.0634274,6.053851,6
24056,-2.684144,5.0406475,0
24057,13.239151,10.141751,6
24058,10.140164,0.16896509,7
24059,11.443787,9.132258,4
24061,11.42295,11.528911,5
24063,10.994135,14.199411,5
24064,8.042431,12.576349,6
24065,11.041131,11.186731,4
24066,11.091657,13.60851,5
24067,-4.925539,7.4666543,2
24068,-6.3298674,4.1268306,0
24069,3.6773157,9.288686,1
24070,11.092458,11.294348,4
24071,6.041782,11.387426,3
24072,10.744379,13.377498,5
24073,6.042609,9.046372,6
24074,-6.0869565,4.0703583,0
24076,8.045081,-0.73477954,7
24080,6.782765,11.051024,3
24081,11.780157,10.870677,3
24082,7.370389,10.426511,5
24084,-5.3957534,4.3553367,0
24085,11.184203,8.807192,6
24086,9.980664,13.009094,5
24087,6.30951,11.04419,4
24088,-6.006061,4.622391,0
24089,-3.2550397,5.433927,0
24092,10.677401,10.877149,1
24093,11.443222,13.238143,5
24094,-4.0821567,7.1072946,2
24095,7.8835244,6.5135665,3
24096,7.404323,10.510816,6
24097,11.330075,8.969904,6
24098,8.2122555,12.068337,6
24099,-5.399249,4.370746,0
24100,-2.9166977,7.005193,2
24101,3.9921088,10.735562,3
24103,6.2370944,10.755878,1
24104,13.891685,10.153693,1
24105,-5.0509186,2.7074869,2
24106,-3.4939518,4.541487,0
24107,6.8562,10.399243,4
24108,8.977042,12.785925,4
24109,8.634923,-0.29069507,7
24110,6.3903956,10.369394,4
24111,7.681831,11.699088,6
24112,11.119545,14.225377,5
24113,3.388923,9.11442,4
24114,7.5973554,12.137966,6
24115,9.535648,3.5030348,7
24117,5.541022,10.52809,3
24119,10.4530325,13.220346,5
24120,14.0167,9.8360615,1
24121,3.998767,9.093419,6
24123,7.700827,13.665016,4
24124,11.048475,0.13335022,7
24125,14.469609,11.478533,3
24127,7.420826,13.476223,4
24128,5.5785036,9.885552,6
24129,-4.079245,7.084289,2
24130,9.490914,12.13617,6
24131,10.39111,13.6525345,5
24133,6.0694256,12.324166,3
24134,-5.4415526,4.309765,0
24135,9.130199,11.669175,6
24136,-3.299915,6.334953,2
24137,10.565371,-0.38126394,7
24138,-3.206541,6.674252,2
24139,-3.6140466,5.376726,0
24140,13.228625,9.959667,6
24141,-4.3409147,4.3442287,0
24143,9.617007,11.875304,6
24144,5.9737496,10.040454,4
24146,6.6914873,11.644978,3
24148,10.504794,0.22668575,7
24149,7.840542,-0.3668551,7
24150,7.917009,12.529036,6
24151,6.094649,6.746326,6
24153,-4.890341,5.2201476,0
24154,7.010747,12.693098,1
24157,7.4928,13.374524,4
24158,-5.785685,5.8676066,2
24159,10.964232,0.5883104,7
24160,11.561171,9.254559,6
24162,10.176203,14.953093,5
24164,13.992173,9.759306,6
24165,8.030238,-0.69411623,7
24166,-3.7428832,6.304453,2
24167,12.983607,10.601625,6
24168,-3.548875,6.3614783,2
24169,6.358083,10.925917,1
24170,7.6007023,12.5119705,4
24171,6.3990884,11.826056,1
24173,11.40217,9.42941,5
24174,-5.435971,6.030015,2
24175,6.494679,13.4498205,4
24176,-2.867437,4.888443,0
24177,13.392743,9.785679,6
24178,7.7500105,12.946079,4
24179,8.574272,12.960562,5
24180,3.650862,7.565835,6
24182,-6.025882,5.756725,2
24183,13.039425,10.54528,1
24184,10.465594,1.034982,1
24185,8.132456,12.379167,4
24186,5.431717,10.231785,1
24187,-3.4506192,6.2517695,2
24188,7.441324,12.421168,6
24189,11.203223,0.577744,7
24190,7.4599385,5.881306,1
24191,4.728559,10.296511,3
24192,-4.156215,3.684612,0
24193,10.730495,11.119627,6
24194,-6.2561355,3.928829,0
24195,7.9507623,-0.48306298,7
24196,9.117186,11.233137,6
24197,4.742703,9.520045,1
24198,3.739945,9.246654,4
24199,9.646641,3.4602015,7
24203,-3.3834798,7.1322885,2
24204,4.6828146,6.52214,6
24205,10.356712,13.988292,4
24209,-5.8428884,5.764932,2
24210,6.680749,13.22682,4
24211,14.326492,10.863761,3
24212,7.5216546,-0.9793273,7
24213,10.768201,8.463577,6
24214,8.919033,10.994186,6
24216,11.07143,13.622861,5
24217,-3.4288106,4.9632893,0
24218,3.2972383,9.451646,4
24219,13.861659,9.591696,6
24221,13.667916,9.472343,6
24222,6.2789884,12.88537,3
24223,14.621621,11.423507,3
24224,11.252026,8.83061,1
24225,-3.9092643,7.1109734,2
24226,4.3751593,5.984426,6
24228,10.751648,10.599116,4
24229,-3.0584884,7.0503573,2
24230,7.269926,11.675734,1
24231,6.385214,12.274952,4
24232,4.024802,9.242869,6
24233,8.267601,-1.1113143,7
24234,14.895227,11.182064,3
24235,7.459378,10.991318,1
24236,-6.0538034,4.276227,0
24237,10.35281,0.6780912,7
24238,-3.92045,5.207339,0
24239,8.09866,-0.5996956,7
24240,14.262598,11.257396,3
24241,9.351435,3.6853533,7
24242,3.6338322,7.1920714,6
24243,13.553084,10.180535,1
24244,7.8492637,12.201061,6
24245,-5.4125533,3.3300314,0
24246,-2.6619816,4.948571,0
24247,8.23529,-1.0404266,7
24250,-4.062465,4.0490165,0
24252,12.317517,11.018597,3
24253,3.836919,6.23589,6
24254,11.214021,0.88020647,7
24255,6.8659005,11.308699,6
24256,4.4471006,9.827426,1
24257,13.15551,10.357264,4
24258,7.470976,12.442098,1
24259,6.733955,6.113549,6
24260,14.617616,10.290419,1
24262,4.059302,6.1287313,6
24264,6.5117407,11.537323,1
24265,4.9296765,6.41,6
24266,9.576394,3.5268407,7
24267,10.549143,13.638251,5
24268,7.609281,11.594009,1
24269,13.547842,10.678976,1
24270,5.9670677,11.693037,3
24271,13.403875,10.655434,1
24272,7.1903253,11.407328,1
24273,11.488099,9.045583,6
24274,11.332968,10.751871,3
24275,4.9804893,6.3643746,6
24278,14.593807,11.468969,3
24279,-3.4938588,4.401131,0
24280,-4.6283016,4.474005,0
24282,5.659732,10.291677,6
24283,-4.6629066,3.7216074,0
24285,3.6673367,6.509021,6
24286,8.275134,13.475367,6
24287,6.222831,9.576731,6
24288,14.094794,9.974947,1
24290,13.122827,10.050005,6
24291,6.731492,11.231983,1
24294,13.2694435,10.281471,1
24295,3.7568023,9.154998,6
24296,-2.9966202,4.8698874,0
24298,6.5309367,10.313575,6
24299,11.102965,0.5224382,7
24300,7.9335365,-0.6499641,7
24301,3.8314855,9.636655,4
24302,9.727731,12.082758,5
24303,13.214788,10.774756,1
24304,4.0248137,10.520927,3
24305,-5.4219966,4.8743944,0
24307,10.842461,15.087095,5
24308,-5.4011045,7.0828395,2
24309,13.601468,10.346621,1
24310,4.2019415,9.917739,4
24312,10.671317,13.973574,5
24313,10.482743,12.752661,5
24314,-2.9546602,6.879492,2
24316,-4.278777,6.912995,2
24317,-5.542526,3.6552708,0
24318,11.901993,10.5176325,6
24319,4.887196,10.281282,3
24320,10.013017,13.749539,5
24321,11.513611,11.4957695,4
24322,-6.427312,6.2412305,2
24323,10.018803,14.546106,4
24324,4.1182127,5.977957,6
24325,-5.591344,5.785216,2
24327,14.798556,11.265275,3
24328,-2.9686007,5.7642145,2
24329,6.847172,13.566215,4
24330,-5.6039443,6.4777536,2
24331,-2.7919748,6.8284683,2
24332,5.812833,12.648792,3
24333,8.285564,11.684144,6
24334,11.097592,10.678252,6
24335,5.7117634,12.581915,3
24336,11.196371,11.364549,4
24337,-5.366606,3.7366521,0
24338,5.1024733,10.648171,3
24339,5.273322,9.384928,4
24341,10.851157,8.537187,1
24342,6.208702,6.700598,6
24343,-4.0151362,7.3613396,2
24347,4.121303,9.90019,4
24349,5.9732637,12.167541,3
24350,-3.8429763,5.299596,0
24351,4.106889,9.688441,1
24353,3.8999076,10.642162,3
24354,-6.117767,6.8072786,2
24355,12.749871,10.636944,5
24356,11.004629,0.13522035,7
24357,7.178669,6.269525,1
24359,-6.264115,3.6833162,2
24360,10.8173485,0.40185404,7
24361,14.19732,9.788602,1
24362,9.585773,3.0172338,5
24363,5.6521025,12.429572,3
24364,5.1085076,9.054063,7
24365,-6.5218606,6.410238,2
24367,8.318297,12.479609,5
24368,7.799943,13.418569,4
24369,9.169895,11.748131,6
24371,9.732393,3.5469186,7
24372,14.318456,10.442652,1
24374,13.794796,10.974127,1
24375,-6.546429,6.4576125,2
24376,4.1513333,6.278162,6
24380,9.152834,12.032732,6
24381,-4.412852,3.736023,0
24383,-5.6983805,5.899044,2
24384,4.614399,6.961604,6
24386,5.011601,6.78748,6
24387,4.273343,7.346261,6
24388,3.5470676,7.351232,6
24389,-5.0736256,2.7178526,0
24390,3.8574958,9.408152,1
24392,7.9450126,11.590593,4
24393,3.7064302,7.375754,6
24396,7.2493806,12.522773,1
24397,4.6325474,9.229908,1
24399,13.666429,9.544438,6
24400,11.4474745,13.395038,5
24404,-5.0919995,2.691443,0
24405,14.767495,10.579504,3
24406,3.6550615,6.994411,6
24409,-5.710715,6.957116,2
24411,9.671322,3.0382788,7
24412,-3.2654035,7.0023804,2
24413,4.214256,10.130551,3
24414,10.684261,10.699178,4
24415,6.6134677,10.229279,1
24416,9.630171,12.306099,6
24418,10.819801,0.6141674,7
24419,10.3438,13.878895,5
24420,11.2823715,13.049092,5
24421,10.469976,1.0907995,6
24423,11.089239,14.903788,5
24424,5.1786804,9.440327,1
24425,-2.7560496,5.0543437,0
24426,13.943417,10.670593,1
24427,4.5434213,9.559464,1
24428,4.511205,10.3806925,3
24430,3.3393328,6.22427,6
24431,3.9184208,9.35316,6
24432,7.261982,13.003134,4
24434,-4.892837,4.0150747,0
24435,6.549268,10.952062,1
24436,10.227619,14.974215,5
24438,4.6307507,10.813653,3
24439,-5.705135,6.625679,2
24440,14.061288,9.696921,1
24441,7.807929,-0.6324054,7
24443,11.900599,10.6012,6
24446,7.37098,12.083927,3
24448,11.403415,8.924179,7
24449,11.259558,10.737569,1
24450,10.797388,1.0290892,7
24451,7.431289,13.085031,1
24452,6.2620707,10.335849,1
24453,6.720665,10.538225,3
24454,10.02481,3.0996358,7
24455,4.2561736,6.0705075,6
24456,11.075005,13.665247,5
24457,6.286824,10.593159,3
24459,-5.6108017,4.4235344,0
24460,-6.2143564,4.035046,0
24461,5.92318,10.266936,1
24462,9.6102705,12.2122345,6
24463,-5.0653152,3.5478878,0
24464,-4.3859086,7.36432,2
24465,11.332746,14.179364,4
24466,7.4719243,12.33788,6
24469,3.9692872,9.735251,1
24471,7.1745706,12.384418,1
24473,4.633382,10.180555,3
24475,12.867756,10.091506,6
24476,7.5586514,-0.9788941,7
24479,6.880924,12.764434,1
24480,-5.0615892,4.33465,0
24481,-6.2626233,6.2587986,2
24482,4.1081276,9.806728,1
24483,4.8811674,7.0355773,6
24484,9.1704,11.845839,6
24485,-3.3588,5.0948095,0
24486,4.3200254,9.348144,4
24487,5.878291,12.82089,3
24488,7.432398,11.524933,6
24489,-3.669472,6.39577,2
24490,3.6719468,6.0073175,6
24491,-6.25619,6.756209,2
24492,-6.28681,6.693838,2
24493,10.714947,0.06666456,7
24494,-5.529029,4.4952517,0
24495,6.648389,12.60004,1
24496,9.87736,13.062813,5
24497,8.447475,12.721817,4
24498,4.6986933,8.814708,6
24499,6.5841856,12.3013,1
24500,8.069222,-0.72677976,7
24501,10.375007,-0.2160904,7
24502,-5.438875,7.0956454,2
24503,7.1166415,12.513434,1
24504,6.4695354,9.841067,3
24505,-5.147811,7.3701143,2
24506,3.4909801,6.6166325,1
24507,8.205726,-0.6702915,7
24508,10.950374,14.949176,5
24509,-5.243158,5.896246,1
24510,10.653179,-0.28065336,7
24512,10.75836,13.07219,5
24513,-6.0595517,3.9358702,0
24515,4.1971955,10.595727,3
24516,4.6244593,9.123529,1
24517,4.247925,6.604782,6
24518,-3.3661551,7.1255994,2
24519,13.531917,10.57757,1
24520,-4.758458,3.9272068,0
24521,3.924179,7.3306603,6
24522,5.858513,10.214011,6
24523,14.933578,11.128115,3
24524,11.263557,9.329377,5
24525,3.7105877,10.05783,1
24526,-4.304631,6.9460096,2
24527,6.312891,9.890472,6
24528,-2.998071,5.0116568,0
24529,3.8951292,6.4022207,6
24531,5.040668,8.948787,1
24532,3.925775,10.301301,3
24533,-6.327347,6.406231,2
24534,14.545206,10.3906145,1
24535,6.8683386,12.516078,1
24536,13.839114,10.648471,1
24537,7.184834,13.732724,4
24538,11.325111,8.960461,6
24539,5.304949,7.898843,6
24540,6.85939,12.144042,1
24541,5.90073,9.022285,6
24542,8.235999,-0.8955894,7
24543,4.3207865,10.705624,3
24545,11.198621,14.627556,5
24546,13.671664,9.472552,6
24547,-4.114515,4.3923345,0
24548,4.463736,10.451247,3
24549,6.8347816,11.443613,1
24550,-3.8753395,6.9842067,2
24552,11.210999,8.860171,1
24553,6.2984276,12.347943,3
24555,7.7232585,13.606223,4
24558,10.856685,14.971866,5
24559,-3.2226186,4.723946,0
24560,6.1485353,9.9782095,6
24561,13.439344,10.833104,1
24562,9.721235,12.815301,5
24563,6.9318953,12.36755,1
24564,9.242419,11.990451,6
24566,-6.29968,6.7078476,2
24567,5.7911553,11.845582,3
24568,13.984016,9.742597,4
24569,10.471721,13.562941,5
24570,-4.742487,7.334332,2
24572,3.4850984,7.202449,6
24573,5.919267,10.119655,3
24574,3.8949165,9.311391,1
24575,3.841552,10.735923,3
24576,9.528333,3.3008144,7
24577,5.9806237,10.892577,3
24578,7.505647,10.9274235,6
24580,11.836245,9.33385,6
24581,9.239762,3.5148146,7
24582,13.851494,10.400821,1
24583,7.1137204,12.08732,1
24584,7.4363894,5.8879447,1
24585,10.651118,10.662512,3
24587,11.003583,14.179126,5
24588,14.15546,9.826044,1
24590,-5.0351133,7.494225,2
24591,6.3321986,7.122157,1
24592,8.355139,12.84234,6
24594,5.1207156,7.0534716,6
24595,8.896519,13.034879,5
24596,10.982546,12.928357,5
24597,11.94076,11.136733,6
24598,13.956969,10.936169,1
24600,6.0644016,6.796053,6
24603,10.928777,0.44388932,7
24605,-6.203935,3.3708763,0
24606,10.134324,14.848624,5
24607,5.2792397,7.9845066,6
24608,-4.304468,4.1776867,0
24610,6.0724616,6.627948,6
24611,4.7133183,10.423343,3
24613,10.337243,13.677158,5
24614,-3.688939,7.233216,2
24615,3.7392523,6.7980146,4
24616,10.882301,13.678997,5
24618,-3.815216,5.1527658,0
24619,10.032028,14.58108,4
24620,9.703772,12.733769,6
24621,14.424202,10.250539,1
24622,11.223709,13.410173,5
24623,13.585633,10.82852,1
24625,10.885467,13.05578,5
24627,14.307082,11.537008,3
24628,9.394823,11.729992,6
24629,8.242559,-0.82688963,7
24632,10.235205,-0.27204102,7
24633,7.227335,10.88574,4
24634,6.0286636,12.338362,3
24635,4.4762273,6.2645636,6
24636,4.6377373,6.290322,6
24637,-6.315866,6.5437713,2
24640,10.215684,0.3885383,7
24641,3.3752675,7.0506277,6
24643,13.168214,10.161115,6
24644,5.0785017,10.61805,3
24645,8.182972,13.769227,4
24647,-6.096228,5.1386395,0
24648,7.6263475,-0.8807196,7
24649,6.529225,13.429367,4
24650,-6.2948446,3.611307,0
24652,-5.679535,4.0026245,0
24655,10.660825,-0.47711164,7
24656,15.0364485,11.143078,3
24657,4.334712,7.0213346,6
24658,3.9577515,9.67663,1
24659,7.2064834,11.75029,4
24660,-4.349545,3.9314976,0
24661,8.276355,13.509364,6
24662,14.650326,11.184192,3
24663,4.679275,6.720934,6
24664,5.9700747,10.444686,3
24665,-4.738992,7.397123,2
24666,6.0133986,12.651106,3
24667,10.305611,14.584597,4
24668,9.66733,3.1860514,1
24669,-4.2997594,6.9716816,2
24670,3.505283,6.169879,6
24671,-5.488258,4.3642683,0
24672,-2.9154286,4.9351454,0
24673,7.83984,14.034641,4
24674,12.20738,9.595195,3
24675,8.008902,12.890661,6
24677,-6.106451,6.758007,2
24678,4.7089386,8.507101,6
24680,-4.5758376,4.1527743,0
24681,6.6817517,12.424147,1
24685,-3.8990676,7.3584437,2
24686,6.174089,12.548915,3
24687,-4.292255,3.8058274,0
24688,10.534744,13.52639,5
24689,6.7861876,5.973043,6
24690,6.092393,12.640106,3
24691,-3.597191,5.411405,0
24692,7.09142,13.141644,1
24693,-5.588953,6.118012,2
24694,7.570469,12.007971,6
24696,-4.3854046,4.7968135,0
24697,7.0250683,13.205849,3
24698,9.116349,11.274064,6
24700,9.551789,14.172125,5
24701,4.5112963,6.8841643,6
24703,7.3763123,10.404412,5
24704,6.899354,12.271077,1
24705,7.3085084,6.343223,1
24707,7.392987,13.696885,4
24708,3.5977094,8.967989,6
24709,9.57045,3.5249763,7
24710,4.470359,6.2697415,6
24711,7.822101,11.573943,6
24712,3.762922,6.4591827,6
24713,8.03309,14.038418,6
24714,4.6120977,9.274241,4
24715,-3.3173323,6.5861793,2
24717,4.1794724,8.747009,6
24718,8.727252,10.677869,6
24719,10.3047905,15.233154,5
24720,-4.8010464,5.338481,0
24721,10.848261,10.723833,3
24722,3.6482108,6.774493,6
24723,13.637174,10.348033,1
24724,11.312993,9.325484,5
24727,7.8717427,13.288973,4
24728,-2.949234,6.927528,2
24731,-3.2402186,7.18303,2
24732,10.737529,13.143032,5
24734,14.343999,11.528413,3
24735,8.583288,13.576007,5
24736,13.710401,9.573279,6
24737,6.564784,10.566889,6
24738,-4.6828814,5.3534703,0
24740,13.456376,10.198203,1
24741,10.050436,13.498945,5
24742,8.359048,-0.36513665,6
24743,6.3618827,11.777076,4
24745,3.94627,9.37322,1
24746,3.3851006,8.812617,6
24747,4.320671,7.29401,6
24748,-3.2281272,4.974852,0
24749,5.868029,13.224229,3
24750,-5.838016,3.412544,0
24751,3.6444836,9.6894655,1
24752,9.437997,11.607608,6
24753,5.1086793,10.642631,3
24754,10.807236,12.507209,5
24755,4.3816977,9.222982,1
24757,10.575438,-0.10215324,7
24758,8.696896,13.335366,6
24759,-5.7941313,3.4319222,0
24762,10.9031515,14.782266,4
24765,6.976155,13.31737,4
24766,5.937882,10.120633,3
24767,-3.1233597,5.3424587,0
24768,10.865954,11.150971,1
24769,10.122979,13.023533,5
24770,3.31398,6.901558,6
24771,8.242393,13.408911,6
24772,11.101676,12.762623,5
24773,-5.5586977,6.481029,2
24774,3.8596737,7.70444,6
24775,11.130527,13.232768,5
24776,-3.3384228,5.3616614,0
24777,6.156223,6.752017,6
24778,5.939366,11.626361,3
24779,4.6776342,6.20946,6
24782,3.7099226,9.962134,4
24783,6.3901873,11.413323,4
24784,4.788232,6.3357215,1
24785,6.140723,12.592069,3
24786,4.846804,8.900296,1
24787,7.4992175,12.821587,6
24788,-6.403088,6.326579,2
24789,14.7559185,11.320808,3
24790,10.822828,14.999424,5
24791,-6.441787,6.22434,2
24793,3.8069391,6.3464794,6
24794,13.960582,11.196794,3
24796,10.200532,14.629639,5
24797,9.051349,11.839734,6
24798,4.5938272,9.109824,1
24800,10.456999,15.176478,5
24801,4.6995454,10.337306,3
24802,-6.5372834,4.030841,0
24803,11.010556,14.792207,5
24805,11.109729,13.971641,6
24807,10.961231,14.764957,5
24809,3.5484574,6.5321045,6
24810,9.470194,3.5405583,7
24811,-4.0404634,6.428013,2
24812,7.87587,12.88904,1
24813,6.7006063,12.545942,1
24814,13.917215,10.8992195,1
24815,6.694566,12.695927,1
24816,11.080431,14.862116,5
24817,13.899199,10.704785,1
24818,8.858236,10.856521,6
24819,-4.5103855,3.7908669,0
24820,7.728594,12.266502,6
24821,7.495173,11.99007,1
24827,7.249842,11.919813,1
24828,10.937912,14.60198,4
24829,-2.9465182,5.4520655,0
24830,6.0849094,10.190554,4
24831,4.8080635,6.358563,6
24833,8.169895,12.925854,6
24835,9.580164,11.96219,6
24836,5.292219,6.841489,6
24837,-5.6828957,3.6843448,0
24838,6.2391677,12.8484745,3
24839,4.477162,9.099526,6
24840,11.014381,13.181945,5
24841,11.82251,9.641021,1
24842,3.7229416,5.94567,6
24844,9.840566,3.1652513,7
24845,-6.645323,6.175976,2
24846,4.219801,8.604176,6
24847,4.4795356,9.372451,1
24848,11.292285,8.957679,6
24849,8.224288,13.80064,4
24850,-5.422339,4.578793,0
24852,5.4087725,7.371321,6
24853,6.799496,6.0343194,1
24854,7.194171,12.435353,1
24855,3.583402,6.839433,6
24858,-4.9032855,4.0580378,0
24859,6.3471828,12.59089,1
24860,-5.7430487,5.835843,2
24862,9.668379,2.7981553,1
24863,13.3308325,10.241337,1
24864,3.5753057,9.597282,1
24865,14.478643,10.18447,1
24866,9.215171,12.075224,6
24867,7.389545,11.011937,6
24868,14.939272,11.20914,3
24869,3.7063944,9.084236,6
24870,12.912619,10.475885,1
24871,7.2149367,12.749443,4
24872,13.757707,9.50701,6
24874,7.997572,13.328555,4
24875,10.989536,13.943901,5
24876,10.69234,13.632758,5
24877,6.417026,12.892692,3
24878,5.8335886,11.512101,3
24880,-6.386654,6.1165695,2
24881,6.8884716,12.627558,1
24882,9.970065,3.0700684,7
24883,4.887825,7.059598,6
24885,5.978176,11.882678,3
24886,-6.306055,5.9516263,2
24887,7.2396894,11.753611,1
24888,-5.2343802,4.4274054,0
24889,10.947095,8.647697,6
24891,-6.574144,6.3565464,2
24892,3.3140366,6.559691,6
24893,13.83038,10.981906,3
24894,7.5660634,11.323307,6
24897,10.557787,-0.1409805,7
24899,8.383874,12.436053,6
24900,11.326047,11.58485,6
24901,7.490434,11.705948,1
24904,-3.1486073,4.9708796,0
24905,-6.1888604,3.6287189,0
24906,-5.286098,4.4976068,0
24907,9.181265,12.629827,5
24908,6.769197,11.197929,6
24911,8.754954,10.733322,6
24912,7.4386964,5.934856,1
24913,4.47022,9.45793,1
24914,4.391999,8.775945,6
24917,-6.0191655,4.1027794,0
24919,9.934768,14.799016,5
24921,13.376144,10.265392,1
24922,8.555649,-0.3879878,7
24924,5.512369,7.4964066,6
24925,11.173383,13.700859,5
24926,10.49576,13.645356,5
24927,-5.75448,4.5398803,0
24928,9.750846,13.874466,5
24929,-5.6390758,6.859324,2
24930,10.6569195,13.9526615,5
24931,5.491444,10.563315,3
24932,10.636883,8.380061,4
24933,13.554798,9.863469,1
24934,11.033628,0.8467763,7
24935,-4.09619,4.1114798,0
24936,8.242621,12.243805,4
24937,8.017866,13.656587,4
24939,6.2674093,12.59683,1
24941,4.85163,6.4811707,6
24942,7.6773443,6.2539215,3
24943,-6.1433196,5.6982284,2
24944,6.566086,10.186579,1
24945,-2.8704865,6.965385,2
24950,11.210488,0.86263764,7
24951,7.6994815,12.703227,4
24952,-4.2767787,6.889967,2
24953,-6.521742,6.4152966,2
24954,-4.3611383,3.8625178,0
24956,8.052496,12.571668,5
24957,10.151168,14.8983345,5
24958,10.258283,14.536764,1
24959,-4.5476203,7.488279,2
24960,-5.9595613,6.0295434,2
24961,9.860036,3.2041326,7
24963,7.240438,12.529488,1
24964,3.644023,6.8616834,6
24965,6.934835,10.537046,3
24967,-5.7705317,4.086193,0
24969,7.4427814,13.981449,4
24970,6.1834426,6.7008023,6
24971,10.533135,13.558764,5
24973,5.1808367,6.914921,6
24974,-3.6691108,6.678363,2
24975,10.078568,13.721251,5
24976,5.855019,13.072431,3
24978,5.997202,12.396253,3
24979,-5.981629,4.488345,0
24980,14.173335,10.687855,1
24981,7.25736,10.524175,4
24982,3.2435446,7.2227464,6
24983,6.1795645,12.567886,3
24984,3.7882206,9.937238,1
24987,9.288992,11.318835,6
24989,10.562479,10.605942,3
24990,13.7317505,9.589577,6
24991,5.9781494,10.8801155,3
24993,5.9785767,11.749212,3
24994,10.629381,10.648714,4
24995,-5.819689,3.630498,0
24998,11.449787,13.667314,5
25000,3.516322,6.8060265,6
25001,10.78392,13.266225,5
25003,5.7825212,11.9683695,3
25006,4.095619,7.0550632,6
25008,5.9167485,10.162944,6
25009,-6.011121,5.5836964,2
25010,8.427438,12.675893,6
25011,-6.7073383,6.3379674,2
25012,3.419819,9.261943,1
25013,8.439745,11.399483,6
25014,-3.073944,7.259899,2
25015,-6.1045833,4.502219,0
25016,-6.456906,4.089317,0
25017,-3.4542866,5.013534,0
25018,4.6884866,9.00417,6
25019,5.2356253,7.60489,6
25020,-3.138372,5.38734,0
25021,12.2116375,9.571985,3
25022,10.477921,-0.22959681,7
25023,-2.9711454,5.414577,0
25024,11.159276,14.945355,5
25025,4.1163697,10.801395,3
25027,7.531368,11.764398,1
25028,-5.9442153,5.9275074,2
25029,10.769873,0.7418758,7
25031,-4.881782,4.0248427,0
25032,4.196936,9.410011,1
25035,8.404754,12.399864,6
25036,3.2986891,9.645756,4
25037,10.34546,0.21713555,7
25040,10.659392,15.133077,5
25042,13.320161,10.094847,6
25045,10.622171,14.415682,5
25047,-6.347456,6.318933,2
25048,6.849664,13.483168,3
25049,11.309484,0.48998347,6
25050,13.78925,9.458986,6
25054,-5.5878663,4.9164577,0
25055,14.395619,11.582337,3
25056,3.9918468,9.159632,6
25057,8.720077,-0.23954868,7
25058,13.759408,9.564461,6
25059,6.767716,11.065978,1
25060,4.297358,6.126415,6
25065,14.353857,10.298508,1
25066,10.037015,1.1388487,5
25067,4.1470604,8.365734,6
25068,14.405974,11.028981,3
25069,-3.5807335,6.4498215,2
25070,-3.7984567,4.3907356,0
25071,6.9294515,6.230729,1
25072,-5.2706323,4.457264,0
25073,8.01696,11.792021,6
25075,11.152573,8.710963,6
25077,6.7408204,10.973958,1
25078,5.666715,11.603451,3
25079,6.085757,9.886395,6
25080,10.509095,12.021406,5
25081,-4.896176,7.593025,2
25082,4.451301,6.638112,6
25083,-6.0403395,4.306127,0
25084,11.199234,0.274492,7
25085,-4.5829453,3.6784241,0
25086,4.7107434,6.725326,6
25087,11.185553,14.079592,5
25088,4.103885,8.77092,6
25089,14.531915,10.336672,1
25090,6.4000196,12.716678,3
25093,7.285614,11.501407,1
25095,9.526282,11.96518,6
25096,9.794181,3.3893554,7
25097,11.035238,13.430682,5
25098,5.061799,6.405758,6
25100,10.225105,14.99217,5
25103,-6.145762,3.5431988,0
25104,4.7161856,6.94086,6
25105,-6.3239274,6.5820627,2
25106,10.484834,-0.11707231,7
25107,8.102693,10.953799,1
25108,7.119276,10.3621855,6
25109,11.179309,14.743987,5
25110,9.678374,11.894029,6
25111,4.754837,6.604465,6
25112,4.058929,10.219193,4
25113,6.355085,11.515522,1
25114,4.1516314,10.508625,3
25115,15.00254,11.064426,3
25116,5.426518,8.014599,6
25117,5.884874,12.36038,3
25118,11.011947,-0.07770234,7
25119,6.3213563,12.992755,3
25120,10.760092,10.797906,1
25121,10.339844,0.185425,7
25122,3.2024243,6.774712,6
25123,-3.3163133,7.212527,2
25124,7.3388577,11.32143,4
25125,-3.6088016,6.8374934,0
25126,9.823313,2.888012,4
25127,11.231812,13.366126,5
25129,4.3755894,9.056056,6
25130,13.773441,9.5629015,6
25131,7.444242,13.517533,4
25132,3.4100919,9.5213375,1
25133,5.291706,6.571993,6
25134,11.007995,11.154787,4
25135,11.325914,14.159557,5
25136,14.157454,9.976159,1
25137,13.877527,10.270143,1
25138,3.7481728,7.596802,6
25139,3.479068,6.7054796,6
25140,5.6737227,12.674559,3
25141,6.659222,10.569691,1
25143,7.059513,11.60256,1
25144,3.9805791,10.294249,4
25146,3.7898035,6.8173294,6
25147,13.801445,10.505806,1
25148,-3.264041,7.260456,2
25149,14.538989,10.235902,3
25150,-5.4843736,3.6932817,0
25152,5.177782,10.597977,3
25153,4.891686,7.2874985,6
25154,9.934594,12.989708,5
25155,10.614726,13.123141,5
25156,9.210603,3.718626,7
25157,6.038046,6.8752623,6
25158,7.203339,6.325595,1
25159,-4.9376807,7.4661303,2
25160,6.986467,6.1107726,1
25161,11.245244,14.75785,5
25162,8.1411495,-0.94419914,7
25163,13.194062,10.104757,6
25164,8.263419,-1.0768527,7
25165,8.118796,-0.91034836,7
25166,4.5243554,9.53066,6
25168,6.3575573,10.001827,4
25169,-3.849994,6.5823064,2
25170,11.29843,10.907841,3
25171,14.977041,10.881024,3
25172,-2.9885652,6.4088464,2
25173,-5.619549,5.275928,0
25174,3.807453,9.737139,1
25175,8.934613,11.293088,6
25176,7.7913647,12.222424,6
25178,-3.448286,4.991347,0
25179,4.992934,7.3832045,6
25180,7.4575267,13.447237,1
25182,7.091269,11.943519,1
25183,10.325595,14.427134,5
25184,8.146584,-0.9988276,7
25187,-6.426151,3.7655861,0
25188,-5.3160586,3.690824,0
25189,-6.2099767,5.784813,0
25190,6.2834606,11.909859,3
25191,7.293085,11.868109,1
25192,10.1583605,-0.0036343604,7
25193,7.617747,10.5360565,5
25194,6.1498394,12.774228,3
25195,9.413272,11.942864,6
25197,10.7072,1.0481881,7
25198,11.455841,0.67041165,7
25199,-5.0291257,7.4532166,2
25200,-6.2232637,4.2889915,0
25201,8.240323,-0.17356856,6
25202,6.3814087,12.034696,3
25203,10.534373,12.42614,5
25204,7.6287274,13.972873,4
25205,-3.3780105,6.871543,2
25206,6.78259,13.050631,1
25207,11.303776,0.8193993,7
25209,-6.165513,6.698662,2
25210,-6.0503616,6.434352,2
25211,11.205283,14.142385,5
25212,7.369883,10.405641,4
25213,5.728361,12.955797,3
25214,8.548695,11.191201,6
25216,-3.4651937,4.364878,0
25217,3.6240022,7.234734,6
25218,-6.395778,3.985842,0
25220,13.308062,10.465537,5
25221,6.467021,12.011907,3
25222,3.9546742,10.685138,3
25223,-6.4241433,6.163956,2
25224,4.4901195,6.5458574,6
25225,10.22703,0.5455322,6
25226,9.794646,3.3717916,7
25228,13.7705145,9.507575,6
25229,5.910872,12.668183,3
25231,9.867929,3.266812,7
25232,-3.5074537,6.6212773,2
25233,6.635267,13.172685,3
25234,3.996152,6.6734138,6
25235,13.663828,10.667864,1
25237,-4.676924,3.91576,0
25238,3.9090714,9.194716,1
25239,7.7412267,12.254963,5
25240,4.174599,10.378248,3
25241,8.018607,-0.72568685,7
25242,-4.0094495,6.677912,6
25243,4.019201,6.249287,1
25245,5.9662695,13.297739,3
25247,3.9683003,9.481462,1
25248,10.623533,-0.15883097,7
25249,10.7265415,12.495612,5
25251,7.379795,6.4627004,1
25254,3.5243683,6.8276954,6
25255,14.575106,10.880417,3
25256,4.443037,6.1054,6
25257,6.5218425,11.79037,1
25258,9.1168995,11.928862,6
25259,4.8492203,10.261389,3
25260,11.789035,11.015864,6
25261,12.327539,10.75245,3
25262,6.816149,13.2027445,1
25264,3.3501751,9.439171,4
25265,8.471353,12.210197,6
25267,3.3471355,6.9934063,6
25268,7.8540616,6.561641,3
25269,3.6983736,6.9839067,6
25271,10.838369,0.005152067,7
25272,-3.5618174,4.399864,0
25273,10.526051,0.2945119,6
25274,3.8055167,10.543377,3
25275,4.2606773,10.450247,3
25277,11.487739,14.166618,5
25278,11.676971,10.724255,4
25279,10.3270645,14.423537,5
25280,14.009043,9.917942,1
25281,10.808134,11.298215,1
25282,8.343331,13.108071,4
25283,6.114777,9.684857,1
25284,11.072977,0.5603752,7
25285,-3.971855,4.8006263,0
25286,3.2114165,8.944233,4
25287,7.91136,-0.3410623,7
25288,6.188476,6.7667675,6
25289,-6.156274,5.586339,2
25290,4.1838565,10.147722,3
25291,3.789824,10.636097,3
25292,-3.597377,6.9860024,2
25293,5.1595507,7.3155365,6
25294,10.731136,0.80140245,7
25295,5.0733643,9.301369,4
25296,-3.6162505,7.3161683,2
25297,8.290761,13.591448,4
25298,10.89549,14.321597,5
25300,-5.9798317,5.964538,2
25301,5.0776525,10.6983,3
25302,-5.7117906,6.0839114,2
25304,14.990772,11.118371,3
25306,-4.206531,3.822046,0
25307,6.5822167,6.265461,1
25308,-4.925601,4.057634,0
25309,-5.0482025,7.531101,2
25310,3.2943847,6.3879285,6
25311,7.874007,13.220455,4
25312,7.974415,-0.38380015,7
25313,10.385583,10.701075,6
25314,10.173545,-0.25113434,7
25315,10.119129,14.495936,5
25316,7.1510124,12.733604,1
25317,10.9520235,14.290104,5
25318,14.872862,10.897746,3
25319,14.433632,9.86264,1
25321,6.2484765,11.679528,1
25323,-5.023711,7.3595667,2
25324,6.361667,12.933915,4
25325,4.639222,10.732626,3
25326,7.3472095,5.977831,1
25327,6.502995,12.675694,1
25328,10.586873,15.205819,5
25329,7.674954,12.965352,4
25330,-3.5500364,5.3662076,0
25331,6.369444,9.632866,6
25332,-6.421751,6.388706,2
25333,4.095286,9.903876,1
25334,4.436148,9.0815735,6
25336,11.341291,13.320904,5
25337,7.709094,12.6276045,4
25338,7.9206038,13.073635,4
25340,10.09548,13.654468,5
25341,9.954779,3.1646621,7
25343,14.763109,10.394674,1
25344,10.953342,11.437159,6
25345,-5.673358,4.0332975,0
25346,10.997419,14.244608,5
25347,7.7092714,6.512625,3
25348,8.036002,13.140769,4
25349,14.454553,11.446628,3
25350,13.3621,9.795558,6
25351,7.379668,13.675457,4
25353,9.420253,3.3408735,7
25354,14.013805,10.19433,1
25355,-5.412004,3.386211,0
25356,8.550594,12.15351,5
25357,7.9937577,12.899658,0
25358,-5.769492,6.564016,2
25359,8.534372,-0.68954504,7
25360,4.2060275,9.68859,4
25361,7.211975,10.865558,4
25362,3.6674016,9.995323,1
25363,6.83269,11.505944,1
25364,-4.875584,4.1351075,0
25366,5.898029,10.303389,3
25367,5.8345017,6.6796985,6
25368,11.239925,13.39997,5
25370,10.76296,14.1996155,5
25373,9.180457,13.300758,1
25374,-4.152789,4.727138,0
25375,10.219581,0.5453734,7
25376,5.8942227,12.600437,3
25377,9.507144,3.2097487,7
25379,10.218577,14.641624,5
25380,12.234946,9.545417,1
25381,11.05679,14.803913,5
25382,-5.305637,7.1860156,2
25383,8.116221,12.797904,4
25384,7.384474,13.890792,4
25385,8.001315,11.630115,5
25386,10.54396,0.49074396,7
25387,11.310039,9.242955,3
25390,6.150789,11.922991,3
25391,4.779545,8.991172,6
25395,4.4629235,9.434367,1
25396,14.042239,9.712997,1
25398,-6.0060115,3.2687285,0
25399,7.399135,11.007642,4
25402,-4.4192915,7.5148797,2
25403,-5.7544646,3.6861076,0
25404,11.305854,9.032749,6
25405,7.7595344,-0.5242609,7
25408,11.483,8.818053,6
25409,-5.8910265,6.205232,2
25410,8.002809,-0.6570272,7
25412,5.890642,12.626155,3
25417,9.633473,12.200858,6
25418,4.1291423,9.409043,6
25419,4.914818,10.028462,3
25421,6.1896663,9.5348425,6
25422,7.85114,13.582788,4
25424,8.388944,11.745743,4
25425,5.264257,10.179369,1
25426,10.210188,0.13466859,7
25427,-5.6422753,3.4457204,0
25428,11.516106,11.060208,4
25429,10.934242,-0.039606594,7
25430,8.174236,11.573843,6
25433,4.784979,6.3254056,6
25434,7.937736,-0.51464134,7
25436,3.8892026,10.038347,1
25437,14.431725,10.656078,1
25438,13.772194,10.945732,1
25439,14.472048,11.335728,3
25440,-3.5402622,6.422457,2
25441,7.182482,10.730325,1
25442,4.5039682,6.6081734,6
25443,5.8018064,12.051567,3
25445,-5.080945,4.394652,0
25446,10.214899,10.855855,6
25447,7.665436,-0.9618525,7
25448,8.061194,13.859235,4
25449,7.5567946,13.227198,7
25450,6.831476,12.257968,3
25451,-4.3221135,7.2496214,2
25452,13.780574,10.472998,1
25453,-3.331966,7.359232,2
25454,9.2352085,3.4707794,7
25455,-6.475329,3.6785398,0
25456,4.5909386,7.1943455,6
25457,10.331693,14.93279,5
25458,7.606578,11.648578,4
25459,-3.5037274,4.803141,0
25461,-5.0639763,2.7213175,0
25463,11.591879,11.011429,5
25464,6.6073127,10.623476,6
25465,14.316205,10.011347,1
25466,4.4591365,6.334578,6
25467,13.706354,9.9917755,1
25469,5.423486,6.6635704,6
25470,10.400036,15.008497,4
25471,7.1045384,12.951615,4
25472,10.812355,8.522724,4
25474,14.963006,11.105182,3
25476,-5.4381742,7.0659294,2
25477,10.455565,14.08648,5
25478,7.4008155,11.87762,6
25479,-5.4929004,6.187023,2
25480,8.347576,-1.0017871,7
25482,3.5178487,9.22331,6
25485,-5.9892797,6.7419596,0
25486,6.2818036,12.768237,3
25488,7.666686,11.878367,1
25489,11.311532,11.248443,4
25490,4.056961,9.083089,6
25491,7.4524994,6.053216,1
25492,3.4216065,6.8416433,6
25493,10.555531,0.4620128,7
25494,11.280669,0.67546844,7
25495,7.6948133,10.845199,6
25496,8.233027,11.655214,5
25498,13.744032,10.91001,1
25499,10.794561,14.970355,5
25500,11.454759,9.238138,6
25502,-3.6239028,6.9739428,2
25503,10.666607,14.449372,5
25504,7.9055376,12.217177,4
25505,9.078319,11.144315,6
25506,-4.0517316,6.9444304,2
25507,-4.0121503,7.532062,2
25508,3.167076,6.5154276,6
25509,-5.137549,4.2618585,0
25511,7.4476843,10.541698,4
25512,10.548157,11.109126,6
25513,4.2515016,9.143332,6
25514,10.088032,0.69899654,7
25515,10.753186,0.84038895,7
25516,11.301917,14.095217,5
25517,-3.2605326,4.804633,0
25518,3.6371365,7.4058065,6
25519,10.978113,11.674916,4
25520,5.1863656,7.904916,6
25521,8.251894,-0.882391,7
25522,-6.2502136,6.7025294,2
25523,5.8495426,12.330798,3
25524,-3.7409525,5.31538,0
25525,9.303818,3.6239915,7
25527,-3.160521,4.706187,0
25528,13.371724,9.967965,6
25529,6.132034,9.765735,6
25530,-4.4425464,4.060313,0
25533,13.080092,10.26391,6
25534,6.439329,11.7725115,3
25535,-5.9230003,5.7768097,2
25537,7.964547,-0.65779173,7
25538,9.659335,12.3245125,6
25539,13.9666195,11.355021,3
25540,10.725619,13.493129,4
25541,3.6045754,6.221064,6
25543,4.1832294,10.436861,3
25544,13.718609,9.530027,6
25545,8.758896,13.562684,4
25546,3.5541775,9.0281515,5
25547,8.049266,10.865683,4
25548,4.519,10.133709,3
25549,4.2285404,10.752445,3
25550,9.603575,12.29676,6
25551,11.270951,14.665244,5
25552,8.284505,-0.17918108,6
25553,8.637876,10.442722,6
25555,6.249754,11.073834,1
25556,3.352827,6.5600634,6
25557,10.154747,14.937636,5
25558,6.613019,10.784332,1
25559,13.877412,9.526418,6
25560,7.962984,-0.40331972,7
25561,7.294408,11.923161,4
25562,7.7582784,12.905318,6
25563,12.300074,9.631614,1
25564,-6.3748937,4.251896,0
25565,6.6310935,12.98408,3
25566,13.453096,10.089319,1
25567,9.512227,3.3682356,7
25568,6.5655932,13.116834,1
25570,3.209336,6.625597,6
25571,-3.6369424,6.631576,2
25573,-5.235011,4.4172726,0
25574,7.896961,-0.3230312,7
25575,-5.9295526,6.7996216,2
25577,12.787632,10.83278,3
25578,10.372785,14.980952,5
25579,3.4741342,7.478261,6
25582,14.672423,10.850017,4
25585,11.303652,8.907486,6
25586,11.063677,8.610796,6
25587,10.10971,11.05215,1
25588,9.098304,13.03617,5
25589,10.746388,10.971738,1
25590,-4.1016183,4.0445647,0
25591,7.469578,6.2581367,1
25592,3.439291,7.140733,5
25593,4.4045424,6.0125055,6
25594,6.234681,9.692632,4
25595,-5.779206,3.4401226,0
25596,14.424074,10.060666,1
25597,7.077444,11.556601,1
25598,-4.8772473,7.3418894,2
25599,-4.0812635,6.7402973,2
25601,10.519788,15.132438,4
25602,5.354028,7.669686,6
25604,13.827795,9.926672,1
25605,6.961803,12.571681,4
25606,-3.9868088,6.57222,2
25607,-3.9259307,4.042231,0
25608,6.3431644,12.350105,3
25610,14.12886,9.929231,1
25611,11.112064,0.21171467,7
25613,13.047688,10.138778,6
25616,7.890729,6.56778,3
25619,-5.0861974,3.9910886,0
25620,8.332618,12.851566,1
25622,10.86481,8.512264,6
25623,10.565486,-0.19838879,7
25624,13.337466,10.368658,1
25625,11.278706,12.723287,5
25626,3.7048123,9.575711,1
25627,8.274153,-0.94496876,7
25629,13.972724,9.521208,6
25631,4.698281,6.442955,6
25633,11.330105,14.437321,5
25634,10.934106,8.538542,6
25635,10.798738,14.514581,5
25636,10.440471,-0.10370876,7
25637,11.01163,10.970168,4
25639,4.300564,9.478423,1
25640,8.353371,12.426599,4
25641,6.2378793,12.203584,4
25642,6.0016394,10.35428,4
25643,10.071037,3.1705642,7
25644,-4.0778475,3.8801203,0
25645,8.875318,11.454148,6
25646,3.9492161,9.067723,6
25647,10.509249,0.04924331,7
25648,5.6295495,10.442045,3
25649,8.074293,12.570797,5
25650,13.682749,9.840061,1
25651,11.298057,8.912219,4
25652,10.588473,-0.48111376,7
25653,11.412765,12.792364,5
25654,10.890628,13.481462,5
25655,10.936771,0.09525982,7
25656,7.930508,13.967789,4
25657,-3.9186785,5.218249,0
25658,10.966416,12.798739,5
25660,5.460067,6.683809,6
25661,13.678942,10.6769495,1
25662,4.952834,6.4034715,6
25663,3.8691642,9.735164,4
25664,9.653964,3.5394669,7
25665,7.972981,-0.38334122,7
25666,-5.7443705,6.2072415,2
25668,11.481848,8.915623,4
25669,-3.2110622,4.9341974,0
25670,7.7388544,11.3102665,4
25672,-4.0535674,3.8745425,0
25673,-3.047261,6.630113,2
25674,10.681597,13.884738,5
25675,-6.551812,6.2059994,0
25676,-3.0737593,4.666405,0
25677,11.257096,10.650981,1
25678,3.589657,6.969353,1
25679,-4.2584395,6.92935,2
25680,7.463493,11.697847,1
25682,14.9647045,11.098768,3
25683,-5.178232,3.4447982,0
25684,7.1818404,12.962578,4
25685,8.688987,10.687405,6
25686,10.091777,13.770943,5
25687,-3.668667,7.433482,2
25689,5.7431483,10.622619,3
25692,-4.838004,7.5116587,2
25694,10.066553,15.270601,5
25695,8.461735,13.607088,4
25696,7.2554173,10.821777,4
25697,11.150391,14.661341,5
25698,11.726339,10.868953,1
25699,4.947234,7.3256326,6
25700,6.775832,11.1483,1
25701,9.201934,11.732857,6
25702,7.5585985,-0.9451092,7
25704,6.3141446,10.079514,1
25705,11.220975,0.9212048,7
25708,3.8991802,9.7943535,1
25709,4.244404,7.3847756,6
25710,-5.8719487,3.3895917,0
25711,9.876704,1.0260504,6
25712,-6.1422276,3.7079294,0
25713,3.4101875,10.086631,4
25714,13.310274,11.077034,3
25715,13.487369,10.581539,1
25717,7.3687267,11.971559,6
25718,10.48608,-0.42610213,7
25720,3.7400336,9.4313345,1
25721,6.409559,10.014437,6
25722,9.801293,3.248148,7
25723,8.507034,13.46188,6
25724,-3.5194445,4.5967917,0
25725,3.2943692,6.3848124,6
25727,6.516318,12.79743,4
25728,7.4649806,13.7952385,4
25730,9.65071,13.510521,5
25731,-3.665836,4.359939,0
25732,14.240638,10.613973,3
25733,8.061795,12.617287,1
25734,9.424937,3.4856741,7
25735,4.3201575,9.224981,1
25736,-5.367557,4.8183055,0
25737,10.915606,11.198877,1
25738,11.079786,0.8368608,7
25739,3.738555,7.6490912,6
25741,6.136179,9.19539,6
25742,-4.0381446,3.6617548,0
25743,7.3277974,13.426959,4
25744,-3.4824433,7.2399254,2
25745,10.283598,-0.4298144,7
25746,11.257233,0.477331,7
25747,4.872074,7.4214196,1
25748,13.165343,10.444724,1
25750,3.6518438,6.2789283,6
25751,6.6257563,11.714594,1
25752,6.246341,11.297045,1
25754,4.1164746,5.824572,6
25755,5.614842,10.527171,3
25756,11.36924,14.738487,5
25758,-3.5688832,6.702782,2
25759,9.950047,13.667824,5
25761,-5.8359895,6.2892203,2
25762,-5.9682508,6.6487026,2
25763,5.0330067,9.152521,1
25766,10.457231,12.739398,6
25767,10.032915,3.0634224,7
25768,3.8006241,8.91813,5
25769,4.5066996,9.9608555,3
25771,8.036988,12.942506,4
25772,-3.63783,6.5425982,2
25773,8.52653,13.179409,1
25774,4.2207785,7.283787,6
25776,5.652822,7.140095,6
25778,-5.5702295,4.324877,0
25780,7.1960654,13.504384,3
25781,3.9062579,9.9869,1
25783,11.050214,10.7637615,3
25784,3.850923,7.3859725,6
25785,5.8068237,6.9974985,6
25786,8.169408,12.379324,4
25790,9.642529,12.6829195,5
25791,9.72511,2.7641804,5
25792,8.349757,10.972171,1
25793,7.7241735,12.184596,6
25794,11.186762,9.333829,4
25795,-2.912238,4.996746,0
25796,11.495669,9.046081,6
25797,8.730751,10.956699,6
25798,10.18326,-0.12992567,7
25799,9.244148,11.953141,1
25800,4.118035,8.89403,6
25801,14.290128,10.520135,1
25802,-3.1063566,6.86565,2
25803,-5.3791304,6.035694,2
25804,5.2972155,6.632599,6
25805,-5.3572845,4.390365,0
25806,13.5954275,11.111885,1
25807,11.548451,10.873614,3
25808,-5.915863,5.9725184,2
25810,3.874868,7.619364,1
25811,5.883039,7.009698,5
25813,10.829642,0.18990561,7
25814,6.111635,12.56915,3
25815,5.7140045,6.861873,5
25816,-4.0496387,6.8551683,2
25817,6.043174,12.398903,3
25818,7.316785,5.8775773,1
25819,-3.6409369,6.7886314,2
25820,7.7593446,11.840347,7
25821,11.43882,10.496022,6
25822,3.395473,6.5079308,6
25824,7.772095,12.122993,5
25826,-6.24131,6.745794,2
25827,-3.7190504,6.7513933,2
25828,-6.2343197,5.9298716,2
25829,14.501045,10.488441,3
25830,11.125815,13.303267,5
25831,11.249776,14.273126,5
25832,7.6349974,12.267077,6
25834,-4.368792,4.1212482,0
25835,4.024866,9.975758,1
25836,3.4524086,7.1879706,6
25837,-4.748831,7.2015424,2
25838,10.619441,11.198762,4
25839,4.365638,6.817315,6
25840,8.123042,-0.9903597,7
25841,-3.328655,6.696605,2
25842,4.5620046,6.908613,6
25843,9.09287,11.640708,6
25844,5.113856,10.65027,3
25845,10.57939,10.652849,3
25846,4.2845116,10.777559,3
25847,11.968773,9.730676,4
25848,7.1377964,11.597287,1
25849,8.047196,13.156836,4
25850,6.6080327,11.417579,1
25853,-6.3824787,4.0829787,0
25854,9.562575,3.5006943,7
25855,6.2380085,6.7434998,6
25857,7.020762,13.774524,4
25858,10.986459,14.665568,5
25859,-3.0786006,4.6919084,0
25860,7.174509,11.855641,4
25861,4.880111,6.6778584,1
25862,13.793149,10.9832735,3
25863,7.737395,13.813623,4
25864,8.281981,-0.27862397,7
25865,10.3956175,-0.188492,7
25867,10.6383505,13.67385,5
25869,8.157242,13.873992,4
25871,5.5327883,6.7638497,6
25872,-5.85945,5.9006495,6
25874,11.312786,8.9485,1
25875,4.7936177,6.383305,6
25876,10.84089,13.101487,5
25877,10.870695,14.263088,5
25878,6.856507,13.481451,3
25879,14.399372,11.057225,3
25880,-4.7906885,4.6182013,0
25881,6.376052,13.260699,3
25882,-5.004168,7.517664,0
25883,-5.8507276,4.330885,0
25884,-4.938657,3.8211532,0
25886,10.760183,14.805596,5
25887,-3.8891094,6.5406265,2
25888,8.349234,-0.30534056,7
25889,3.7975495,10.51204,3
25890,-5.82761,4.481579,0
25891,10.221714,13.877142,5
25892,10.425789,13.503506,5
25893,3.6466494,10.3488455,3
25894,6.537175,10.333248,1
25895,6.4153037,7.077816,4
25896,-5.5587163,4.422015,0
25897,10.8612995,-0.3179195,7
25898,9.050761,11.259778,6
25900,4.0381813,10.049821,3
25902,9.33224,12.118238,6
25903,4.036668,9.096734,6
25904,-3.3950098,6.621023,2
25905,-6.4656754,6.12326,2
25907,10.99962,13.707622,6
25908,7.905532,-0.32913718,7
25909,-3.5328214,7.319647,2
25910,9.590597,3.3136022,7
25911,13.856116,11.113125,3
25913,6.3140225,13.119916,3
25914,-5.36024,3.9663804,0
25915,11.0754595,11.767897,5
25916,-5.0835695,7.329374,2
25917,-4.7573485,3.8907683,0
25921,5.414491,6.777488,6
25922,7.365602,10.955832,5
25924,11.39186,0.765273,7
25925,7.38438,12.555852,6
25926,9.164398,11.233476,6
25927,-3.4706993,4.9874773,0
25928,6.7776103,12.573901,1
25930,4.2889967,6.6489825,1
25931,7.6485047,-0.81492156,7
25932,14.814347,10.8906555,3
25933,14.586704,11.369975,3
25934,10.785281,-0.3398282,7
25935,3.7688005,9.082218,5
25936,3.572367,10.25087,3
25937,5.9133196,9.804962,6
25938,-4.0378714,3.934208,0
25939,3.832984,5.9815884,6
25940,10.96339,13.358583,5
25941,4.804606,6.3049474,6
25942,10.410472,0.525353,7
25943,6.678195,13.64827,3
25944,5.0996003,8.937319,1
25946,3.7684443,7.4216866,6
25947,8.897718,11.812697,6
25949,14.47498,10.358769,1
25950,7.0904393,10.896849,4
25951,-4.5619287,4.2417245,0
25952,-6.564183,6.393935,2
25953,-3.6174865,5.3185897,0
25954,6.377239,13.139493,3
25955,8.279755,13.216548,4
25957,10.664679,8.389385,4
25958,9.725192,3.3850849,7
25959,13.407264,10.51426,1
25960,10.249322,14.81568,5
25961,8.92673,11.153033,6
25962,11.811052,10.748914,3
25963,14.029901,9.65021,6
25964,-5.753689,3.8772614,0
25965,8.549709,12.470416,6
25967,4.6478634,10.162369,3
25968,3.2565327,9.89736,4
25969,-3.3033488,6.62119,2
25970,6.1566577,10.544104,1
25971,4.961195,9.469717,3
25972,-6.413283,6.649621,2
25973,8.370866,13.481282,6
25974,-6.122254,3.5285883,0
25975,13.469408,9.829149,6
25976,9.261709,3.6887941,7
25977,7.256082,11.375371,6
25978,11.943558,9.425952,6
25979,6.7656155,10.081044,4
25980,3.894047,10.583486,3
25981,10.901968,13.193282,5
25983,-3.049869,6.978045,2
25984,11.517847,13.9918165,5
25985,3.769766,9.771114,1
25987,6.9125257,13.673751,4
25988,9.556164,11.586722,6
25989,10.548423,8.349085,1
25990,7.669605,12.210117,6
25991,-4.1754293,3.8407798,0
25993,10.312024,14.82101,5
25994,-2.7349768,5.0828843,0
25996,3.76652,6.481092,6
25997,13.600174,10.6474,1
25998,4.5613346,8.854219,6
25999,9.261263,12.082752,6
26000,3.9059901,7.0783553,6
26001,7.0996885,10.766534,4
26002,3.581286,7.3643184,6
26003,10.481034,11.307265,6
26005,7.385895,13.24681,4
26006,10.231395,15.328672,5
26007,10.081759,12.976668,5
26008,7.801678,13.717392,4
26009,-4.651838,4.5300717,0
26011,7.7377667,11.651612,6
26012,7.311484,11.8381195,1
26013,6.0852723,9.002309,6
26014,-3.6682577,6.077324,2
26015,10.578298,13.989768,5
26016,-6.510517,4.181259,0
26017,5.253764,10.646404,3
26018,11.034244,11.458882,4
26019,11.357075,8.937217,6
26020,10.789332,10.801038,3
26023,11.507052,11.495589,4
26024,-4.4693375,4.490593,0
26026,-5.3778543,4.707355,0
26027,11.480136,11.456278,4
26029,4.6517663,6.8056793,6
26030,4.4971294,9.534765,1
26031,3.924145,6.4686885,6
26032,10.949598,8.564803,6
26033,5.525374,11.40852,3
26035,10.340495,14.431935,5
26036,-6.0330524,5.3947816,2
26037,-3.4017334,4.855156,0
26038,-5.9942355,4.423254,0
26039,-6.3149953,6.1568265,2
26041,14.410305,9.918555,1
26043,8.360177,13.344722,4
26044,7.630664,13.97577,4
26045,6.9421587,12.300686,1
26046,-2.823014,6.889048,2
26047,4.3884215,7.260374,6
26048,4.5477858,7.1007133,6
26049,-6.0805707,5.663549,2
26050,5.7970095,11.375235,3
26051,10.573551,0.27903557,7
26052,-5.5758348,6.4202385,2
26053,3.162671,6.76537,6
26054,5.598192,10.554054,3
26055,-6.3074393,6.0183854,2
26057,4.009965,9.427528,1
26058,14.131445,9.822325,1
26059,-5.668845,4.4033484,0
26061,7.4931626,11.920913,1
26062,4.8424478,6.7369823,6
26065,-5.1454635,4.5116405,0
26066,6.714653,13.690692,3
26067,4.0141606,7.4270573,6
26068,5.280009,6.7875667,5
26069,5.937885,12.121343,3
26070,-3.2669532,7.182038,2
26071,7.5879893,11.211523,6
26072,7.9598303,13.548586,4
26073,7.21116,11.562682,4
26074,6.867194,13.5079565,1
26075,7.9399004,12.570151,6
26076,11.321337,8.98127,4
26077,13.363497,9.777704,6
26078,7.6407065,10.991117,4
26079,8.359203,12.237558,6
26081,7.3764057,5.9859624,1
26082,5.9790983,10.90764,3
26083,-5.5393314,3.8877897,0
26084,13.920582,9.601843,6
26085,5.547413,6.5730305,7
26086,4.0278335,8.675625,5
26087,-5.77267,4.0019073,0
26089,8.209836,6.2519517,3
26090,11.418005,11.320963,3
26092,6.900065,12.276245,3
26093,10.324953,13.375775,5
26097,8.488029,13.237948,6
26098,7.8063684,13.326795,4
26099,11.1587925,14.320986,5
26100,11.386197,8.933338,1
26101,-5.6894274,5.8578057,2
26102,7.917087,13.385227,4
26103,10.472155,14.5213585,5
26104,-2.9099686,6.2864394,2
26105,11.7103405,11.354235,4
26106,-2.6504297,4.885395,0
26107,13.929145,9.585271,1
26108,6.193705,12.512407,3
26109,11.231126,14.765131,5
26110,7.028005,10.648852,4
26111,5.9379244,10.059838,3
26112,3.290628,8.919267,5
26113,4.846971,9.878839,3
26115,10.000523,14.682351,5
26116,5.727745,10.99469,3
26119,7.6030884,11.373527,6
26120,9.937582,14.474509,5
26121,4.0836587,6.169862,6
26123,3.343947,6.632945,6
26124,4.754894,9.0325,6
26125,-5.0825973,2.7293243,2
26126,10.867077,13.811303,5
26127,4.676966,9.685347,1
26129,10.027586,13.600074,5
26130,3.3803706,10.052758,1
26131,4.9155254,10.735694,3
26132,14.745848,10.78994,3
26133,5.3813853,6.692657,6
26135,9.308328,11.434541,5
26136,10.536444,-0.22171836,7
26137,8.55484,-0.2876176,1
26139,3.6946402,7.1734924,6
26140,5.2406845,7.480637,6
26141,4.3971457,9.065865,4
26142,3.884752,9.19133,1
26143,10.887476,11.55492,6
26144,14.078828,10.988439,1
26145,13.2886915,9.879465,6
26147,3.5225968,7.4717255,6
26148,13.427594,9.773369,6
26149,9.781865,2.8535075,7
26150,5.0491266,10.609308,3
26151,5.703561,11.822831,3
26152,8.81881,10.909663,1
26154,-5.6200676,4.2888865,0
26155,-4.1265273,6.838684,2
26156,11.46647,10.866903,1
26157,7.3127007,13.025467,4
26158,4.9470654,9.732535,1
26159,13.916938,10.173212,1
26160,3.3533766,10.071046,4
26162,5.7758484,10.456334,3
26163,13.969847,11.051845,3
26164,7.927843,-0.4193104,7
26165,-4.035097,3.9248824,0
26166,-5.04246,7.6236167,2
26167,10.490023,10.950436,1
26169,3.5354025,6.764787,6
26170,6.058751,11.930097,3
26171,3.672525,9.570046,4
26172,11.235047,8.943882,4
26173,14.518414,11.062005,3
26174,-3.7878225,7.1163144,2
26175,4.295658,9.221829,4
26176,11.142777,0.6053577,7
26177,8.312121,13.462708,4
26178,5.901108,10.150919,1
26179,-6.689162,6.3920784,2
26180,3.9147418,7.476943,1
26181,-5.9662213,4.08935,0
26182,14.642022,11.41573,3
26183,-5.5201197,4.449176,0
26185,7.14905,12.872716,1
26187,6.712932,13.716731,4
26188,10.198142,13.273332,5
26189,10.812422,-0.23258819,7
26190,-5.8605685,4.502459,0
26191,-3.08283,5.0999327,0
26192,4.976138,10.844617,3
26193,4.5962167,9.0811405,6
26194,14.565281,10.123649,1
26195,-3.6178188,4.2118545,0
26198,6.75864,13.192255,3
26200,10.332622,14.12027,5
26201,10.702215,14.568829,5
26202,-3.5793474,5.3243175,0
26203,7.829951,6.608773,3
26204,-5.655951,6.0411434,2
26205,7.1255326,12.758783,6
26206,6.2230654,11.962655,3
26208,13.578942,10.016356,1
26210,6.426441,9.856704,1
26211,-3.2187123,7.0527754,2
26212,-4.7100573,5.0350347,0
26213,11.140384,14.397658,5
26214,10.345005,14.9231205,5
26215,-5.9575953,6.086039,2
26216,10.270097,14.993351,5
26217,6.2153745,11.394249,3
26219,10.289764,-0.35687822,7
26220,6.282147,9.529081,1
26222,10.665427,13.630869,5
26223,3.151941,6.455995,6
26224,4.956648,9.001711,6
26226,14.682562,10.393596,3
26227,10.165937,13.790487,5
26228,11.075803,13.689496,5
26229,10.999273,0.7209467,7
26230,-3.330022,4.8334956,0
26231,10.679974,14.383845,5
26234,10.051006,1.2128124,5
26235,10.704195,10.991087,1
26236,3.8504763,9.293511,6
26237,11.266064,9.072897,1
26239,4.9447722,9.629585,4
26240,4.4066753,9.702975,1
26242,3.5346775,9.396999,1
26243,11.201932,9.339273,5
26245,-3.7833564,5.1712627,0
26246,6.655951,10.70398,5
26247,5.992412,13.06305,3
26248,9.849243,3.2363796,7
26249,10.666521,-0.21170318,7
26250,8.944097,11.878374,6
26251,6.9781427,10.726312,4
26252,-6.5923204,6.2794294,2
26253,7.8571534,13.209111,1
26254,-5.9370236,4.329368,0
26255,5.701097,12.443695,3
26256,11.008462,11.783397,5
26257,-4.500921,3.729226,0
26258,-4.749467,4.2804694,0
26259,11.187087,0.03180209,7
26260,7.847266,-0.3794997,7
26262,-5.1340027,7.036156,2
26264,4.2051253,5.9854593,6
26265,7.197832,12.299594,6
26266,-6.2223406,6.4243402,2
26268,11.31199,8.9737215,6
26269,6.4495974,12.966526,4
26272,9.597634,13.509822,5
26273,-3.76568,5.3583236,0
26274,6.0247574,12.1036625,3
26275,9.314606,3.4559784,7
26276,4.4934382,9.557907,1
26277,11.196414,11.0161,1
26280,11.036226,11.635198,5
26282,7.3873425,12.430258,1
26283,3.596484,7.5219927,6
26284,-3.5946994,7.182708,2
26285,6.4722514,10.260249,4
26286,-5.6007237,4.537901,0
26287,5.902742,10.414061,3
26288,11.083287,14.566345,5
26290,-3.4889185,7.0402126,2
26291,-6.7012196,6.237225,2
26292,4.793284,7.692255,6
26293,4.783628,6.5816965,6
26294,-5.1273,4.0226398,0
26295,-3.538293,4.899203,0
26296,10.657446,1.0342314,7
26297,3.986951,10.602416,3
26298,-5.4194975,3.6832073,0
26299,12.134831,9.555115,1
26300,11.24235,14.784129,5
26301,14.773981,11.317642,3
26302,-3.2222042,7.286155,2
26303,-3.8412983,6.307859,2
26304,4.566536,6.2843766,6
26305,7.8507233,-0.37599453,7
26306,6.830095,13.780592,4
26307,10.393764,-0.28841537,7
26308,-5.694422,3.6161022,0
26309,11.194241,14.083415,5
26310,-5.213841,4.58478,0
26311,6.786815,11.367675,6
26312,4.0963607,10.493443,3
26314,5.998595,12.394895,3
26315,7.6479373,6.6351614,3
26316,11.721604,9.783577,1
26318,-5.925856,3.4536595,0
26319,-5.735037,5.439538,0
26320,8.262444,-0.15903006,7
26321,4.285195,10.422115,3
26322,-3.9328027,6.5127683,2
26323,-2.8612883,6.971648,2
26324,13.466294,9.680697,6
26326,10.231352,14.64347,5
26327,5.1881394,7.0701165,5
26328,-6.0304556,5.885888,2
26329,10.705976,-0.22667244,7
26330,-2.7347705,5.0349092,0
26331,6.1139503,12.088826,3
26332,6.2244754,9.895432,1
26333,14.484557,10.135104,1
26334,11.3039255,0.7874306,7
26335,-5.636418,4.7152414,0
26336,9.171211,11.505286,6
26337,13.696383,9.62089,1
26340,6.8596487,13.361186,1
26343,10.519137,0.53794533,7
26344,10.006224,14.92451,5
26345,3.427898,7.2158113,6
26346,8.184547,12.387521,5
26347,3.9037862,10.570692,3
26348,11.08294,14.674292,5
26350,4.7680154,9.296515,1
26351,14.356066,10.199134,1
26352,-4.1042113,4.033813,0
26353,6.900178,11.716304,1
26354,14.193765,10.242315,1
26355,5.6263523,12.26544,3
26356,14.130787,9.963591,1
26357,6.1442304,10.172082,1
26359,10.3570595,13.622849,5
26360,7.8471484,12.538439,4
26362,7.9272823,12.851621,4
26363,10.895323,13.095774,5
26365,6.129401,11.934636,3
26366,4.9073963,6.848479,6
26367,7.1858397,12.354977,4
26368,4.3663955,8.969669,4
26369,10.22799,14.912114,5
26370,7.882931,11.853522,6
26371,7.1753693,6.2195272,1
26372,-3.1218135,7.218993,2
26373,7.172796,12.178313,1
26375,3.8066356,9.503329,1
26376,-3.8974495,6.898218,2
26377,-6.314187,6.3040075,2
26378,-5.9497538,6.983973,2
26379,-5.5790377,3.5511446,0
26380,4.3398533,10.133916,3
26381,6.977617,11.758635,1
26382,7.0348096,11.5562525,4
26383,-5.636399,6.0357122,2
26384,9.248706,12.037428,6
26385,7.1082525,12.210713,1
26386,8.121763,-0.6228918,7
26387,11.264103,0.769254,7
26388,-5.600824,3.6616507,0
26389,8.84029,10.852864,6
26390,11.411116,8.967042,4
26392,10.686031,-0.39839965,7
26393,6.075967,11.245789,3
26396,7.6831074,11.940065,6
26397,-4.234517,6.9095716,2
26398,14.085183,11.013705,3
26399,6.0809307,9.922875,1
26400,6.3946,11.075596,1
26401,9.988753,3.1609838,7
26403,11.00805,-0.017133674,7
26404,13.674226,10.459153,1
26405,10.733532,14.331894,5
26407,10.548875,13.988854,5
26408,5.823046,11.501786,3
26409,-4.8401594,3.723949,0
26411,9.975073,3.0643244,7
26412,3.2927592,6.3566794,6
26413,10.829762,14.892691,5
26414,11.727012,11.102289,6
26417,10.541356,13.4570875,5
26418,4.138822,10.372122,3
26419,8.7781105,10.830255,6
26420,11.099705,14.765453,5
26421,3.9838889,7.2539,6
26422,-3.8630762,4.678629,0
26423,9.718966,3.2500103,7
26424,9.451941,12.344434,6
26425,4.747387,6.357383,6
26426,7.0039907,6.4796424,1
26427,-4.448718,4.081019,0
26428,11.037401,14.881517,5
26429,-5.769165,4.055719,0
26430,7.228742,10.448343,6
26431,13.918089,10.688922,1
26433,5.033243,10.496808,3
26434,3.542894,9.415423,1
26435,11.179098,0.73607105,7
26436,-5.8998017,3.7219598,0
26437,14.588332,11.4466715,3
26438,9.999244,13.829179,5
26439,14.567723,11.508307,3
26440,7.528073,11.788626,1
26441,-6.3780103,6.343497,2
26442,4.2225943,10.701731,3
26443,-3.8787045,6.745741,2
26444,14.021474,9.682962,6
26446,-6.114939,4.2656083,0
26447,5.2704062,9.795909,1
26448,3.8479543,10.668006,3
26449,7.043292,13.173737,1
26450,11.653546,10.968303,4
26451,-5.5664268,6.4423037,2
26452,9.138503,3.2868626,5
26453,3.320571,6.2485147,6
26454,6.7282443,11.464527,4
26455,-4.613268,4.3431773,0
26456,3.3887377,6.5751295,6
26459,7.9363036,12.500193,5
26463,-3.4942188,6.2653775,2
26465,6.3933883,12.477232,3
26467,6.7196417,6.1402225,7
26468,8.28424,-1.0498277,7
26469,14.084097,10.971566,3
26470,-4.9018655,4.1122794,0
26471,6.0990763,10.352804,4
26474,6.0439754,11.645615,3
26475,-3.9764261,7.084098,2
26476,14.398482,10.900337,3
26477,-6.531442,3.829337,0
26478,-6.3297424,6.2357173,2
26479,-4.5884085,7.271682,2
26481,-6.5761824,6.4059715,2
26482,10.82765,12.5379715,5
26483,8.199463,13.04994,4
26484,4.6981483,6.84058,6
26485,3.2991068,8.840481,5
26488,10.643796,-0.30846435,7
26489,6.020928,13.0535555,3
26490,11.294185,8.968167,4
26491,10.700144,-0.47631863,7
26492,4.6119914,10.782964,3
26493,-4.747201,6.503883,2
26494,-4.795172,4.2827935,0
26495,-6.251875,5.976926,2
26496,4.016651,6.776686,6
26497,-4.6259117,4.3368235,0
26498,-5.8952913,6.052227,2
26500,9.754625,3.3867755,7
26501,11.240543,0.27825418,7
26502,7.772673,11.729626,6
26504,7.490704,11.669058,1
26505,6.9620743,13.712251,4
26506,11.260962,8.8255,6
26507,9.22084,11.489128,6
26508,4.906357,9.234896,1
26509,13.958251,10.672854,1
26510,7.6999106,11.807135,6
26511,10.980629,8.598739,6
26512,4.0398397,7.5274878,6
26513,3.6443167,7.0084724,6
26514,6.6279063,13.401907,3
26515,-2.969864,5.5643387,2
26516,-4.069465,3.6911938,0
26517,9.904077,3.1927242,7
26519,6.113833,6.7456427,6
26520,6.167766,9.110731,6
26521,7.0049114,11.539906,4
26523,6.736365,12.430624,1
26524,11.164901,13.981447,5
26525,14.414053,11.520696,3
26526,7.57705,12.1775055,6
26527,3.6007504,9.571157,1
26528,-5.077775,2.7433627,2
26529,3.5716612,7.3512692,6
26530,11.298742,0.71171725,7
26532,11.25259,8.869715,6
26533,6.0126977,12.587629,3
26534,3.8772154,6.4776506,6
26535,7.2060595,10.979623,4
26536,3.7973034,5.908792,6
26537,9.50656,3.5927277,7
26538,4.831604,6.8024173,6
26539,11.19242,0.7236612,7
26540,13.657879,10.255886,1
26541,4.8069444,7.1917133,6
26542,10.882433,11.948718,5
26543,10.429867,13.830982,5
26544,14.818358,11.074935,3
26546,6.627036,13.46511,1
26547,9.5009575,2.9343877,7
26549,-6.62205,3.993697,0
26550,-5.697665,6.107455,2
26551,13.95903,10.843707,3
26552,10.676828,14.175748,5
26553,5.8615217,11.249095,1
26554,8.359545,12.883244,6
26555,-5.6654916,5.955388,2
26556,7.1995606,12.222268,1
26557,-4.13497,3.929503,0
26558,7.324495,6.374435,1
26559,7.7860966,6.6147075,3
26560,7.22322,6.1533513,1
26561,13.821634,9.59697,1
26562,7.3797336,13.504836,4
26563,10.300639,0.59734744,7
26564,3.6089423,9.378465,4
26565,-4.210223,3.8200164,0
26566,4.1420007,9.823503,4
26567,9.929621,13.950599,5
26569,11.424651,0.65116465,7
26570,13.994835,10.776438,1
26571,6.045216,12.2157135,3
26572,-4.30242,4.001205,0
26573,11.573724,10.896635,3
26576,7.251155,11.5257635,1
26577,10.707599,13.485464,5
26578,9.212246,11.574557,6
26579,-5.917442,4.5801396,0
26580,3.9188166,9.585501,1
26581,10.287927,13.902962,5
26582,6.075931,9.980958,1
26583,-6.050629,6.111007,2
26584,6.5835733,11.8856535,1
26585,9.534969,12.301987,6
26586,-6.2856765,6.665372,2
26588,-3.5475295,5.2674413,0
26589,-3.629569,4.5792317,0
26590,10.282326,-0.22762373,7
26591,7.9817233,13.33231,4
26592,-5.1249843,2.9386353,0
26593,14.134331,10.267607,1
26594,3.4433272,7.295786,6
26595,10.033049,0.40255153,4
26596,-3.6905336,6.7010713,2
26597,13.9811535,11.332238,3
26598,4.0151396,7.5822515,6
26599,3.919866,7.32428,6
26600,13.298173,9.97571,6
26602,-6.0660067,4.2137146,0
26603,9.507097,12.422985,5
26604,-5.606309,6.203037,2
26605,8.210725,-0.9518359,7
26606,6.4431777,10.289938,1
26608,3.3738158,9.6177,1
26610,-4.110543,3.988737,0
26612,11.28175,8.966149,6
26613,7.6008816,13.177636,4
26614,7.6344976,11.454027,6
26615,8.008755,11.398703,6
26616,14.212623,10.613194,1
26618,-5.4743943,4.4934006,0
26619,11.273174,8.967676,6
26620,9.988264,0.37436906,6
26622,10.489128,0.019010413,7
26623,14.044289,11.256148,3
26624,10.6413,13.738612,5
26626,11.318616,0.7082459,7
26627,6.2290354,6.9004955,4
26628,7.2645264,13.42058,1
26631,4.819598,8.812256,6
26632,10.572212,0.9926552,1
26633,11.433576,0.6495376,7
26634,12.370532,10.168405,1
26637,7.3425374,10.751165,1
26638,7.691999,13.23143,4
26639,11.25071,14.146555,5
26640,9.43848,11.664525,6
26641,10.541027,10.679148,1
26643,-5.074339,2.6778646,2
26645,-6.5360103,3.890563,0
26646,11.298284,8.892239,6
26647,-6.4781947,6.299951,2
26649,7.908659,12.218315,4
26650,8.913172,10.997248,6
26651,6.544902,9.755,4
26655,9.404622,3.0482237,7
26656,10.341291,-0.22594075,7
26657,-3.646116,4.411125,0
26658,-4.0810475,6.70919,2
26659,-3.545071,5.365393,0
26660,13.379076,10.027811,1
26661,-5.6230607,6.668775,2
26662,4.621002,6.473249,4
26663,4.1524906,6.5214148,5
26664,6.6292768,13.729763,4
26666,10.958056,14.24753,5
26668,-5.010343,4.352831,0
26669,11.962858,9.522552,6
26670,8.263191,-0.10677663,7
26672,3.5022967,6.2848053,6
26673,-4.156295,4.1236672,0
26675,9.790547,2.8703616,7
26676,-6.324955,4.0976715,0
26677,6.356005,10.767402,1
26678,4.076722,6.643125,6
26679,13.214502,10.052287,6
26680,-4.511031,4.190433,0
26681,7.369278,6.291683,1
26682,-6.288528,6.2402844,2
26683,4.2696314,10.196043,1
26684,6.673881,11.341749,1
26685,7.299121,11.8594265,1
26686,-3.7503452,7.3034344,2
26687,-4.345676,7.0713468,2
26689,10.30864,13.130342,5
26690,3.9484725,9.614944,1
26691,-3.0574708,4.9416876,0
26692,14.689751,10.809292,3
26693,8.298156,-1.0488149,7
26694,-3.8788345,6.643131,2
26695,-5.6239696,4.688538,0
26696,3.6217866,6.5167527,6
26697,7.8318744,6.6022406,3
26699,11.194541,0.5784602,7
26700,9.300935,11.714043,6
26701,10.351645,14.64222,5
26703,-4.6897197,3.607392,0
26704,11.709268,9.405667,3
26706,-5.5358095,6.098271,2
26707,14.468222,10.28447,1
26709,7.0813107,12.075997,1
26710,4.298796,6.199769,5
26711,12.157184,10.756357,3
26712,6.0040503,12.010875,3
26713,3.6296978,7.577222,6
26714,5.2682877,6.8320675,6
26716,11.434122,0.7932995,7
26717,6.52562,12.178237,3
26718,4.639288,9.852236,3
26720,-3.9847617,4.4842243,0
26721,-4.065018,6.698097,2
26722,7.4622674,11.051097,6
26723,-6.527422,4.1467514,0
26724,13.405349,10.544516,1
26725,-3.0371978,4.7692137,0
26726,10.081042,1.1462007,6
26727,6.1615415,13.04251,3
26729,9.8715105,3.2025585,7
26730,6.178778,6.744761,6
26732,9.66976,12.872657,5
26733,11.825391,9.564966,6
26735,10.548274,14.984086,5
26736,-3.6743836,6.4228015,2
26737,-5.7537446,5.8716817,2
26738,9.443954,12.0389595,6
26739,8.039848,11.632974,4
26740,6.2684994,13.349745,3
26741,4.925091,7.1430364,6
26742,11.202853,0.2554242,7
26743,10.412089,13.664901,5
26744,-5.878534,5.7561803,2
26745,-4.0442514,3.7044704,0
26746,13.582412,10.549718,1
26747,8.090486,-0.838283,7
26748,7.2837963,6.2649617,1
26749,10.313091,13.906958,5
26751,9.5885515,13.442494,5
26753,7.5554695,11.785781,1
26754,-3.459077,5.1968822,0
26755,4.1563897,6.264815,6
26756,12.211724,9.533877,1
26760,10.942682,14.358793,5
26761,10.846485,14.2263565,5
26762,11.251771,13.84093,5
26763,14.090194,9.755883,1
26764,11.419732,10.885647,3
26765,7.204188,12.282922,1
26766,10.275553,13.334032,5
26767,7.6241083,11.799031,4
26768,-3.3080397,4.8050327,0
26769,14.894253,10.972779,3
26771,5.9629617,10.114629,3
26772,6.0987597,9.940056,3
26773,4.0619044,9.007681,4
26774,-5.486007,4.7441278,6
26775,6.07896,6.662182,6
26776,5.56797,9.903299,6
26778,6.677475,13.238304,4
26779,8.785098,10.758892,6
26780,8.996659,11.887059,6
26781,9.638734,3.4397821,7
26782,11.540034,10.996968,1
26783,6.207686,7.353017,1
26785,3.3690214,9.498046,1
26786,-4.376694,3.9524407,0
26789,6.6490135,12.149319,3
26791,-5.079489,3.832105,0
26792,10.476417,11.351588,1
26793,14.983366,11.037047,3
26794,10.167819,0.42186362,7
26795,4.7171874,8.758832,6
26796,11.821318,10.534284,1
26798,10.531388,-0.2963635,7
26800,-5.801908,6.7039785,2
26803,6.6740503,11.903729,1
26804,-3.407883,7.1280637,2
26806,10.370733,-0.48868304,7
26808,6.650509,12.371482,1
26809,4.3851595,10.029907,3
26810,11.40883,10.867592,1
26811,9.50224,3.5951107,7
26812,6.3675146,10.2346945,4
26813,3.3016198,8.384609,7
26815,10.983186,0.61663944,7
26816,-5.733555,4.6467757,0
26817,10.53793,11.114072,6
26818,10.217199,15.148902,5
26819,4.4015226,9.584829,1
26820,-3.7359383,6.4301734,2
26822,10.706232,-0.43507376,7
26823,3.5956495,9.805479,1
26824,5.2118173,9.896913,3
26825,9.272376,11.300524,6
26826,-4.0839605,3.7666228,0
26827,10.4586315,0.3684634,7
26828,3.7938733,9.804477,1
26829,-5.310323,3.7953515,0
26830,-4.3705754,7.047364,2
26832,4.3652563,6.0075717,6
26834,10.893739,15.091201,5
26835,7.0893035,13.575037,4
26837,8.035849,11.336044,4
26839,10.994457,0.65775037,7
26840,9.750124,3.0182383,7
26841,-5.391734,6.609041,2
26843,8.120096,12.837728,5
26845,6.8608828,10.440224,4
26846,14.380792,11.322193,3
26847,11.185924,0.7226839,7
26849,7.932295,-0.43525338,7
26850,10.831816,10.677637,1
26852,8.808706,13.428409,4
26853,14.395797,10.388813,1
26855,5.6745787,6.926129,6
26857,4.430572,7.2782207,6
26858,11.405519,13.253591,5
26861,3.8622944,9.43074,1
26862,6.9297676,12.039197,3
26864,8.354401,13.770939,6
26866,10.178077,12.992859,5
26867,10.864262,12.333983,5
26868,4.415629,9.092309,5
26869,5.340159,8.154646,6
26870,7.166689,6.090527,1
26871,3.7692451,7.259297,6
26872,10.789868,13.92549,5
26874,-4.486745,3.7995872,0
26875,4.298209,10.540321,3
26876,8.23548,-0.98534364,7
26878,8.2922325,13.605916,4
26879,-4.0696006,3.7472239,0
26880,-4.5031366,7.471799,2
26881,10.20776,13.8335085,5
26882,11.058162,14.395498,7
26883,5.918248,11.580862,3
26884,9.3133335,3.555326,7
26885,-3.0720785,5.380917,0
26886,11.269752,8.951703,6
26889,10.95612,11.416106,6
26890,-6.1440673,5.4729266,2
26891,-3.7309616,6.4596524,2
26893,-6.3655205,6.0767245,2
26894,11.155701,11.27777,1
26896,3.8823771,9.388868,6
26897,6.418131,7.084589,1
26898,3.5539584,7.511089,6
26899,3.901557,10.113731,3
26900,11.108898,14.790032,5
26902,9.651405,12.593487,5
26903,-4.770011,4.543253,0
26904,7.32842,11.338563,6
26906,3.882129,9.182394,4
26907,7.459668,12.317233,1
26908,8.232386,13.586984,6
26909,11.086569,14.268667,5
26910,9.877024,13.511151,4
26911,5.9133224,10.828459,1
26913,10.868972,11.301827,7
26914,4.424274,9.084966,6
26915,5.4698014,10.311195,1
26916,4.8078146,6.3310137,6
26918,8.34022,12.793525,4
26919,7.871646,11.439506,6
26921,-5.698703,7.062587,2
26922,11.009242,8.614341,6
26923,5.1495,10.380747,3
26924,7.8748593,-0.39577955,7
26926,10.7313385,13.343224,5
26928,3.8503008,10.80873,3
26930,4.360344,10.511645,3
26931,13.233026,10.31791,6
26932,9.512744,3.6148531,7
26933,10.262034,13.278785,5
26934,8.284542,12.191699,4
26935,14.167132,9.895014,1
26936,5.1813617,8.006551,6
26937,7.309899,13.00006,4
26938,8.293074,11.894225,6
26939,7.6021204,12.641785,6
26940,-3.672407,5.0085797,0
26941,7.288694,11.448032,4
26942,10.24561,13.921255,5
26945,4.4796953,6.0773845,6
26946,7.344532,13.333146,4
26948,7.8058314,13.259849,1
26949,-5.3502135,4.880669,0
26950,11.234498,14.832495,5
26952,4.0034757,10.30303,3
26953,-4.369472,7.504968,2
26954,-5.583292,6.9461546,2
26955,9.453283,12.002987,1
26956,12.493017,10.460255,6
26957,13.615583,9.493794,6
26958,3.3312967,6.8462653,6
26960,7.841445,-0.35679397,7
26961,-5.484616,4.8785324,0
26964,7.3400826,6.096071,1
26965,3.6607652,7.708409,6
26968,4.434519,7.1442657,6
26969,10.998832,13.188256,5
26970,3.2827597,6.288398,6
26972,-5.125469,6.266932,0
26973,8.198487,-1.0392798,7
26974,-5.0391855,5.3029795,0
26976,11.033986,14.255963,5
26977,4.624042,8.81039,6
26979,-6.5381703,3.8408415,0
26980,14.223123,9.9551935,1
26982,-3.4020398,6.9855394,2
26983,8.016116,13.469502,4
26984,11.018115,0.71118504,7
26986,4.647253,10.648031,3
26988,9.086127,13.548473,5
26990,7.8437014,-0.3892409,7
26991,14.737203,11.3289175,3
26992,6.316729,11.57085,3
26993,8.150293,12.618012,4
26995,4.7158265,10.568439,3
26996,6.6718516,6.0877566,6
26997,-6.2658715,6.74049,2
26998,-4.166852,6.9431815,2
26999,8.18363,-0.5087711,7
27000,10.784739,12.105588,5
27001,3.6532023,8.831155,6
27003,9.812167,2.9144256,7
27004,9.887044,13.901798,5
27005,8.243207,-1.1279432,7
27006,6.430793,13.260695,3
27007,8.212237,12.104408,1
27008,4.4033985,10.374913,3
27009,9.360114,3.6922154,7
27010,-5.6355305,5.3442507,0
27011,4.6210594,6.872561,6
27012,8.04484,13.095501,4
27013,11.17859,0.9244926,7
27014,-5.833605,4.0488358,0
27015,14.500716,11.54082,3
27016,6.159531,12.353993,3
27017,8.14155,12.787173,6
27018,13.703799,9.504441,6
27019,6.62537,11.95596,3
27020,9.53773,3.5476127,7
27021,-6.235153,6.676113,2
27022,10.139522,0.32786813,7
27023,10.198025,0.74596536,6
27024,9.21916,3.6917682,6
27026,7.3551865,13.210937,4
27027,9.591964,13.356611,5
27028,-3.0312939,6.581026,2
27029,-6.0854526,3.272286,0
27030,-6.254815,3.9253132,0
27031,10.677951,14.986982,5
27032,6.2914643,11.818444,1
27033,6.8353395,12.414816,1
27034,5.7925696,10.336792,3
27035,11.208916,8.927747,6
27036,3.6742911,10.254421,1
27037,4.788611,6.4273086,6
27038,-5.039865,2.695246,2
27039,5.2201366,9.73332,1
27040,13.682979,10.711774,1
27041,5.2362523,6.6434245,6
27042,-2.8223846,5.152754,0
27044,3.9281192,10.351087,3
27045,9.943811,0.8611288,7
27047,-6.403007,6.4914284,2
27048,10.877665,14.000934,5
27049,6.8014345,10.916868,4
27050,14.688008,11.409372,3
27051,-3.7118342,5.286766,2
27052,10.467395,14.359417,5
27053,10.245174,11.5153265,1
27054,6.7377424,13.779494,4
27055,-6.273713,3.6195312,0
27056,10.008391,3.0734568,7
27057,4.762397,6.8020864,6
27058,3.2820532,6.9107695,6
27059,10.427401,11.04453,6
27060,5.7899795,11.788901,3
27062,6.0721145,11.103478,1
27063,10.438987,-0.4941068,7
27064,8.05671,10.745548,4
27065,-5.8316207,3.3249905,0
27067,13.831776,10.571935,1
27068,-5.0479016,4.758943,0
27069,9.143082,11.815391,1
27070,-4.618239,4.3934946,0
27071,8.091531,-0.7555799,7
27072,-5.0857954,2.7512784,2
27073,-5.4843826,6.0963745,2
27076,8.114006,13.692578,6
27077,4.6672573,9.12498,6
27079,9.127416,11.148863,6
27080,7.24299,12.137076,4
27081,4.1371975,6.19307,6
27082,5.7232633,11.300849,3
27083,7.574319,10.513696,4
27084,-3.8665454,6.7929454,2
27086,8.017294,12.556379,6
27087,-5.0394263,7.5184665,2
27088,-6.1788993,3.4472976,0
27089,14.64846,11.262192,3
27091,14.370203,10.543819,1
27092,-5.181888,4.827079,0
27093,-5.458159,6.124698,2
27094,6.049183,8.891944,6
27095,3.7096646,9.08742,5
27096,12.277972,9.528165,1
27097,6.594741,13.770927,4
27098,7.809123,12.011654,6
27099,-5.354949,6.9809318,2
27100,7.913094,12.56917,5
27101,4.8543377,6.427165,5
27102,-5.9848146,6.3390427,2
27103,4.6153135,8.747109,5
27104,9.727437,12.190991,6
27106,6.059592,10.455599,1
27107,8.471183,13.388161,6
27108,-5.8570614,4.241636,0
27110,5.18048,7.0880194,6
27111,9.441318,3.292833,7
27112,13.678894,10.991537,1
27113,6.178168,11.091417,3
27114,-6.1478386,4.5510864,0
27115,-3.470152,4.992141,0
27116,-3.7532487,6.870666,2
27117,11.0518055,8.702488,4
27119,9.492332,3.5784044,7
27120,3.588481,7.3951697,6
27121,10.56666,0.16553527,7
27122,5.3325977,10.313075,4
27123,-5.2864304,6.8852625,2
27124,11.390874,13.126809,5
27125,-5.5743012,6.4677014,2
27126,12.140658,9.549124,1
27128,10.748446,12.502727,5
27129,10.058775,0.23726724,7
27130,10.455469,0.9798471,6
27133,4.6509132,7.1892934,6
27134,-3.524659,7.2533503,2
27135,6.193503,9.674118,3
27136,-5.520411,3.9384284,0
27137,-5.6527357,4.2801156,0
27138,-5.4777727,6.128997,2
27140,10.35159,13.52809,5
27141,10.855338,11.615669,5
27142,4.525215,10.676386,3
27143,-4.0632052,4.6749153,0
27144,3.76353,7.576818,6
27145,11.552985,11.127944,3
27146,10.437085,13.956798,5
27147,4.7821126,9.100088,6
27148,13.425955,10.518658,1
27149,8.105191,-0.7988413,7
27150,10.221077,13.559521,5
27151,6.4286885,12.649324,3
27152,-4.0210495,4.6784406,0
27153,11.928573,9.755944,6
27154,9.011335,11.304881,6
27155,-6.6446238,5.9512134,0
27157,-4.173484,6.883589,2
27158,10.018743,13.46487,5
27159,5.4607677,7.509652,6
27161,4.0749774,6.229338,6
27163,10.465449,13.753381,5
27164,10.291305,15.244593,5
27165,8.451883,13.650401,4
27167,11.015204,14.337845,5
27169,10.269695,-0.2766779,7
27170,5.842461,11.701502,3
27171,-5.8394103,5.799342,2
27172,3.163902,7.324252,1
27173,7.222282,12.674751,1
27174,6.6281133,10.999449,1
27175,5.1807456,6.7334576,6
27176,3.8218932,9.483827,1
27177,5.806074,12.902262,3
27178,10.44118,14.855432,5
27179,6.7297654,13.706616,3
27180,-3.631209,5.2788625,0
27181,6.3005896,7.272041,1
27184,-2.9699197,6.869802,2
27186,10.860487,15.0423155,5
27187,8.229355,13.01648,4
27188,8.032788,-0.49377167,7
27189,5.036795,10.9154,3
27190,3.881045,9.097445,6
27191,9.222067,12.662036,5
27192,10.770645,11.716093,4
27193,5.0399747,7.746347,6
27194,3.8944216,7.7350836,6
27195,-5.884303,4.5156903,0
27196,-4.8393507,5.2637253,0
27199,6.0554905,9.953908,1
27200,7.1167355,12.304261,1
27202,9.288381,11.882605,6
27203,4.260339,6.063222,6
27206,10.825014,0.09332939,7
27207,13.896858,9.712859,1
27209,6.091929,13.067279,4
27210,9.818244,2.9719727,7
27211,10.561661,14.8980875,5
27212,7.954062,12.395341,1
27213,8.311581,12.626252,4
27214,9.247768,11.308541,5
27215,-3.650651,4.5076923,0
27216,-6.525783,6.2360034,2
27217,-6.0880237,6.4917903,2
27218,-5.511953,5.908035,2
27221,-3.795897,6.6373286,2
27222,7.955048,-0.67180747,7
27223,5.9084916,11.694146,3
27224,7.676897,12.217378,6
27226,5.833638,12.321583,3
27228,6.8008323,11.049301,1
27230,6.4961076,13.097475,1
27231,8.229297,-1.0587485,7
27232,-6.0745397,4.1703644,0
27234,8.270533,-1.0399663,7
27236,6.037913,11.8087015,3
27237,11.527536,10.648886,6
27239,3.3606575,9.482288,4
27240,8.918449,11.05548,6
27241,10.706163,-0.24188957,7
27243,6.625367,12.341895,3
27247,10.353755,0.9264215,7
27248,7.3250265,13.897934,4
27249,7.571737,5.9399486,7
27251,4.0321393,8.996056,4
27252,-6.229658,6.3463445,2
27253,-4.8574653,5.2767878,0
27254,3.5457213,10.035473,1
27255,-3.3229635,4.9139543,0
27257,-3.0380497,6.904306,2
27258,-2.8009949,4.9843373,0
27259,3.5757701,10.254034,3
27261,-6.062954,6.265152,2
27262,7.5240645,10.744403,4
27263,10.680217,14.899356,5
27264,13.787205,10.759319,1
27265,7.889227,-0.39766026,7
27266,10.372183,10.704292,1
27267,10.123483,-0.14988434,7
27268,-4.158766,4.5141983,0
27269,11.010734,0.6693999,7
27270,7.272068,12.86887,4
27271,7.0209446,13.159531,4
27272,13.786366,9.675583,6
27273,13.435335,10.51086,1
27274,11.918651,10.970778,3
27275,-6.4505763,6.625574,2
27276,10.704553,0.97205603,7
27277,-6.2467785,3.7955174,0
27279,8.339052,12.78008,4
27281,14.097777,10.955799,3
27282,7.094947,10.897746,4
27283,7.34027,6.0819483,1
27285,8.409113,12.025318,6
27287,13.46817,9.802364,5
27289,3.6963592,7.3834734,6
27290,-4.4189796,3.6809301,0
27291,-4.7733507,4.446048,0
27292,6.206208,6.7431026,6
27293,7.3956637,11.085761,4
27295,6.6848207,13.417779,3
27296,7.250238,11.641194,4
27297,11.352879,11.185165,4
27299,-3.3658228,4.7452984,0
27301,11.289197,8.8592825,4
27302,6.0211997,6.8765025,6
27303,-4.2473354,4.157936,0
27305,5.906122,6.7955904,6
27306,-5.240823,4.3968735,0
27307,3.999389,7.163094,7
27308,7.4386735,12.418106,6
27309,5.766188,12.195087,3
27310,4.5569286,7.6603804,6
27311,7.6082077,13.397313,4
27312,-5.2716446,6.7292223,2
27313,10.631058,11.203421,1
27315,9.444898,12.102144,6
27316,13.304818,9.890682,6
27317,10.490335,13.290143,5
27320,7.8119383,13.419752,4
27322,-5.2720723,4.1408787,0
27323,6.6275606,10.295441,4
27326,6.490229,11.17551,3
27327,-3.4801028,5.2032504,0
27328,5.639562,6.7862587,6
27329,7.231508,11.173493,4
27330,10.687752,-0.3134174,7
27331,8.487782,12.127414,5
27332,5.1074386,6.449078,6
27333,7.1790395,12.419547,1
27334,-5.9710417,3.294912,0
27335,4.8845296,6.910062,6
27336,9.821242,3.211436,7
27337,11.455365,10.990091,3
27338,13.949845,10.772858,1
27339,7.1158323,12.093834,4
27340,-5.140977,4.534765,0
27341,11.376311,8.963478,4
27342,14.897503,11.066928,3
27343,9.740082,2.9246688,7
27344,10.702567,0.74738693,6
27345,11.02376,13.718179,5
27347,11.426042,13.390281,5
27348,4.1262803,5.9887767,5
27349,4.2744126,8.599196,4
27351,7.569591,13.516118,4
27353,5.0292697,9.305901,1
27354,7.3617435,11.536954,1
27355,-5.772997,5.837154,2
27356,9.407064,3.4769075,7
27357,7.4526124,13.051879,6
27358,8.604086,13.47438,5
27359,10.965839,8.681248,4
27363,4.522124,8.843386,1
27364,7.477741,13.875849,1
27366,7.50222,13.284544,4
27367,6.053605,10.124171,1
27369,6.3666253,10.388487,3
27370,5.264734,7.9092865,6
27371,3.7919273,9.423455,5
27372,-3.7682412,5.0518775,0
27373,12.194848,9.51463,1
27374,8.452859,12.98705,4
27375,8.756848,13.24188,5
27376,11.259107,14.751391,5
27377,6.1346545,12.876882,3
27379,10.036129,14.432794,5
27380,13.444358,10.519423,1
27381,4.001231,6.1720815,6
27382,9.323598,3.6952803,7
27383,-5.9826527,3.35311,0
27384,-4.902889,3.962746,0
27385,7.554783,13.948036,4
27386,4.1057577,6.3243327,6
27387,11.785926,9.687647,3
27388,-5.298857,3.436314,0
27389,3.741995,6.952068,6
27390,13.217898,10.391997,1
27392,-5.9821343,4.5975814,0
27394,7.7667427,-0.6525332,7
27395,10.531603,-0.1536366,7
27396,11.12962,0.8819993,7
27397,3.2779179,6.441882,6
27401,10.10623,14.564844,5
27402,-3.9949212,4.714348,0
27403,3.8045475,10.542792,3
27404,6.77461,12.395027,4
27405,10.655081,-0.21489166,7
27406,13.5243025,10.861552,1
27407,11.112054,8.728059,6
27408,5.6638145,11.40889,3
27410,10.588791,13.3618,5
27411,4.3358855,6.047786,6
27412,5.3758006,6.671028,6
27413,9.610581,12.288985,6
27415,14.616933,10.482006,3
27416,7.567597,6.0623918,1
27417,9.8200865,12.825355,5
27418,9.8482685,13.7616825,7
27419,6.7108517,10.013971,4
27420,6.2606506,6.574657,6
27421,5.2195907,7.5546913,6
27422,3.7353685,7.2990823,6
27424,10.909179,11.451268,4
27425,11.795519,11.355524,1
27426,-3.7378912,5.448001,0
27427,4.870893,6.6245255,6
27428,-3.0420406,4.834768,0
27429,4.3377304,9.014741,1
27431,8.4008465,-1.0625987,7
27432,-3.733885,5.260566,0
27434,11.203269,8.758413,4
27435,7.385989,11.535205,6
27436,-4.1623893,3.7915452,0
27438,10.196436,0.08317667,7
27439,9.286369,11.264707,6
27440,3.7960658,7.581627,1
27441,-5.8188663,5.780122,2
27442,-3.2862444,4.9903164,0
27444,4.2462034,6.7255735,6
27445,3.9571764,9.324721,1
27446,9.449263,13.444437,5
27448,3.5586336,6.2613335,6
27449,10.39995,-0.30454558,7
27450,4.256225,10.248677,4
27451,-6.2411757,3.97352,0
27452,8.056156,11.637315,6
27453,11.204993,13.3651,5
27454,-5.5822644,4.6037087,0
27455,10.652507,13.888182,5
27456,8.984491,12.166843,1
27458,-5.9183736,5.787622,2
27459,3.9349062,8.948693,6
27461,11.156931,10.674629,1
27462,-6.456815,4.233812,0
27463,7.8214917,13.483027,4
27465,5.820775,11.511609,3
27466,14.243286,10.941629,3
27467,-5.294726,6.9696484,2
27468,8.254008,11.196252,4
27469,-4.041626,6.648058,2
27470,-3.6155972,5.400252,0
27471,9.386711,12.67945,5
27472,-6.077932,6.0067515,2
27473,-3.49975,6.7000246,2
27474,-2.8252382,6.792285,2
27475,8.540052,13.292839,6
27476,4.462993,9.712792,1
27477,10.042144,14.865781,5
27478,7.649797,13.488402,4
27479,-5.773841,6.482927,2
27481,-6.335501,6.1877685,2
27482,11.236931,8.795967,1
27483,4.1578274,9.167011,1
27484,8.199566,-1.0608442,7
27485,6.135135,11.565606,1
27486,13.923962,10.828211,1
27487,-5.390755,4.3315735,0
27488,8.000235,11.374202,4
27489,-6.544011,4.3877096,0
27490,4.235821,7.1549897,6
27491,-5.3917184,6.160223,2
27493,6.1582313,10.535291,6
27494,3.6772418,9.452252,4
27495,8.253611,-0.80917645,7
27496,11.704258,9.213272,6
27497,4.499084,10.477714,3
27498,8.869058,11.942719,4
27499,13.102573,10.559556,1
27500,13.793508,10.699664,1
27501,10.71123,0.48923364,7
27502,6.2100954,9.581206,1
27505,-4.6576014,3.6564767,0
27506,14.733893,11.060875,3
27507,-5.8023596,5.928397,2
27508,3.487001,7.422297,6
27513,11.123259,14.8024845,5
27515,5.677297,11.250067,3
27516,3.9657319,10.54131,3
27517,-3.4707942,6.595556,2
27518,6.8393984,12.336766,1
27519,4.946993,10.562232,3
27520,-6.283383,4.261796,0
27521,10.748724,10.536015,3
27522,8.278464,-0.57845813,7
27523,-3.9508317,5.0179524,0
27525,11.359941,0.69093245,7
27526,7.022092,11.582362,1
27527,14.3902235,10.063674,1
27528,4.2196574,9.768017,1
27530,7.2842646,10.30101,5
27531,5.415722,6.757307,6
27532,14.487524,11.545113,3
27533,3.1646023,6.5243487,6
27535,8.090129,13.572223,4
27536,9.081383,11.358448,6
27537,8.058092,-0.91180325,7
27538,5.70818,6.8472447,5
27539,3.8472526,10.558684,3
27541,14.606544,11.450319,3
27542,11.209669,8.817359,6
27543,6.3713536,7.147777,1
27544,8.120877,13.570845,4
27545,7.249481,6.5127583,1
27546,-4.025959,4.712362,0
27548,-3.6470869,6.6597905,2
27549,6.765413,11.741035,1
27550,14.555868,10.264885,1
27551,8.036847,13.522231,4
27552,-2.7777514,6.365549,2
27553,-2.6711385,5.0457625,0
27554,3.979146,8.639405,6
27555,3.3173378,6.322453,6
27557,12.367502,9.555809,6
27558,9.283974,11.939362,6
27559,10.5246725,-0.38848463,7
27560,11.433091,0.60762596,7
27561,11.34471,14.128645,5
27562,-4.1865563,4.3811255,0
27563,6.8796167,12.874637,1
27564,-5.5978575,3.5811386,0
27565,8.48597,12.100518,6
27566,9.105192,11.240959,6
27567,6.0455337,11.0575285,3
27568,14.17102,9.868716,1
27569,13.645569,9.581103,6
27570,6.4298615,10.594809,1
27571,12.44543,10.47736,4
27574,12.382457,10.445877,6
27575,3.7821963,10.463146,3
27576,6.803535,13.2425995,4
27577,4.220147,10.510646,3
27578,3.8599105,7.0634627,6
27579,6.7739944,11.740169,1
27580,11.3522415,8.94752,4
27582,3.381039,6.330891,6
27584,7.5980997,12.153779,6
27585,3.6079566,9.417959,1
27587,4.7762666,10.564848,3
27588,7.0781894,12.309983,1
27589,11.027936,0.47250125,7
27590,7.3022614,11.679374,1
27591,8.969911,10.950031,6
27592,10.745,0.9772811,7
27593,8.753671,12.968598,6
27594,6.114888,10.250028,1
27595,13.799565,9.538694,6
27596,3.5258303,9.919711,1
27598,10.008293,14.927093,5
27599,3.682525,9.131139,6
27600,11.294558,11.545579,4
27601,11.692741,9.252612,6
27602,5.870635,11.49166,3
27603,6.542988,13.227398,4
27604,-5.0947027,4.3324122,0
27605,-5.8634515,4.2321334,0
27606,7.8190203,14.056496,4
27607,5.7779665,10.586157,3
27609,-3.492638,7.003533,2
27610,9.463355,3.463757,7
27613,7.463258,13.681872,4
27614,7.3191624,6.3592854,1
27616,9.471267,11.423229,6
27617,10.216602,12.621283,6
27619,6.403212,11.678524,3
27620,3.8635073,8.7896805,6
27621,7.409818,13.726177,4
27622,7.167398,11.231308,1
27623,10.422085,-0.1452503,7
27624,3.9392936,9.413938,1
27626,-4.7110043,4.312818,0
27628,9.986695,3.1759143,7
27629,11.012173,10.641111,1
27631,10.952806,14.317176,5
27633,4.941096,10.363148,3
27636,7.084181,13.245705,4
27637,10.051745,14.538986,5
27638,12.192209,9.507361,1
27639,-5.6420565,5.831171,2
27640,10.00704,14.725237,5
27641,-4.8455267,7.29974,2
27642,4.6739383,7.277783,6
27643,7.7965755,11.781863,6
27644,8.016329,-0.7299402,7
27646,10.292946,0.0072257295,7
27647,7.0910687,12.310967,1
27648,5.2041187,7.850931,6
27649,6.8713317,12.041568,4
27650,9.738811,2.7302063,3
27651,-5.437208,4.8188453,0
27654,4.9325814,6.5929766,6
27655,11.2096815,0.2980347,7
27656,6.800992,12.3450575,1
27657,6.3025985,11.306129,3
27658,14.520118,10.2000065,1
27659,10.164155,14.593688,5
27661,3.7893171,8.947694,1
27662,5.7065363,7.0219793,6
27663,7.950996,-0.2983885,7
27664,8.45943,13.367652,6
27666,-5.885103,4.615238,0
27667,6.351337,9.938016,6
27668,10.923667,11.120143,4
27670,6.2962875,12.132554,1
27672,9.6339655,12.195057,6
27674,-4.3919473,3.7039804,0
27675,-3.5674872,5.9462247,2
27676,7.439261,5.928063,1
27678,7.262753,10.700845,6
27679,4.2742457,6.9229217,6
27680,9.383019,11.506211,6
27681,10.978009,8.665734,6
27682,-3.4821427,7.3124504,2
27684,9.713206,3.1497893,7
27685,7.4535546,10.849442,4
27686,-5.9323463,3.3644705,0
27687,6.053817,13.012993,3
27688,13.285862,9.9015665,6
27689,10.387328,14.450573,5
27690,8.059414,11.023848,4
27691,9.184102,12.2164345,6
27693,11.045604,10.697466,6
27694,11.905696,9.346993,6
27695,3.8809495,9.316694,1
27697,9.254061,3.662709,7
27698,7.8793306,13.1299095,4
27699,4.4764724,6.264863,6
27700,-3.3566096,5.1439767,0
27701,7.270579,13.91633,4
27702,-3.3232982,7.251744,2
27703,5.302698,6.847539,5
27704,3.6226425,6.9568415,6
27706,14.366631,9.957352,1
27707,4.4829607,6.3205934,6
27708,10.3605585,14.974675,5
27709,-5.981502,5.602899,2
27710,6.735098,13.270412,1
27711,10.12681,13.622255,5
27712,6.737626,12.430127,4
27713,3.9017892,6.2513556,6
27714,8.14268,-1.0049006,7
27715,-3.4428656,6.0738125,2
27716,4.2495522,5.92122,6
27717,-2.705734,4.88101,0
27718,3.9776049,6.2957034,6
27719,6.7466836,11.504878,1
27720,5.075362,6.8233075,6
27722,-3.3035235,5.164464,0
27724,7.951164,-0.5416268,7
27725,8.116103,-0.77026814,7
27726,-3.5281422,5.1028285,0
27727,4.0222607,9.775765,1
27728,6.5526385,10.866081,3
27729,-3.4911137,6.2729416,2
27730,4.024033,6.413375,6
27731,8.923587,12.574521,5
27732,3.7865891,9.052963,6
27733,-5.025074,7.608475,2
27734,13.687425,10.167506,1
27736,7.532462,13.695964,4
27737,-3.0841758,7.198964,2
27738,5.9097924,10.988636,1
27739,7.4317846,10.35297,4
27740,7.978945,13.065594,6
27741,13.675824,10.100892,1
27742,9.205113,13.125192,5
27743,14.430839,11.482038,3
27744,7.302561,11.035569,6
27745,3.9341342,7.4947085,6
27746,5.2711797,7.411335,6
27747,4.757317,6.9169316,6
27748,-5.8656754,3.5466049,0
27749,13.916871,9.531162,6
27750,10.988061,0.90663564,7
27752,10.065012,3.110111,7
27755,3.5402596,10.3858795,3
27756,6.1640735,9.451386,6
27757,3.9252179,9.882121,3
27758,3.3304741,6.7977023,6
27759,5.1443586,10.947786,3
27761,14.30624,10.42173,1
27763,-4.6218433,4.474828,0
27764,7.6323967,12.1907015,6
27765,6.407709,9.791473,4
27766,9.261422,3.6959505,7
27767,13.170943,10.385848,1
27769,-5.4860773,3.530941,0
27771,11.156405,13.437777,5
27772,4.731714,8.809504,6
27774,4.173805,9.740422,4
27776,7.0179143,11.972724,3
27777,6.1196675,6.7102904,6
27779,11.667206,10.378143,1
27780,6.5722976,12.754799,1
27781,-2.9229124,6.8331494,2
27782,12.235456,9.558303,1
27783,-3.0251112,5.550499,0
27784,9.356433,12.106144,6
27785,-5.3389926,6.4311385,2
27792,6.599974,10.778243,1
27793,-6.180988,6.716044,2
27794,6.8004584,11.349188,3
27796,6.473844,12.817613,3
27797,11.842342,9.604762,1
27798,-5.92719,4.0828843,0
27799,5.1365285,6.589529,6
27800,10.554834,-0.15570807,7
27802,6.815696,13.058184,1
27803,-5.3214846,4.4225574,0
27804,5.9620414,10.734785,1
27805,6.1923976,12.805342,3
27807,10.912325,13.665937,5
27808,13.595147,10.298669,1
27809,11.691381,9.224884,6
27811,5.1443663,6.9545865,6
27814,5.8416214,10.313475,3
27815,7.800732,-0.5679159,7
27816,-3.950257,6.2366424,2
27817,7.273889,13.449406,1
27818,-5.215882,4.390225,0
27819,3.1606975,9.435228,4
27821,11.428436,13.313326,5
27822,8.391678,13.379724,6
27823,10.687519,-0.017167225,7
27824,6.4667783,12.177181,1
27825,6.0392547,12.546772,3
27826,10.991423,13.835928,5
27828,4.31217,6.2545023,5
27830,4.2580786,6.226417,6
27831,6.3827224,10.948334,1
27832,9.324655,11.354999,6
27833,-6.0385456,6.4482408,2
27834,3.3964224,7.2030535,6
27835,9.7464695,3.3631954,7
27837,9.909742,13.730982,5
27839,4.9568257,10.318306,3
27840,4.073068,9.979999,3
27841,3.676745,9.204062,6
27842,9.427506,11.495837,6
27844,6.935561,10.619803,4
27846,11.422248,0.65386736,7
27848,-3.6711497,7.1097035,2
27850,6.7277308,12.704548,3
27851,6.3375983,9.612238,6
27852,13.241215,9.945098,1
27853,11.285747,9.470565,5
27855,14.3567295,9.851552,1
27856,6.8785124,13.131728,1
27857,-5.6480484,3.4391596,0
27858,7.5468187,13.057877,1
27859,7.1185174,10.468407,6
27860,-5.926915,6.995929,2
27861,9.291181,13.257558,5
27863,8.3767805,12.26332,5
27864,-3.627598,5.6058464,0
27867,7.02026,10.145389,4
27868,12.155524,10.918203,4
27869,3.1765382,9.061547,7
27871,-5.9306326,3.6472087,0
27872,-4.181353,3.7647345,0
27873,6.2137213,6.7265306,6
27875,6.159379,10.803331,1
27877,3.902483,9.34505,1
27878,9.92482,13.066064,5
27879,-3.4696655,6.7968946,2
27880,9.598173,3.071679,7
27881,-3.6119714,5.2740145,0
27882,8.697871,11.275616,6
27883,4.6608963,6.237626,6
27884,5.7956815,11.650318,3
27885,6.510597,11.092491,3
27887,-5.6055593,3.9142146,0
27889,5.0820527,8.616144,6
27890,11.4639225,14.332186,5
27891,10.882023,12.481173,5
27892,3.775815,10.703685,3
27893,4.1949344,10.602201,3
27894,-5.387949,4.6256504,0
27895,8.976392,13.409298,4
27898,7.9023294,-0.47086748,7
27899,11.872567,9.700267,1
27900,6.2021217,9.591943,3
27901,7.4900246,13.265492,1
27904,6.6242347,13.357781,4
27905,4.0313034,9.1497755,4
27906,8.172502,12.682952,4
27907,3.3815975,6.8895307,2
27910,-3.022827,4.5524325,0
27911,14.105256,9.915634,1
27912,10.420884,8.365549,4
27913,-4.416657,4.0197587,0
27914,11.252988,10.698441,3
27916,11.317125,13.920267,5
27917,6.4306073,9.099212,5
27918,6.4706597,11.705813,3
27919,10.170708,15.286601,5
27921,-5.870279,5.784964,2
27922,7.207816,12.345662,1
27924,5.167369,7.4327044,6
27925,6.56061,13.09297,3
27926,6.207037,12.704608,3
27927,10.502057,13.560104,5
27928,11.460079,11.045909,3
27931,10.400474,0.42672864,7
27932,-5.2919846,4.362174,0
27933,3.5958095,10.1483345,4
27934,7.4222417,11.6135845,1
27935,-3.178282,7.010427,2
27937,10.72639,10.616446,3
27938,8.179544,12.488839,4
27939,13.697114,10.270738,1
27942,7.2369537,12.195745,1
27943,-6.192444,5.5542054,2
27945,13.747494,9.56013,1
27946,6.85281,11.779874,3
27947,14.727709,11.321905,3
27948,11.041681,8.623278,6
27949,11.310401,14.20536,5
27950,5.288524,9.147719,5
27951,8.121873,-0.9737484,7
27952,8.395064,13.657437,4
27953,13.742213,9.847049,1
27954,-4.6178174,4.0431194,0
27955,-6.5328465,6.0859594,2
27956,6.6267576,12.13119,3
27959,6.752487,11.485684,1
27961,6.317727,12.3556385,3
27965,6.7814045,11.832309,1
27966,8.577612,10.359751,6
27967,11.388961,8.963591,4
27969,5.6740336,11.154693,3
27970,-6.1152854,6.3147407,2
27971,13.481539,10.720575,1
27974,6.6253614,6.327807,1
27975,10.859015,11.325997,6
27976,7.9426327,-0.4320559,7
27977,14.454494,11.545194,3
27979,7.297955,11.305134,6
27980,-5.2496595,6.594149,0
27982,6.2552223,10.072307,1
27983,5.6186543,6.7649446,6
27984,8.15281,12.374635,4
27985,4.93175,6.4616594,6
27986,7.695718,13.675388,4
27987,-5.6084156,6.0343094,2
27988,-3.3479614,7.4319315,2
27989,13.34807,9.585557,5
27990,11.721304,9.643525,4
27992,9.570273,12.261688,6
27993,4.3614135,6.948342,6
27994,4.6509237,9.621882,4
27996,3.1453996,6.621866,6
27997,10.671515,14.967204,5
27998,3.7970986,6.6444592,6
28000,5.354167,7.344234,6
28001,6.8483133,13.105038,1
28002,-5.8916817,6.9221296,2
28005,-6.0471253,6.919339,2
28006,-6.233598,3.3821063,0
28007,13.813035,10.017484,1
28008,-3.7672102,6.5751796,2
28009,10.5591345,15.0614395,5
28010,10.90178,0.020782476,7
28011,7.1927953,11.556239,1
28012,5.95667,12.173598,3
28013,6.8689036,12.668547,1
28014,10.494766,-0.331581,7
28018,5.131346,6.7528934,0
28020,-4.4704094,3.6850019,0
28021,-4.602971,7.2984653,2
28022,-3.0622406,7.104687,2
28023,9.233889,12.1459055,6
28024,6.691541,6.148129,7
28026,5.020134,9.687239,4
28028,7.204234,11.68771,1
28029,11.408068,9.128478,4
28030,6.957768,5.9705667,1
28031,4.1430655,10.374276,3
28032,8.575236,13.096713,6
28033,3.5346396,6.7562413,6
28034,3.5993042,7.3739886,6
28036,-5.1022453,4.0890265,0
28037,7.7330403,11.733224,4
28038,10.032178,3.0600684,7
28039,7.652305,13.261754,1
28040,3.7929027,9.822666,1
28041,7.2647786,13.231195,4
28042,9.310425,11.838646,6
28044,5.5911026,11.850949,3
28045,7.324333,11.277103,5
28046,5.602262,10.480199,3
28047,5.917779,12.274472,3
28049,8.360677,-1.003005,6
28050,11.368944,8.917441,6
28052,11.474976,11.451558,4
28053,14.972329,10.964799,3
28054,6.2481074,11.644742,3
28055,-2.9967911,7.024429,2
28056,6.910702,13.0326185,1
28057,-5.03692,7.6269584,2
28058,6.9558105,13.81234,4
28059,-4.214933,7.3005986,2
28060,7.8512225,12.942324,4
28061,8.285873,12.101461,5
28065,6.786328,13.203358,1
28066,3.5312767,9.750929,1
28067,10.35093,14.896485,5
28068,7.8879623,6.5563416,3
28069,9.480861,3.3470426,7
28072,-5.174473,4.5402913,0
28073,7.974291,12.01748,1
28074,-4.112154,7.104238,2
28075,3.786086,6.646485,6
28076,11.234959,14.869495,5
28078,14.364987,9.862463,1
28079,11.115392,11.459907,4
28080,4.3692865,6.927662,6
28081,11.007851,0.37995285,7
28082,7.044952,13.675214,4
28083,8.125327,11.964047,6
28085,-3.79933,7.076124,2
28087,-5.0912848,6.590505,2
28089,4.846388,7.2716985,6
28091,-3.7989597,6.238991,2
28092,-6.0468774,4.099824,0
28093,8.257476,13.157768,6
28094,8.38128,13.144609,6
28095,4.161318,9.14165,1
28097,-3.4658105,5.018792,0
28098,4.3152313,6.1070075,6
28100,7.3594613,5.9366307,1
28101,4.727202,6.3415914,6
28102,7.313596,10.489854,6
28103,11.104765,11.296266,6
28104,-5.03161,7.2937746,2
28105,9.945619,0.59904784,5
28106,10.170631,-0.121952444,7
28107,-6.3526635,6.641932,2
28108,-3.7097878,4.9300766,0
28110,11.599574,9.114428,4
28111,3.6328073,7.58138,6
28112,11.225907,0.33462203,7
28113,6.0265417,12.297701,3
28114,8.0360775,13.587481,4
28116,4.834831,6.9232197,6
28117,6.221704,6.2357836,4
28118,9.309584,13.417331,5
28120,3.6421294,6.7958603,6
28121,13.667952,10.132305,1
28123,5.61669,12.856935,3
28126,10.754593,10.592608,3
28130,11.033473,14.893155,5
28131,-6.028785,6.127876,2
28132,-3.2254303,5.121393,0
28133,7.400708,6.1743264,1
28134,4.204576,6.6777697,6
28135,-2.9729662,5.494303,0
28137,-3.4218206,4.947208,0
28138,8.152978,12.307545,1
28140,4.784017,7.477841,6
28141,9.773849,3.3659656,7
28142,10.92819,11.642932,4
28143,4.230104,10.799755,3
28144,13.6199665,9.486969,6
28146,10.772654,13.739554,5
28147,10.470244,14.107875,5
28148,9.143333,11.419106,6
28149,3.25934,9.4678545,4
28150,-5.751659,3.6351137,0
28151,10.830195,13.054056,5
28152,11.392186,14.241497,6
28153,13.54433,10.865119,1
28154,10.601036,11.617605,4
28155,-6.548781,4.046994,0
28157,-4.8101535,4.591726,0
28158,9.1249,11.907789,4
28161,-3.496017,6.4180045,2
28162,7.2255955,10.800979,4
28164,-3.4683459,6.221738,2
28165,6.175571,11.230719,3
28166,14.108478,10.442138,1
28167,9.271285,11.945373,6
28168,9.40844,12.555154,5
28169,11.076908,13.715174,5
28170,-5.153194,4.391235,0
28171,4.0290775,10.274199,3
28172,9.968836,3.1954858,7
28174,-5.2056303,4.1383963,0
28175,10.593679,0.70997214,7
28176,6.9727583,12.584778,1
28177,11.386388,13.1787615,5
28178,6.3417354,9.607282,4
28180,-3.6926441,4.927778,0
28181,-4.83764,7.496822,2
28182,11.788821,9.677444,4
28183,4.5585113,6.7223945,6
28184,3.9766552,10.381723,3
28185,6.5666423,10.072557,4
28186,11.27733,13.388192,5
28187,8.259176,-0.14412083,7
28191,3.7135797,9.206439,4
28192,14.884135,11.17397,3
28193,8.535968,12.607013,6
28194,-5.6838374,3.6503844,0
28195,8.314608,12.439196,1
28196,9.553451,12.0717535,6
28198,5.553149,12.47458,3
28199,7.871161,-0.3295617,7
28200,10.425845,10.890907,1
28201,7.644699,-0.9573756,7
28202,10.623237,13.588474,5
28203,7.334622,13.749196,4
28204,7.0530696,11.231232,6
28205,7.4891915,5.9637995,1
28206,-5.4076915,4.4631815,0
28208,-5.962679,6.1258335,2
28209,13.4085655,9.794977,6
28210,6.793745,10.36049,4
28211,7.2550206,10.366279,4
28212,7.4822664,13.918237,4
28213,14.152328,10.412073,1
28214,14.191734,9.948003,1
28215,14.573998,11.423861,3
28216,-3.50844,4.9363785,0
28217,-5.468363,6.011015,2
28218,-5.272258,7.2817545,2
28219,10.7565155,0.98623425,7
28220,-5.0701046,4.617371,0
28221,5.620856,10.507654,3
28223,3.9108214,9.370397,4
28224,7.1054177,12.537762,1
28225,4.7871017,10.294624,3
28226,-3.685325,5.2104387,0
28227,7.5235934,12.819792,4
28228,-5.0173464,3.5651836,0
28229,-5.881731,6.2740827,2
28230,14.161537,10.267847,1
28232,-4.8154836,5.258437,0
28233,-6.0056944,4.7180023,0
28234,6.8230524,12.268242,1
28235,-5.5416307,4.760023,0
28236,4.233381,9.233261,1
28238,7.8105445,11.914994,6
28239,10.210982,0.4441897,6
28240,-3.8326027,6.532639,2
28241,14.396086,10.206005,1
28242,8.239506,-0.92618144,7
28243,-6.3908944,6.2593737,2
28244,3.2166555,6.4957476,6
28245,7.0575137,10.956613,3
28246,14.469265,10.063869,1
28247,8.600512,13.145653,4
28248,10.099548,13.934396,5
28249,-3.9133987,6.3581023,2
28250,3.7432978,10.589535,3
28252,8.137224,13.640784,6
28253,-6.2748775,6.2728224,2
28254,7.562767,12.48498,1
28255,-2.835751,6.035777,0
28256,7.8738666,-0.49944773,7
28257,8.699596,0.15409493,5
28258,14.19027,10.580573,1
28259,11.523458,10.947152,3
28260,10.928179,14.832871,5
28261,-3.624323,6.211968,2
28262,-6.0878406,6.1489196,2
28263,-5.1862555,7.3584843,2
28264,4.549241,6.278599,6
28265,14.685939,11.217395,3
28266,7.8030715,10.718978,4
28269,11.156432,8.78353,1
28270,5.498891,6.811185,6
28271,13.814398,9.736199,5
28272,11.343527,11.575572,6
28273,14.294921,9.998628,1
28274,-3.727985,6.4791408,2
28275,-3.4588645,4.952331,0
28276,10.188407,14.463417,5
28277,-3.3968277,7.362765,2
28278,7.535051,10.807731,4
28279,7.654374,13.641682,4
28280,7.35418,6.1090612,1
28282,9.180879,11.263104,6
28283,10.273889,-0.2728077,7
28284,7.370393,6.4010096,1
28285,3.237897,8.799678,6
28286,4.514594,9.082178,4
28288,-5.970173,5.8424435,2
28289,5.159788,10.223635,1
28290,-3.8844905,7.3976235,2
28293,4.327701,6.29031,6
28294,10.733516,12.430053,4
28295,-6.183324,4.6422844,0
28296,9.475705,11.540374,6
28297,5.0452,9.743922,1
28299,4.819288,6.316722,6
28300,6.508666,13.446738,3
28301,6.7471256,13.631191,3
28302,3.76334,9.773165,4
28303,-3.6618872,4.378505,0
28304,8.152157,12.678378,4
28305,14.143204,11.22235,3
28306,9.416086,3.0929737,7
28307,11.013989,13.695886,5
28308,10.891132,8.708669,6
28309,5.795121,10.374108,3
28310,14.201169,9.762602,1
28311,3.2614691,7.106091,6
28312,7.7741494,11.401511,6
28313,10.191858,0.4005471,7
28314,-4.6009474,4.2879744,0
28315,4.199832,9.5313835,4
28316,11.034957,8.629967,6
28317,10.504198,0.5289619,7
28318,-3.0174832,5.4112735,0
28321,3.4720979,9.159953,6
28322,6.8915277,11.381988,1
28323,4.20064,10.726468,3
28325,3.9440484,9.244792,4
28326,10.277317,14.00572,5
28327,6.925476,10.486511,4
28328,13.980259,10.351067,1
28329,10.0076885,3.1314347,7
28330,-4.828536,5.4734354,0
28331,11.22028,8.786888,6
28332,14.098125,9.708077,1
28334,14.495106,9.929666,1
28335,8.26817,12.823548,5
28337,3.2492669,9.96532,1
28339,9.401676,3.6347387,7
28341,-5.494904,4.841276,0
28342,-6.2806797,6.75089,2
28343,7.154602,6.3150396,1
28344,14.112252,9.8217535,1
28345,4.6540737,8.793664,6
28346,-5.714831,3.7391248,0
28348,-3.7100368,6.767484,2
28349,10.799841,11.560963,6
28350,7.4725924,12.3465605,6
28352,-2.667965,4.8880515,0
28353,14.947292,10.723245,3
28354,-5.8894296,3.9391751,0
28355,4.0982037,9.554613,6
28358,7.8735833,11.855854,4
28359,10.500997,-0.20896001,7
28360,4.0442867,7.3984036,6
28362,10.100745,0.3898311,1
28363,7.656341,10.757801,4
28364,6.661931,13.192554,3
28365,7.7294354,-0.55389863,7
28366,6.8232946,11.565548,1
28367,-4.588827,4.3651843,0
28369,-3.1337025,5.602868,0
28370,3.410045,10.090052,4
28371,11.518779,11.312688,4
28372,9.626559,12.822787,4
28374,7.8941436,11.319232,4
28375,9.245127,3.6699262,7
28376,7.4035206,12.441212,4
28377,9.773529,12.413133,6
28379,11.266286,0.37172607,7
28380,11.044405,8.661212,4
28381,8.733506,11.051258,6
28382,-5.4670196,4.778794,0
28383,-3.2229934,5.2158995,0
28384,6.625913,12.241381,3
28385,-5.8076363,3.4564383,0
28387,8.5501,11.072605,6
28388,3.7486458,10.0618725,1
28389,7.470772,13.7495775,4
28391,6.1801763,9.994658,6
28395,10.251691,0.08304562,7
28397,-5.6463857,5.187381,2
28398,5.3792467,6.910317,6
28399,9.65265,12.010608,6
28400,8.264246,12.011788,4
28402,-4.479437,7.22775,2
28403,5.545873,12.259516,3
28404,13.83335,10.706728,1
28405,9.124438,11.696365,1
28406,-2.730385,4.993248,0
28407,-4.574732,3.8589492,0
28409,11.032898,8.679726,4
28410,13.497151,10.823881,1
28411,5.5010066,8.160597,5
28412,10.354394,0.8039833,7
28413,8.275728,-1.1018137,7
28414,9.682091,12.19491,6
28415,13.180033,10.475136,1
28417,-2.9972866,7.1849136,2
28418,9.323901,3.7319996,7
28419,4.253782,10.4682455,3
28420,11.083597,14.44717,5
28423,6.0989637,12.49383,3
28424,4.356213,10.612203,3
28425,9.934631,13.577384,5
28427,3.5422313,10.393692,3
28428,-5.761079,6.8357205,2
28429,9.080479,11.847052,6
28430,9.589942,3.5588574,7
28431,6.024733,13.283226,4
28433,3.4650104,10.172716,3
28434,-6.3840113,3.8126953,0
28435,10.572109,-0.26941672,7
28436,14.230787,11.169011,3
28437,3.7449837,6.918897,6
28439,-5.4646955,3.3393846,0
28440,11.326254,13.500511,5
28441,-2.7821593,5.303615,0
28442,8.280226,-1.125148,7
28444,3.6669261,7.016689,6
28445,4.759895,7.1541443,6
28446,11.279955,14.831995,5
28447,14.032368,11.149506,3
28448,-6.423392,3.8922038,0
28450,4.963566,7.453123,1
28451,10.868217,-0.12903823,7
28453,8.030857,-0.29564914,7
28454,7.3363175,6.0961237,1
28455,-3.7092035,4.3507075,0
28456,-2.7093287,4.9922786,0
28459,11.283006,10.900148,3
28461,10.891748,13.474175,5
28462,10.363246,14.983598,5
28463,4.1123304,9.265346,1
28464,-5.8876834,3.470011,0
28466,5.6854496,10.461221,3
28468,9.387055,12.062337,6
28469,7.4798555,12.335026,1
28470,3.3701947,6.598232,6
28471,10.653994,11.187234,4
28472,10.822083,13.673671,4
28473,6.9587007,10.379227,6
28474,14.919314,11.151127,3
28476,7.1548142,11.400016,1
28478,11.075455,13.084883,5
28479,8.9851675,10.993635,6
28481,-2.9351053,5.472374,0
28482,5.308003,6.5344987,6
28483,-5.1967096,4.1365438,0
28485,3.1840918,9.014794,7
28486,11.032304,0.050370984,7
28487,10.436381,14.863406,5
28489,-5.0674105,4.16105,0
28491,3.853553,6.4016867,6
28492,6.8094788,13.774618,3
28493,4.103603,10.136378,3
28495,14.472839,10.118436,1
28496,8.210754,-0.27889323,7
28497,8.323969,13.173614,6
28498,-5.5525556,7.1842437,2
28499,-5.3754506,6.806717,2
28501,3.6608033,7.506497,6
28502,6.5504,10.636279,4
28504,10.958454,12.708931,5
28505,13.818752,10.80277,1
28506,7.689856,12.892207,1
28507,6.477229,10.645781,4
28508,9.913166,3.227011,7
28509,7.8875732,6.4750967,3
28510,4.091887,6.0446253,6
28511,6.7029996,11.4124775,4
28512,3.7811425,9.684198,4
28514,6.8252187,13.575602,4
28515,10.798978,10.819643,1
28516,14.802594,10.714778,3
28517,8.521103,13.151443,5
28518,-3.4568274,5.233145,0
28521,-6.0642576,5.9103885,2
28525,11.24582,10.903446,3
28526,4.9609013,9.431355,1
28527,13.425136,10.802638,1
28528,4.099729,6.3595486,6
28529,14.76122,11.2746935,3
28530,6.439343,10.851926,4
28531,5.821917,11.3881855,3
28532,-2.8267798,6.9123616,2
28533,6.2960644,11.059165,1
28535,10.863082,11.674116,5
28536,10.02101,0.8389025,6
28537,9.116074,11.1458235,6
28539,3.9015446,5.980104,1
28540,6.9891033,13.142764,4
28541,7.719117,12.03274,6
28542,7.4138193,10.51781,4
28543,5.084157,9.222235,1
28544,5.502907,8.422624,6
28545,4.0603876,10.829842,3
28547,4.2843575,7.482618,1
28548,5.362319,6.7591376,6
28549,10.402061,10.720093,1
28550,7.506725,11.497644,1
28552,-5.44484,3.38382,0
28553,4.2185464,10.052371,3
28555,9.98855,13.58887,5
28556,-3.249613,7.1771226,0
28557,-5.8876624,3.7293038,0
28558,7.4491086,11.674714,6
28559,9.766597,3.5940554,7
28560,4.0632854,9.79348,1
28561,10.295789,-0.046732087,7
28562,14.924285,11.062829,3
28563,5.6030083,12.618465,3
28564,3.6446676,6.8045864,6
28565,-5.54172,6.383961,2
28566,13.801013,9.569775,6
28567,8.148699,11.6474905,5
28569,6.724182,12.627316,1
28570,10.550676,13.851542,5
28572,7.0075045,12.747087,4
28573,9.526167,11.928441,6
28574,9.443181,2.890569,6
28575,-4.2584653,3.6870623,0
28576,-6.0550203,3.9621527,0
28577,9.670118,3.3354797,7
28578,4.8669796,7.420863,6
28579,11.085798,0.87662584,7
28582,10.737419,14.957638,5
28583,11.268934,0.39709824,7
28584,11.226658,13.151325,5
28585,-3.703531,6.494104,2
28586,7.290979,10.9906,1
28587,10.541193,11.531365,6
28588,6.217064,9.566285,1
28590,7.7086296,13.665416,4
28591,4.748634,6.4436083,6
28592,9.32909,11.591402,6
28593,10.595943,-0.3244257,7
28594,8.20981,-0.9299087,7
28595,10.895814,10.515131,3
28596,7.6769934,-0.6045915,7
28597,-5.0088625,7.5296993,2
28599,7.766369,12.590007,1
28600,10.915881,14.192047,5
28601,8.331925,12.945253,4
28602,-5.5668263,3.9409754,0
28603,9.74284,3.1018698,7
28604,-6.372755,6.10265,2
28607,7.0719557,11.501674,4
28608,6.8164167,6.055414,1
28609,10.320022,15.017326,5
28612,11.07975,11.243998,1
28613,-5.4615173,7.024657,2
28614,11.42506,8.983068,4
28615,10.66023,13.437945,5
28617,-3.2819953,4.766221,0
28618,10.111398,12.678249,7
28619,7.3513966,12.571171,4
28620,9.644245,12.148296,6
28621,6.3367906,9.998735,4
28622,10.973946,14.227109,5
28623,-5.562482,6.452982,2
28624,-5.87251,5.7448616,2
28625,8.182152,12.514956,6
28626,3.5763543,10.630685,3
28628,-5.914681,3.311027,0
28629,-3.954927,4.4000993,0
28630,3.531267,7.1392756,6
28631,9.90451,14.750676,5
28632,4.5688663,6.377348,6
28633,3.5913289,6.8690815,0
28634,4.0410237,10.575334,3
28635,8.014467,12.863337,4
28636,13.167758,10.283335,1
28637,11.036469,11.45373,1
28639,10.113072,0.5469142,7
28640,10.488063,0.78559095,7
28642,10.045557,3.0681515,7
28643,7.133959,11.755509,1
28644,5.653361,11.976303,3
28645,3.924581,7.083679,4
28646,-5.0831842,2.7545066,0
28647,10.975368,10.528198,6
28648,-5.3533387,7.168969,2
28649,6.1448245,11.601783,1
28650,4.5280414,10.006587,1
28652,11.603741,11.298258,4
28653,10.670149,13.914136,5
28655,3.5432181,6.085671,6
28656,10.578826,13.74944,5
28658,3.6175358,7.236877,6
28659,10.476694,14.919943,5
28660,5.696797,6.791034,6
28661,4.564936,8.81976,6
28662,7.780974,11.41926,4
28663,11.087435,8.72486,6
28664,3.8084981,9.220274,4
28666,5.6062713,6.9327435,1
28667,4.0528836,9.921356,1
28668,-6.2129993,4.9612765,2
28669,-5.2337966,4.684925,0
28670,7.2083497,11.09026,6
28671,10.882459,0.9702348,7
28672,-2.966419,6.3426967,2
28673,8.124586,-0.95331883,7
28674,10.782018,0.43333623,7
28675,10.424604,0.4986224,7
28676,5.211727,6.6340666,6
28678,6.9029803,11.747941,1
28679,4.6885285,10.543363,3
28680,7.808024,12.531159,4
28681,7.610581,12.272331,6
28682,10.347104,0.17237741,7
28684,10.641632,-0.24214359,7
28685,6.189978,9.803144,1
28686,11.171652,13.400285,5
28688,3.4248528,6.1794095,6
28689,9.876198,3.2354198,7
28690,9.493795,3.569176,7
28691,-5.982071,5.2391467,2
28693,8.359043,13.763976,6
28694,-4.32166,3.9860756,0
28695,4.2857113,10.704429,3
28697,-5.4149933,4.111017,0
28698,4.2879634,7.166994,6
28699,10.969179,13.490212,5
28700,-2.9839547,6.4709578,2
28701,7.076632,12.366737,1
28702,10.725306,15.095788,5
28703,10.119624,0.53274554,7
28706,4.084347,6.9697948,6
28707,-5.5987115,5.920299,2
28708,4.069066,9.311625,4
28709,10.930025,11.648083,6
28710,7.3936,11.3663025,6
28711,4.2932243,10.173479,3
28712,-6.5491657,6.241426,2
28713,-4.17069,3.8105464,0
28714,-3.515514,4.733092,0
28717,6.2929873,10.006219,4
28718,14.0629,11.167267,3
28720,10.664386,0.117810376,7
28721,6.533379,11.618709,1
28722,-3.460027,7.4100184,2
28723,6.992158,10.14631,5
28724,10.911259,13.096375,5
28725,7.6054063,12.1646805,6
28727,10.823391,8.540462,6
28728,-6.0590816,4.4085264,2
28729,-3.3871393,4.9452424,0
28730,-2.7552667,5.628187,0
28731,10.947827,11.383262,4
28732,11.535432,11.343816,4
28733,-5.420022,3.7913353,0
28734,14.5498905,10.053253,1
28735,-3.1733375,7.185857,2
28736,14.40528,10.016176,1
28737,-5.276357,5.3048205,0
28738,8.110704,12.894871,5
28739,5.685165,11.962891,3
28740,4.157886,7.3546147,6
28742,-5.6219544,4.8348985,0
28743,13.92321,10.839756,1
28744,-4.027361,4.7756577,0
28746,8.139827,12.128951,4
28747,-4.2512035,3.8330808,0
28748,14.439209,10.332326,1
28749,3.5299695,10.432442,3
28750,6.276184,10.303213,3
28751,7.474822,12.313965,1
28752,8.274959,12.33138,4
28754,-5.88915,4.7264743,0
28755,-4.620369,4.1520057,0
28757,14.9988985,10.90165,3
28758,-4.1594124,4.0199194,0
28759,6.21429,9.904579,1
28760,3.8743744,6.7352386,4
28761,-3.7926614,5.4269595,0
28762,4.7496533,7.3551736,6
28763,-3.5929925,7.1365,2
28764,-3.2285984,6.4403353,2
28765,9.158207,11.40045,6
28766,11.367709,14.155905,5
28767,10.871148,13.207956,5
28768,6.0348682,10.822982,1
28769,10.68556,11.115336,6
28771,5.2554946,7.1675367,6
28772,6.5171013,13.715663,4
28773,8.328826,12.739422,6
28775,3.5832765,8.773964,6
28776,10.595452,-0.44787577,7
28777,6.6132145,12.682238,3
28778,7.885355,-0.86247784,7
28779,3.3105502,8.80409,6
28780,5.270493,7.197452,5
28781,-6.1202626,6.079318,2
28782,6.5700912,12.442275,1
28783,10.785464,13.158653,4
28785,10.556746,14.854079,5
28786,11.725832,11.244062,4
28787,10.169806,-0.17981473,7
28788,-5.2303357,3.5058866,0
28789,8.669779,12.725592,5
28790,7.1822286,12.036758,6
28791,10.599169,-0.2654198,7
28793,14.040337,11.46644,3
28795,4.2626925,9.147702,6
28796,3.3965807,7.2129264,6
28798,13.625688,9.998223,1
28799,5.1435566,7.2352962,6
28802,10.665465,14.847365,5
28804,4.609446,10.546856,3
28806,13.886972,10.998789,3
28807,10.5103035,14.62769,6
28809,13.829556,10.046424,1
28811,7.635859,11.1743355,6
28814,13.691246,10.503563,1
28815,5.1174517,6.9371734,6
28816,4.0913806,7.5217795,6
28817,-3.2825484,5.0073752,0
28818,10.634111,14.136144,5
28819,6.3454313,10.693839,1
28820,-5.5050764,4.5024033,0
28822,8.371585,-0.3622257,5
28823,9.641124,3.3542354,7
28824,-6.320851,4.4935794,0
28825,6.0248585,13.215462,3
28826,-5.5185704,3.9830744,0
28827,4.5326066,10.539436,3
28828,14.254601,9.918761,1
28829,14.119853,11.335632,3
28831,9.650099,3.3406928,7
28832,7.181118,10.74752,4
28833,-6.386577,6.340003,2
28834,8.430444,12.595287,4
28836,-4.1652627,7.028452,2
28837,10.898644,13.021002,5
28839,4.29863,6.184831,6
28840,11.17719,8.782075,1
28841,9.455885,11.787812,6
28843,6.4103537,11.709829,1
28844,-2.7849972,5.1716614,0
28845,-3.3193448,7.3171873,2
28846,-3.3147032,7.0538883,2
28847,14.42489,10.6562195,3
28848,12.358535,9.6285305,1
28850,8.475496,12.410629,5
28851,13.374152,10.369885,6
28853,6.44086,13.006801,3
28854,4.9861627,6.4002233,6
28856,12.060144,10.842629,3
28857,5.30263,7.0662503,6
28859,-4.0297217,6.6473265,2
28860,7.1279545,13.170177,4
28863,12.302209,9.588637,1
28864,13.874095,10.276551,1
28866,-2.7040184,4.842072,0
28867,11.022305,14.13264,5
28871,6.9097958,5.920644,1
28872,7.262594,10.573389,4
28873,7.06396,10.257761,4
28874,11.010124,0.20819932,7
28875,7.330291,12.181731,6
28876,10.624657,14.897466,5
28877,9.464139,3.5141394,7
28878,7.9808517,-0.6204651,7
28879,5.035922,9.117586,6
28880,4.5562787,6.1820936,6
28881,10.857866,0.42006305,7
28882,9.450745,11.798396,6
28883,6.5487037,11.861694,1
28884,-4.0932755,6.7770844,2
28885,13.289302,9.874705,6
28886,10.486214,15.041867,5
28887,10.789553,13.380321,5
28889,3.8365753,10.750791,3
28890,-5.6093287,3.6293952,0
28891,4.2581897,9.867453,1
28893,-4.8398943,3.9868944,0
28894,4.2195516,9.071333,4
28895,4.309111,9.815138,1
28897,6.2642107,12.502203,3
28899,14.277794,10.468342,1
28900,4.2468047,10.209437,3
28901,10.12081,0.29618767,7
28903,4.05172,9.21886,1
28906,10.068886,1.0929381,7
28908,-3.9365234,6.3449183,2
28909,7.3880033,10.793622,4
28910,-4.5705576,5.3198667,0
28911,4.737763,7.102766,6
28913,5.0066533,6.925789,6
28915,4.049161,9.637382,4
28916,-3.9471505,6.6496706,2
28917,6.163935,6.7194614,6
28918,8.009699,11.023791,6
28919,4.494284,6.4640408,6
28921,6.43557,12.521356,3
28922,-5.711933,5.905765,2
28923,-5.8658967,4.5624394,0
28924,-3.5340893,6.412458,2
28926,7.971395,11.395275,5
28927,10.712739,11.2305765,6
28928,9.629305,11.197699,5
28929,-3.280624,4.977941,0
28931,-6.153551,3.282565,0
28932,-5.0562487,7.6810675,2
28933,11.4503975,10.838759,6
28934,6.9440207,11.77085,1
28935,10.295681,-0.3579245,7
28936,10.656707,8.388135,6
28938,6.15895,13.112322,3
28939,5.918924,10.103119,1
28941,9.686343,13.230201,5
28942,7.624885,13.622923,4
28943,7.4105153,12.167654,5
28944,3.6160183,6.756277,6
28947,7.3962708,11.909456,1
28948,7.2530193,10.346196,4
28949,7.715359,10.985074,1
28950,-4.941495,4.1225247,0
28953,-3.511572,6.260357,2
28954,10.003211,3.1655223,7
28956,8.372358,13.344111,6
28958,-6.3754992,4.307821,0
28959,4.266065,10.731781,3
28960,7.3180423,6.0439787,1
28962,-5.195052,5.1966457,0
28963,6.536238,10.286604,4
28965,-6.390405,6.0715137,2
28966,4.8262844,6.8856263,6
28967,3.4571,8.519913,5
28968,3.6877558,7.383476,6
28969,6.7807956,13.872827,3
28970,-2.653142,4.8944955,0
28971,5.941525,13.113336,3
28973,-3.3624616,5.059271,0
28974,-3.8782148,6.278298,2
28976,10.755191,0.09531436,7
28977,9.391754,3.4752855,7
28978,5.036525,10.576768,3
28979,6.5075974,11.041223,3
28980,-4.457638,3.9478846,0
28981,11.220201,8.847993,6
28982,14.449438,11.468858,3
28984,-3.2851768,5.0516586,0
28985,-3.1443894,7.0026813,2
28986,14.927089,11.11878,3
28987,-5.605013,6.0229363,2
28989,5.800732,12.048739,3
28993,11.341226,8.977131,6
28995,7.1007195,12.048191,6
28996,-5.637372,4.777534,0
28997,8.808122,10.744914,6
28998,8.075877,11.527686,6
28999,10.342682,-0.061226398,7
29000,7.5195675,10.505865,4
29001,-5.424982,6.2332115,2
29002,5.6448107,10.351616,3
29003,7.662439,11.129259,4
29004,7.579427,13.216513,4
29005,7.090155,12.451218,1
29006,11.123609,10.61379,1
29009,8.821278,12.846886,6
29010,7.3872795,10.688681,4
29011,6.4391513,13.2104845,4
29012,8.219141,-1.0025969,7
29013,-6.1811953,6.657374,2
29014,3.7869234,9.119176,4
29016,7.0329514,12.858665,1
29018,5.607367,7.416648,6
29019,3.4231687,7.3721523,1
29020,9.53759,11.790198,6
29021,7.718446,13.576332,4
29022,-5.8076787,5.946438,2
29023,-6.242173,3.5879877,0
29024,13.293348,10.462103,1
29026,7.9156847,11.5403595,4
29027,9.974108,0.25563315,4
29032,6.6137333,12.5618925,4
29033,10.936852,0.5601605,7
29034,7.7494664,11.382033,4
29035,5.9748244,10.165439,1
29036,10.143399,13.1518345,5
29037,6.4270005,9.946722,4
29038,-3.407378,4.982295,0
29039,9.9332,3.1302168,7
29040,-2.8991776,7.011601,6
29041,8.07417,13.662435,4
29042,4.2251487,10.634121,3
29043,11.05466,13.230715,5
29044,8.197697,11.145751,6
29046,11.235963,8.795316,4
29047,6.6788716,11.597416,1
29048,11.23438,14.653676,5
29050,-5.072445,2.737008,2
29051,11.376315,13.4570055,5
29053,6.466331,11.143052,6
29054,7.1362667,10.938928,6
29055,8.651304,12.310799,6
29057,10.624024,1.0238261,7
29059,-5.6497474,3.8444307,0
29060,-5.947407,4.4429736,0
29061,9.936313,13.043812,5
29062,6.2381597,9.8183975,1
29063,-4.721294,4.5410905,0
29064,11.81591,11.261873,6
29065,7.282931,12.409433,1
29066,-3.3970385,6.3289027,2
29068,3.5451221,7.073275,6
29069,6.6101913,12.463461,3
29070,7.058118,13.526221,4
29071,9.506553,3.335778,7
29072,5.894261,11.917634,3
29073,5.963607,12.374581,3
29074,6.8359313,12.813913,1
29075,-5.8371,5.8322625,2
29076,3.7658417,9.6335,1
29077,5.608312,11.18602,6
29078,14.139164,10.180543,1
29079,7.7106237,13.506638,1
29080,5.0535293,9.2112665,4
29081,10.623819,0.045854144,7
29082,6.702578,11.426177,3
29083,3.256639,9.310864,4
29084,7.520926,6.270759,3
29085,11.009771,14.93205,5
29086,13.106914,10.142651,6
29087,11.034091,0.8917636,7
29089,5.2552733,8.112481,6
29092,4.085854,6.0039434,6
29094,5.208639,7.6230845,6
29095,5.219552,10.445057,3
29096,8.196445,-1.1130824,7
29097,8.568891,10.430974,6
29099,9.269824,3.6754942,7
29100,7.9279113,11.222645,4
29102,13.319859,10.359921,4
29103,4.6660438,6.659078,6
29104,8.808758,10.8245945,6
29105,-4.7460155,3.6016655,0
29111,3.6838145,10.326542,1
29112,3.4305391,7.201253,6
29113,-6.0519342,6.3583817,2
29114,7.564863,6.433416,3
29116,7.338719,12.999294,4
29117,4.3371053,10.470293,3
29118,7.274438,11.694451,0
29119,6.0783825,9.638075,6
29120,4.7994056,7.227607,6
29121,-4.9322042,3.507054,0
29122,3.510914,8.831006,6
29123,6.8395767,13.511324,1
29125,3.221962,9.76668,4
29126,10.956179,11.579363,4
29127,9.254847,3.6546297,7
29128,-3.8393035,7.479636,2
29129,-5.94965,3.5028148,0
29130,-6.5128074,6.4938664,2
29131,10.343081,1.2120314,6
29132,4.4196205,9.828485,4
29133,7.5057244,13.031776,4
29134,-5.708509,3.6258492,0
29136,7.421238,11.397458,6
29137,6.0324717,11.095923,1
29138,7.771227,13.35635,1
29139,3.898328,6.8506594,6
29141,10.1673975,13.369707,5
29142,13.649943,10.319198,1
29143,3.5176628,9.311876,4
29144,6.3467655,12.534014,3
29145,7.667014,12.498712,4
29147,10.771792,-0.08563452,7
29148,10.625122,-0.34108466,7
29149,5.7829304,10.406672,3
29150,-5.771751,5.9538894,2
29151,-5.7025647,7.024718,2
29152,5.9320006,6.7556725,6
29153,4.8279243,6.602704,6
29154,-5.4908834,4.59563,0
29157,7.376411,5.9439964,1
29159,9.565185,12.720975,5
29160,-3.4998515,5.2255354,0
29161,5.833541,11.1356945,4
29162,7.9699016,13.335601,4
29164,6.9767528,13.209048,1
29165,10.970834,8.616173,4
29166,-3.371491,7.1069336,2
29167,-3.5382762,6.2986627,2
29168,-5.2401237,4.4997025,0
29170,14.666773,11.019286,3
29171,-4.1511507,4.2494726,0
29173,9.435391,11.453548,6
29174,10.486928,15.169585,5
29175,-3.761664,5.4854794,0
29176,7.6481194,6.646923,3
29177,5.0068307,7.080281,6
29178,7.365054,12.8876505,1
29179,-5.545616,4.236828,0
29180,14.012814,10.915973,1
29181,7.507093,12.357081,1
29184,12.354216,9.734557,1
29185,-6.655955,6.288584,2
29186,-3.2973628,5.0534167,0
29187,3.3070843,6.458882,6
29189,7.443302,13.382797,4
29190,9.593285,12.135006,6
29191,8.854009,11.506136,6
29193,-3.0329504,5.5279484,0
29194,14.96443,10.732949,3
29195,8.413084,-0.13457446,5
29196,5.8691287,10.952644,3
29197,-5.276869,3.4840472,0
29198,5.34986,10.64878,3
29200,-5.318644,6.5945134,2
29201,-4.240408,4.0391626,0
29203,8.09927,11.562041,5
29204,-5.6788526,6.217119,0
29206,13.76203,11.110891,3
29207,3.725777,6.5872,6
29208,10.950002,10.738698,1
29209,-3.4874325,6.74601,2
29210,-3.4801621,7.0960917,2
29211,4.6292715,6.419232,6
29212,4.8983245,6.3488026,6
29213,7.984013,6.4163833,3
29214,14.25277,10.17629,1
29216,6.739382,11.169263,3
29219,14.653411,11.04051,3
29220,4.851006,6.6163774,6
29221,7.1597605,13.559675,1
29223,6.5636024,13.085356,4
29224,-3.8387992,7.340455,2
29225,14.228893,10.394752,1
29226,7.222434,11.494051,1
29228,5.8544993,11.4333315,3
29230,3.343942,9.274744,4
29231,10.91882,10.645659,4
29232,11.160248,10.682888,6
29234,14.955502,11.065383,3
29236,3.9832761,10.392127,3
29238,5.6212716,6.6649876,6
29239,4.3089414,10.714576,3
29240,5.815493,12.366127,3
29241,10.623387,13.401442,5
29242,-3.502526,5.3065753,0
29243,6.089204,11.084546,1
29244,-5.779005,4.392699,0
29245,10.827937,11.12405,1
29246,11.401267,14.424795,5
29247,7.2360206,13.272352,4
29248,6.4751134,9.921699,4
29249,3.8635676,6.4878793,6
29250,-5.8720403,3.8809493,0
29251,10.063245,3.1118023,7
29252,-4.043545,3.8730054,0
29253,6.455226,6.3364406,1
29254,10.88919,0.9251629,7
29255,8.840026,13.271166,5
29257,-3.9509993,6.47662,2
29258,3.33707,7.2883186,6
29261,10.936798,14.260202,5
29262,13.331425,9.904828,6
29263,13.595775,10.448989,1
29264,10.955396,10.930956,4
29265,-6.1190467,6.952827,2
29266,7.393468,10.3843355,5
29267,10.364164,0.19837475,7
29268,10.681424,0.07551787,7
29269,10.59693,-0.27639842,7
29270,10.863269,14.074374,5
29271,-3.5043323,6.531647,2
29272,13.983268,10.887277,1
29273,13.522986,10.675416,1
29274,10.446846,1.0055256,1
29275,10.405188,1.140256,6
29276,6.944043,12.213017,1
29277,-3.7455096,6.502065,0
29278,-3.7233362,5.4799623,0
29279,7.736659,11.81772,1
29281,10.669839,15.00411,5
29282,10.4554615,1.164656,6
29283,4.0352125,9.423864,1
29284,6.519406,11.574731,1
29285,14.314304,11.138749,3
29286,7.1026354,11.620554,1
29287,11.40535,14.261333,5
29289,5.4526415,10.233323,1
29290,10.629778,14.946323,5
29291,4.866239,6.5488195,6
29292,6.9092674,11.487661,6
29294,7.5330563,-1.0114987,7
29296,7.819434,13.554942,4
29297,-6.4844027,4.244096,0
29298,7.713487,6.5642543,3
29299,-4.806957,4.0073295,0
29300,10.21473,13.2402935,5
29301,-6.443117,4.1290054,0
29302,8.252203,12.459772,4
29303,3.9565263,5.8873715,1
29304,-6.0447164,3.3220835,0
29305,3.7013538,7.090591,6
29307,9.1174345,11.133025,6
29308,-4.199635,3.9245148,0
29310,4.923847,10.684625,3
29312,6.23287,11.462767,3
29313,6.852957,13.752343,4
29314,-6.0460024,6.600865,2
29315,6.587045,13.300419,3
29316,11.037353,10.878994,1
29317,4.228123,10.132333,3
29318,5.518,6.8614497,6
29319,10.941113,11.504233,4
29320,5.047304,9.86285,3
29321,10.633662,-0.20622548,7
29323,10.927424,0.5498017,7
29324,12.193971,10.20639,3
29325,-5.11525,4.9554935,2
29326,11.382105,8.990518,4
29327,6.4293222,12.775593,3
29328,10.002095,13.137658,5
29329,4.0133033,9.142061,6
29330,13.115742,10.027975,6
29331,4.134933,7.229368,5
29332,-5.51772,6.3348927,2
29333,3.4209607,10.264645,3
29335,3.861185,6.045394,6
29338,13.34389,10.495936,6
29339,-5.0410223,7.057952,2
29340,-5.576744,5.9626265,2
29341,14.072801,10.747588,1
29342,6.66785,12.919065,4
29343,7.3894353,13.071198,4
29344,9.2550955,11.953773,6
29345,6.0588083,13.082847,3
29346,-5.516897,4.806292,0
29347,6.5761023,11.770332,1
29348,10.3057,13.628168,5
29349,14.559948,11.463163,3
29350,-5.2683644,7.250002,2
29351,14.301531,10.546209,1
29353,13.262893,10.244315,1
29354,7.573339,12.773542,3
29355,14.271556,10.631879,3
29356,9.557461,11.986763,6
29359,4.2505164,9.117692,6
29360,6.3131356,13.174017,3
29362,8.109913,12.547809,4
29363,9.002092,11.249907,6
29364,8.067556,12.644914,1
29365,6.418703,10.253273,1
29366,9.349981,3.694889,7
29367,6.9009023,10.059037,4
29368,4.199318,10.729652,3
29369,10.803299,13.597273,5
29370,9.299693,3.7269046,7
29371,5.6515183,12.805278,3
29372,6.0733604,11.402405,1
29373,3.3024306,9.376961,4
29374,14.613261,10.548715,3
29375,7.0330257,10.711634,4
29376,6.9536653,13.410081,4
29377,11.11963,13.342204,5
29379,7.9241314,13.493972,4
29380,-4.522211,3.8106449,0
29382,-5.146276,2.7604985,0
29383,3.4624517,8.823825,4
29384,4.2223887,6.6557875,6
29385,6.910497,13.46499,4
29386,10.981683,10.708814,6
29387,-2.9637136,6.895371,0
29388,11.239121,14.806627,5
29389,-6.072071,6.4782453,2
29390,11.388977,11.543927,4
29391,-3.2928991,5.261039,0
29393,-5.599469,5.8084807,2
29394,5.782638,12.673127,3
29395,9.322428,11.887935,6
29396,8.18227,12.855276,6
29397,-5.807889,6.0200086,2
29398,10.891538,10.835651,1
29399,10.941718,14.855822,5
29400,12.244161,10.032537,3
29401,11.280574,8.991168,6
29402,6.39522,10.05091,4
29403,4.300916,9.137733,4
29404,10.996068,13.02219,5
29405,-3.281169,6.895606,2
29406,14.004895,9.720204,1
29407,3.7492383,7.3570137,6
29409,-2.7205245,5.1917996,0
29410,-5.822352,4.0778646,0
29411,5.8555818,11.403229,3
29412,5.7568817,9.448099,6
29413,14.001194,11.035212,3
29415,-5.2436447,4.5580826,0
29416,-5.028776,3.9010847,0
29418,14.483305,10.694551,3
29419,14.743128,11.195302,3
29420,7.203004,12.070792,1
29421,4.4313736,6.9939632,6
29422,13.417554,9.840309,6
29423,9.160282,11.999293,6
29425,10.8589,11.530504,5
29427,-6.4594827,3.8183007,0
29428,13.7219,10.063953,1
29429,14.634513,10.819091,3
29430,7.012997,10.601305,4
29431,9.449638,3.5825195,7
29432,9.476907,11.429409,6
29434,-4.2033634,6.2094254,2
29435,8.19619,12.037639,5
29436,10.389645,-0.3543335,7
29437,-5.709651,6.6174865,2
29438,-5.8760223,6.578449,2
29441,9.782339,13.524383,6
29442,10.245248,-0.077651866,7
29443,11.387879,8.989602,6
29444,5.1675153,7.883846,6
29445,7.405871,11.496884,1
29446,-5.1433167,3.4996603,0
29448,8.342007,-1.0730082,7
29449,10.654226,12.67003,5
29450,-3.871745,5.143739,0
29451,6.4334035,9.926193,4
29453,4.974431,6.6380258,5
29454,4.362968,9.413417,6
29455,5.1324177,10.598489,3
29456,3.970684,6.428598,6
29457,10.937197,8.651244,6
29459,5.692709,12.797348,3
29461,6.5753813,11.12112,1
29462,14.963132,10.929176,3
29463,-3.2938974,7.2431774,2
29464,14.002863,10.371396,1
29465,8.305479,-0.56919503,7
29466,-5.316478,6.9734454,2
29467,5.068632,10.546955,1
29468,9.681211,3.5427582,7
29469,11.090728,0.6396584,7
29471,6.051627,12.393077,3
29472,11.443658,10.922126,4
29473,8.404471,12.917451,4
29474,10.434832,13.0647545,5
29476,3.1674783,6.5223613,6
29477,-2.889049,5.1363344,0
29478,13.181475,10.437348,6
29479,-5.030194,7.4995933,2
29480,8.131386,13.605287,4
29481,7.1205506,11.659215,1
29482,6.339536,12.114193,3
29483,4.8459377,6.332518,6
29485,7.5564055,13.721366,4
29486,9.339855,11.592889,6
29487,10.153451,0.4559087,7
29488,10.620671,10.970295,4
29489,14.297315,9.938867,1
29491,-6.183456,4.9499664,0
29492,14.076984,10.306775,1
29493,5.7958226,12.165511,3
29494,7.980718,-0.7243654,7
29495,-3.4810212,6.5241027,2
29496,13.823737,10.748341,1
29497,13.093696,10.369367,1
29498,9.02977,11.957129,6
29502,-5.5303454,6.5520086,2
29503,4.1889987,9.402853,1
29504,7.4028983,10.858883,1
29505,10.446988,14.472517,5
29506,8.105843,13.475033,4
29507,3.3697097,6.3919992,6
29508,-3.3140762,4.7555785,0
29510,10.15432,-0.10917713,7
29511,-3.5466363,4.247749,0
29512,-6.307863,6.012296,2
29513,11.786431,9.718354,4
29514,-3.2162433,7.113318,2
29515,6.8602033,5.9784994,6
29516,6.1326184,12.833873,3
29517,7.2030554,12.750506,4
29520,7.3277707,13.290311,4
29521,-3.5738094,6.308086,2
29522,7.714174,11.9511385,1
29523,7.7574983,13.437421,4
29524,3.847036,6.716472,6
29525,8.014064,13.285244,6
29526,-5.2792764,6.8418117,2
29527,7.052229,5.9788375,1
29529,-6.2404227,6.1333714,2
29532,10.893166,15.0891285,5
29533,-5.560625,3.7576206,0
29534,8.227839,-0.22609171,7
29535,11.814286,10.601483,6
29536,-5.643964,3.3245602,0
29539,-5.045161,4.327219,0
29540,10.157988,0.613775,7
29542,-5.4691544,4.8652954,0
29543,5.7131047,11.049566,3
29544,5.836087,9.515577,6
29545,4.4488773,8.775754,7
29546,-4.8504443,4.1278114,0
29547,10.812751,12.777989,5
29548,14.510797,10.452636,1
29550,10.421728,-0.19887571,7
29551,7.7959166,12.843246,4
29552,9.840557,3.0132256,3
29553,-3.564427,7.4220967,2
29554,9.461403,12.13171,1
29555,9.486801,12.259171,6
29557,6.434265,11.29505,4
29560,12.070246,10.951306,3
29561,5.0360055,6.683096,6
29562,5.3498936,6.650706,6
29564,10.855332,0.4613163,7
29565,5.8629594,10.892665,3
29566,3.7203476,9.284209,6
29567,11.157431,8.70873,4
29568,10.966061,0.27189663,7
29570,-5.6636896,6.482169,2
29571,14.6833515,10.64795,3
29572,9.447701,2.988223,1
29573,10.766532,13.2441025,5
29574,6.863809,11.846897,1
29576,4.5701666,7.317258,6
29577,11.352327,13.235425,5
29578,13.623689,10.4470825,1
29579,5.037661,6.7910757,6
29580,-2.650863,5.100183,0
29582,4.2494726,7.4667187,6
29584,11.322607,14.757005,5
29585,9.392874,11.688385,6
29586,-5.3038445,4.4505134,0
29587,9.629493,12.063306,6
29588,-3.4411964,6.566726,2
29589,-5.325758,6.597779,2
29590,3.8117096,6.7775984,6
29591,7.8385205,11.870299,7
29592,6.826269,12.69035,1
29593,10.326966,14.809422,5
29594,4.7587895,6.4442697,6
29595,9.49182,3.0397794,7
29596,7.8404465,11.901422,6
29597,5.0861573,9.192184,4
29598,8.430688,12.992002,4
29601,11.426405,11.509793,4
29602,-4.3625965,3.8246715,0
29603,4.44233,9.48855,1
29605,10.597497,13.192758,5
29606,6.006941,11.750844,3
29607,5.010614,6.6452727,1
29608,7.8920045,6.501497,3
29609,-6.5545907,5.9899387,2
29610,-3.2086968,5.192412,0
29612,5.9843793,11.948803,3
29613,13.853918,9.644625,6
29614,-3.5587878,4.5797014,0
29615,11.895437,11.060514,7
29617,-2.9565551,7.049232,2
29618,12.324681,10.913112,3
29619,5.068628,9.163943,1
29620,8.89553,13.38715,5
29621,6.4846907,10.988453,3
29622,8.559166,10.315184,6
29623,10.022333,14.462032,5
29624,3.6016161,7.4759755,6
29626,7.0447907,11.448097,1
29627,5.6938567,10.300758,3
29629,7.359462,11.253509,1
29630,4.197703,6.77398,2
29631,6.8680096,12.065355,4
29632,6.1600204,13.083924,3
29633,9.621132,12.873765,7
29635,-3.3198805,5.1453485,0
29637,4.122757,10.405427,3
29639,7.7670097,12.236986,1
29640,7.07863,10.204777,4
29641,4.0040884,9.372297,4
29642,3.9301422,9.345256,6
29643,-3.4426355,6.8207417,2
29644,13.399584,10.126056,6
29646,-5.2011952,4.6587586,0
29648,-3.2720535,5.120014,0
29649,4.274855,6.2530584,6
29652,9.393472,3.3492966,7
29653,10.3472185,0.88409895,7
29655,11.314983,11.357002,4
29656,-5.8086953,5.8569264,2
29657,-5.0085397,3.5594976,0
29658,-5.683026,4.5377398,0
29660,-5.5741353,7.017037,2
29661,11.391135,13.429665,5
29662,-5.6360345,3.3258445,0
29663,7.5525928,13.141173,4
29664,9.318059,11.83368,6
29665,14.450341,11.575319,3
29666,6.9503746,12.040085,3
29667,10.469275,15.234945,5
29668,10.486685,14.582882,5
29672,14.09074,11.006706,3
29673,7.749843,12.792474,6
29674,7.871867,-0.34499472,7
29675,3.391534,6.3156996,6
29676,12.125294,10.720792,1
29677,-6.527844,4.0951633,0
29678,8.178519,-0.9020553,7
29680,9.6950865,12.972738,5
29681,-4.095667,4.075293,0
29683,7.4675884,12.005373,1
29684,-5.7189627,5.8978314,2
29686,3.965779,7.5093656,6
29687,13.334975,9.880804,6
29688,12.017685,10.715136,4
29689,5.8005385,12.505038,3
29690,3.9840844,10.033916,3
29691,-4.8495708,4.2675314,0
29693,6.9925985,10.837388,4
29694,10.820507,10.766543,1
29695,3.7073617,8.946763,6
29696,13.471011,10.542694,1
29698,11.715668,9.3064995,6
29699,7.0439925,12.616101,6
29700,6.905286,11.603464,1
29701,3.5688791,7.2331595,6
29702,3.5946631,9.142444,5
29703,4.941395,7.3192663,1
29706,10.888465,11.513111,4
29707,-3.31138,7.213743,2
29710,-5.319685,6.092259,0
29711,10.991241,14.270329,5
29712,10.853816,14.904217,5
29713,6.1423407,11.996462,3
29715,8.004539,13.10331,6
29716,6.8546824,12.387937,4
29717,8.332173,-0.12431226,1
29719,11.366041,9.005151,6
29720,3.901514,10.344972,3
29723,10.474265,0.834906,3
29724,10.865143,0.18005103,7
29725,-5.26225,3.3992012,0
29726,13.877382,10.813985,1
29728,6.4258313,10.035778,4
29729,9.4988785,12.336954,1
29730,-3.4677722,7.0044584,2
29731,-4.007914,7.119026,2
29732,13.681832,10.392024,1
29733,3.3849876,6.709402,6
29734,11.013398,13.498764,4
29735,10.577949,14.751833,5
29737,11.02904,13.25805,5
29738,13.023379,9.970211,5
29740,7.594575,11.528207,6
29741,-5.0812674,7.0731034,2
29742,4.0163703,9.109887,6
29744,10.108879,12.991118,5
29746,4.088376,9.631882,1
29747,-6.0650783,5.8365083,2
29748,5.7374377,12.6243,3
29749,4.4916024,10.303298,3
29751,4.018832,9.903094,1
29752,-3.1158834,6.35821,2
29753,-4.4388375,4.23171,0
29754,14.754342,10.67185,3
29755,6.4012547,12.404981,1
29756,8.383608,13.600379,1
29757,6.5776067,11.783999,3
29760,8.254693,10.959698,3
29761,-6.3397336,3.6587052,0
29762,4.5557904,9.372097,1
29763,4.132187,10.386658,4
29764,-2.9553883,5.1436076,0
29766,7.0071354,12.79968,1
29767,7.7369857,-0.5529763,7
29768,-2.9766972,4.975274,0
29770,-5.1807466,3.679699,0
29771,13.762857,11.041131,4
29772,14.107218,11.221141,3
29773,-5.766826,5.897444,2
29774,7.1408195,13.189696,4
29775,7.6100144,12.08038,4
29776,3.5769112,6.2632775,6
29777,9.353634,12.9933195,5
29779,6.9384446,13.411293,4
29780,11.085096,11.949959,7
29782,6.4911294,13.319516,3
29783,8.042963,12.591127,4
29784,-5.4048085,3.9875164,0
29785,-3.5357735,5.0606813,0
29786,-3.4841177,6.7152596,2
29787,10.298961,-0.25577816,1
29789,10.656237,-0.40942568,7
29790,9.726064,13.227706,5
29791,11.517195,10.93066,1
29792,3.2943068,9.606655,4
29794,3.8085198,7.377308,6
29795,4.259864,9.897353,1
29796,-4.0553064,7.1302943,2
29797,5.1776104,6.449,6
29799,10.858192,12.846702,5
29801,3.435398,9.918495,3
29802,11.112379,10.554692,5
29805,-6.5810885,6.4252257,2
29806,4.5226483,10.84005,3
29807,7.5416403,13.628727,1
29808,4.234285,10.641369,3
29809,10.373562,11.26543,6
29810,-3.7494028,6.3112397,2
29811,12.902474,10.383314,4
29812,10.943138,11.257118,4
29814,-5.305913,4.828677,0
29817,13.52269,10.008613,6
29818,4.4426064,7.112495,6
29819,5.1274633,9.75324,3
29820,11.329352,10.540469,6
29822,-6.658368,6.3959765,2
29823,3.2521932,6.704563,6
29824,10.159105,0.3331282,7
29825,-6.181402,3.3588445,0
29826,6.1546826,10.044735,3
29827,6.2685575,13.242954,3
29828,9.861625,13.043383,5
29829,14.39027,10.173297,1
29830,7.858036,-0.3856934,7
29831,3.4434834,7.377731,7
29833,6.9308205,6.3051047,1
29834,-3.6167934,5.2239933,0
29835,-5.156916,6.173966,0
29836,-5.985635,3.3473196,0
29837,11.139337,12.826029,5
29838,7.275252,11.9955435,1
29839,13.610757,9.5388565,6
29840,3.502901,7.2232466,6
29841,11.333439,11.046202,6
29842,-3.1615872,4.558995,0
29843,-5.217105,3.3659248,0
29845,-6.2170897,6.2278028,2
29847,8.78747,12.817526,6
29848,7.4696608,12.571828,1
29849,-6.4738336,6.4440293,2
29850,-3.7939122,5.3935523,0
29851,4.388394,10.529046,3
29852,-5.4837546,6.377022,2
29854,6.8214927,11.46152,6
29855,3.6653018,9.825886,1
29856,-5.4550242,6.066115,2
29857,10.368474,14.098416,5
29858,10.829803,11.180822,6
29859,14.406428,11.512421,3
29860,11.185972,13.512953,5
29865,9.281817,11.785453,6
29866,4.827033,8.399144,4
29869,10.849184,11.224506,4
29872,-5.049235,2.700656,2
29874,9.282196,11.581239,6
29875,-4.997614,3.8602395,0
29876,8.048776,-0.84013325,7
29877,13.871612,10.515711,1
29878,4.5139775,9.874307,4
29879,-5.745814,5.9935055,1
29880,4.833156,9.095031,1
29881,-5.6247187,4.653257,0
29882,9.332079,11.987172,6
29884,6.690221,6.071144,6
29886,7.5003505,13.489932,4
29887,6.9194536,11.233786,1
29889,7.5793095,14.013463,4
29890,7.932692,13.483279,1
29891,9.917183,14.532109,5
29892,-6.205142,6.7769494,2
29893,7.526757,13.041237,4
29894,10.068082,1.0797664,5
29895,11.067464,14.186233,5
29896,7.1953816,6.511688,1
29897,8.837414,10.8482065,6
29899,-4.00823,6.8368406,2
29900,5.557777,12.644674,3
29901,13.422602,10.864949,1
29903,4.1765738,9.817555,3
29904,11.815348,9.617455,6
29905,7.0299582,12.657563,1
29908,11.150197,13.978512,5
29909,10.169337,0.10045725,1
29910,-3.6425488,5.3250556,0
29911,4.470322,10.518421,3
29912,-6.0480814,3.8907688,0
29913,11.064145,8.656219,6
29914,6.975053,11.405555,4
29915,7.404446,11.812404,4
29916,11.033713,14.212564,5
29917,9.506024,11.495917,6
29918,10.855838,-0.19222534,7
29919,-5.7460423,3.3658984,0
29920,4.2838783,6.032387,6
29921,6.73431,11.95128,1
29922,5.7069125,6.820462,6
29923,7.5703177,11.885811,1
29924,8.898439,11.197921,6
29925,6.6279817,9.983695,4
29928,8.644418,12.946191,7
29929,7.8157554,13.375332,4
29930,-5.0592074,2.7229104,2
29932,7.3084383,13.549996,4
29933,-5.5477033,6.094834,2
29935,14.172685,11.203662,3
29936,6.8828864,11.245588,1
29937,14.073561,9.718641,1
29938,8.097823,12.816977,6
29940,6.5849648,13.188938,4
29942,-6.63679,4.2628956,0
29943,3.523191,6.829351,6
29944,-3.107025,7.2609673,2
29945,13.397017,9.827357,6
29946,8.309398,-1.1153128,7
29947,4.5199075,7.2583537,6
29948,10.326222,11.922478,1
29949,7.0843964,12.481043,1
29950,10.53782,0.31990615,7
29951,-3.5154533,5.343246,0
29952,-6.2523017,3.6524024,0
29955,-5.4174414,3.7490337,0
29956,4.946099,10.142217,1
29957,-6.5496635,6.404859,2
29958,10.861663,13.004598,5
29959,3.662991,6.1544003,5
29960,7.684153,6.285424,1
29961,4.283453,7.4315314,6
29962,11.174204,11.6819515,4
29963,3.788103,9.794585,1
29964,14.60708,10.9249,3
29965,13.888471,10.04515,1
29967,6.7315507,13.578074,4
29969,4.8886666,6.4816313,6
29970,6.0763016,9.052029,6
29971,8.198888,13.357776,4
29972,7.554193,11.473103,1
29974,11.066505,12.389054,5
29975,10.797578,0.001029927,7
29977,5.8680196,10.333478,1
29978,-5.099582,2.7092106,0
29979,13.192386,10.055728,6
29981,3.7723954,9.357979,5
29983,11.163241,10.823077,3
29984,11.09627,8.708393,4
29985,3.4183285,6.2627096,6
29986,7.6542892,6.6015964,3
29987,11.304406,10.880785,1
29988,-3.5899425,7.4813466,2
29990,8.254868,11.39443,5
29991,11.655655,11.030092,4
29992,11.669254,9.455294,1
29994,-5.2932534,4.406681,0
29995,9.314136,3.660028,7
29996,-4.3346343,7.016234,2
29997,11.120728,8.776608,6
30001,13.7088175,9.507577,6
30004,10.801866,10.559337,3
30005,6.308664,12.703462,3
30006,8.350033,13.058738,4
30007,10.955749,0.89726985,7
30008,-3.6365077,4.80085,0
30009,-4.103763,6.688118,2
30010,4.1897044,5.947967,6
30011,-6.354702,6.391986,2
30012,-5.0455623,4.1102195,0
30014,9.531939,13.807595,5
30015,7.6077323,-0.8532002,7
30016,13.7898445,9.498823,1
30017,7.8354406,11.44855,6
30018,13.169573,10.600156,1
30020,9.812494,3.0982819,7
30021,10.747767,10.639976,3
30022,-5.681288,4.7505646,0
30023,-3.340292,7.277774,2
30025,13.240934,9.892056,6
30027,5.738741,11.869111,3
30028,8.404394,13.70704,4
30029,-2.9219868,6.66277,2
30031,-5.1506324,6.418919,0
30032,7.126459,12.113354,1
30033,4.3518834,9.303794,4
30034,7.3797393,13.070836,6
30035,-5.486647,4.174487,0
30036,10.693339,0.42076266,7
30037,-5.894758,3.2322524,0
30038,6.5807467,11.671562,4
30039,13.6802635,9.510084,6
30040,5.735336,12.789134,4
30041,-3.1943164,6.0879707,0
30042,-6.0296144,6.638673,2
30043,9.94653,13.214163,5
30044,10.491498,13.184127,5
30045,4.349783,7.2247567,6
30047,4.2695646,6.264957,6
30048,-3.097889,6.3208585,0
30050,8.245824,11.6263075,5
30053,4.3447733,10.310741,3
30054,4.026024,10.757229,3
30055,7.842756,-0.35817027,7
30056,-6.139166,3.267669,0
30059,10.753611,14.903095,5
30060,9.602687,12.081032,6
30062,11.253052,9.163635,5
30064,5.096953,6.818042,6
30065,7.0235696,11.383595,1
30066,-5.817175,5.850172,2
30067,6.7024436,10.399966,6
30068,3.5523887,7.207094,6
30071,11.312013,11.053996,1
30072,8.222463,-0.8776851,7
30073,9.398983,11.410488,6
30074,4.0153866,7.035552,6
30075,4.5539455,7.025763,6
30076,10.45606,0.4402994,7
30077,12.099783,10.828433,3
30079,-6.578503,6.228956,2
30080,-3.3804607,7.333012,2
30081,6.7598925,12.196915,1
30082,4.2705083,5.9952097,6
30083,7.1103964,11.259752,1
30084,14.14041,10.881502,3
30085,13.317424,10.407836,1
30086,9.665468,3.4916964,7
30087,4.6871996,8.812972,1
30088,-3.823348,7.4611683,2
30089,4.385802,9.201596,6
30090,11.0730095,0.42976588,7
30092,7.439833,10.447299,4
30093,3.7524583,7.601719,6
30095,7.8498006,12.119843,1
30096,-5.691503,3.5634596,0
30097,6.0346584,12.632251,3
30098,3.9082875,10.462162,3
30099,-2.9070442,4.837571,0
30101,7.235424,11.303919,1
30102,10.866071,14.746164,5
30103,7.1383147,13.01434,4
30104,-5.6346793,3.7035031,0
30107,9.542476,11.909691,6
30108,6.8375263,11.597264,4
30110,13.373437,10.272548,1
30113,11.2547865,11.238336,6
30114,5.1993937,9.079073,6
30115,5.876905,12.629787,3
30116,3.327373,6.8831024,4
30117,7.6245217,10.541101,4
30118,10.894278,8.619263,6
30119,11.417504,8.963372,6
30120,5.5258603,6.732731,6
30122,3.850846,10.364661,3
30123,5.307359,7.609316,6
30125,-5.885641,4.4005623,0
30126,7.574568,10.713536,5
30127,11.005718,0.9309156,1
30128,7.0610676,10.365294,3
30129,7.5613894,12.440627,1
30130,11.076893,8.679835,4
30131,11.093065,11.238679,3
30133,3.8312771,10.636625,3
30135,8.182713,13.919914,4
30136,-3.8283215,5.3002286,0
30137,7.3645864,13.164162,4
30138,6.8130503,10.6917,3
30139,6.8058043,11.792926,1
30141,-5.728468,3.8060863,0
30142,9.731974,3.3331857,7
30143,5.6643324,10.481003,3
30146,10.542064,14.574311,5
30147,6.827393,13.859821,3
30148,6.316722,12.788507,4
30149,3.3232188,7.0244575,6
30150,6.760234,11.177583,3
30151,6.1247945,11.236968,3
30152,4.9164886,6.441159,6
30153,-3.0089598,7.1201067,2
30154,7.579018,12.756114,4
30155,6.4169946,13.299236,3
30156,6.923528,13.833798,4
30157,5.468808,7.4361463,6
30158,-6.1616244,3.864134,0
30159,14.451281,10.133687,1
30161,7.901433,11.165885,4
30164,13.972595,9.6070595,1
30165,-5.1524014,3.6039453,0
30167,6.217584,9.734519,1
30168,7.229351,11.370864,1
30169,6.131386,12.99054,3
30170,-3.9435616,5.0653677,0
30171,4.4603,9.991329,1
30172,11.951824,11.236639,1
30173,6.3360524,12.066797,3
30174,10.913379,13.663107,5
30175,13.344336,10.627662,1
30176,-6.319338,4.3448205,0
30177,3.2458293,6.286294,6
30178,8.175334,12.302147,0
30179,-6.0775423,4.7282743,0
30180,6.5602775,6.2297635,6
30181,7.5378213,13.706731,4
30184,13.843896,10.717655,1
30185,7.3993306,13.828942,1
30186,-4.9893036,5.2935023,0
30187,6.7540503,11.021058,3
30188,9.535887,2.9544156,7
30189,3.9369504,9.104212,5
30190,7.0628557,13.771967,4
30191,4.889271,9.327756,1
30192,-3.7039604,7.31562,2
30193,4.996761,8.978489,1
30194,3.7892897,7.4590483,6
30195,-3.741057,4.8259587,0
30196,5.791405,12.470047,3
30197,14.311383,9.922014,1
30198,-3.9893546,6.5538864,2
30203,8.300746,13.756399,4
30204,-4.9351172,4.339789,0
30205,8.216864,12.817934,4
30206,6.5778217,10.902836,3
30207,4.4073505,6.226102,6
30208,7.4164615,6.0181203,1
30209,-5.466435,4.486076,0
30211,10.756407,13.675251,5
30213,7.7811723,11.14025,6
30214,7.8348575,-0.62903184,7
30215,10.297038,0.6318281,7
30216,8.172305,13.62216,4
30217,-5.7023425,4.4543047,0
30220,10.826938,15.040986,5
30221,11.025649,11.248798,4
30222,3.4182498,7.059572,6
30223,-4.315034,3.9024065,0
30224,10.115959,14.38398,5
30225,10.930719,13.867006,5
30226,10.168275,13.408743,5
30227,11.450773,11.221804,4
30228,8.110896,11.306137,6
30229,-5.4468083,4.2321787,0
30230,10.901611,12.620333,5
30231,6.2146516,13.290742,3
30232,11.306296,10.609688,6
30233,5.8701277,13.189784,3
30234,10.674373,8.580374,1
30235,8.597145,10.387842,6
30236,14.653717,10.667638,3
30237,3.517361,6.6537285,6
30239,13.552731,10.344113,1
30240,-6.3978343,3.55007,0
30241,8.537478,12.84952,6
30242,9.437118,3.3676455,7
30243,3.8576088,7.168907,1
30244,11.104838,0.13758503,7
30245,6.164672,9.672345,6
30246,10.764695,14.003883,5
30247,-4.1209908,4.667663,0
30250,10.774609,-0.012086,7
30251,8.0546875,-0.7047581,7
30252,5.6609864,10.350067,1
30254,7.233939,11.212484,1
30256,7.606411,13.96248,4
30259,3.4246476,6.9693747,6
30260,3.406813,9.194934,7
30261,4.3564076,10.4092,3
30262,5.7472596,12.95566,3
30263,10.993916,11.544093,6
30264,-4.3222284,4.53624,0
30266,7.311305,11.5607395,1
30267,13.575811,10.181362,6
30268,11.266424,13.726147,5
30269,14.714446,10.644423,3
30270,10.666934,-0.07645108,7
30272,7.993151,-0.52533275,7
30273,-3.1744347,6.14009,2
30275,4.0290833,10.20414,3
30276,-4.7288074,7.234237,2
30277,-5.0485525,6.1027217,2
30278,6.306229,10.111315,1
30279,3.909196,10.386459,4
30280,-6.0074778,3.4621942,0
30282,6.8926783,11.546429,1
30283,-5.386265,7.1551623,2
30284,11.027431,0.93274564,7
30285,9.7930565,13.020366,5
30286,-5.82424,5.439079,0
30287,8.392714,-0.3736771,7
30288,7.2582026,12.567008,1
30289,3.6890538,6.005073,6
30290,10.80601,15.223939,5
30291,4.169872,6.054918,6
30293,3.9324749,9.523122,1
30294,10.672872,13.689053,5
30296,6.5663276,12.02675,3
30297,-5.9551973,3.3658552,0
30298,5.552779,11.831884,3
30300,-6.3048964,3.3790262,0
30301,-5.7616076,4.0276074,0
30302,-2.9712813,7.127682,2
30304,4.8882647,9.942635,3
30305,7.3535547,10.609988,5
30306,10.242531,15.344105,5
30307,-5.9326367,4.7852955,0
30308,10.910955,13.219914,5
30310,5.8038907,13.130366,3
30311,14.391616,10.142556,1
30312,11.188903,0.7240003,7
30313,-5.703751,6.578055,2
30315,6.324493,11.306462,3
30317,5.2393413,7.692536,6
30319,4.8691936,10.590121,3
30320,7.8569317,6.2169523,3
30321,6.8829308,12.609369,4
30322,5.8505464,11.854748,3
30323,13.487131,10.557406,1
30324,6.7789,11.493332,3
30325,13.619556,9.543234,6
30326,-4.81406,7.296099,2
30328,3.7605615,7.131554,6
30329,3.4469223,8.71908,6
30330,4.7075124,10.562136,3
30331,7.4700336,11.826715,4
30332,4.0438204,10.18666,1
30334,10.132815,-0.07350856,7
30335,11.326908,13.222046,6
30336,7.8634377,10.953324,6
30337,3.9457538,9.031373,4
30338,3.883049,10.871392,3
30339,6.858227,12.157093,6
30340,7.1934204,12.527384,6
30342,11.584191,10.980701,3
30343,10.34611,0.16553485,7
30344,11.357619,0.65944654,7
30346,4.406703,6.3943,6
30347,6.7405295,10.03759,4
30348,10.581568,13.4428425,5
30349,5.9470263,12.106969,3
30350,4.6094074,10.51011,3
30351,14.538857,10.659529,3
30354,11.125295,10.19107,1
30355,-5.034517,7.042897,2
30356,-3.1718118,7.0354123,2
30357,9.551472,3.546023,7
30358,10.517584,15.185071,5
30360,-4.4010496,4.1413174,0
30361,-6.1370907,4.2115965,0
30362,5.1498446,6.947715,6
30363,11.053877,0.49570215,7
30365,-6.2386336,3.5730686,0
30366,3.7478948,8.95406,4
30368,6.517193,12.195998,3
30369,4.3852,7.6472325,1
30370,-5.446378,7.2635055,2
30371,11.663805,11.190731,3
30372,7.5627837,6.0107703,1
30373,8.276124,13.32928,4
30374,7.7357326,10.705527,4
30375,10.95729,15.122796,5
30377,-3.010031,4.8174224,0
30378,-3.9296532,4.1382837,0
30379,11.365785,11.461237,6
30382,4.568516,6.9956336,6
30384,10.500154,-0.37008783,7
30385,-4.279955,6.9464254,2
30387,4.104363,10.528715,3
30388,14.163174,9.918499,1
30389,3.6036172,9.714141,4
30391,13.971015,11.3182,3
30392,3.666627,7.3942776,6
30393,7.2741833,11.434883,1
30394,7.3892097,12.610598,4
30395,10.424929,0.8519647,7
30396,3.9029667,10.768451,3
30397,11.321029,13.324017,5
30399,3.7919436,7.2541366,6
30400,3.5772004,7.5400786,6
30401,6.986316,6.358592,1
30403,10.209986,12.805785,5
30404,11.124784,11.380867,1
30405,10.644121,10.870489,6
30406,-3.2711902,6.970083,2
30408,-4.9486923,7.2122407,2
30409,11.014768,0.88956684,7
30410,8.996437,11.039743,6
30412,-2.9503617,6.887701,2
30413,-4.1330767,6.7460303,0
30414,5.676706,10.208718,1
30415,9.64988,14.353697,4
30416,10.990015,10.8587675,4
30417,8.00272,11.6578,1
30418,9.856973,12.6470995,5
30419,-6.1089063,4.483577,0
30421,11.945344,10.774572,5
30422,14.569985,11.353324,3
30423,6.8034897,13.057996,1
30424,10.158259,13.013117,5
30425,11.913193,9.54006,4
30426,-5.472348,3.7762368,0
30427,8.143628,-1.0190531,7
30428,-4.364231,3.934748,0
30429,6.62202,12.153221,3
30430,7.069511,6.1109643,1
30431,7.380881,11.324164,6
30432,11.762689,9.421025,1
30434,14.963854,10.910795,3
30435,10.941883,14.190206,5
30436,7.0278687,13.048419,4
30437,10.830293,-0.33585703,7
30439,7.3459406,13.907268,4
30440,11.421903,8.941999,6
30442,6.035624,11.46751,3
30443,3.250715,6.564245,6
30444,11.905086,10.620593,1
30446,6.0511208,13.131895,3
30447,13.020335,10.2540245,6
30448,-3.0254114,5.264861,0
30449,3.6646743,8.447422,6
30450,10.390273,0.41320935,7
30451,-4.62956,4.391672,0
30452,-5.166497,7.0067983,2
30453,6.900269,10.458903,4
30454,14.058732,10.578905,1
30455,-3.3717592,6.622273,2
30458,3.8917031,9.969207,3
30459,4.783006,10.529645,3
30462,10.008391,13.698883,5
30463,9.859353,3.292357,7
30464,3.5565364,8.861209,6
30465,8.662167,12.8086195,6
30467,13.494974,10.66124,1
30469,5.9770956,12.225906,3
30470,-5.7668967,3.4860282,0
30472,10.228836,14.135049,5
30474,7.475485,10.617216,4
30475,7.4406643,5.9672647,1
30476,3.8185248,9.219544,6
30477,11.563583,9.022694,6
30478,8.191629,11.344266,5
30480,-3.3242383,7.1071134,2
30481,10.790696,14.171637,5
30482,8.025128,12.939246,6
30483,-6.1828628,6.579519,2
30484,12.3639965,9.598764,1
30486,10.236254,-0.23245072,7
30488,-2.898136,5.774752,2
30489,3.296457,9.113506,6
30490,11.121789,13.920074,5
30491,5.1815834,10.455975,3
30492,10.230892,13.829412,5
30493,7.255073,12.007386,1
30494,6.9435883,12.232189,1
30495,8.415999,11.45878,6
30496,7.8665757,-0.3478227,7
30497,-6.381899,3.8009079,0
30498,-6.1541004,5.5341086,2
30499,7.587542,13.41664,4
30500,9.463182,3.4996948,7
30501,11.291194,8.935798,6
30503,7.7892985,11.943495,6
30504,10.492476,13.701387,5
30506,5.119431,8.992029,6
30507,-6.1165633,5.6689262,2
30508,-5.2503567,5.8312554,2
30509,3.8082526,8.373646,5
30511,6.9077115,12.753196,1
30512,10.496205,0.15074143,7
30513,8.461702,11.2289915,4
30514,5.313573,6.691485,6
30515,3.779972,9.808762,1
30516,14.550951,10.20669,1
30517,5.3190475,9.66647,3
30518,6.793333,12.592149,4
30519,8.258314,12.796097,6
30522,3.4907935,9.851474,1
30524,10.872723,-0.15576789,7
30525,-4.112164,4.2063417,0
30527,-5.478859,4.594526,0
30528,5.7123885,12.292314,3
30529,11.38892,8.955949,1
30530,3.501358,6.9870186,6
30531,14.354415,10.108289,4
30532,-2.699042,6.344485,2
30533,-3.3831306,6.6824613,2
30534,-5.5376472,4.440588,0
30535,11.292713,8.969142,6
30536,-6.1397467,5.988789,2
30537,9.158176,12.241001,6
30538,13.669776,9.591835,6
30539,10.152136,14.421727,5
30540,-6.105753,3.276099,0
30541,5.7228823,6.9740925,6
30542,-3.3245335,4.7782507,0
30544,-4.873711,5.4234047,0
30545,10.144002,0.8580957,7
30546,10.440753,14.129035,5
30547,7.8546333,-0.32786658,7
30548,11.054752,11.278817,4
30552,-5.155425,7.376251,2
30553,4.029307,8.715958,6
30554,8.145965,13.680214,4
30555,9.489009,13.606527,5
30556,9.825871,3.0036604,7
30557,-4.0920906,3.7440896,0
30560,13.473415,10.48586,1
30561,7.934821,13.398256,4
30562,11.291336,9.000688,4
30565,-5.4267035,4.3646827,0
30567,8.083692,10.989431,7
30569,4.4287777,9.003302,6
30570,4.1569223,10.272349,3
30572,-6.0680027,6.219165,2
30573,6.266272,12.1017475,1
30574,-3.9085176,6.8036733,2
30577,13.479128,9.683801,6
30578,-4.7267075,3.6745195,0
30579,11.004384,0.511096,7
30580,4.715066,10.288486,3
30581,4.1869664,9.698906,6
30582,4.0759377,7.4861345,6
30583,-5.5782633,6.043993,2
30584,5.2196693,7.960805,6
30585,4.196949,9.133927,1
30586,8.249306,-0.11835818,6
30587,5.093236,6.527102,6
30588,4.601724,8.844429,4
30589,7.4706173,10.5624075,4
30590,4.6923375,8.808244,6
30592,-4.8151035,4.35124,0
30593,6.259904,13.247901,3
30594,7.640175,13.320035,4
30596,7.5976806,12.360421,6
30597,14.845751,11.021047,3
30599,8.344167,-0.1399858,6
30600,7.422205,11.634245,4
30601,11.165248,13.89089,5
30602,-6.1385784,3.6363316,0
30603,-4.163222,3.9752448,0
30604,10.636097,0.21072327,7
30605,-4.4192314,4.1483326,0
30606,-6.141288,6.814102,2
30607,13.380671,9.921702,6
30608,11.294692,8.857835,6
30609,4.4786363,6.207494,6
30610,3.4692307,7.0913944,6
30611,4.2229986,7.421418,6
30612,10.836565,0.9913259,7
30613,9.232719,11.328994,6
30614,9.988217,13.699933,5
30615,11.320994,8.806268,6
30617,13.790632,10.704115,1
30618,10.597518,-0.26020524,7
30619,-5.747111,4.1182823,0
30620,10.785945,12.386942,5
30621,-4.169381,7.021474,2
30623,7.8510528,11.4266405,6
30624,14.259296,11.285469,3
30625,-5.68013,4.986945,0
30626,-6.133287,4.3835216,0
30627,4.1336174,9.073141,6
30628,3.416696,6.9759736,6
30629,-4.9524736,4.201453,0
30630,11.329696,13.911488,5
30633,13.625198,10.67689,1
30634,10.926564,14.886923,5
30637,3.318477,6.898302,6
30638,9.57532,12.008777,6
30639,9.443017,3.3244114,7
30640,8.023278,-0.6566223,7
30641,-4.5434985,4.256699,0
30642,9.645812,12.037885,6
30643,-5.7315564,3.3811495,0
30644,6.597381,12.116846,1
30645,6.5635643,13.0562525,4
30646,7.7221622,10.911524,4
30648,7.4452477,12.841225,1
30651,-5.7166853,4.049513,0
30652,9.833824,3.0320582,7
30653,3.7124095,6.961321,6
30655,-5.3565617,3.856157,0
30656,10.931647,8.555705,6
30658,3.8340602,9.750534,1
30660,11.355406,13.802288,5
30661,-5.0794153,2.6811192,0
30662,10.364263,-0.42122567,7
30663,5.4857793,11.780853,1
30664,-4.084884,4.0044312,0
30665,10.10572,14.672592,5
30666,5.653881,12.584076,3
30667,11.394045,14.537569,5
30669,7.7197237,11.370031,6
30670,-2.9939919,5.128892,0
30671,13.085704,10.213527,5
30672,6.3896585,9.5876665,1
30673,7.723947,11.824108,6
30674,6.455491,11.172618,3
30675,11.02213,0.56243694,7
30676,10.205937,14.991044,5
30677,-5.963597,6.2294035,2
30678,-4.932687,4.437392,0
30679,7.833924,6.638167,3
30680,11.542314,9.01693,1
30681,14.630355,11.280089,3
30682,3.4494236,6.105068,6
30685,10.165914,0.47652665,7
30687,11.407497,13.232652,5
30688,9.277872,3.6542575,7
30689,10.327457,14.678026,5
30690,4.3530846,10.697427,3
30692,3.9248755,9.469697,1
30693,-3.7218463,7.4085846,2
30695,6.2252946,13.343838,4
30696,5.746708,11.455927,3
30697,13.372815,9.830667,1
30698,7.3266582,13.81639,4
30699,11.356031,10.666992,1
30700,7.4570546,12.104793,1
30701,7.608493,13.570184,4
30702,-3.2564766,4.858438,0
30703,6.9805465,10.279433,4
30705,9.857155,2.7152612,3
30706,10.698449,0.86671346,7
30707,10.920347,-0.022289576,7
30708,6.6665044,11.1816025,1
30709,3.9162836,9.435418,6
30710,13.226859,10.082427,6
30711,-5.955586,6.6243052,2
30712,7.963102,6.3372493,3
30713,10.014683,3.0416098,7
30714,-5.646322,5.738559,2
30715,9.25902,3.372358,7
30716,7.950756,6.355952,3
30717,4.2530713,6.445808,6
30718,7.433092,12.562006,1
30719,13.506454,9.677244,6
30720,14.823446,11.187827,3
30722,3.7286856,7.2720027,6
30723,8.391434,12.002839,5
30724,6.4455814,13.292013,3
30725,7.009259,11.2785635,6
30726,-3.1971781,5.0134153,0
30727,-6.239853,6.7353554,2
30728,5.7050567,11.671026,3
30730,14.27535,10.291264,1
30731,4.1970296,9.280406,1
30732,-3.3181646,5.410947,0
30733,5.888155,12.845855,3
30734,-4.868671,5.438769,0
30736,6.774359,12.334926,1
30737,7.2444844,10.488249,6
30739,6.3246064,13.081779,3
30740,7.493104,5.9198966,1
30741,11.071895,9.127157,4
30742,6.1861305,13.048412,3
30743,5.818064,12.210159,3
30744,7.7975864,6.602465,3
30745,6.1473184,11.917182,3
30747,6.516909,11.431981,3
30748,9.963835,0.33345133,7
30749,13.453978,9.589144,6
30751,-6.513615,6.5111103,2
30753,11.447806,10.614616,1
30754,10.022434,0.5994697,5
30755,10.940563,0.11143187,7
30756,3.8877804,6.172124,6
30757,3.3721836,10.140442,4
30758,10.66363,11.798481,5
30760,6.006487,12.100945,3
30762,10.619807,-0.47304848,6
30763,4.484637,10.331326,3
30764,-3.6458137,7.0706863,2
30767,3.857916,10.209497,3
30770,-3.6548176,5.2285943,0
30771,-5.3761334,6.749816,2
30772,11.798195,9.616224,4
30774,13.869687,9.534143,6
30775,3.8037589,10.69023,3
30776,10.952563,13.50985,5
30777,11.35376,9.009326,3
30778,-5.4449105,4.7690663,0
30780,7.0258713,12.054461,1
30781,3.7461398,9.697018,1
30782,10.595912,13.191248,5
30783,-5.8587847,4.3006077,0
30784,-6.0307374,6.9317865,2
30786,5.660493,11.943398,3
30787,7.6624794,11.620827,1
30789,-3.078483,5.478387,0
30790,13.581059,9.55476,6
30791,10.054698,3.1165185,7
30792,13.31048,10.600494,1
30794,10.9513645,11.191331,1
30795,6.5629888,6.2150545,6
30796,11.428489,13.778623,5
30797,-5.5110373,4.2558618,0
30798,11.065324,11.414276,4
30799,4.455465,7.0101457,6
30801,6.868935,11.538927,1
30802,14.604201,11.2413,3
30803,4.139004,10.908601,3
30804,13.385034,9.789498,6
30805,4.5310903,10.496102,3
30809,5.7349267,8.275033,6
30810,7.216271,11.648241,1
30813,11.149959,11.391849,4
30814,6.0458198,9.253666,6
30815,11.356036,14.039029,5
30816,-5.655029,3.880697,0
30817,4.4323473,10.835565,3
30818,-3.6657202,5.0550623,0
30820,-5.6123996,3.442726,0
30821,6.669098,6.2226844,7
30822,6.691974,6.075759,6
30823,4.832718,8.895172,6
30825,4.2340784,7.157248,6
30827,14.979317,10.90368,3
30829,-6.191177,6.8655567,2
30830,-6.3872976,6.3890395,2
30831,11.398791,10.627991,6
30832,-4.519468,4.3777614,0
30833,3.8406622,6.683621,6
30834,-3.515127,7.4680333,2
30836,7.2912693,10.957025,4
30837,-6.0546975,5.858326,2
30839,-3.2849486,4.396627,0
30840,10.912866,10.924103,3
30841,11.188057,13.894945,5
30843,10.545524,15.066752,5
30844,-4.049487,3.6925871,0
30845,6.4219556,10.228532,6
30846,10.5042925,-0.09491933,7
30847,10.353052,12.7632885,7
30848,7.857331,12.028888,1
30849,11.135631,13.549299,5
30850,10.772057,12.447279,5
30852,13.740336,9.598012,6
30853,-5.699874,5.5636954,2
30854,14.8129015,11.077024,3
30856,9.234827,11.997746,6
30858,3.650224,9.263967,4
30859,11.37027,8.983805,6
30860,6.8396306,12.79567,1
30861,4.197438,6.912875,6
30862,-6.019744,3.4514613,0
30864,11.288142,0.33102036,7
30865,7.020133,11.963336,1
30869,-5.3175526,4.0898247,0
30870,14.627688,11.358516,3
30872,-5.7119713,3.8705947,0
30873,9.475847,3.4941673,7
30877,8.088869,12.238367,4
30878,6.5253234,10.343584,6
30881,5.258769,6.6357727,6
30882,11.017352,11.887117,1
30884,6.885288,12.092471,1
30885,4.21778,9.234302,4
30886,3.9252062,8.942574,5
30887,-4.4111714,4.2679152,0
30888,9.300828,3.5895839,7
30889,8.971602,11.236451,2
30890,5.221602,6.6237397,6
30891,6.886199,6.074839,1
30892,4.052536,6.959525,6
30893,4.1018486,9.857114,1
30895,8.201359,-0.17905857,7
30896,-3.6881008,6.7067947,2
30897,4.907257,10.091159,3
30898,10.892872,10.623762,1
30899,5.3704467,10.675758,3
30900,7.503237,11.394452,6
30901,8.080796,-0.87765807,7
30904,13.808648,10.151341,1
30906,10.524155,-0.3052229,7
30907,-5.355916,7.2593293,2
30908,-4.8902454,5.37354,0
30909,10.452642,10.656973,3
30910,6.101667,9.053838,6
30911,11.215816,13.67572,5
30912,3.9736083,10.6568985,3
30913,7.8764462,6.4152246,3
30914,7.837391,12.303293,4
30915,14.511877,10.675777,3
30916,-5.8343563,3.3686206,0
30917,10.851833,0.78144807,7
30918,-2.8941276,6.9943824,2
30919,5.7441607,12.46704,3
30920,10.556343,0.996933,7
30921,5.750439,10.431164,1
30922,3.7653866,9.189001,6
30925,11.133543,14.573979,5
30926,3.7966425,7.5058255,6
30927,10.702948,0.39197934,7
30928,9.238627,3.6692855,7
30929,11.113937,14.018511,5
30930,14.691475,11.267653,3
30932,5.1733127,9.387734,1
30933,14.460806,10.189275,1
30935,6.2414155,13.124441,4
30937,5.6574063,12.376378,3
30939,5.930995,6.876393,1
30940,9.14036,12.027423,6
30941,7.6085024,6.6148653,3
30942,10.225831,0.20939454,7
30943,6.561907,11.778362,1
30944,13.569138,10.570076,1
30945,4.2487926,5.9228325,6
30947,-3.4849048,5.287123,0
30949,6.5705366,10.888226,1
30950,4.0832376,10.136605,3
30951,4.798729,6.292737,6
30952,14.137795,9.83625,1
30954,10.773341,15.155381,5
30955,5.9600496,12.472082,3
30956,3.8664773,9.150574,1
30957,10.303251,0.013899071,7
30960,5.892797,8.886241,6
30961,11.130277,10.6836815,1
30962,-3.3332179,7.0187035,2
30963,11.314329,14.311834,5
30964,10.688818,14.913088,5
30966,3.3799446,9.7819395,1
30967,11.247206,14.725719,5
30968,10.662167,10.839414,1
30969,-5.7773466,6.7665234,2
30971,10.766659,14.288622,5
30972,11.329915,13.746312,5
30973,-2.7007093,4.895528,0
30974,5.6880183,11.603016,3
30975,6.765291,11.236825,4
30977,11.388986,8.942457,4
30979,10.66097,-0.24231979,7
30980,-5.9348254,3.7851145,0
30981,6.943156,12.577172,1
30982,6.963347,12.248932,1
30983,6.8212214,11.299812,3
30984,4.3193007,10.841609,3
30985,7.9705997,-0.36500803,7
30986,10.4041605,13.549291,5
30987,10.705287,14.592325,5
30988,7.356284,6.48049,1
30989,3.5360572,7.1371493,6
30990,10.57993,11.121503,4
30991,-4.29535,4.387668,0
30992,10.478694,13.582414,5
30993,5.1105833,10.741988,3
30994,6.7384996,12.099027,1
30996,3.8450322,6.778067,6
30997,10.106013,1.1122235,5
31000,6.1493406,12.618512,3
31001,-4.218338,7.2863994,2
31002,7.14024,11.702009,1
31003,6.867939,12.238737,1
31004,-6.2214065,6.6745467,2
31006,-5.565761,3.6207535,0
31007,-3.7384837,6.441467,2
31008,11.984591,10.839582,3
31009,6.973437,12.032062,1
31010,5.8855352,12.167717,3
31012,11.152412,11.187231,4
31014,9.048525,3.6221602,7
31016,3.6395082,6.3061533,6
31017,14.64306,10.511047,3
31018,5.6954374,12.770355,3
31019,13.561601,10.099526,1
31020,6.082373,9.110695,6
31021,-5.536155,6.4920645,2
31022,10.951653,10.717077,6
31023,8.265157,-1.0605055,7
31027,14.127515,11.322939,3
31028,8.299366,-1.1298779,7
31029,10.571933,-0.23283899,7
31031,9.571768,11.8536415,6
31032,14.515492,10.593989,3
31033,6.373587,12.552223,3
31034,11.284034,8.837538,6
31035,11.609128,9.37502,1
31036,6.164239,12.638025,3
31037,14.7497225,11.132792,3
31038,11.092665,11.03932,4
31039,-2.833796,5.1495204,0
31040,14.677773,11.330068,3
31042,5.7808456,11.6658535,3
31044,7.1688814,12.482007,1
31047,10.353192,14.588323,1
31048,7.430951,11.699512,1
31049,4.9975696,6.5089545,6
31054,10.550607,13.131885,5
31056,8.365577,13.5304785,4
31057,5.065719,7.727847,6
31058,10.729683,0.10004549,7
31059,3.9423916,7.339034,6
31060,6.706179,12.322711,1
31061,-4.9832067,3.9352682,0
31062,6.0064874,11.447164,3
31063,13.666707,9.976806,1
31064,-4.972383,3.7896748,0
31065,3.4141219,6.8233094,6
31066,7.121382,12.262751,1
31067,8.134947,12.071906,6
31068,7.820686,13.413328,1
31069,11.116373,8.797866,6
31070,5.6982718,6.8014336,6
31071,5.6411204,6.808759,6
31072,3.5315976,6.293466,6
31073,5.048232,7.795013,6
31074,10.672582,14.856962,5
31075,-5.1255207,3.4013443,0
31077,12.181822,9.520941,1
31078,7.5785384,11.689782,1
31079,9.6022415,3.49458,7
31080,5.297332,9.18172,5
31081,3.7678964,7.336696,6
31082,8.218686,11.919285,1
31083,10.651633,8.389881,6
31084,7.9120917,6.428267,3
31085,-3.3065238,4.93987,0
31086,6.782593,11.627338,1
31087,11.025729,8.672075,4
31088,5.2007427,9.598375,1
31089,4.988544,7.0904136,6
31090,11.304905,0.7639681,7
31091,10.821383,8.4804125,6
31092,7.3458924,12.19713,1
31093,9.299195,12.043052,6
31096,-5.3958073,4.191494,0
31097,10.8771105,0.9850241,7
31098,10.943093,11.604241,4
31099,-6.5743647,6.2719507,2
31100,-4.706344,4.241437,0
31101,3.3526032,6.5456758,6
31102,-3.826942,4.3578343,0
31103,10.305116,0.61903703,7
31104,-5.434272,4.743898,0
31105,4.379869,6.3237567,6
31107,11.382297,8.882503,6
31108,3.392467,6.881698,6
31109,-3.0950193,4.7813745,0
31110,6.7111254,11.092399,1
31111,4.597111,6.447724,6
31112,7.3190618,13.27106,1
31113,4.0002522,7.0507503,6
31114,11.10391,8.67162,1
31115,-5.896941,4.2058597,0
31116,-6.0020967,4.0641747,0
31117,7.850256,12.001887,6
31118,13.475213,10.772737,1
31119,11.720866,10.909738,3
31121,8.179568,12.583094,6
31122,6.7786016,11.036051,3
31123,4.1374464,10.176127,3
31125,4.9192486,7.034246,6
31126,3.5638337,6.644297,6
31127,-5.752279,5.8237696,2
31128,8.351607,-1.0426437,7
31129,11.456129,13.875564,5
31132,6.148613,10.191137,1
31133,10.899463,11.727614,5
31136,-5.2943997,7.268259,2
31137,-6.6043286,6.481823,2
31138,3.656207,7.366315,6
31139,-3.998184,6.636988,2
31140,-3.184136,4.803025,0
31141,4.24702,7.1596456,6
31142,8.234253,12.4824095,4
31144,13.688492,9.49661,6
31145,4.264885,7.0769215,6
31146,-4.193325,3.975221,0
31147,-5.6839514,4.400703,0
31148,11.314553,11.568,6
31150,5.766967,11.955025,3
31151,-6.463073,4.143013,0
31152,7.8691187,12.547635,6
31153,5.802757,10.556511,1
31154,-6.635129,6.301284,0
31155,4.1013765,6.4697576,6
31157,6.954677,12.182391,1
31158,-5.4112554,4.4682665,0
31159,7.7888,11.660597,6
31160,-3.3263533,4.919921,0
31162,-5.0519986,2.6679823,0
31163,3.2983983,6.548615,6
31164,6.3867936,11.772591,1
31166,4.9055414,10.316844,4
31167,4.5289903,9.018171,6
31168,4.668335,10.733139,3
31169,14.129968,11.214339,3
31170,7.8432918,11.27639,6
31172,3.7809005,10.371934,3
31173,-4.6034155,3.7851572,0
31174,9.771395,3.3461843,7
31175,9.085431,12.962754,5
31176,11.611844,9.517414,4
31177,-5.30406,7.2515078,2
31178,6.51968,13.475465,1
31179,4.939508,10.324997,3
31180,11.070375,11.368347,4
31181,-5.0570383,4.211498,0
31183,-5.7776504,7.0334687,2
31184,7.475331,13.543835,4
31185,-6.4018626,4.239744,0
31186,9.908731,3.097143,7
31188,6.8445363,12.868457,1
31189,9.490234,11.65174,6
31190,10.402484,0.72754836,7
31191,6.6886306,12.451887,4
31193,10.732222,13.258619,5
31195,6.7016187,12.073489,1
31196,10.455674,15.154743,5
31197,10.91154,10.784394,3
31198,10.971278,13.090407,5
31199,11.025442,8.550789,6
31200,14.353017,9.864943,1
31201,8.048918,-0.70344275,7
31202,-6.402298,4.1191993,0
31203,10.634307,13.747036,5
31204,8.254833,12.873407,7
31205,-3.9021976,6.581355,2
31206,3.9037135,9.849169,1
31207,14.798946,11.127222,3
31208,6.1820407,10.348741,3
31209,7.345695,11.648027,1
31210,-4.6898413,7.2086244,2
31211,10.707211,14.1079235,5
31212,7.696321,6.0679092,1
31213,-6.515573,4.3841867,0
31214,4.7577615,8.77494,5
31215,10.214972,-0.4057698,7
31216,-6.0500336,5.629345,2
31217,7.8559065,6.372708,3
31219,11.440469,8.922102,1
31220,-5.58144,3.6334865,0
31222,-3.5004976,6.6383753,2
31223,14.878749,11.085914,3
31224,7.127118,12.566142,1
31225,-3.625391,6.4973526,2
31226,9.546446,12.09826,6
31227,10.928655,13.763764,7
31228,7.9547844,-0.52640784,7
31229,6.665808,13.567283,3
31231,6.6780033,10.043974,4
31233,4.870591,6.699295,6
31235,6.730725,13.620351,3
31237,11.215457,10.880686,3
31239,5.540913,11.528246,1
31240,13.589134,10.695734,1
31241,6.8937683,12.127573,1
31242,10.52709,14.415301,5
31243,7.458922,11.859407,4
31244,9.249108,12.139418,6
31245,5.162551,9.249907,6
31246,3.6622593,7.3828783,6
31247,-3.113142,5.330025,0
31248,10.723539,-0.38503835,7
31249,4.896014,11.058163,3
31251,6.7892723,10.12546,4
31253,-2.810394,4.8374324,0
31254,6.0774813,10.965719,1
31255,6.450402,13.158438,3
31256,-4.75542,4.0699544,0
31257,7.892516,-0.40372822,7
31258,11.496855,10.970976,3
31260,5.615915,12.268285,3
31261,11.406599,0.56035477,7
31262,-5.888608,6.152361,2
31264,6.6761956,10.789041,1
31265,3.9062388,9.151157,1
31266,8.14801,-0.9652078,7
31267,-4.689332,7.3870263,2
31268,14.423065,11.459586,3
31269,-4.475084,3.6552546,0
31270,-3.3990028,7.393738,2
31271,8.597738,10.832143,6
31272,4.7458262,6.7859917,6
31273,-3.9681349,6.6190786,2
31274,-4.8231297,3.6532655,0
31275,6.6269426,12.9229,1
31276,-3.1595292,7.0760508,2
31277,-6.170581,3.6299431,0
31278,-5.852864,5.868804,2
31279,13.181015,11.114239,4
31280,8.885465,13.02353,5
31281,3.6043596,6.832058,6
31283,7.022089,11.978826,1
31284,13.7653475,9.714025,7
31285,7.9114084,-0.6771829,7
31286,11.447161,11.389466,4
31287,8.4817915,12.913566,5
31290,-6.3739424,4.132406,0
31291,4.978672,6.552501,6
31292,11.351551,0.8097151,7
31294,4.458777,6.192451,5
31295,4.2053957,7.204769,6
31297,11.252933,9.42077,5
31298,10.895662,13.302806,5
31299,6.3553433,10.191804,3
31300,-6.052189,3.5514085,0
31301,-6.483723,4.350426,0
31303,-6.0536275,6.2791157,2
31304,13.945296,9.643429,1
31305,10.6646,10.939525,1
31307,6.68538,11.72335,1
31309,6.756113,6.0048094,6
31310,8.672024,12.163216,6
31312,10.239339,13.580501,1
31313,6.869219,12.278183,1
31314,13.3828945,11.0371895,3
31317,5.1244154,6.5420685,6
31318,10.291295,15.041731,6
31320,6.062212,12.779941,3
31321,9.908302,14.546051,5
31322,6.505659,11.275729,3
31323,10.904123,13.577972,5
31324,-6.4468975,4.1857996,0
31325,11.253285,10.648033,1
31326,7.8247676,6.609528,3
31327,-3.3709362,5.5042176,0
31328,6.203351,9.694477,4
31329,11.000799,8.689417,6
31330,12.187394,9.502947,6
31332,4.5786734,10.457211,3
31333,3.654,9.914244,4
31334,5.576891,7.0388937,6
31335,8.157958,-0.18338326,4
31336,14.230419,10.025,1
31339,-5.614802,5.1106067,0
31341,10.32047,13.42287,5
31342,-4.9952455,7.5831666,2
31344,11.427088,13.257135,5
31345,-6.110178,6.6176443,2
31346,14.553079,11.398949,3
31347,11.0358095,0.9248404,7
31348,-4.4009247,4.0422235,0
31349,6.544999,11.875512,1
31350,3.9545627,7.167977,6
31352,6.915721,10.6748705,1
31353,14.081801,9.781467,4
31355,6.494514,10.049859,1
31356,6.4130983,10.05993,4
31357,4.9656134,7.378557,6
31359,9.979173,1.1201943,5
31360,13.67008,10.390571,1
31362,-6.219085,6.2297907,2
31363,3.378027,7.2893467,6
31364,6.440062,11.539908,1
31365,4.7118793,6.810471,6
31367,7.094151,11.295351,1
31368,-3.1392348,7.3006525,2
31369,4.5536056,6.3871646,6
31371,10.941141,14.048592,5
31372,7.524247,11.050869,1
31374,7.3051486,12.761257,4
31375,10.704086,0.004742003,7
31377,5.0004845,9.453035,1
31378,3.9729712,9.159741,6
31379,-3.5579317,7.1087313,2
31380,4.4472947,10.83853,3
31381,3.555149,10.214622,3
31383,9.016872,11.809317,6
31384,3.8800094,6.2250137,6
31385,-5.1259804,7.4235682,2
31387,4.9125047,9.554643,1
31388,11.319532,0.7819188,7
31390,3.4610305,8.296219,5
31391,6.4221926,12.502293,4
31393,8.629231,13.210694,4
31394,-3.401548,5.1418514,0
31395,9.549119,3.1450603,7
31396,11.697956,9.59788,5
31397,6.463922,12.254374,1
31398,-4.20856,3.7154624,0
31399,6.522454,12.507389,1
31400,7.5714903,12.904353,1
31401,8.088048,-0.9219945,7
31402,3.228069,9.136506,4
31403,5.609479,12.364498,3
31404,7.1384935,11.296197,6
31405,6.9023123,6.3099356,1
31406,-4.307034,4.13728,0
31407,8.195923,12.436157,6
31408,4.743003,6.248829,6
31409,11.64884,10.506941,5
31410,9.893341,12.657856,6
31411,4.1917467,6.0563145,6
31412,7.54497,12.154253,1
31413,14.482433,11.459976,3
31415,3.5068867,6.679805,6
31416,13.765503,9.784616,1
31417,8.832636,11.20166,6
31418,14.4742365,10.110768,1
31419,13.954944,11.098159,3
31420,9.59443,3.0798361,7
31421,8.022371,-0.22601646,7
31422,10.802578,13.114991,5
31423,9.376447,11.900088,6
31424,-3.1585598,4.8836546,0
31425,10.279985,15.140776,4
31426,3.7677467,7.0936,6
31429,7.6234264,6.3084526,3
31431,3.9089937,6.177776,6
31432,4.640069,9.456344,1
31433,8.11056,12.131081,6
31435,13.318974,9.84172,1
31436,5.6909394,6.7615,6
31438,7.5096283,-0.932787,7
31439,9.456675,12.012764,6
31441,11.13941,13.214305,5
31442,-2.9912877,6.8686366,2
31444,9.543973,13.612969,5
31445,-6.223504,4.0803056,0
31446,4.240671,9.677904,1
31448,7.768972,6.573738,3
31450,3.3470106,7.0378594,6
31451,6.1943593,12.606126,3
31453,11.198593,13.154686,5
31454,10.026326,14.446425,5
31455,9.072893,13.051842,5
31457,-3.8592775,6.9465046,2
31458,13.407858,10.371034,4
31459,10.986497,-0.2152191,7
31460,10.036031,14.614915,5
31461,4.1993065,6.504854,1
31463,-5.9601874,5.930563,2
31464,-4.02806,4.2510157,0
31465,3.528074,7.0372314,6
31466,-3.087831,6.792361,2
31467,3.2165868,6.3892913,6
31468,3.9530697,9.476461,1
31469,4.149335,9.088094,4
31470,6.670034,12.173021,3
31471,11.827209,10.86676,3
31472,7.431911,13.344738,4
31473,7.9511075,11.8724985,6
31474,10.127381,13.5226345,5
31475,-5.136452,3.9155264,0
31476,10.727876,1.0831636,1
31478,3.8854673,9.028048,6
31479,6.1675253,12.015769,3
31480,7.7027936,11.4872265,1
31481,3.6619372,7.095021,6
31482,-3.4069917,7.3677144,2
31483,6.259244,12.142972,3
31485,3.4714925,10.436003,3
31486,-5.3598123,7.278791,2
31487,7.0668488,13.79979,4
31488,-3.3056226,6.707803,2
31489,8.081303,12.889122,4
31490,-3.8522086,7.2336497,2
31491,10.918404,14.855017,5
31492,8.263248,-0.10980307,7
31493,7.437769,13.930657,4
31494,10.685151,15.021686,5
31495,10.957405,12.891088,5
31496,6.706665,12.66213,1
31497,-4.5018883,7.035589,2
31498,8.175207,13.772878,4
31499,5.0570083,7.379944,6
31502,8.546083,12.516304,4
31504,-6.3602934,6.1899204,2
31506,-5.72934,5.223284,2
31507,6.3127904,10.299252,6
31508,8.113096,-1.0305358,7
31509,9.279668,11.431508,6
31510,-3.6329648,6.420803,2
31511,5.458309,10.321012,1
31512,5.3491936,10.614077,1
31513,7.835965,11.382545,6
31515,4.050291,9.733653,1
31516,-6.1552415,3.2455363,0
31517,6.1882663,12.84029,3
31519,3.3943422,6.884907,6
31520,-5.725529,6.491428,2
31521,8.071589,-0.504111,7
31522,9.525716,12.011276,6
31524,6.4986033,13.680486,3
31525,-2.7464998,4.9358754,0
31526,-3.3641279,7.113589,2
31527,10.37332,-0.19537318,7
31528,4.1099343,5.9290295,6
31530,7.1625533,10.721348,4
31531,10.866182,-0.2806528,7
31532,14.482075,10.175374,1
31533,4.420436,6.1886034,0
31535,5.9511533,10.840579,1
31536,8.0953865,-0.52466756,7
31537,11.176729,14.15014,5
31538,5.830206,11.067141,3
31539,-4.2571583,7.0045567,2
31540,-5.5694895,6.7124476,2
31541,7.8291883,13.189923,4
31542,7.509573,13.379025,1
31543,7.0981355,13.645388,1
31544,10.713653,-0.30568612,7
31545,14.5803385,10.61566,3
31547,4.8137627,10.643708,3
31548,-6.2529206,3.3373501,0
31549,3.7383578,9.320853,1
31552,-5.7327213,5.943132,2
31553,-5.550385,6.0417075,2
31554,-3.1639957,6.358583,2
31555,-4.9009542,4.299078,0
31556,-5.2137465,3.5003579,0
31557,10.176433,15.168762,5
31558,10.913592,8.924225,4
31559,4.9992256,6.625983,6
31560,-5.5031447,6.4430366,2
31561,13.420318,10.814597,1
31562,13.154485,10.036305,6
31563,5.653866,12.095662,3
31564,3.156285,9.351464,4
31565,8.822007,10.794918,6
31566,14.1844,11.1453905,3
31567,4.4790998,10.470753,3
31568,-3.787774,7.1610165,2
31569,-5.870577,3.5171244,0
31570,-5.277953,6.647641,2
31571,7.1480947,12.522744,4
31572,4.4978127,10.324008,1
31573,7.689629,11.143935,6
31574,13.699655,9.564327,6
31576,11.351828,14.711321,5
31577,6.210878,12.261445,3
31579,5.224655,9.33433,4
31580,-4.4254036,7.1949177,2
31581,6.821372,6.3202066,1
31582,3.293256,7.046812,6
31584,7.3313327,13.947608,1
31587,8.47218,13.352864,5
31588,8.195904,-0.22303118,7
31589,4.3342943,9.037156,4
31590,8.324349,12.672044,6
31592,14.003395,9.836351,1
31593,6.3927426,10.278537,1
31594,-5.7509828,3.6780915,0
31595,3.5623732,6.978079,6
31596,14.938815,11.07017,3
31597,10.46251,15.088676,5
31598,11.355809,10.929569,3
31600,-3.9685519,4.151058,0
31601,-3.2624943,6.811019,2
31603,-6.0934343,3.3988712,0
31605,14.192896,10.426035,1
31606,7.972363,12.324509,4
31607,7.3578897,10.33801,6
31608,7.743627,12.512709,5
31610,6.470581,11.798499,1
31611,10.433044,14.019705,5
31612,-5.9491506,6.91105,2
31613,7.1428776,10.836802,6
31614,13.457515,9.997566,6
31615,11.215432,8.850912,4
31616,11.454759,0.58152556,7
31617,4.187636,9.191595,4
31618,3.7499151,6.5968695,6
31619,-4.893727,7.1874576,2
31620,-3.0517688,5.449862,0
31621,10.847205,13.196955,5
31622,3.6659212,8.64061,6
31623,8.155403,13.686013,4
31624,-3.877635,7.2706013,2
31625,13.754493,10.298569,1
31626,-6.1626654,6.4424686,2
31627,10.871177,0.57836974,7
31628,10.877687,13.730974,5
31631,5.6418986,7.287931,6
31632,6.054483,11.117126,3
31634,-5.858701,6.0559626,2
31635,14.358633,11.596548,3
31637,7.8712068,12.027489,1
31638,14.035891,11.211019,3
31639,6.996681,10.77371,4
31641,4.28138,10.537928,3
31642,8.824223,11.472452,6
31643,3.981993,9.480538,1
31644,-6.1084194,6.598672,2
31645,-5.9146013,4.3331203,0
31646,10.930878,8.708744,4
31647,-5.619162,6.5994296,2
31648,7.505217,13.436718,4
31649,6.153143,12.6618,3
31650,11.22508,13.939443,5
31651,6.8912005,10.711293,3
31652,-2.9147737,6.879814,2
31653,4.1511497,7.1091943,6
31654,9.333315,11.613778,6
31656,14.407347,11.565919,3
31657,11.460453,0.6154751,7
31658,4.076022,6.466933,6
31659,3.6717362,9.466224,4
31660,-5.2695193,6.30412,2
31661,6.450884,13.148281,4
31662,-3.9773912,3.936767,0
31663,-4.9204125,4.21753,0
31664,13.34698,9.977281,6
31665,-6.3038793,4.351826,0
31666,-4.081398,6.59308,0
31667,4.6464443,6.6296396,6
31668,4.2996716,9.142442,6
31670,11.250756,14.04798,5
31671,10.515813,15.056787,5
31672,10.332509,0.60761684,7
31673,11.292661,0.6576692,7
31674,8.0880995,10.836847,4
31675,14.926154,11.125438,3
31676,8.2012205,13.540313,4
31677,4.9025373,6.4064837,6
31678,11.110402,8.699859,6
31679,7.027003,13.094942,1
31680,13.839242,10.4739065,1
31681,10.860019,10.704865,3
31682,-5.4917703,5.945228,2
31683,7.587447,6.206168,1
31684,-3.4674804,6.341124,2
31685,10.925761,0.4405209,7
31686,7.162998,12.296378,1
31687,-3.2874796,7.2940445,2
31688,6.625368,11.225415,6
31690,11.413029,9.034636,6
31691,7.716864,11.98769,4
31692,4.649849,6.433719,6
31693,10.999969,14.894376,5
31694,13.583952,10.814517,1
31695,3.4693708,8.716929,6
31696,13.243129,10.546901,1
31697,6.1575375,11.657272,3
31699,4.166361,6.1175156,6
31700,-4.448127,4.124042,0
31701,-3.8605123,6.751785,2
31702,14.338773,10.360146,1
31703,9.521346,3.200726,1
31704,8.202316,-1.0726035,7
31705,14.4933605,10.926763,3
31706,-3.0470002,7.03024,2
31707,9.922001,14.65166,5
31708,6.928588,12.083513,4
31709,7.9329305,12.143242,6
31710,-5.9397855,4.320902,0
31712,10.104187,3.078639,7
31713,4.838412,9.880654,1
31714,8.279052,11.60515,6
31715,4.1377053,10.38558,4
31716,11.263021,8.834733,6
31717,3.6775243,6.4811296,6
31718,5.798634,12.338224,3
31719,10.540756,14.906466,5
31720,8.1280155,13.088872,4
31721,7.5845366,12.739856,4
31722,7.884819,-0.32575914,7
31723,10.934309,0.7298762,7
31724,4.2128654,6.027319,6
31726,-6.1740847,4.419962,0
31727,-5.7025504,5.041203,0
31729,-5.659504,3.8130887,0
31730,3.6890557,6.310042,6
31731,4.423819,10.330637,3
31732,6.736507,6.0168633,6
31733,10.175421,14.9437065,6
31734,10.040715,14.994316,5
31736,-6.11987,4.102691,0
31737,-5.5365324,4.913143,0
31738,11.232777,14.19079,5
31739,11.156458,0.59597856,7
31741,5.782174,12.971612,3
31742,-6.0974097,3.770051,0
31743,11.79748,10.605626,1
31744,7.458249,12.933273,1
31746,7.3182616,10.809591,4
31747,5.3141427,7.4224524,6
31748,4.0943637,7.6782174,6
31750,8.500127,12.8286295,6
31751,6.795322,5.967746,7
31752,-4.16817,4.0729976,0
31754,-3.4818947,6.503048,2
31755,3.1674924,6.7743998,6
31756,10.781827,0.22743559,7
31757,4.196546,10.521542,3
31758,10.438319,-0.47131526,7
31759,-6.609072,6.3096356,2
31760,-5.1388392,4.600904,0
31761,-5.4602213,5.7851915,2
31762,11.811034,9.652582,4
31763,10.654017,13.863994,5
31765,7.803827,-0.8416374,7
31766,-6.113377,5.611042,2
31767,-5.962595,6.7603564,2
31768,3.5908997,9.383029,1
31770,13.581966,9.680989,4
31771,4.3628745,9.799434,1
31772,3.6279798,9.332593,4
31773,6.55641,10.356942,6
31775,-6.483265,4.396587,0
31776,11.652148,11.043898,4
31778,4.763568,9.474411,1
31779,6.1583037,6.7523117,6
31780,8.960927,11.023073,5
31781,-4.507594,3.771596,0
31782,14.959226,11.061481,3
31783,8.680284,10.489223,6
31784,11.374572,0.72870845,7
31785,11.086621,14.372109,5
31786,10.606019,13.798275,5
31787,10.312864,1.0025351,7
31788,5.10986,10.409681,1
31789,10.028081,13.457695,5
31790,10.6598835,-0.15610693,7
31793,6.2944903,11.375841,1
31794,7.0329823,10.534234,6
31797,5.7599792,11.617269,3
31800,8.641165,13.542862,5
31801,7.570293,11.034294,4
31802,10.834027,-0.013241925,7
31803,3.5753806,6.8370137,6
31804,7.5883403,5.925527,7
31807,3.4601276,7.2052474,6
31808,9.487948,12.040005,6
31809,13.292791,10.740513,1
31810,8.428584,13.633158,4
31811,14.481082,10.558683,1
31812,8.2193365,12.855315,6
31813,8.361833,10.620265,1
31814,-6.1723833,6.250172,2
31815,6.6654396,13.070741,3
31817,-5.7259097,4.304313,0
31818,14.362024,10.617961,3
31819,6.2850776,12.148082,3
31821,11.842366,10.487346,1
31822,10.268683,13.423685,5
31823,-2.7519808,5.4643803,0
31824,4.1796513,6.0208693,6
31826,4.7784224,6.5953097,1
31827,-3.3296587,5.198677,0
31828,-5.169494,7.2969475,2
31829,-5.3513665,4.796564,0
31830,10.954217,15.044108,5
31831,-3.027368,6.8713927,2
31832,3.4045558,7.2496753,6
31833,-3.798812,7.2972927,2
31834,6.3197746,13.393776,4
31835,5.5168056,6.809462,6
31836,-3.6664987,7.1382923,2
31838,7.9953213,11.978978,6
31839,13.762221,9.54592,1
31840,5.9174113,11.645334,3
31841,14.592096,11.462307,3
31842,-3.4291115,5.2571144,0
31843,9.195594,11.423269,6
31844,-4.0220494,6.5604935,2
31845,6.2837825,11.387446,3
31846,4.72551,9.809435,1
31847,-6.0687428,6.9169683,2
31848,6.5752325,10.295586,6
31849,-5.0594063,6.993124,2
31850,11.746682,9.42501,6
31851,10.624129,0.092970796,7
31854,-5.6066933,6.652718,2
31855,9.236015,3.733564,7
31856,-5.924195,4.3250933,0
31859,6.173402,9.884779,3
31860,-3.1379628,4.8914933,0
31861,-3.610626,7.284379,2
31862,11.42661,14.4343195,5
31863,11.305305,10.672452,1
31864,7.29466,11.543829,6
31865,-3.5818238,6.905172,2
31866,-5.3672423,7.2571034,2
31867,-3.1491964,5.476243,0
31868,10.299847,11.495932,4
31870,-3.7929716,6.3731184,2
31872,10.777545,0.017252032,7
31873,4.4164605,10.154878,3
31875,-5.106367,3.8513842,0
31876,10.09618,12.804419,5
31877,7.962976,-0.56081927,7
31878,-3.0896552,4.939089,0
31879,4.8000326,7.213292,6
31880,-5.3771667,7.141813,2
31881,11.762292,9.527924,1
31882,9.046872,11.393913,6
31883,-5.3072443,4.366487,0
31884,4.1475654,6.2213116,6
31886,13.435026,10.530732,1
31887,7.186186,13.082504,4
31888,6.1433454,7.457447,4
31889,12.922095,10.924808,1
31890,10.950552,0.16274798,7
31893,7.439782,13.3354645,1
31896,10.713904,15.196013,5
31897,12.892606,10.355567,5
31898,4.7315955,9.314609,4
31899,-3.8619382,4.7047987,0
31900,9.614005,2.9213111,6
31901,-3.266577,6.9138303,2
31902,3.9435632,9.172736,6
31903,-2.7669291,4.931436,0
31904,4.9371133,9.33048,1
31905,5.6541543,12.098317,3
31907,14.685873,10.503754,3
31908,10.026994,3.127701,7
31909,-3.4771256,7.3673024,2
31910,-3.4743576,5.3120027,0
31912,-2.9736316,5.4883995,0
31913,7.49816,13.079223,1
31915,-6.339598,6.3228803,2
31916,10.358873,15.260082,5
31917,-3.2872183,6.9332676,2
31918,-3.4249585,4.917635,0
31919,9.314625,3.2902825,7
31920,-4.5192504,4.319264,0
31921,7.71608,11.263998,6
31923,7.559926,13.082281,4
31924,10.553323,8.353784,6
31925,7.0098767,12.284911,4
31928,-4.4455066,4.1874127,0
31929,6.3246465,11.59313,3
31930,-5.9611454,4.3820453,0
31933,3.367033,7.0990067,6
31934,14.568991,11.277597,3
31936,6.114431,9.913112,3
31937,7.224616,10.90265,4
31938,10.421481,13.609497,5
31939,8.222425,13.363211,4
31940,6.184098,6.782253,4
31941,-3.8995557,3.9952512,0
31942,7.7409415,12.665452,6
31943,10.231141,13.743177,5
31944,7.7874117,13.457571,4
31945,7.074769,13.04273,1
31946,11.248614,9.428837,5
31947,10.38372,-0.42102984,7
31948,-5.4791374,4.8069334,0
31949,13.803146,11.122071,3
31951,9.602135,12.743555,5
31952,10.420131,0.850119,7
31953,8.621808,11.025628,6
31954,14.650442,11.322734,3
31956,10.251222,15.054909,5
31957,10.650969,13.684427,5
31958,10.874929,8.565986,6
31959,-3.185967,6.4705315,2
31960,6.646185,10.857158,1
31961,10.693132,14.932305,5
31962,-6.4844704,4.4257274,0
31963,6.482376,12.227927,1
31964,-3.0811949,5.355463,0
31965,11.747624,9.305551,6
31966,8.924768,11.272266,6
31969,3.2741218,9.562335,4
31970,11.3684845,0.6936743,7
31971,-6.0565357,4.3547277,0
31972,11.631312,9.185283,6
31974,11.3204565,9.517667,5
31975,11.206649,13.027489,5
31979,7.99358,-0.59744847,7
31981,11.390291,13.160798,5
31985,-5.68448,3.4933648,0
31986,7.18898,10.458796,6
31988,10.311304,0.5677109,7
31990,-5.8737454,3.895794,0
31991,5.8628097,11.43277,3
31992,13.856037,10.307906,1
31993,-6.316109,5.64926,2
31994,6.6168146,11.045723,3
31995,11.257172,8.944017,6
31996,-4.867562,7.3301644,2
31997,-6.0943403,6.0923944,2
31999,-6.406429,4.2792845,0
32001,7.327728,6.3642063,1
32002,-3.0059345,4.7082667,0
32004,8.500854,13.126691,4
32005,10.745067,-0.09519836,7
32007,10.895541,14.099577,5
32009,7.84427,12.060388,6
32011,13.845948,11.147353,3
32012,-6.320666,6.0913787,2
32013,14.14594,9.7617,1
32014,7.2058487,13.458943,1
32017,5.253836,7.7303367,6
32018,9.480467,11.849104,6
32021,-3.7085712,6.619529,2
32022,10.946768,0.75958896,7
32023,3.7568307,9.82161,4
32025,9.391518,3.6725476,7
32026,-5.0842175,4.447589,0
32030,-6.434105,3.652153,0
32031,-5.578379,6.4276237,2
32032,9.176066,12.159083,6
32033,6.030637,11.7418,3
32034,4.217597,9.266122,6
32035,10.65228,15.07936,5
32036,-4.367516,7.243574,2
32037,3.149177,9.665668,4
32038,10.639323,12.620159,5
32039,-6.1565504,3.7357984,2
32040,8.713769,13.368676,6
32041,-6.173898,5.837825,2
32042,11.697843,10.60363,6
32043,-6.3290443,6.1083517,2
32044,-5.6084056,6.993834,2
32045,11.246763,14.108495,5
32047,8.811303,12.066484,5
32049,11.323362,13.298253,5
32051,13.793727,9.552375,1
32052,7.592433,6.269708,1
32053,8.518324,12.912842,6
32054,14.208145,10.005128,1
32056,11.118717,14.284925,5
32060,13.157161,10.036453,6
32062,5.773724,6.8389564,6
32063,11.079163,13.994548,5
32064,-3.6958256,7.3358817,2
32065,3.995896,10.068147,1
32066,10.57104,14.375512,5
32067,-3.3274333,4.922892,0
32069,-6.487898,4.4191823,0
32071,-5.416696,6.310948,2
32072,3.7794764,10.691839,3
32073,10.558449,13.640437,5
32075,8.209084,12.594361,4
32077,-5.488755,4.165232,0
32078,10.033934,3.0568354,7
32079,14.669971,11.331024,3
32080,11.030443,14.100124,5
32081,6.2181644,13.174193,3
32082,4.3025146,7.627918,6
32083,4.1354656,7.4812336,6
32085,-3.0485547,5.452213,0
32086,10.523641,-0.11059711,7
32088,9.448733,11.785076,6
32089,7.524,13.630304,1
32091,3.6378143,6.066983,6
32092,13.827117,10.17679,1
32093,8.435072,13.552446,4
32094,13.991254,11.1017475,3
32095,5.017419,9.977394,3
32096,-5.9433928,4.713359,0
32097,5.6518064,6.6664977,6
32098,-4.8011837,4.233437,0
32099,-5.5202622,5.553406,2
32100,6.376658,11.375228,3
32101,-5.5869613,4.594083,0
32102,9.617035,13.496488,5
32103,6.152177,13.020778,3
32104,3.51464,8.944212,5
32106,10.433807,14.059119,5
32107,4.634526,10.518456,3
32108,8.535499,13.280785,7
32110,10.802772,14.434684,5
32111,10.629056,-0.34979802,7
32113,-4.834057,5.3575354,0
32114,7.0749297,5.996616,1
32115,10.761103,13.906554,5
32116,10.097344,13.827027,5
32117,-4.992195,3.8774445,0
32118,10.0384865,0.97130173,5
32119,9.601261,12.173723,6
32121,6.833857,11.375424,1
32124,-4.7784767,5.2133636,0
32125,5.636089,10.51876,3
32126,-3.3176281,5.1672115,0
32128,5.4446907,6.7135754,6
32129,10.727567,13.626209,5
32130,-3.1335812,6.2235527,2
32131,13.491945,9.646813,6
32132,11.447767,13.984031,5
32133,10.5359125,13.628974,5
32136,6.635264,10.231577,5
32137,7.811181,12.574849,1
32139,13.494459,10.573475,1
32140,4.12419,6.336743,6
32141,-4.670977,5.1330576,0
32142,10.918282,14.72878,5
32144,8.627217,10.738592,6
32145,7.3077374,12.010013,1
32146,14.189054,10.222887,1
32147,7.782867,12.374671,1
32148,11.257153,0.71094215,7
32149,7.343196,13.20405,1
32150,6.163102,12.862089,1
32151,10.470009,1.0053344,7
32152,11.605265,11.277256,6
32153,7.1187615,11.681164,1
32154,9.315193,11.751294,6
32155,4.916659,6.7937956,6
32157,9.900686,12.930864,5
32160,7.8790436,11.616926,6
32161,-5.734606,3.9683373,0
32162,8.63689,13.584186,4
32163,6.046196,12.130228,3
32164,5.0192738,10.306217,3
32165,5.5441265,10.706735,3
32166,-4.01571,6.802804,2
32168,8.19723,12.75363,5
32169,6.2023,6.817592,1
32170,-5.1258235,7.3642282,2
32171,8.5096,13.309813,4
32172,6.9069567,11.780455,1
32174,6.9812336,13.505422,1
32175,14.881328,11.03762,3
32176,3.4801288,6.3907924,6
32177,-3.8049235,6.4285307,2
32179,9.498933,12.039604,6
32180,4.267048,10.079082,1
32181,13.351089,10.314228,1
32182,7.6549788,-0.9587397,7
32183,4.1346197,8.942379,6
32185,9.312766,3.6948996,7
32187,-6.0160017,4.7045197,0
32188,6.380083,13.6511135,3
32190,6.3330975,9.934602,3
32192,-6.2853355,6.041339,2
32193,14.590126,11.166432,3
32194,10.849733,0.30085713,7
32195,3.7873812,9.788511,1
32196,9.52199,11.868185,6
32199,4.813939,6.2758856,6
32200,10.315798,0.028326474,7
32201,6.9787073,11.130127,1
32202,-4.5729723,4.1335297,0
32203,6.6598463,6.198591,7
32204,9.836386,3.000572,7
32205,8.2640295,12.597567,6
32206,4.2765923,10.697803,3
32207,-4.7887807,4.0597553,0
32208,11.099265,14.037788,5
32209,-5.8487587,5.823424,2
32210,-3.5812118,6.4717164,2
32211,3.9089866,6.849384,6
32212,7.4908385,12.836535,4
32213,14.950284,10.961215,3
32214,-2.769882,6.363498,2
32215,6.906908,11.108273,1
32216,12.775489,10.072065,1
32217,-5.6230826,3.7419512,0
32219,11.406545,9.072054,6
32221,-4.740068,7.2839518,2
32222,10.403636,13.348123,5
32223,6.6019135,12.15191,3
32226,-4.1226306,7.5403614,2
32229,-6.3453584,3.6086771,0
32230,4.3566113,7.6693444,4
32231,4.008161,10.478906,3
32233,-4.165878,6.8086143,2
32234,4.1356025,7.331495,6
32235,3.7909727,6.6295357,6
32237,3.5683615,6.2088137,6
32238,10.19582,14.470834,4
32239,8.551737,-0.00023303331,5
32240,3.8063385,9.149047,5
32241,3.5659432,6.063838,6
32243,5.227014,7.830472,6
32244,-3.1747108,7.153605,0
32246,8.744415,11.122842,6
32247,6.8711977,12.887972,1
32248,4.346305,8.749185,5
32250,-3.5190444,5.2605543,0
32251,10.0802355,15.173547,5
32252,-6.4273396,4.3030667,0
32255,6.0329976,12.575007,3
32256,9.496912,3.5420334,7
32257,3.4469476,6.337435,6
32258,7.7507143,12.563493,6
32259,8.062426,-0.89744574,7
32260,6.9380383,11.9930315,1
32261,6.6088,9.898644,4
32262,4.26186,5.9660544,6
32263,11.368469,0.76538664,7
32264,7.6486106,12.126437,4
32265,11.394965,14.051944,5
32266,9.161158,11.1938715,6
32267,7.892491,6.4570174,3
32268,6.8126707,11.203262,6
32269,4.037673,10.414058,3
32270,14.932447,10.837299,3
32271,10.620278,-0.5397299,7
32272,11.32095,13.344532,5
32273,7.3878446,11.839686,1
32274,6.2182302,12.38003,3
32275,6.426398,13.36456,3
32276,7.9211717,12.374621,4
32277,4.077073,8.611602,6
32278,11.731698,9.620707,4
32279,8.149143,12.307099,6
32280,7.3882985,10.5738125,4
32281,12.206816,10.926071,3
32282,6.2364235,12.937665,4
32283,11.346591,0.3714742,7
32284,11.142229,11.356698,5
32285,13.627116,10.37056,1
32286,7.3406153,5.8862557,1
32287,8.948614,11.472661,6
32288,-4.0981255,4.1181297,0
32289,7.192286,12.274353,1
32291,-4.506193,4.1561112,0
32292,9.508284,12.019364,6
32293,5.2125864,9.594792,4
32294,7.1739535,11.826236,1
32295,4.020303,7.5316234,6
32297,-5.8071876,5.8089304,2
32298,4.0598335,9.3416395,1
32299,8.9007225,11.683817,6
32300,11.085146,14.441282,5
32301,4.0004773,10.619264,3
32302,-3.578639,6.6571827,2
32303,4.6349645,6.589515,6
32306,11.052837,11.067222,3
32308,11.369498,11.260968,1
32309,3.8664296,8.134535,6
32310,-5.8225446,5.823889,2
32311,5.1082034,9.384572,1
32312,10.162532,14.924802,5
32316,-5.1749487,4.809774,0
32317,10.035355,14.772207,5
32318,-4.1913376,6.925435,2
32320,6.681311,12.619067,1
32321,13.88029,10.565655,1
32322,4.200554,6.6528635,6
32323,-5.7981615,6.139394,2
32324,6.89161,12.780266,3
32325,7.490434,13.723391,4
32326,9.236545,12.036091,6
32327,10.843928,13.642454,5
32328,7.579318,12.806296,6
32329,-3.4806285,5.048225,0
32332,14.580526,11.128331,3
32333,10.703844,13.268226,5
32334,3.566029,7.474574,6
32335,7.1501036,12.543677,1
32337,10.672567,0.32066956,7
32338,7.0388093,13.374215,4
32339,9.683515,3.5224142,7
32341,-4.47802,6.9809694,2
32342,-5.5280313,5.9675374,2
32343,11.424947,14.228037,5
32344,6.0532093,7.2105474,1
32345,11.036801,0.89966464,7
32346,3.6199427,6.6562715,6
32348,-4.242512,4.4590816,0
32349,-6.454877,4.1052294,0
32350,8.15951,13.449833,4
32351,-6.1780753,3.7191458,0
32352,3.3583937,7.3050776,6
32353,3.6662774,9.377739,6
32354,7.02496,11.833607,1
32355,6.490607,12.088285,1
32356,-3.1256318,7.040586,2
32357,4.8316593,6.650211,4
32358,10.788053,13.256496,5
32359,9.737956,3.4236388,7
32360,9.909116,12.779333,5
32361,11.437282,14.047517,5
32362,-6.115312,4.1362324,0
32363,9.48923,11.532648,6
32365,-3.3756108,7.044058,2
32366,10.927726,11.461877,4
32367,7.417713,6.563798,3
32369,-5.9688034,4.4421077,0
32370,-5.2646003,4.376397,0
32371,-4.3314395,6.9211946,2
32372,-6.1602325,4.62536,0
32374,8.927298,12.348111,6
32375,-5.079906,4.459162,0
32376,8.150585,13.75866,4
32377,13.569376,9.68529,6
32378,-5.108492,7.3884845,2
32379,3.9187844,6.7535086,6
32380,4.062007,8.752983,4
32381,3.9472392,7.309394,6
32382,-4.5879073,5.0244794,0
32383,11.79678,10.817648,4
32384,8.255744,-1.0618781,7
32387,6.8848615,11.821302,1
32388,14.803806,10.796094,3
32390,6.651814,11.080157,6
32391,9.889668,2.9592686,7
32392,-4.0432134,6.948836,2
32393,4.3683705,6.2019744,6
32394,11.1950865,11.216115,3
32396,8.416796,13.628568,1
32398,-3.5363202,5.2732983,0
32399,5.949156,8.719068,6
32400,-5.790658,4.4723635,0
32401,6.795954,5.9497805,6
32402,-3.825927,4.3228364,0
32405,3.614985,9.098652,5
32407,-6.3052907,6.6160545,2
32408,14.179916,10.359757,1
32409,10.921882,13.401719,5
32411,11.546511,11.058374,6
32412,9.545309,3.328868,7
32415,3.4981794,9.996016,1
32416,-6.1188865,4.171406,0
32417,6.1303616,10.603993,3
32419,8.429085,12.110561,1
32420,9.491034,3.4602642,7
32421,6.54026,6.4128046,6
32422,6.690827,6.0556965,6
32423,6.8601184,11.184445,6
32424,-3.8822734,6.9657354,2
32425,11.287604,12.743267,5
32426,14.50454,10.145248,1
32427,10.915295,0.07825205,7
32428,9.55996,13.769618,5
32429,11.007808,8.687946,6
32430,5.213164,7.2619157,1
32431,13.94848,11.183754,1
32432,7.014348,13.271231,4
32433,-6.6123724,6.2364697,2
32434,7.2212124,10.689627,4
32435,8.399754,13.552052,4
32436,7.742728,13.293279,1
32437,-6.428232,3.8951747,0
32438,11.379234,8.954082,4
32439,5.814054,10.399635,3
32440,7.332469,12.062058,1
32443,9.069971,11.594474,6
32446,7.8366976,-0.3489635,7
32447,6.2590446,13.147889,4
32448,4.5429435,10.502352,3
32451,6.685938,6.280896,6
32452,3.254719,6.604976,6
32453,6.804594,12.121639,1
32455,8.681636,11.379126,6
32456,11.358088,13.486175,5
32458,10.4613085,-0.28393668,7
32460,-3.233943,4.8160334,0
32462,6.8681445,13.188092,4
32463,9.941673,3.0967188,7
32464,10.793545,10.741557,1
32465,10.310898,-0.20073351,7
32466,4.274553,10.249507,3
32467,3.4827507,8.4464245,6
32468,3.8038087,7.040151,6
32470,-6.621847,6.3047934,2
32471,13.785995,10.705502,1
32472,8.896916,12.989419,4
32473,-4.861381,3.810544,0
32474,10.19447,0.5079342,7
32475,-5.74978,3.3921554,0
32476,11.047733,8.689331,5
32479,4.063318,9.785483,4
32480,11.116476,14.303947,5
32481,10.496288,14.097352,5
32482,6.20546,12.700306,3
32483,-2.9452233,6.9400473,2
32484,8.043361,12.002559,1
32485,10.762461,10.8204975,1
32486,10.481431,-0.41654032,7
32487,12.037785,9.770929,4
32488,12.042975,10.485764,1
32489,3.9311512,9.177633,6
32490,9.557066,11.803193,6
32491,6.8222194,13.401199,4
32492,-5.550398,4.567079,0
32493,10.625789,10.805623,1
32495,-5.074822,4.110626,0
32497,4.3596354,10.460831,3
32498,9.809547,11.781035,6
32499,4.8480015,9.218983,1
32500,11.182849,10.633906,1
32501,7.017121,11.324827,1
32502,3.6319692,7.0410447,6
32503,-5.9270964,4.7852745,0
32504,4.5355043,10.058112,4
32506,14.570463,10.383341,1
32507,9.446346,11.741355,6
32508,4.3666363,10.441421,3
32511,8.022375,-0.8070939,7
32512,6.065802,8.977628,6
32514,7.6688623,11.845559,4
32515,6.613623,13.632731,3
32516,9.099599,11.760795,6
32517,10.983023,13.705009,5
32518,6.733843,12.95515,3
32521,3.616435,9.383808,4
32522,3.612463,8.897445,6
32524,7.0004187,12.402191,1
32525,6.180806,6.760542,6
32526,10.76383,10.715245,3
32527,6.4055386,11.862347,1
32529,-6.022436,6.3897476,2
32530,6.2201624,9.202916,6
32531,6.437871,12.837557,3
32532,4.3018055,10.481022,3
32533,11.144671,10.798574,3
32534,7.6363444,13.464057,4
32535,5.756583,12.83871,3
32536,-4.137157,3.9089246,0
32537,-3.7059305,5.340645,0
32538,7.685692,11.294436,6
32539,-3.7101202,6.7488904,2
32540,7.7343764,12.039346,6
32542,-6.2529435,3.5479124,0
32543,6.0270853,11.4486885,3
32544,6.3065796,10.809287,1
32546,9.703452,3.1095066,7
32548,4.7460513,7.294843,6
32549,3.7807286,7.167095,6
32550,4.1449704,6.0218725,6
32551,-6.179506,6.2667427,2
32552,10.53147,13.201411,5
32553,7.343179,12.808675,4
32555,3.7359972,10.196992,4
32556,10.484766,0.78551173,7
32558,10.965491,10.685562,1
32559,3.1970267,9.210441,4
32560,10.8791485,11.046996,4
32561,6.051278,11.773504,3
32562,8.065799,-0.67147934,7
32563,5.90519,12.811193,3
32565,14.471056,10.601187,3
32566,6.52068,12.233172,3
32567,6.54882,12.221891,4
32568,10.462977,15.294891,5
32569,-5.5713325,4.7399774,0
32570,11.565803,11.395949,4
32571,14.5253,10.480373,3
32572,9.3708935,3.5076902,7
32573,11.164356,14.069494,5
32574,4.977727,6.8046117,6
32575,14.457023,10.092638,1
32576,7.076261,10.268924,4
32577,10.589263,13.78644,7
32578,3.2609189,6.8922415,6
32579,-3.8616557,5.3260255,0
32580,14.888934,10.8757,3
32581,11.292185,9.05135,6
32582,-6.0466433,3.8169348,0
32583,11.316883,14.232618,5
32584,4.514039,8.1134815,1
32586,-3.5152519,6.592391,2
32587,3.328525,6.266291,6
32588,9.029311,11.257133,6
32589,4.218767,9.447838,1
32590,4.8718667,10.697071,3
32591,3.9323292,9.565997,1
32592,6.250391,10.740495,1
32594,-5.2132907,4.433011,0
32595,5.200776,6.906913,6
32597,3.6635,6.6532674,6
32598,10.9851675,10.659977,3
32599,4.4248266,6.371344,6
32600,9.410437,12.330027,6
32601,10.023553,0.22374342,7
32602,13.209715,10.509264,1
32603,4.318184,5.839474,6
32604,10.981107,0.4431962,7
32606,4.8422785,10.289139,3
32607,5.1805263,6.943764,6
32610,3.4168732,9.016299,6
32611,10.470098,15.196164,5
32612,10.48078,8.354962,6
32613,6.351072,9.789121,1
32614,7.1891274,12.532108,1
32615,-4.2258835,6.7572775,2
32616,7.385595,6.2208877,1
32617,11.352175,9.013245,6
32618,6.021557,8.851176,6
32619,7.375203,13.206801,1
32621,7.9804378,-0.33770385,7
32622,4.588329,10.605768,3
32623,7.243488,13.222301,1
32624,-5.923766,3.663408,0
32625,-5.385079,4.9119215,0
32626,4.2193403,9.16183,6
32628,3.4715374,6.8733377,6
32629,7.8077846,13.450216,4
32630,10.992504,0.12900053,7
32631,-3.1426916,6.734413,2
32632,10.624904,-0.4695806,7
32633,11.303488,14.697527,5
32634,10.329738,-0.34778306,7
32635,7.807233,12.100655,6
32636,3.9119718,10.581265,3
32637,3.888978,10.142019,3
32638,7.172244,6.426249,1
32639,-6.0216565,6.6338696,2
32641,6.842855,6.013245,1
32642,-5.0797944,2.7174373,0
32643,-2.9361916,6.9976563,2
32644,9.745308,3.0036817,7
32645,9.063021,11.950013,6
32646,8.204503,-0.65285903,7
32647,11.304967,10.67505,1
32650,14.127211,9.874571,1
32651,5.0807714,6.653005,6
32652,-3.3494375,6.25108,1
32653,-4.531668,5.2303133,0
32656,8.661937,10.430754,6
32657,13.846274,10.3617525,1
32658,13.618522,9.64706,6
32661,3.7728236,10.712341,3
32662,8.311737,12.901054,6
32663,10.108996,0.77897304,1
32665,10.817591,-0.37452507,7
32668,3.3727956,10.157903,4
32669,-5.057483,4.5654583,0
32671,-5.424364,3.4321773,0
32672,11.099933,0.5505684,7
32674,10.323208,14.786508,5
32675,10.633738,10.728732,3
32676,11.254487,8.884482,6
32677,7.5066633,10.484054,4
32679,13.436433,9.74971,6
32680,11.385003,13.253022,5
32682,7.645758,11.480008,6
32683,7.8251095,-0.35231873,7
32684,7.6712127,11.715005,4
32685,3.9653213,9.567646,1
32686,-5.450013,6.1959367,2
32687,8.194685,13.233071,5
32688,-5.9373035,6.983846,2
32692,-6.109926,6.1511474,2
32693,13.689698,10.52909,1
32694,11.337018,9.011628,5
32695,8.647549,12.705991,6
32696,11.2444315,13.076147,5
32697,7.713174,12.517434,7
32698,6.7980175,13.266318,1
32699,6.434102,11.716399,1
32700,4.670578,7.2946076,6
32702,11.28099,9.022778,6
32703,11.153227,14.3931465,5
32704,-5.3405657,4.857591,0
32705,5.66341,12.514899,3
32706,7.904861,12.204428,1
32707,5.1341596,10.071228,3
32708,5.1859603,6.437302,6
32709,7.4969435,13.635242,4
32710,3.8939512,10.73356,3
32711,-6.3561497,5.9729447,2
32712,5.1214323,10.482115,3
32713,7.191418,12.622246,1
32714,11.041553,13.962089,5
32716,-6.362415,4.4967284,0
32717,11.370581,11.552646,6
32718,10.060141,14.84635,5
32720,8.243218,12.92757,6
32721,9.416653,13.105052,4
32722,9.767169,12.665937,5
32723,5.0518293,10.048916,4
32724,10.961701,13.522172,4
32726,6.0958486,10.667419,3
32727,-4.212577,4.517878,0
32728,11.894068,9.679212,3
32729,8.389791,12.296353,5
32730,4.0085974,10.628228,4
32731,6.736012,12.424868,3
32732,8.16789,13.453753,4
32733,-5.6797113,5.750139,2
32734,10.607515,14.992594,5
32735,-5.31096,3.4128652,0
32736,11.1175995,0.48062304,7
32737,10.5997715,13.976206,5
32738,9.334245,11.463585,6
32739,-5.3922486,4.1051188,0
32740,14.548956,10.218825,1
32741,12.119066,10.73837,1
32742,11.276302,11.597736,4
32743,11.453295,11.5803995,6
32744,3.9052758,7.1135454,6
32745,11.055675,11.253818,3
32746,6.753899,6.23356,1
32748,6.779563,12.833829,1
32749,5.042349,6.6897774,6
32750,-4.9992223,2.6998558,2
32751,6.0019135,11.945779,3
32752,-5.2124386,4.1445146,0
32754,-5.10179,2.7197435,0
32755,14.432587,10.160874,1
32758,4.9518948,8.733718,6
32760,10.728717,14.806216,5
32764,8.12874,13.740404,4
32765,11.069579,0.108555995,7
32766,14.379835,11.493915,3
32768,-3.1301255,6.7770476,2
32769,3.4562237,8.991005,6
32770,4.6893044,6.633241,6
32771,7.205875,12.584384,1
32772,7.9175577,6.4535913,3
32773,-6.394103,6.246243,2
32775,-3.4581828,6.3827853,2
32776,6.2962766,12.487924,3
32777,5.7421217,12.783766,3
32779,11.35873,8.957778,1
32780,9.91406,3.0530012,7
32783,9.221623,13.270449,5
32784,9.612725,12.060216,5
32785,9.682726,13.614788,5
32786,11.802542,9.615135,1
32787,-5.1454196,7.4336963,2
32788,6.206606,11.709213,3
32789,11.030937,14.710881,5
32790,3.665083,8.807882,6
32791,-6.2271266,4.280021,0
32794,10.270032,14.926498,5
32795,-4.711467,3.772538,0
32796,-5.0582876,7.6519685,2
32797,10.728502,8.4554825,4
32799,-3.716397,5.221865,0
32800,14.538351,10.123894,1
32802,5.770223,11.455363,3
32804,5.728767,10.188713,6
32805,11.235879,14.800624,5
32806,-4.3782654,7.521919,2
32807,10.05205,13.094486,5
32810,9.160713,11.888006,6
32811,-4.171764,6.7981467,2
32812,7.9851933,-0.58491224,7
32814,8.452271,-0.08731281,6
32815,10.172877,13.207301,5
32816,10.280138,14.98889,5
32817,-6.459906,5.901566,2
32818,14.552636,10.528685,3
32820,7.863487,12.189715,6
32821,9.855875,3.1062472,7
32822,13.8603325,9.543752,6
32823,7.844777,11.412075,6
32825,6.3273244,12.65084,3
32828,6.301509,11.596922,1
32829,4.106925,6.689992,6
32831,-6.3403506,3.5924158,0
32832,3.9992027,9.481098,1
32833,13.810012,10.77764,1
32834,5.24308,10.197998,1
32835,3.9310179,6.6264334,6
32836,4.0053487,9.9615555,1
32837,14.15103,9.758699,1
32838,-3.3156984,7.1967335,0
32839,-3.1437547,7.333502,2
32840,11.373904,9.097448,3
32841,6.0260954,12.376302,3
32842,6.025108,11.180218,3
32843,10.0253,15.277495,5
32844,6.409953,10.052654,6
32845,7.528418,12.242716,6
32846,-5.651413,3.9355872,0
32847,6.6595864,12.197513,3
32848,4.5273967,10.707887,3
32849,7.3566794,12.856385,4
32850,11.808222,11.1242895,1
32851,-3.2737644,6.9944835,2
32852,-6.489911,4.3503075,0
32853,10.500398,-0.20406355,7
32854,4.272193,10.316169,4
32855,9.915488,2.981383,7
32856,14.741988,11.23805,3
32858,7.6630106,13.197008,4
32859,7.1239433,10.951004,1
32860,5.8971844,12.357612,3
32861,-3.0189786,4.700954,0
32862,-6.405161,4.3341665,0
32863,14.462007,10.106347,1
32865,4.277184,6.1441193,6
32867,5.241999,10.129712,1
32868,3.45901,7.2142696,6
32869,7.771265,-0.6623706,7
32870,4.571788,6.159318,6
32871,10.322362,14.980655,5
32873,-3.5677943,6.9813476,2
32874,-5.58606,7.0005755,2
32875,5.13849,6.550368,5
32876,-5.7408404,3.6921053,0
32877,8.26778,12.605494,6
32878,13.632801,9.450916,6
32879,-6.671587,6.221428,2
32881,7.404182,13.062595,4
32882,7.407338,12.575601,1
32883,10.819908,14.912218,5
32884,10.6564,15.039898,5
32885,10.709083,13.817601,5
32886,5.9550853,12.41015,3
32887,8.911034,10.823745,5
32889,3.8115807,10.558801,3
32890,6.68194,10.110685,4
32891,-2.767583,5.292353,0
32892,8.244866,12.376582,6
32893,8.102874,-0.62953967,7
32894,-2.8840213,5.1288915,0
32895,-2.9191809,6.824457,2
32896,-6.37145,6.320494,2
32897,-3.6284888,5.0403914,0
32898,14.133069,10.265445,1
32899,-6.518679,4.0815444,0
32900,11.123582,0.39805973,7
32901,5.1776834,6.8824615,6
32902,11.037385,8.671224,6
32904,9.2730665,3.7049472,7
32905,9.125258,11.678135,6
32906,6.8921714,13.041767,1
32908,-5.070651,2.6729202,2
32909,7.566665,11.622714,1
32910,9.640105,3.3797135,7
32911,10.798411,8.489857,4
32912,10.787016,11.090204,6
32913,14.989685,10.925844,3
32914,8.011357,-0.77937746,7
32915,9.91403,1.1239802,5
32916,-3.6458936,6.2878213,2
32917,9.378454,11.966369,6
32919,11.473131,11.08812,1
32921,-2.882751,4.872037,0
32922,4.4396033,6.2333903,6
32923,-4.0773764,3.7605572,0
32924,11.459666,11.47112,4
32925,10.08889,15.116442,5
32926,10.68623,-0.039460536,7
32927,10.608552,-0.216138,7
32928,7.4997935,10.617987,5
32931,11.221298,11.654597,6
32932,-5.7171073,4.56002,0
32933,9.512221,12.170847,6
32935,4.380104,7.03044,6
32940,4.904601,8.954959,1
32941,-6.137186,6.5359674,2
32942,4.9492702,10.151606,3
32943,14.531067,10.256953,1
32944,6.9365473,10.632899,4
32945,11.244555,8.86445,4
32946,6.1251163,11.184226,3
32948,3.3320642,10.0947075,4
32949,-3.3381267,5.1424713,0
32950,-5.0583735,3.5770278,0
32951,13.325395,10.715968,1
32952,7.296376,5.952136,1
32953,6.2601085,12.245726,3
32954,8.400946,-1.0361184,7
32955,3.219385,6.7512374,6
32956,-4.115004,4.04645,0
32957,5.808465,6.9131856,6
32958,6.601484,13.600358,4
32959,8.236262,-0.18671766,7
32962,4.2386293,7.20047,6
32963,-5.440454,6.358109,2
32964,-5.8987784,6.5357046,2
32965,-4.4041767,6.9641547,2
32966,10.7964115,12.423712,4
32967,-6.1417365,3.5635548,0
32968,4.000667,9.217251,6
32970,11.120297,12.960918,5
32972,-6.1531453,3.9341884,0
32973,7.9347296,12.864138,6
32974,10.859207,13.850717,5
32975,10.795817,14.041259,5
32976,5.4561453,6.811374,6
32978,7.5693884,12.885062,1
32979,-4.096891,7.47678,2
32981,-3.2061799,5.4303355,0
32982,4.1157346,7.6428294,6
32983,3.4186695,9.474186,4
32984,8.634695,12.481342,6
32985,13.707906,9.725744,6
32986,7.301389,10.763232,4
32989,5.9213705,12.987019,3
32990,3.4462862,7.7029967,6
32991,10.902714,13.289286,5
32992,8.512898,11.115239,6
32993,5.517049,11.933573,3
32994,4.4911404,10.045804,3
32996,4.332475,9.963647,1
32999,6.10454,11.926915,3
33000,10.465379,0.8836853,3
33001,4.158027,5.857981,6
33002,6.9472785,13.546537,4
33003,10.695985,13.941862,5
33006,8.101485,12.201452,6
33008,14.569482,10.779632,3
33009,6.3952413,12.083517,3
33010,11.517189,11.482291,4
33011,10.979225,14.878742,5
33012,7.022872,11.373006,6
33013,6.6386366,13.572297,4
33015,6.1189632,10.889982,1
33016,11.345078,8.964093,4
33018,13.644117,10.967268,1
33020,10.642366,-0.094362356,7
33022,4.304782,7.3108964,6
33023,3.7725844,9.707461,1
33025,8.209644,-0.6445549,7
33028,7.67821,12.242565,6
33029,6.431287,11.796748,1
33030,-6.44247,6.1934733,2
33033,13.140385,10.16627,6
33035,14.401329,11.482482,3
33036,10.389037,13.549587,5
33037,-6.553409,4.02954,0
33038,-5.951631,3.7541802,0
33039,5.6588454,6.8556123,6
33041,6.295431,9.369566,6
33043,-3.4297066,7.030055,2
33044,10.985561,0.8138979,7
33045,3.354806,7.006286,6
33046,6.2356696,12.3745775,3
33047,7.7888317,12.537818,6
33048,5.9355154,6.757876,6
33049,-4.7243366,7.4408174,2
33050,-4.1520348,7.3209243,2
33052,9.49248,3.4193347,7
33054,6.2155104,9.694615,1
33055,3.8907163,10.82787,3
33057,5.7135034,10.700406,3
33058,8.449304,12.760183,5
33059,6.73498,12.118419,4
33060,6.2121086,12.90533,3
33061,8.215628,-1.0266659,7
33062,14.144589,9.80872,1
33063,6.2832656,11.810061,3
33064,-4.0475926,3.6695018,0
33065,-3.8262842,7.4611807,2
33067,7.902055,-0.5512259,7
33068,10.212544,12.807798,5
33069,6.2589707,13.2376175,3
33073,7.2607784,11.63044,4
33074,4.814177,9.505864,1
33075,10.088424,15.2515,6
33076,14.492644,10.164155,1
33080,10.644978,14.36849,5
33081,8.454863,13.644806,6
33082,6.8039656,11.978037,1
33085,-4.211472,3.876815,0
33087,7.4544916,13.749447,4
33088,14.245441,10.909083,3
33089,7.5588527,13.424357,4
33090,-5.8051453,6.239706,2
33092,7.6615524,13.312047,4
33095,11.735602,9.560104,1
33097,-6.6876764,6.476933,2
33098,-4.029562,6.3657546,2
33099,7.945214,13.823552,4
33100,7.2254324,12.767722,4
33101,4.264468,10.45854,3
33102,-4.386639,7.079727,2
33103,-3.6025376,5.545684,0
33104,7.37419,13.573147,4
33105,6.390047,12.889715,3
33106,-5.14408,6.4389,2
33108,8.144354,12.242449,4
33109,4.320115,5.9949775,6
33110,4.9524803,9.136708,1
33111,6.2795897,13.283338,3
33112,7.3120174,12.947152,4
33113,7.8610964,12.944043,1
33115,11.793193,11.3221855,4
33116,4.332144,8.643714,6
33117,-5.658997,4.607806,0
33119,-3.092496,5.489612,0
33122,10.554324,0.8718936,7
33123,-2.6893892,4.83502,0
33124,9.771746,2.8862283,7
33125,6.643264,12.026842,1
33127,-5.045494,3.7753937,0
33128,7.923418,-0.30882323,7
33129,10.299184,14.973627,5
33131,-5.961036,6.5419326,2
33132,8.410815,13.266065,4
33133,13.145857,10.044767,6
33134,10.599919,11.452706,1
33136,10.795492,12.319852,5
33137,8.378858,12.008844,4
33139,11.037514,0.010650086,7
33141,9.159166,11.284186,6
33142,13.41881,9.698057,6
33143,-4.050941,6.575211,2
33144,9.833022,3.2741077,7
33145,8.244932,11.749378,4
33146,7.949657,12.568781,6
33148,9.253273,11.960504,6
33149,-3.1962438,6.702687,2
33150,6.6985283,9.935492,4
33152,9.310648,12.237019,6
33154,3.9791768,6.321239,6
33155,7.0963154,13.729856,4
33156,7.4726667,6.4361978,1
33158,11.806974,9.692035,4
33159,3.1833909,9.53161,4
33160,10.115916,-0.19407555,7
33162,14.038956,10.008561,1
33163,7.3888674,11.190314,1
33164,10.500301,13.58001,5
33165,-5.841178,4.3830304,0
33167,9.504531,12.109542,6
33168,6.015849,11.980066,3
33169,-4.2693954,6.8097234,2
33170,9.230573,3.703096,7
33171,5.8254423,12.427211,3
33172,8.385011,12.45836,5
33174,13.395392,9.551554,6
33175,3.478395,7.60191,4
33176,7.9463296,13.442287,4
33177,-5.8055377,5.383796,2
33179,9.450207,3.652648,7
33181,6.9959855,12.22091,4
33182,5.1437087,10.919446,3
33184,7.1218905,13.468217,1
33185,10.975633,14.176136,5
33186,6.225432,13.346765,3
33187,7.6527967,12.85692,1
33188,7.1071897,13.029632,4
33189,11.092077,8.678358,6
33192,6.8441844,12.872089,1
33195,10.119521,0.64228076,7
33196,-2.9999444,7.0382295,2
33198,9.624263,3.0341735,7
33199,10.8816805,14.33158,5
33200,10.703404,8.431929,4
33201,13.018094,10.445934,5
33203,6.0669837,12.250514,3
33204,14.323015,11.491314,3
33205,11.226853,8.885271,4
33206,10.79128,13.101865,5
33207,3.1394782,6.704173,6
33209,13.521333,10.934188,1
33210,10.980966,0.61308,7
33211,6.174362,13.203427,3
33212,7.2221613,12.477687,1
33213,8.150982,11.685465,6
33214,3.973676,7.032215,6
33215,-3.7425458,7.3658767,2
33216,-4.9099183,3.5883493,0
33217,11.35767,9.39775,5
33218,9.805243,3.0414991,7
33219,-3.5082312,4.719129,0
33220,-4.8611827,7.3680487,2
33221,-5.857059,5.627668,2
33222,9.95768,3.1393328,7
33223,6.711587,9.946888,6
33225,9.446658,11.870385,6
33226,3.403795,9.1531105,6
33227,7.9491315,11.37412,4
33228,4.017378,7.2169514,6
33229,-4.2487063,6.924402,2
33230,4.8728547,7.21465,6
33231,9.402407,11.738681,6
33232,5.3191795,10.668704,3
33233,10.442297,12.963825,5
33234,13.880784,10.649732,1
33235,-5.4395957,4.830452,0
33238,13.788302,11.126245,3
33239,-3.5313303,5.5172243,0
33240,-3.7815547,6.3706923,2
33241,10.729827,10.937713,3
33242,-3.6127088,4.9536505,0
33243,8.376457,11.535683,4
33245,11.544238,9.057718,6
33246,5.42386,10.609963,3
33247,-4.337311,4.9094214,0
33248,7.712894,12.928341,1
33251,5.0675,7.5306163,6
33252,7.8402104,-0.36616525,7
33253,-4.210307,6.4001627,2
33254,3.193494,9.29121,4
33255,4.545315,10.314529,3
33256,-4.914002,3.9555848,0
33257,7.1436296,10.87077,1
33258,-6.1172104,3.917465,0
33261,-2.9284682,4.794381,0
33263,10.757866,14.699496,5
33264,8.342998,12.98655,2
33265,7.072787,12.037018,1
33266,-6.242729,3.7334127,0
33267,-5.930522,3.580453,0
33270,14.104237,9.863337,1
33271,11.42896,13.293668,4
33272,13.55405,10.5753355,1
33273,12.165735,9.516916,1
33274,7.5229573,13.746063,4
33275,-6.4415226,4.406294,0
33276,3.6866462,6.577455,6
33277,3.876028,6.6022325,6
33279,3.9553115,6.694659,6
33281,7.1227393,12.25907,1
33282,-5.358166,3.366391,0
33283,3.5894408,10.217969,3
33284,9.93207,0.8822956,6
33285,4.0224957,9.312761,1
33286,7.3265247,11.800902,1
33287,7.1421065,12.4954815,4
33288,7.3221564,5.945117,1
33289,13.796999,10.091968,1
33291,7.2668557,5.937761,1
33292,7.086151,6.4697766,1
33294,-5.0896034,2.7131362,2
33296,4.120035,9.301477,4
33297,4.7036314,7.401688,6
33301,8.871207,10.8750105,7
33302,6.6112466,11.731913,1
33303,10.707885,0.01220459,7
33304,3.8907382,8.857866,4
33305,9.8904,13.540773,5
33306,7.514604,11.628573,6
33308,-4.5243506,7.425287,2
33309,6.706221,6.068643,1
33311,9.564062,13.076973,5
33312,11.027917,11.638649,4
33313,5.6165357,6.6870103,6
33314,10.590896,8.343655,6
33315,7.473423,12.715726,4
33316,5.73898,12.752965,3
33317,7.589551,12.094902,6
33318,10.420994,-0.36424106,7
33319,-5.479162,7.0829997,2
33320,4.29176,7.247439,6
33321,6.089762,11.476725,1
33323,5.7639627,10.987198,3
33324,13.627868,10.703648,1
33325,6.985691,12.209411,1
33327,-5.6675434,4.176945,0
33329,8.270666,12.2989645,7
33330,7.5110216,12.659848,1
33331,10.721861,15.16427,5
33332,9.362781,11.946912,6
33333,4.624609,7.4911785,1
33334,7.264239,11.026163,1
33336,-3.8697267,5.2658706,0
33338,10.296356,15.082624,5
33339,3.7033744,6.8858986,6
33340,7.845564,6.271321,3
33342,-3.821583,5.2789426,0
33343,14.49628,11.441512,3
33344,-5.889216,3.7342277,0
33345,-5.707222,4.4636865,0
33346,5.292397,7.4578915,6
33348,10.435325,0.067026876,7
33349,5.787486,11.522794,3
33350,4.4324,10.498922,3
33352,6.6995153,13.095503,1
33353,7.531365,12.454845,6
33357,3.276202,8.8812685,4
33358,8.115704,-0.9741931,7
33359,4.6912303,6.8921046,6
33360,10.014766,3.180846,7
33361,3.940414,7.6789603,6
33362,4.403959,10.57765,3
33363,13.277429,10.983183,1
33364,11.375949,9.002453,6
33365,10.714817,13.302976,5
33366,7.1681576,10.991505,4
33367,4.5623164,10.4617195,3
33369,10.345683,14.959253,5
33370,-6.1803255,4.282794,0
33371,4.7401624,8.881031,1
33372,11.219187,0.88044757,7
33373,6.765093,5.979336,7
33375,-3.9957,6.6144238,2
33376,-6.2749877,6.320829,0
33377,4.2786865,6.9960337,6
33378,5.153954,7.6533647,6
33379,-3.4204428,6.821441,2
33380,9.4490385,11.52248,6
33382,10.714296,10.783298,3
33383,-3.2365587,6.945005,2
33384,3.8068075,8.009659,6
33386,10.568075,14.185377,5
33387,4.799099,10.226874,1
33388,10.3677635,-0.17001583,7
33391,-6.0775223,3.4294286,0
33393,9.588358,11.719248,6
33394,9.463603,3.3554983,7
33397,13.371285,9.853195,6
33398,6.113541,12.338292,3
33400,6.9983926,12.776537,1
33401,10.040412,3.1089344,7
33403,14.543508,10.231233,1
33404,3.7220852,6.2892675,6
33406,6.0127816,8.925385,6
33407,7.144693,10.880833,1
33408,14.741602,11.271514,3
33410,11.223598,9.04784,5
33411,10.148566,13.549013,5
33412,-6.2745013,3.888733,0
33413,8.950742,11.033687,6
33414,9.781495,2.9302416,3
33415,11.176152,14.091087,5
33416,11.254565,14.567403,5
33417,3.3973758,9.973108,1
33418,-5.826299,6.7426634,2
33419,-5.863296,4.4543023,0
33420,7.823202,6.56258,3
33421,4.4531407,6.3072658,6
33422,10.5678625,-0.28320146,7
33423,7.198396,13.094782,1
33424,-2.814371,6.852763,2
33426,11.264397,11.302182,3
33427,8.22121,12.083266,6
33428,6.1878057,11.514029,3
33429,6.3000307,10.16106,1
33430,-3.6780496,6.6369543,2
33431,4.0225973,9.096477,1
33432,7.2241507,11.3031645,1
33433,13.11244,10.500134,5
33435,14.423063,10.109246,1
33436,10.810153,14.212774,5
33437,3.708574,7.3364134,6
33438,7.874587,6.09849,3
33439,7.582985,13.521455,1
33440,-2.9956937,6.7210984,2
33441,9.516052,12.070591,6
33443,-5.7861614,6.807041,2
33445,9.865739,13.465777,5
33446,7.6513305,11.93194,6
33447,7.3468103,12.97812,4
33448,4.873234,7.388498,6
33449,13.454755,10.332705,1
33451,3.3554754,7.05322,6
33452,7.019848,6.6835775,1
33453,-5.542012,3.9298136,0
33454,6.605135,12.261415,3
33455,14.001487,10.504911,1
33456,4.4597173,9.948091,3
33457,3.961519,10.302462,3
33458,-6.293226,5.7411504,2
33459,5.724543,12.484297,3
33460,5.088756,7.871156,6
33461,10.718877,0.8863641,7
33463,-3.5846953,7.260051,2
33464,9.094042,11.903983,6
33465,10.679442,10.573618,3
33466,10.880421,11.29959,1
33467,4.995239,9.041615,6
33468,7.6045074,11.70346,4
33469,4.922532,9.295949,1
33470,-4.0755553,3.976132,0
33472,8.655947,11.191006,6
33474,8.469461,12.879913,6
33475,8.077072,13.591782,4
33476,-3.4754777,4.8190837,0
33478,5.408444,9.826263,6
33479,-6.3550944,3.6427937,0
33480,14.171508,10.126348,4
33481,3.3897343,7.1175847,6
33483,-5.9852233,6.044318,2
33484,9.69131,13.363655,5
33486,-6.202516,6.5652046,2
33487,-5.0463195,2.6905787,2
33489,9.312656,3.737115,7
33490,8.069515,13.735683,4
33494,3.236968,9.623609,4
33495,9.320952,3.477041,7
33496,8.866303,13.108953,5
33497,6.6889343,10.383938,3
33498,-6.356554,6.48047,2
33499,3.7573984,10.60493,3
33502,14.824874,11.258966,3
33503,4.9840426,6.590948,6
33505,-3.3099089,4.644401,0
33506,7.88246,11.936149,6
33507,3.4910026,7.3960023,6
33510,-5.4873843,4.85512,0
33511,10.910936,14.241095,5
33512,11.530985,10.804582,1
33513,5.0032096,6.7011623,6
33514,-5.509079,4.1232204,0
33515,-4.781378,5.1420302,0
33516,-3.8334637,6.9521484,2
33517,6.8237166,13.051771,1
33519,-4.018948,3.8680432,0
33520,11.103446,8.674148,4
33521,7.0284896,12.345702,1
33522,5.8230104,10.13261,6
33523,7.537604,11.071395,4
33524,-2.7830207,6.472005,2
33525,11.087369,0.6672495,7
33526,10.616702,11.982145,4
33527,-5.575706,4.4091845,0
33528,5.5190115,6.7503667,6
33529,14.051228,11.218843,3
33530,14.3924055,10.403148,3
33531,3.9384923,9.9608555,1
33532,10.752479,11.65714,6
33533,14.970414,10.671338,3
33535,7.912594,-0.60180753,7
33536,10.4119005,10.660619,4
33538,10.5281925,13.6225395,5
33540,5.9586525,11.657945,3
33541,8.512716,13.01457,6
33542,9.356776,3.4784446,7
33543,9.804129,2.8423755,7
33544,8.221429,13.82557,4
33546,3.4948738,9.0706005,4
33547,-3.7674224,7.2874274,2
33548,9.589777,12.675936,1
33549,6.4333773,10.234732,4
33551,3.3517838,9.442519,4
33552,12.094004,9.636702,4
33554,-5.456892,4.478968,0
33555,-5.0319533,7.5526705,2
33556,6.268717,11.265666,3
33559,11.146064,14.6208105,5
33560,-6.0675898,4.633313,0
33561,-5.448752,3.752143,0
33562,-5.4207683,4.3860054,0
33563,10.99898,0.23279075,7
33564,11.257951,14.143572,5
33565,7.0121055,10.737413,1
33566,9.246913,3.6604965,7
33567,6.0847597,11.918691,3
33570,3.9404674,9.899408,4
33571,7.4424787,12.382955,1
33572,8.668774,12.846857,4
33573,-6.2179093,6.325342,2
33574,7.1521125,12.406723,1
33575,-5.6386485,4.5328503,0
33577,6.5038605,6.2688518,6
33578,9.192388,11.300096,6
33579,13.64011,9.540316,6
33580,14.155973,10.7582855,3
33581,13.843089,9.747514,1
33582,3.7261937,6.889604,6
33584,14.8792,10.56955,3
33585,5.0675273,10.239009,4
33586,9.413261,13.144062,5
33587,10.3850355,-0.17192246,7
33588,6.7920413,13.13612,1
33589,4.047529,6.911315,1
33590,4.699833,6.5202646,6
33591,7.227772,11.311734,1
33592,5.7517595,12.356622,3
33593,11.092805,12.96093,6
33594,10.836096,11.007768,4
33595,10.530182,13.951904,5
33596,4.2925563,6.3602076,6
33598,11.411033,11.304278,4
33599,5.9956393,12.031409,3
33600,11.461374,11.489093,4
33601,-3.684403,6.6728086,2
33602,5.533065,6.903314,5
33603,5.2808566,7.032805,6
33604,5.624271,10.269616,1
33605,14.9906225,10.89024,3
33606,4.6559086,6.696551,6
33607,7.781969,11.558667,1
33608,11.152843,13.967659,5
33609,10.988669,8.613076,4
33610,11.407914,9.573758,5
33611,11.139775,11.77847,4
33612,4.1129594,5.937387,6
33613,4.7496295,9.181996,6
33614,9.868613,3.1779397,7
33615,11.1619,14.703394,5
33616,9.71261,13.317882,5
33618,10.166142,0.7952655,7
33619,7.3421974,11.758576,4
33620,3.8275611,6.725106,6
33624,9.258453,11.813135,6
33626,5.9256544,13.013016,4
33627,4.291253,7.1995177,6
33628,8.278089,11.576815,5
33629,-5.082536,3.9402516,0
33630,8.401907,-0.38171607,7
33631,8.653899,13.381703,5
33632,5.009801,9.144478,4
33633,7.863098,-0.38780856,7
33635,6.648769,12.166655,1
33636,11.004685,8.727956,6
33637,13.975248,10.671059,1
33638,-3.5478773,5.2195683,0
33639,7.6894574,12.470413,6
33640,9.48364,12.107992,6
33641,3.4542232,9.822358,4
33642,9.236255,11.466983,6
33643,-3.597325,6.439383,2
33644,-5.3972964,4.7049694,0
33645,14.271386,10.433923,1
33646,8.175904,12.963478,4
33647,-5.5191183,6.19384,2
33648,-5.7192254,6.4919033,2
33649,3.7696333,7.236042,6
33650,13.756496,10.344397,1
33651,8.501005,12.086133,6
33652,13.8706875,10.829095,1
33654,9.343004,3.5804205,7
33655,11.136879,13.4275255,5
33656,7.9753423,11.633867,6
33657,7.8250976,6.5824876,3
33658,-5.781728,5.95738,2
33659,-6.5096965,4.0437784,0
33660,-6.489805,6.147642,2
33661,-3.6538086,6.2790375,2
33662,7.397115,13.616716,4
33663,6.102336,11.025278,3
33664,11.39437,13.725119,5
33665,-3.965759,7.055117,0
33666,4.7302256,6.7753496,6
33667,-6.197181,4.4338226,0
33668,7.921216,13.367053,1
33669,10.595803,-0.42219,7
33671,4.2921734,8.905668,6
33672,-3.2710073,5.093888,6
33673,8.465909,13.563029,4
33674,4.736954,7.6259627,6
33676,4.453841,8.8408375,6
33677,6.334391,10.8725,6
33678,6.1855907,11.176003,1
33679,14.498504,10.595641,1
33680,-2.7385867,6.509431,4
33681,7.868083,-0.5230063,7
33683,3.739387,10.607399,3
33684,7.3195205,13.312909,1
33685,7.762872,6.172798,3
33686,-5.85379,4.0638337,0
33688,-5.9776645,6.7725806,2
33689,3.9971468,6.9687304,6
33690,11.247531,9.416223,5
33691,4.483939,6.145231,6
33693,7.876256,-0.36495116,7
33694,5.0028057,10.869637,3
33695,-4.2462873,7.1639304,2
33696,10.88378,15.100738,5
33697,8.417103,12.113581,5
33698,7.6372247,-0.9758746,7
33699,6.3598313,9.710991,6
33700,7.213048,13.090693,1
33701,4.9545803,9.753245,3
33702,10.933944,11.576585,4
33703,9.426834,11.50957,6
33704,-5.2907467,4.063797,0
33705,-5.5606766,6.1185007,2
33706,11.422885,8.905033,1
33707,8.26394,-1.0406314,7
33709,4.524966,10.830303,3
33710,-6.3640556,3.6618037,0
33711,4.244008,9.376861,4
33713,7.247691,10.493192,4
33714,13.252546,10.69207,1
33715,6.1856728,6.7748475,6
33716,7.054112,6.296008,1
33717,8.211668,11.970477,4
33718,10.041264,3.087884,7
33719,14.112986,10.778005,1
33720,5.649976,6.7787867,6
33721,7.222174,10.819985,6
33722,13.981468,9.5369,6
33723,8.447837,12.85514,4
33724,6.831476,11.546521,1
33725,3.8257213,7.197714,6
33726,-3.4038775,4.8995214,0
33727,5.735775,12.196191,3
33729,-3.560117,6.2376547,2
33730,14.537053,9.947074,1
33731,13.506139,9.849265,6
33732,10.058932,14.941972,5
33733,10.808641,13.709524,5
33734,9.300158,11.806643,6
33735,3.7766168,9.2747555,6
33736,13.396433,9.750086,6
33737,-2.8445454,4.9688973,0
33739,3.9897552,6.4536953,6
33740,8.263271,13.422486,5
33744,9.227463,11.281316,6
33745,8.959598,12.212697,6
33746,6.967621,13.58656,4
33747,7.6006055,11.958139,1
33749,4.585371,8.8867235,4
33750,10.831986,8.504122,6
33751,8.426086,12.324017,6
33754,4.013461,10.715627,3
33756,4.1256247,6.223863,6
33757,7.6462197,6.573318,3
33758,-5.902606,5.810326,2
33759,-6.3280325,6.11685,2
33760,11.091125,0.8648677,7
33761,6.5662766,10.725617,4
33763,-3.3465793,5.101572,0
33764,7.4120655,6.060955,1
33765,-6.260038,6.2936287,2
33766,-5.2889853,4.436576,0
33767,-4.1134663,6.8222523,2
33768,6.2173815,13.543493,3
33769,-5.57687,5.759989,0
33770,-5.89337,5.8837557,2
33772,11.317601,8.887677,1
33773,7.869603,12.609941,4
33774,-5.7955565,5.942965,2
33775,11.096361,11.614598,4
33776,5.7313237,6.679374,6
33777,-5.456955,6.2901506,2
33778,-3.1377819,6.484812,2
33779,4.6650124,7.911784,6
33780,7.517689,11.405868,1
33781,4.2144647,10.063287,3
33782,13.7659025,10.914213,1
33783,4.7415133,9.185197,1
33785,4.1595883,10.333781,3
33786,10.9345455,-0.08889305,7
33787,9.59933,3.2256944,7
33788,9.465422,12.036771,6
33790,4.386256,9.2314005,1
33791,8.549484,13.193406,4
33792,-4.0075455,6.5652905,2
33793,3.662133,9.504406,1
33794,11.348,14.092622,5
33795,-5.3667564,4.858752,0
33796,8.560471,13.572017,5
33797,-3.7741845,5.078054,0
33798,6.20041,9.996184,1
33800,-4.9158373,7.0243125,2
33802,9.444811,12.072057,6
33804,7.580074,11.004798,6
33805,7.897959,-0.5744976,7
33807,14.129626,10.842547,1
33808,11.415794,8.995678,4
33809,7.400803,6.126662,1
33810,-5.121268,4.596419,0
33811,10.053233,0.6167545,7
33812,-5.206076,4.394051,0
33813,4.6107273,6.613064,6
33814,5.135097,7.40105,6
33815,10.469488,1.0747802,4
33816,4.6406426,6.4193783,6
33817,11.328166,0.7108487,7
33818,-3.0232537,4.828813,0
33819,6.128682,12.881467,3
33820,14.316559,9.8631115,1
33821,13.536749,10.329465,1
33822,-2.9505992,6.945597,2
33823,14.543901,10.920301,3
33826,3.8613951,10.083932,1
33828,3.7737248,10.273929,3
33829,-3.8377924,5.0855484,0
33830,6.7667923,10.862752,4
33831,11.796145,9.632951,3
33832,6.568937,12.020858,3
33833,4.1631575,8.984337,7
33834,9.386742,11.748129,6
33835,-5.263269,4.731764,0
33836,-5.614762,5.4065437,2
33837,9.606372,3.2906399,7
33838,9.053774,11.164887,6
33839,4.8068066,6.7983155,6
33840,14.465038,11.541028,3
33841,4.1771216,6.813997,5
33843,12.144377,10.5558195,1
33844,10.683219,8.420125,4
33845,-5.0628004,6.515283,2
33847,9.222286,12.056171,6
33848,4.265041,10.084125,3
33849,-5.1922655,6.8216586,2
33850,4.6249886,10.428702,3
33852,6.8247957,10.033548,4
33853,-5.861173,3.4250593,0
33854,6.467662,12.685796,1
33855,6.509024,12.493483,1
33856,7.2532163,10.537455,4
33858,-5.529642,5.8989425,2
33859,6.0711465,7.331994,1
33860,4.0640182,10.782073,3
33861,-6.535928,4.1136084,0
33862,3.4555502,7.0658727,6
33863,4.0837865,10.408275,3
33865,4.023577,9.369942,1
33866,3.3050406,6.3793545,6
33867,7.957183,12.166419,6
33868,7.687423,6.524107,3
33869,7.504715,11.198688,6
33870,4.650988,6.3333445,6
33871,3.6018665,9.858386,6
33872,11.756107,9.834384,3
33873,-4.9046583,5.309249,0
33874,4.6485977,6.458268,6
33875,14.205143,10.95089,3
33876,13.830965,9.545387,1
33877,-5.9078307,5.7783504,2
33879,-5.721184,5.4217134,0
33880,4.480114,10.657765,3
33881,-5.8267193,6.875454,2
33882,-5.610694,6.3146806,2
33883,5.0624366,10.797333,3
33884,9.482865,3.1235468,7
33887,11.460439,9.019615,6
33888,5.914675,11.136454,3
33889,13.834544,10.232367,1
33890,-5.7610455,6.5136547,2
33891,-3.1443381,4.7273664,0
33892,-3.3222103,4.9670167,0
33893,4.1961155,10.261749,1
33894,3.35905,7.003478,6
33896,6.093431,10.479842,1
33897,9.616928,3.3946745,7
33899,11.571497,11.355215,4
33900,3.7450626,9.420125,4
33901,12.407136,9.588681,1
33903,-3.2514396,5.501216,0
33905,9.5437155,3.5704668,7
33907,3.8766227,9.79765,1
33908,10.341561,11.001595,6
33910,-4.9450054,4.2974896,0
33911,14.272865,10.2219,1
33912,-3.91025,6.792918,2
33913,3.968452,7.529225,6
33915,9.41468,3.4128292,7
33916,11.500511,9.45248,5
33918,3.2584336,6.9033194,6
33921,3.4676301,6.2348123,6
33922,3.8754716,10.7564745,3
33923,7.4173107,13.439863,4
33924,5.8176503,12.450974,3
33926,-5.761121,3.6619978,0
33927,10.954628,11.5732975,4
33928,3.6394508,8.374404,6
33930,7.6662397,11.341862,6
33931,7.419463,10.54153,6
33932,-5.2671866,3.4895267,0
33933,7.3011746,6.136611,1
33935,3.512155,9.156557,5
33936,14.694476,10.831126,3
33937,7.785142,13.7789,4
33938,-5.4609413,4.0982513,0
33939,5.8851204,11.731718,3
33940,4.6241455,10.174404,1
33941,11.301172,13.848321,5
33942,-6.3787456,3.5795138,0
33943,4.3299165,10.692228,3
33944,4.507971,10.784979,3
33945,10.645945,15.041077,5
33947,-2.9570637,5.257992,0
33948,4.8230367,6.8476386,6
33951,3.6852627,9.196098,1
33952,6.7350235,11.075021,3
33953,11.253541,11.605446,5
33954,10.4128475,-0.25955856,7
33957,9.746235,12.273866,6
33958,7.0033207,12.579118,1
33959,5.881797,12.685335,3
33960,11.211208,11.399697,4
33962,-3.7106974,6.9301095,2
33964,9.781306,3.3397233,7
33965,-4.038049,3.8088186,2
33966,11.0120125,13.760611,5
33967,9.450057,3.6348994,7
33968,5.727423,11.721201,3
33969,-5.371165,3.9451628,0
33970,14.582206,10.601737,3
33971,10.378307,-0.07133658,7
33972,-3.392428,7.287755,2
33974,9.42034,11.563623,6
33975,-5.9907618,5.7609134,2
33976,-6.472364,4.1131926,0
33977,-6.2867756,6.7586017,2
33978,3.8195808,6.4643955,6
33979,8.9325,10.860434,6
33980,4.373154,5.9014874,6
33981,6.9605865,12.873525,1
33985,11.346315,9.032236,6
33986,3.8214836,7.335117,6
33987,9.532984,3.5655372,7
33988,9.39161,12.005061,6
33989,14.8204775,10.838506,3
33990,3.7197647,6.378293,6
33992,4.6663475,6.387563,6
33993,6.432276,9.835367,6
33994,4.091826,6.102305,6
33997,4.047968,9.878496,1
33998,-5.9784555,3.5371747,0
33999,11.57864,10.909191,3
34000,9.595973,13.484927,5
34002,-6.549728,4.069993,0
34003,8.450734,12.329187,6
34004,4.3718033,6.8836613,6
34005,11.081282,0.9017853,7
34006,14.22069,11.24026,3
34008,5.390129,7.474157,6
34009,4.8386464,8.842958,1
34012,13.993537,11.04861,3
34013,3.9092076,9.687596,1
34014,3.5180798,7.400994,6
34015,-3.545871,4.9932814,0
34016,-3.6112692,5.486024,0
34017,-5.5297866,7.1248093,2
34018,9.586887,12.252608,6
34019,7.7579727,-0.62392104,7
34020,7.453867,13.53927,4
34022,4.2826066,7.0709157,6
34023,6.95432,11.109215,1
34025,9.548995,12.076228,6
34027,4.5607486,7.0034695,6
34028,14.2005415,11.237515,3
34029,11.923667,9.678152,3
34030,11.430264,10.559772,6
34031,-5.2722273,3.9508512,0
34033,-3.7386088,4.1809263,0
34035,13.219904,9.941512,6
34037,-5.033159,7.4198055,0
34038,7.697791,6.589461,3
34039,10.581416,15.062588,5
34040,-5.186865,3.6445324,0
34041,-3.5463212,6.227475,2
34042,4.8295283,6.8681436,6
34043,6.1741867,12.482152,3
34044,7.0830092,12.685925,1
34045,-5.5613694,5.0992393,0
34046,4.926006,9.405075,1
34047,10.70443,-0.34093875,7
34050,7.311955,12.018816,4
34052,-5.852108,5.253266,0
34054,11.176251,0.8172701,7
34056,10.659741,-0.19462784,7
34057,11.229679,9.097195,6
34059,10.878438,14.915097,5
34060,11.004432,0.70256853,7
34061,-4.8891287,5.7696276,2
34063,10.646622,-0.44995996,7
34064,10.796291,8.466156,6
34065,-5.898201,6.4719033,2
34066,-5.04368,7.64947,2
34067,3.9479759,10.015286,1
34069,7.2342734,11.118403,4
34071,8.343606,-1.1086117,7
34072,6.5489435,13.44517,3
34073,-5.1920476,3.2082841,0
34074,5.271293,9.238799,1
34075,6.786393,13.064779,4
34076,11.159488,0.05412856,7
34077,7.686297,11.297869,6
34078,-6.1518354,5.855666,2
34079,-4.834898,7.4996004,2
34080,7.7772493,12.518227,1
34082,13.165347,10.035154,1
34083,8.040404,-0.6253183,7
34084,10.727536,14.986199,5
34085,3.701145,9.350147,6
34086,13.222337,10.043068,6
34087,-2.8344426,7.013027,2
34089,11.639733,11.323174,4
34091,11.211224,10.889162,6
34092,-5.4248214,6.079196,2
34093,-5.058053,4.556468,0
34094,14.664794,11.410309,3
34096,10.667467,14.987825,5
34098,7.785727,-0.34829575,7
34099,8.070263,13.414542,4
34100,12.012968,9.891866,1
34101,5.2969413,7.664815,6
34103,5.958793,12.065661,3
34107,4.7332497,9.334868,1
34108,-6.1347876,3.3432384,0
34109,10.970028,13.75954,5
34112,4.241402,5.965446,6
34113,13.309798,10.003062,6
34115,3.9338384,7.593111,6
34116,4.215389,9.525185,1
34119,4.29316,6.263169,6
34120,7.3844047,6.272482,1
34122,6.186239,11.291239,1
34124,6.556445,12.194243,3
34125,3.8351815,7.542393,6
34126,-5.311277,3.7933574,0
34128,7.3639803,11.653265,1
34129,10.733023,-0.4889694,7
34130,13.868435,10.473682,1
34131,-5.6028333,7.2082925,2
34132,10.486837,1.0849686,7
34133,-5.333105,4.914555,0
34134,3.987484,10.03929,1
34136,4.716872,9.709108,1
34137,11.255537,13.889649,5
34138,3.8441775,7.439411,6
34141,11.27152,9.248595,5
34142,5.897994,11.015387,3
34145,4.6102924,7.566042,6
34146,3.7908132,9.748848,1
34147,-3.445142,6.53121,2
34148,8.303697,-0.6960349,5
34150,10.965512,13.111188,5
34151,4.460498,6.511072,6
34152,8.23727,-0.94610983,7
34153,14.105806,10.984061,3
34154,6.1220884,12.298044,3
34155,10.702337,11.058887,6
34156,6.713641,10.550063,1
34158,13.586859,10.3267975,1
34159,6.690927,10.576811,4
34160,8.385762,12.319116,4
34162,-3.4150655,7.014995,2
34163,7.7738633,11.509672,6
34164,4.1947446,8.852643,6
34165,-6.250878,3.842225,0
34166,-3.3068137,7.0431714,2
34167,5.629813,11.914524,4
34169,11.283244,14.544868,5
34170,7.864693,6.294702,3
34171,5.9696283,12.362425,3
34172,-5.84848,4.8286724,0
34174,6.786626,9.984135,6
34176,4.047201,9.433917,4
34177,-5.8370175,6.58023,2
34178,11.408818,13.709821,5
34179,7.851441,12.816218,6
34180,-3.6090436,5.3171816,0
34182,3.3576574,7.1133122,6
34183,3.825222,6.8356004,6
34184,7.9334154,12.64301,6
34185,4.218885,9.450813,1
34186,8.312274,12.501247,4
34187,4.025464,10.40692,3
34188,-2.8936996,4.88274,0
34189,13.607993,9.577535,6
34190,12.660999,10.383694,6
34192,4.2073607,6.2434335,6
34195,4.379748,7.818333,4
34196,9.379564,11.491934,6
34197,4.1441445,8.700804,6
34199,11.943503,10.890778,4
34201,11.611844,11.357146,4
34202,5.676299,12.294274,3
34203,6.587657,13.128195,1
34204,5.2240276,10.724602,3
34205,10.935617,11.374063,4
34206,7.492858,11.238688,6
34208,-5.660389,5.8229628,2
34209,9.519501,2.9946861,6
34210,-3.8466282,4.3733845,0
34211,10.313761,14.864611,5
34212,4.5819745,6.5572467,6
34213,7.969975,12.865333,6
34214,-6.029875,6.151958,2
34215,-5.8746033,4.0626097,0
34216,10.791873,11.542269,6
34217,-3.1540654,7.276164,2
34218,-3.6362867,7.342819,2
34219,6.1373386,11.627367,3
34220,10.709717,0.0697334,7
34221,-3.1618094,6.955133,2
34222,-4.860738,4.469892,0
34223,14.814326,11.254582,3
34224,4.9051065,6.3637147,6
34225,3.9969265,7.5816317,6
34226,9.127844,12.30245,5
34227,5.5451427,8.1013565,6
34228,8.085886,12.778462,4
34230,9.851132,13.560407,5
34231,8.127294,12.410561,4
34233,11.362602,0.6735292,7
34234,-3.0463796,4.85999,0
34235,11.434913,11.065253,1
34236,10.729134,0.5047587,7
34237,10.932978,13.710479,5
34238,10.9892025,8.685288,6
34239,5.1498513,10.380782,1
34240,13.148207,10.090293,6
34241,4.203989,10.443168,3
34243,7.309116,13.776504,4
34246,9.293961,12.935162,5
34247,5.3087983,6.5327163,6
34248,10.116186,0.14183657,7
34249,3.3809538,7.031379,6
34250,-3.265082,7.059591,2
34251,5.3667603,7.340934,6
34252,-3.573899,5.0002527,0
34253,10.862328,14.111496,5
34254,-5.167977,4.2513294,0
34256,7.8103485,11.3283415,7
34257,10.846195,14.060642,5
34258,7.2236547,10.534664,4
34259,9.775742,3.0865123,7
34260,-3.983787,6.7021565,2
34262,12.132107,9.5676365,1
34265,3.8919225,10.778712,3
34266,3.5776355,6.903288,6
34267,8.043385,-0.4379283,7
34268,11.265955,13.382288,5
34269,9.188377,11.409993,5
34270,10.302029,13.110766,5
34271,8.061863,13.438223,5
34272,9.229925,3.5522351,7
34273,6.4951797,9.701716,4
34274,14.892257,10.724467,3
34277,11.788742,9.621212,1
34279,6.1028967,7.484536,3
34280,4.780891,10.2403,3
34281,-6.059733,4.7525024,0
34283,6.2010465,12.253803,3
34286,9.14015,13.412002,5
34287,9.478409,12.001746,6
34290,10.160942,0.011701138,1
34291,-5.229202,6.7986293,2
34293,3.8192503,9.365145,1
34295,14.457145,10.6929035,3
34296,5.374556,7.554477,6
34297,5.102467,10.75083,3
34298,4.462103,6.0875626,6
34300,8.2712965,-1.0613806,7
34301,3.3095336,6.544568,6
34303,-3.7319777,6.3309836,2
34304,-2.95243,5.168759,0
34305,10.748361,11.722939,6
34306,9.325491,11.322936,6
34308,9.539965,11.764848,6
34310,9.569696,3.419165,7
34312,4.3246017,7.3271985,5
34313,3.2855105,6.4494505,6
34314,8.112081,13.580476,4
34315,4.039364,9.34359,2
34317,-3.9955442,4.669649,0
34318,10.501793,13.980892,5
34319,-6.1914444,3.3960552,0
34320,8.350057,11.852348,4
34322,14.420698,11.52215,3
34323,6.854877,13.634385,1
34324,3.21826,9.724966,4
34325,3.602451,6.220649,6
34326,10.957144,0.9475313,7
34327,-2.9651198,5.287343,0
34328,-5.2372785,4.379998,0
34329,8.314662,-0.62112176,7
34330,8.245855,-1.0864208,7
34331,5.568548,10.871099,4
34332,5.8221984,6.6660576,6
34334,4.144292,5.954791,6
34335,-3.0413182,4.6879315,0
34336,6.6218815,13.139508,4
34337,13.233233,10.798918,1
34338,4.521296,6.576344,4
34339,11.210177,13.46338,7
34341,11.473961,11.185571,4
34342,9.331217,11.717128,6
34343,-5.0652285,2.6975226,2
34344,-6.0651608,6.23869,2
34345,4.3720207,9.65494,1
34346,5.0659575,10.099687,1
34347,5.367268,10.693488,3
34348,10.355406,14.551375,5
34349,7.3819385,12.130124,4
34350,9.6236925,11.787285,6
34351,5.2964735,9.829579,3
34352,4.9983606,9.378599,1
34354,3.61235,7.554383,1
34356,3.6039033,9.682893,1
34357,4.664903,10.365113,3
34358,10.923793,13.285416,5
34359,-3.760559,5.301889,0
34360,10.9656105,-0.08980126,7
34361,11.138386,14.709265,5
34363,11.404307,8.984737,4
34364,5.5589237,12.256956,3
34365,10.033147,0.6587993,5
34366,5.898847,6.978437,5
34367,7.946381,12.663751,6
34368,-4.838794,4.472421,0
34369,9.4740095,11.940064,6
34370,-3.3544312,4.9988246,0
34371,14.730429,11.5235405,3
34372,8.32329,-0.9804552,7
34374,7.970649,11.463352,4
34375,11.012622,11.1760845,1
34376,7.473654,13.486104,1
34377,-3.0932677,7.1723647,2
34378,7.910451,12.448732,6
34379,14.369541,11.480569,3
34381,-6.2781935,3.676682,0
34383,3.5134776,9.026691,4
34384,6.195562,12.590021,3
34385,11.249852,9.002135,6
34386,9.346896,3.5676956,7
34389,3.3101764,6.8474474,6
34391,-6.6065507,6.427901,2
34392,14.254543,10.305371,1
34393,-5.508149,6.29851,2
34394,5.446999,8.111004,6
34395,-5.546243,4.725819,0
34396,-5.552105,4.928471,0
34397,11.093776,10.777952,6
34398,12.27417,9.607307,1
34399,7.160777,12.461325,1
34400,11.2795925,10.615374,6
34405,-6.049388,3.7611518,0
34406,9.099692,11.3119,6
34408,10.762131,-0.019910611,7
34409,11.332818,0.6346008,7
34410,8.225583,-0.72247416,7
34411,7.1024094,10.749337,6
34413,11.018535,13.176172,5
34414,6.756985,10.819275,4
34415,14.611168,11.342995,3
34416,5.9277854,6.8126736,6
34419,3.8465147,6.772298,6
34420,5.7473345,12.729941,3
34422,7.900122,10.746961,6
34423,3.5643694,7.176172,6
34425,-5.38487,4.751075,0
34426,6.2079854,11.423628,3
34427,11.035053,11.440831,1
34428,5.763914,10.468421,3
34429,7.7639837,10.687667,4
34431,13.323009,10.322288,6
34432,4.470386,9.286309,6
34433,5.113845,7.6909556,6
34434,-6.2390714,4.621474,0
34435,5.1594996,6.7666907,5
34436,8.132184,10.831597,4
34437,11.687155,10.814782,3
34438,6.4618435,12.626687,1
34439,6.665585,13.42078,4
34441,-5.436949,3.7534993,0
34442,7.6074862,12.277055,6
34443,-6.0241365,6.2443156,2
34444,5.9511085,12.61537,3
34445,5.890755,11.967182,3
34447,8.258714,12.246312,4
34448,8.099164,13.120445,1
34450,9.167321,11.910852,6
34451,8.114387,-0.8920203,7
34452,6.425559,9.828892,1
34453,3.9535942,9.775166,4
34454,10.235829,13.367028,5
34455,3.9312053,7.313335,6
34456,4.510365,10.348547,3
34457,14.6900015,11.069973,3
34458,-5.0475326,7.6332784,2
34459,7.176178,11.245796,4
34461,-5.9036317,6.0638037,2
34462,9.303128,11.752054,6
34463,11.189935,12.698217,5
34464,7.6834507,11.359847,1
34465,7.774374,-0.36833018,7
34466,7.3684826,12.271829,4
34467,7.1596503,10.5568,1
34469,9.950471,13.837982,5
34470,7.2533956,13.006572,1
34471,12.675555,10.552345,4
34472,7.026514,5.798914,6
34473,4.450761,9.328882,1
34474,-3.8686848,6.881205,2
34475,10.8524685,-0.32300785,7
34477,7.7983093,13.378797,4
34479,10.999378,10.728691,3
34480,13.546529,9.65807,6
34482,7.0676694,13.255756,1
34483,9.039718,11.407346,6
34485,-5.6862364,6.2006764,2
34486,7.2801213,13.533528,3
34487,7.027769,11.457314,4
34488,3.4834387,9.357133,5
34490,4.277509,9.063201,1
34492,-6.559982,6.4357653,2
34493,-2.9751744,7.1350303,2
34494,8.278158,-1.0067886,7
34495,11.394766,0.5971092,7
34496,7.512107,6.0181637,1
34497,7.440336,5.9702587,1
34498,11.124273,0.5308917,7
34499,7.8485117,13.116753,4
34500,-6.275118,6.6857123,2
34501,6.1414213,10.639508,3
34502,13.724831,10.720264,1
34503,3.704569,6.3915033,6
34504,6.308185,11.045792,1
34505,10.935074,11.159563,4
34506,7.409547,12.230217,1
34508,13.838428,10.447947,1
34509,-5.41069,3.9136224,0
34511,5.5966415,12.083727,3
34513,11.162168,14.027379,5
34514,10.806251,12.68451,5
34515,-6.412904,4.40399,0
34516,13.082995,10.232023,6
34517,7.522283,5.9171834,1
34518,-4.1353216,7.5241423,2
34519,10.87721,14.775239,5
34520,7.053163,10.242773,4
34521,5.119717,10.362118,4
34522,3.7074816,7.4700994,6
34524,9.977125,15.080915,5
34525,7.880604,12.331726,6
34526,6.388323,13.178317,4
34527,-3.4045222,6.6125574,2
34528,7.0708203,12.048844,1
34529,6.319739,13.069031,1
34531,10.484535,10.69246,1
34532,7.207853,10.3330345,4
34534,-6.2140174,3.7830422,0
34535,-3.1571488,4.8625607,0
34537,6.4685407,12.438061,3
34539,10.891222,-0.009772356,7
34540,-4.831267,7.2679377,2
34541,6.482346,12.025083,1
34542,14.92113,11.148495,3
34543,6.422773,11.236741,1
34544,8.106226,12.251668,4
34546,14.221816,11.263735,3
34547,6.8693094,11.698373,1
34549,6.25541,13.340651,3
34550,4.4596496,10.255398,3
34551,-2.6953845,5.096576,0
34552,3.5835032,6.8111653,6
34554,5.0809116,7.119023,6
34556,8.539623,12.909968,6
34557,9.446865,13.487369,5
34558,6.323742,12.731502,3
34560,5.9760795,9.293602,6
34561,-2.7634377,5.019529,0
34562,5.1844597,7.7312875,6
34563,-5.7433667,3.6534355,0
34564,-5.782636,5.1092806,0
34565,7.225112,11.940031,1
34566,10.036454,14.735575,5
34567,-6.2871428,6.5955877,2
34568,7.1328497,13.301827,4
34569,5.8595552,11.37125,3
34570,3.10079,9.084919,4
34571,14.328539,10.0216,1
34573,8.253891,13.410648,7
34575,-3.3690197,4.7980146,0
34579,3.9030607,10.052712,3
34580,8.0089035,13.999648,6
34581,11.410189,13.454056,5
34582,9.373802,12.096511,6
34583,7.867795,11.7117195,5
34584,10.863556,10.990073,1
34585,7.6899076,12.376929,1
34586,9.834088,14.34772,5
34587,-5.420716,3.3382497,0
34588,7.2388587,13.479987,4
34589,-3.271564,7.078786,2
34590,11.351041,13.566136,5
34592,4.333103,6.0435457,6
34594,11.023697,13.5491295,5
34595,10.52802,0.32511106,7
34597,7.79789,10.773715,6
34598,6.9169536,11.280223,1
34600,9.702894,12.078247,6
34601,-3.3360727,5.0690627,0
34602,5.7940416,10.275075,3
34603,-3.1904113,4.626496,0
34604,10.357068,13.814432,5
34605,10.0948105,0.5661464,6
34606,10.116968,13.249286,5
34607,9.438444,12.308355,6
34608,-4.675009,4.024547,0
34609,11.432254,9.0171995,1
34610,14.590837,10.42492,3
34612,7.03847,12.851504,4
34613,8.0922,-0.7408043,7
34614,11.140345,0.83994675,7
34615,8.265204,13.320266,4
34616,-2.8528898,4.8409657,0
34617,6.8189807,12.71122,1
34618,7.4671235,5.90177,1
34619,5.104635,8.354986,4
34620,11.415919,11.418751,6
34621,6.7239623,6.143074,1
34622,3.6166143,9.840469,4
34624,8.06217,11.821703,6
34625,9.335379,3.6193717,7
34626,-3.8517928,7.327013,2
34627,-4.914337,4.1156607,0
34630,-5.8436375,6.5174255,2
34631,-5.8887777,6.789129,2
34632,13.38824,10.804505,1
34634,-5.894987,3.6065068,0
34635,-5.805808,3.637005,0
34636,3.2484965,8.911525,4
34638,11.444859,0.6541398,7
34639,7.3682685,12.10925,1
34640,3.194773,6.883142,6
34641,7.668649,11.507285,1
34642,7.4245353,12.355635,6
34643,-4.0512085,7.5872974,2
34644,-5.9034314,5.523123,2
34645,14.344453,10.714761,3
34646,3.9023337,6.393016,6
34647,7.703065,-0.98045653,7
34649,6.946678,6.136157,1
34650,9.105859,3.588443,7
34652,-5.203952,4.268605,0
34653,14.490208,11.473784,3
34654,14.808982,10.690672,3
34655,5.050625,10.588593,3
34656,-6.3444433,3.8781354,0
34657,11.416072,8.960998,6
34659,14.769034,11.100154,3
34661,6.7066913,13.496258,3
34662,8.958652,13.247053,4
34666,-5.832568,5.441478,2
34667,4.0614104,9.676489,1
34668,8.10245,12.483036,4
34669,4.11228,6.973109,6
34671,-5.6760855,5.930039,2
34672,14.305926,10.366316,1
34674,-5.0987773,4.2936497,0
34676,4.367441,10.678139,3
34677,8.305334,-0.89144325,7
34682,-5.6188755,4.6740437,0
34683,4.2813725,8.092807,5
34684,4.982971,6.466278,6
34685,-3.0785084,6.666655,2
34686,6.19534,9.414803,6
34687,6.9959283,11.745531,4
34688,6.221997,12.522925,3
34689,8.157424,-0.9558602,7
34690,11.135539,10.548444,5
34691,4.247427,10.238972,3
34692,4.8875356,7.489083,6
34693,5.1147046,7.5390363,6
34694,6.401939,10.950965,1
34696,10.58105,13.549237,5
34697,13.7447605,9.481456,6
34698,4.6575255,7.3808455,6
34699,10.317061,14.472778,5
34700,11.351693,10.887589,3
34701,-3.3681993,7.244018,2
34702,4.665746,6.4488087,6
34703,12.958592,10.020254,6
34704,10.817403,8.466449,6
34705,3.9358215,10.354447,3
34706,-6.364213,6.1536727,2
34707,-6.544031,3.9355454,0
34708,9.558315,3.1139138,7
34709,4.8331094,6.494047,6
34711,-5.755316,6.7053165,2
34712,5.1235723,8.172838,1
34713,-2.9551103,6.1706786,0
34714,10.780029,10.726104,3
34715,-6.1546474,4.709687,0
34716,6.0443726,8.964988,4
34718,-3.127727,6.7140746,2
34719,10.6453905,14.495368,5
34720,6.3233657,11.92288,4
34721,4.2902694,9.127132,6
34722,10.834233,11.001661,3
34723,10.574288,14.030298,5
34724,7.5975604,-0.98778296,7
34725,4.5575523,10.440263,3
34728,-3.5828617,6.7276645,2
34730,-2.948981,6.676024,2
34731,14.230115,10.19098,1
34733,9.794865,12.843231,5
34734,9.905423,13.078857,5
34735,10.635784,-0.077564694,7
34736,3.947622,9.525844,1
34737,6.345586,9.875768,3
34738,4.0832176,10.171571,3
34739,10.441691,13.588547,5
34740,-4.044563,3.9253142,0
34741,-5.9088526,7.018933,2
34743,13.230664,10.100552,1
34744,3.2691293,6.4261827,6
34745,4.255896,5.962394,6
34747,13.393184,10.582287,1
34748,3.7196825,7.2580357,6
34749,9.468359,11.847766,6
34750,11.291231,0.4037182,7
34751,6.9542923,12.528411,3
34753,11.419483,13.985412,5
34754,14.200095,11.007794,3
34755,14.644744,10.680681,3
34756,6.11141,12.763029,3
34757,3.671272,9.514349,1
34758,11.45298,13.455982,5
34759,5.4663105,6.6657434,6
34761,11.235773,13.927822,5
34762,7.972121,14.024636,4
34763,6.8388977,10.488667,6
34764,7.403544,11.773107,1
34765,14.400311,11.533019,3
34766,10.868923,14.161698,5
34767,-6.274005,6.746149,2
34770,6.426672,13.523853,3
34772,-4.0123367,7.015728,2
34773,4.4412036,6.80187,6
34774,13.527143,9.660986,6
34776,8.09856,12.041939,6
34777,9.894684,13.524978,5
34778,8.909266,13.256042,5
34779,6.5892024,10.922438,1
34780,7.2220125,12.080011,1
34781,4.137037,8.831508,6
34782,9.571589,2.7912028,7
34783,5.1828194,10.27087,1
34784,14.880953,11.237383,3
34785,7.5515747,12.6919775,7
34787,11.335571,11.502291,6
34788,4.3201,9.220678,1
34790,7.4246244,10.592238,4
34791,5.6631045,11.563049,3
34793,6.3015594,13.014143,3
34794,-5.2548275,3.370654,0
34795,11.499674,11.415023,4
34796,11.21727,0.95546764,7
34797,-5.3014517,7.3770986,2
34798,9.654674,2.9881923,7
34799,8.213217,13.513199,6
34800,8.665737,10.528989,6
34801,7.2288675,11.442416,1
34802,-5.6957183,4.061529,0
34803,10.721063,-0.4532858,7
34805,3.6851544,9.098174,6
34806,10.55292,13.579546,5
34807,9.079352,13.297706,5
34808,3.5146773,9.288209,1
34809,6.06378,12.997549,3
34810,7.8984647,11.588688,1
34811,3.8555331,9.013038,4
34812,10.791202,13.4049225,5
34814,10.006666,13.528729,5
34815,10.327492,15.177963,5
34816,7.6294603,13.380695,4
34817,10.280112,14.794556,5
34821,-3.8108168,6.623604,2
34822,5.291538,10.743735,3
34823,-6.512932,3.9706588,0
34824,8.065318,13.391139,1
34825,4.6150184,10.572577,3
34826,8.175661,13.25936,4
34827,11.254578,9.348382,5
34830,-5.399315,5.423513,0
34831,4.522513,7.2256165,6
34833,9.236369,11.341531,6
34834,6.5353885,11.91729,1
34835,4.079795,5.9503527,5
34836,-3.1284564,7.221703,2
34837,5.7971044,11.3611765,3
34838,-5.741905,5.86488,2
34839,9.406631,11.482852,6
34840,13.726409,10.910231,1
34841,3.4219863,6.9172444,6
34843,5.883622,12.610521,3
34844,5.878883,11.065357,3
34845,8.835951,13.385671,5
34846,8.212947,11.598971,6
34847,9.965633,13.691119,5
34848,7.3419566,13.713936,4
34849,8.58,10.342611,6
34850,7.4547343,12.913772,4
34852,-6.62669,6.257255,2
34853,6.657331,13.098561,3
34854,10.599067,8.348199,6
34855,7.6564007,11.17653,6
34857,6.0790343,10.69013,3
34858,-6.099928,6.482175,2
34859,9.488137,11.765815,6
34860,10.860848,14.459751,5
34861,14.168452,9.857568,1
34862,4.861905,10.731113,3
34863,6.336954,11.976101,4
34864,-3.435614,5.388356,0
34866,4.0828733,10.159377,1
34867,10.654791,0.6036285,7
34869,5.757512,6.537185,1
34870,-4.653987,3.6837802,0
34871,7.743622,11.1616955,4
34872,6.1793566,9.308655,6
34873,-4.964036,4.603317,0
34874,3.889995,7.454927,1
34875,10.601045,14.118049,5
34876,7.3393373,13.329294,1
34878,10.340786,14.970839,5
34879,11.263224,10.668576,6
34880,6.3723483,13.02266,4
34881,-5.9307537,6.908124,2
34882,13.059327,10.145114,6
34883,13.010069,10.1875105,6
34884,14.124813,10.531173,1
34885,-4.906808,4.099228,0
34886,4.5366693,9.423421,6
34887,10.78996,10.932228,6
34888,11.114036,10.709235,1
34889,-5.5883255,5.935218,2
34890,6.496255,12.51357,1
34891,-5.797465,5.9116526,2
34892,11.171906,8.733326,1
34893,10.338989,11.749329,6
34894,7.932981,11.759416,4
34895,14.681176,10.988395,3
34897,-4.453386,7.4471793,2
34898,10.956219,0.48905998,7
34899,10.527322,13.58291,5
34900,15.036028,10.816564,3
34903,4.209614,6.1741114,6
34904,9.457183,11.522172,5
34905,9.343593,11.598062,6
34906,8.1498165,-0.9042268,7
34908,14.181285,9.809379,1
34909,4.267589,8.490395,1
34910,4.4365745,8.680721,6
34912,11.3302,10.638141,1
34913,-5.6765385,3.7264297,0
34914,4.7947874,9.208519,6
34915,-4.4047494,7.5368996,2
34916,3.3203177,6.377128,6
34917,14.5293455,11.467319,3
34919,9.663013,13.578201,4
34920,6.1725326,13.091163,3
34921,13.932377,10.6845665,1
34923,5.642957,11.646346,3
34924,4.6723976,6.48457,6
34925,8.500265,12.9189625,6
34926,3.6395478,6.7852535,6
34927,5.9338574,6.847349,6
34928,4.2423425,10.664518,3
34929,11.84877,9.670114,1
34930,11.381783,8.962357,4
34932,-6.1076846,6.3046093,2
34933,14.407347,10.046195,1
34935,10.746032,14.466672,5
34936,-6.5563636,3.8964987,0
34937,9.0307045,11.190745,6
34939,-2.9765103,6.8846397,2
34941,8.754782,13.39437,4
34942,10.816895,0.028611477,7
34943,7.6360254,11.640073,6
34944,10.624982,10.95111,6
34945,-5.9802456,4.533358,0
34946,10.000364,12.937132,5
34947,11.3190775,10.489414,1
34949,13.747698,10.311669,1
34950,7.738927,12.47622,4
34951,7.7515645,13.436057,4
34952,7.076852,12.233299,1
34953,7.8887978,-0.9499666,7
34954,7.5248523,13.286361,4
34955,14.189056,10.485226,1
34956,3.46665,9.017038,4
34957,11.35651,0.3568354,7
34958,-3.05885,7.14634,2
34959,7.2931356,11.503882,1
34960,11.7844925,9.584071,4
34961,-4.801044,5.3541107,0
34962,4.9811707,7.1251245,1
34963,10.76942,14.617545,5
34964,4.754096,10.569788,3
34965,-2.6688313,5.356215,2
34966,6.519654,12.417827,1
34967,7.821543,-0.9605923,7
34968,-5.45593,4.845361,0
34969,6.8310685,5.867709,7
34970,-6.1444244,3.4982347,0
34971,10.548173,13.746337,5
34972,4.195509,6.287808,6
34973,-3.6786191,6.321211,2
34974,-5.0309176,7.5288134,2
34975,-3.776003,6.890385,2
34977,7.3249736,11.708777,1
34978,10.710234,14.432088,5
34979,6.4391127,11.257303,3
34980,3.4075813,6.879,6
34981,11.511538,9.072121,6
34982,4.316662,10.506548,3
34983,4.298273,7.3843317,6
34985,-5.054671,3.7093635,0
34986,6.9133697,13.655201,4
34987,5.134597,6.5026574,6
34988,8.69009,13.48703,6
34989,9.778841,2.8974807,7
34990,11.961307,9.650327,6
34991,6.0560727,6.871454,6
34992,11.179061,8.8872,6
34993,4.395636,10.481482,3
34994,4.093946,9.85822,1
34995,9.644226,3.1182933,7
34996,-2.9361806,5.244946,0
34998,8.141106,13.366021,4
34999,-5.837346,6.8493266,2
35000,7.0187955,12.618077,1
35001,4.7283998,9.652745,3
35002,10.730005,13.027553,5
35003,10.241402,14.750217,6
35004,10.882319,12.8873205,5
35005,-5.1817093,7.359742,2
35006,11.526093,10.669138,3
35007,-6.132816,6.91755,2
35009,4.8363395,9.226656,1
35010,4.222536,10.354775,3
35011,5.573803,6.8126626,6
35012,9.057121,11.465711,6
35013,7.167366,12.922821,4
35014,10.880058,13.732229,5
35015,6.6490865,11.774049,1
35016,7.58159,6.013898,1
35017,-6.045187,4.4003677,0
35018,6.2000256,9.561944,3
35019,7.931721,13.408734,4
35020,6.5241947,10.112087,3
35021,10.518059,14.137607,5
35022,-3.009124,4.848247,0
35023,11.365534,9.0653105,6
35024,7.5182266,12.34332,6
35025,-3.6238942,5.7886906,0
35026,9.023525,11.189174,1
35027,-3.5913448,4.9906936,0
35028,4.11399,9.946679,3
35029,8.291139,13.766737,4
35030,4.5478168,6.598804,6
35033,14.482661,11.527028,3
35034,14.361551,11.562269,3
35035,10.051829,0.16303675,7
35037,3.5120971,7.4150395,6
35038,10.721734,1.025226,7
35039,-5.0170903,7.6117053,2
35040,7.642888,11.100301,4
35041,3.8372307,10.505591,3
35042,-5.603205,4.3627768,0
35043,8.058435,-0.3751309,7
35045,7.853541,11.682154,6
35046,11.8178215,10.655166,6
35047,6.8878236,12.172199,4
35048,7.4196873,13.826445,4
35049,7.1684203,11.3018055,1
35050,3.4794216,7.3403163,6
35051,-3.6842763,6.275307,2
35053,6.9883566,13.574447,4
35055,12.233713,10.903804,3
35057,7.6517634,12.6590395,4
35059,-3.3932762,6.9394817,2
35060,10.340067,10.718126,4
35061,13.80385,9.723717,1
35062,6.4874916,11.20064,3
35063,5.5189705,10.16825,1
35064,4.3003564,5.990343,6
35065,8.414411,12.662617,4
35066,-5.672991,5.854129,2
35067,6.795575,11.6392,3
35068,10.741053,0.94781506,7
35069,-2.966145,7.0221696,2
35070,10.217315,-0.24798404,7
35072,4.2400513,7.2696233,6
35073,10.8215275,0.33326212,0
35074,-5.9199796,4.2618976,0
35075,8.256218,-1.0436956,7
35076,9.117367,3.47904,7
35077,-4.7981243,3.9719665,0
35078,-3.6124828,7.0250554,6
35079,-4.157345,6.8179536,2
35081,-5.828387,3.7909672,0
35082,5.6288624,12.200842,3
35083,4.3170795,10.718459,3
35084,11.265681,8.915318,4
35086,10.754232,11.057906,0
35087,4.720829,10.721479,3
35088,3.7987833,10.403918,3
35089,7.632775,11.852639,6
35090,10.675295,15.048041,6
35091,6.433225,6.2172008,4
35092,4.35993,8.126526,5
35093,4.137458,10.785338,3
35094,11.055812,13.979655,5
35095,8.151391,12.419577,4
35096,7.52468,11.214442,1
35097,-5.853835,3.8583832,0
35098,11.094192,0.5259102,7
35099,6.628326,11.451603,1
35100,15.045159,10.850527,3
35101,6.859879,11.199875,6
35103,9.739734,2.761478,6
35105,9.253511,3.3464277,6
35106,10.784792,15.119686,5
35107,11.722974,9.377287,6
35108,9.337593,3.561024,7
35109,9.867843,13.523344,4
35111,-2.977604,6.916885,2
35112,8.202687,-0.96333903,7
35114,11.137314,14.851393,5
35115,-6.6427417,6.3271346,2
35116,-6.350383,4.587067,0
35117,-3.0891247,4.8340816,0
35118,5.9020405,12.139497,3
35119,11.0090065,13.262049,5
35121,-5.149002,3.3975532,0
35122,10.7281065,8.471657,4
35123,5.1654124,6.721933,6
35124,9.351547,12.066999,6
35126,3.8641484,10.3913145,3
35127,14.879654,11.105023,3
35128,8.548208,12.719471,6
35129,4.1582737,9.799628,1
35131,9.391158,2.9552689,6
35132,-3.6963725,6.4389567,2
35133,11.3750105,13.315627,5
35134,-5.677124,7.142701,2
35135,4.0729065,6.239883,6
35137,7.8769827,6.4556127,3
35138,6.0642724,12.216904,3
35141,6.331951,12.052996,1
35142,3.9990332,10.686692,3
35143,9.448357,13.32718,6
35144,4.051429,8.98766,6
35145,9.503165,3.3187997,7
35147,11.456029,8.967343,6
35148,7.1145544,10.931721,1
35150,10.281406,0.51052034,7
35151,-5.99584,4.515405,0
35152,4.377987,8.954446,1
35153,4.3368273,10.365622,4
35154,3.8940647,8.79083,6
35155,10.654152,0.013365553,7
35156,-3.8423986,5.0667734,0
35158,9.066113,11.157848,6
35159,3.608063,7.1604695,6
35162,11.272181,14.752078,5
35163,13.37521,10.919096,1
35164,6.331612,11.368845,3
35165,7.9432664,13.291153,6
35167,9.817937,2.8525662,4
35168,11.259121,14.650162,5
35170,8.211036,13.92385,6
35172,8.019002,13.794124,4
35173,13.528322,10.877952,1
35174,7.4682345,11.913807,4
35175,6.16487,6.7901278,6
35177,11.141981,13.66446,5
35180,10.347197,0.09138511,7
35181,9.236229,3.0107238,6
35182,10.715938,-0.2375812,7
35183,8.3678875,12.094747,5
35184,11.33431,11.516095,6
35186,7.1786146,5.961196,1
35189,4.301068,9.183275,1
35191,5.7339993,12.649785,3
35192,8.9975,12.615903,6
35193,4.000919,10.215694,4
35194,-2.9110076,6.858534,2
35195,7.714965,13.59312,4
35196,3.8622634,9.209183,1
35197,8.186637,-0.9174372,7
35198,14.643533,11.334906,3
35199,6.4045925,12.179863,3
35200,14.128786,9.828453,1
35202,13.453968,10.474776,1
35204,10.423642,13.78615,5
35205,3.3121886,10.00483,4
35206,4.5462923,10.466917,3
35208,4.3808365,9.934834,1
35209,13.856315,10.368449,1
35210,5.9346857,12.499275,3
35211,14.411609,10.385115,1
35212,5.172173,6.441299,5
35213,3.9355752,6.4984775,6
35214,5.900683,12.100226,3
35216,9.643355,2.3826044,7
35217,11.36469,12.245767,5
35219,8.424324,12.338789,4
35220,8.232854,-1.0302242,7
35222,-6.0842886,4.112898,0
35223,7.9566736,12.127564,6
35224,-2.6237133,4.94078,0
35226,8.6874485,12.857767,5
35227,11.168791,0.2147133,7
35228,14.563098,11.505299,3
35229,5.8779144,12.100088,3
35230,-6.4863997,6.360241,2
35231,8.066789,-0.29786503,7
35232,10.559897,13.695827,4
35234,7.153757,11.556797,1
35235,11.381402,0.66174155,7
35236,-3.3735125,7.355485,2
35237,-5.986082,6.035714,2
35239,9.7988825,13.561636,5
35240,4.782348,9.334443,1
35241,9.228731,3.343306,7
35242,3.5085292,9.030559,4
35243,-5.6568165,6.34003,2
35244,8.763975,12.426397,4
35245,4.606319,9.52935,4
35246,9.598055,2.9352715,7
35247,-5.3748903,6.4366503,2
35248,7.292387,11.44235,1
35249,6.848594,12.47397,4
35250,14.585766,10.990854,3
35251,-5.667015,5.97622,2
35252,11.271566,13.848386,5
35253,-2.7586722,4.809252,0
35254,10.709207,-0.31767905,7
35255,14.018492,9.848446,1
35256,14.344176,10.0015545,1
35257,9.895453,3.1792784,7
35260,-5.153246,7.2501206,2
35262,-5.840477,6.997435,2
35263,-6.144386,5.629405,2
35264,-6.166639,4.2110653,0
35265,-4.043685,4.7200036,0
35266,4.7294006,9.910279,3
35268,-4.57361,3.7379622,0
35270,7.2767615,11.239978,1
35271,9.895299,0.99572265,5
35272,9.224941,3.7037845,7
35275,11.996733,9.556988,1
35276,10.91251,-0.084086105,7
35279,4.3421817,9.639919,4
35281,14.629021,10.906459,3
35282,10.887634,-0.0032202476,7
35283,6.1788425,9.692929,3
35285,10.217859,-0.23482299,7
35287,-6.1759906,6.8604608,2
35288,8.236792,12.779084,6
35289,10.84972,15.089475,5
35291,9.053765,11.991532,6
35292,-3.205689,7.0030413,2
35293,10.723946,0.8689786,7
35294,4.692675,9.979317,1
35295,10.956338,8.639381,6
35296,3.5751903,8.544891,6
35299,8.278363,-0.23754199,7
35300,-5.94999,3.6380167,0
35302,-3.4254344,6.556669,2
35303,3.5037763,6.696608,6
35304,-2.9708812,6.7453666,2
35306,13.100843,10.050061,6
35307,8.27039,13.184448,4
35308,7.72112,13.416595,4
35309,4.8960433,8.9904175,6
35310,13.648998,10.887593,1
35311,10.783698,-0.26330945,7
35312,7.658901,12.894619,3
35313,13.481348,9.645458,6
35314,10.867361,14.208714,5
35315,13.30094,11.076403,4
35316,6.260397,6.699875,6
35317,11.641189,11.251618,4
35318,-5.8186226,3.4427996,0
35319,10.613925,0.52489686,7
35321,-5.455001,3.4111912,0
35323,-3.5632932,5.1991935,2
35324,7.4905796,12.648713,4
35325,10.343562,1.0686084,6
35326,-3.108555,5.013208,0
35327,4.7816124,6.60707,6
35328,6.6266055,9.882338,4
35329,3.7732267,10.746479,4
35330,6.22429,9.582769,1
35331,-6.5425663,3.9802136,0
35333,12.385064,9.6842785,3
35334,5.9068155,12.693079,3
35335,6.1088843,13.28304,3
35336,7.9428215,-0.5235505,7
35337,6.844102,6.129763,1
35338,13.039578,10.161638,6
35339,-5.9095826,3.325739,0
35340,14.559999,10.231136,1
35341,6.212024,9.791615,1
35342,-4.107646,3.717251,0
35343,6.6427355,12.832358,3
35344,-5.0871444,3.5153162,0
35346,10.365323,11.514103,4
35347,6.409431,13.257235,1
35350,3.3135192,6.315608,6
35351,11.67371,9.877814,6
35353,-3.6272058,5.798267,0
35354,7.4633007,10.753094,4
35356,-4.787774,4.105015,0
35358,10.629248,-0.34919497,7
35361,-5.4323535,4.8542023,0
35363,7.5450573,11.428755,6
35364,3.7647018,6.0484414,6
35365,-4.1213746,6.811273,2
35367,3.399879,9.045112,5
35368,8.100531,11.650482,6
35369,10.424983,-0.49764773,7
35370,-4.3593554,6.9230256,2
35371,14.134452,10.895056,3
35372,4.3389225,8.653333,5
35373,-4.4895124,7.335625,2
35374,7.4352136,10.461637,5
35375,6.2042437,11.898571,1
35376,-4.0528274,3.7250063,0
35377,10.592388,15.031971,5
35378,3.8287833,6.2842064,6
35379,4.7562833,9.998991,3
35380,11.305049,12.791642,5
35381,9.382556,11.809891,6
35384,-5.518902,3.4797366,0
35385,-5.0897164,5.4017625,0
35386,-4.368377,3.9259868,0
35387,10.004838,0.29400504,7
35389,-6.245359,4.0458255,0
35391,5.055754,6.811854,6
35393,6.1486807,9.705939,1
35396,6.775496,12.376435,3
35397,4.5059743,6.953028,6
35399,3.7910006,7.588681,6
35400,7.169962,6.438976,1
35401,7.8525677,13.461216,4
35402,7.300038,12.933175,4
35404,-3.417388,7.281628,2
35405,6.067817,11.697303,3
35406,10.117375,13.524722,5
35407,9.3427305,11.539983,6
35409,-5.6601405,4.004381,0
35410,4.8906817,10.014146,3
35412,10.142622,1.135674,5
35413,13.619987,10.440224,1
35414,6.418477,13.422712,3
35415,8.02372,12.049477,1
35416,11.063023,8.665575,6
35417,-3.0659206,4.905748,0
35418,8.1455555,-0.8266022,7
35420,-4.7344146,3.8115096,0
35421,7.4986453,13.306584,4
35423,-2.8625538,6.7508545,2
35425,7.8619986,11.171236,4
35426,-4.90576,4.1176,0
35427,13.27061,9.875036,6
35428,8.284162,-1.1373562,7
35429,-3.1231568,7.060718,2
35430,3.6554132,6.334265,6
35431,8.2191305,-0.52873695,7
35432,7.546563,11.2731695,6
35433,4.6031084,10.669464,3
35434,7.9477406,-0.5707873,7
35436,11.36223,8.990812,4
35437,5.20371,10.987034,3
35438,3.9513233,9.321292,6
35439,5.872211,12.085809,3
35440,10.364389,13.677136,1
35441,3.5274918,6.56035,6
35442,13.1598215,10.23794,1
35444,8.349103,13.080975,6
35445,11.351658,13.42655,5
35446,-5.283763,4.317056,0
35447,-5.878489,4.1321626,0
35448,11.186115,9.373259,5
35450,-5.9913373,6.7736382,2
35452,5.11172,9.816001,4
35453,10.637225,-0.36807084,7
35454,10.594098,14.007442,5
35455,-2.9752645,5.4563446,0
35456,9.46716,11.829041,6
35457,6.800928,11.623529,3
35458,4.3353014,6.220076,6
35459,3.867918,6.9763765,6
35460,3.9653769,10.632097,3
35461,6.9032903,6.1985307,1
35462,3.9294465,10.094816,1
35463,-6.246964,5.9372115,2
35464,9.536166,13.041426,5
35465,10.452063,15.161718,5
35466,10.273393,0.49171308,7
35467,9.991532,13.079292,5
35469,-5.391662,6.4196434,2
35470,4.678808,8.651799,4
35471,7.0209494,10.305506,4
35473,4.7248845,9.532038,1
35475,-5.4136667,3.429361,0
35477,-4.990141,3.8712637,0
35478,8.18158,-0.18545714,7
35479,8.262626,13.3895645,6
35480,-4.842244,5.4502244,0
35481,4.164643,5.9730353,6
35483,4.4000354,6.9664035,6
35484,6.1450663,11.419934,3
35485,13.475335,9.835928,6
35486,3.2858255,9.421155,4
35487,7.075306,10.386281,1
35488,-3.217951,7.0337567,2
35489,7.733148,6.2745223,3
35491,14.915966,10.821251,3
35492,10.949181,11.454735,4
35493,7.4266562,6.0571055,1
35495,-4.4129605,3.849481,0
35497,5.2874217,7.268667,6
35499,-4.918717,4.0899734,0
35500,-5.616067,4.257399,0
35501,14.872037,11.062752,3
35502,5.809443,10.337276,1
35503,4.491483,9.438887,1
35505,10.952479,13.35265,5
35506,13.5272665,10.740904,1
35508,13.739774,9.567415,6
35509,10.759895,14.136387,5
35510,3.7534916,8.652334,5
35511,6.6358385,13.485564,4
35513,4.4194384,9.656592,6
35515,11.220701,14.213094,5
35516,-4.006903,6.78397,2
35517,-5.6254587,6.6699986,2
35519,10.644128,13.458913,5
35520,6.149857,12.95853,3
35521,9.393784,12.091671,6
35523,-5.2532916,6.635522,2
35525,3.552094,7.319251,6
35526,14.921451,11.077907,3
35527,7.111301,12.804631,1
35528,5.5591273,10.562183,3
35529,8.789728,11.620396,6
35530,3.9524615,9.019514,6
35531,-4.803564,4.1956697,0
35532,5.254349,6.7774787,6
35533,-5.688779,5.9185057,2
35535,14.156046,10.65541,1
35536,6.7774234,11.161629,6
35537,14.94821,11.1272955,3
35538,11.328343,10.875446,5
35539,14.28184,10.611204,3
35540,11.098591,14.186601,5
35541,6.9417944,13.86808,3
35542,-3.1904755,7.063127,2
35543,-6.195924,6.806175,2
35544,13.642955,10.469037,1
35545,-5.7592993,4.487888,0
35548,7.6346292,11.35663,6
35549,6.755798,5.9932756,6
35551,7.612383,12.4491,4
35552,10.953808,11.526736,4
35553,5.8405104,9.928221,6
35554,-5.4236636,6.3536377,2
35556,11.592498,9.3699255,1
35557,9.202276,12.509864,5
35558,-4.2491574,6.774985,2
35559,7.49095,12.688558,1
35560,-6.079638,4.2293825,0
35561,6.981397,10.518062,4
35562,4.1395984,9.314741,6
35563,7.242691,10.686085,4
35564,11.435245,8.949333,6
35566,6.635125,11.484767,1
35567,3.5443804,7.076263,6
35568,6.8765864,12.557362,1
35569,4.2387333,5.9686213,6
35570,-6.183967,6.829308,2
35571,8.617404,10.616205,6
35572,10.327791,14.550905,5
35574,4.8662643,10.094077,3
35575,-4.469366,3.9873703,0
35576,7.7318683,12.525546,6
35579,6.146337,6.7206035,6
35580,-6.104238,3.282222,0
35581,-5.2278614,4.4589024,1
35582,10.017537,0.33655378,4
35584,6.713022,13.604003,3
35586,-3.1952944,5.486223,0
35589,-5.7834888,6.344901,2
35590,7.384415,6.0040913,1
35591,4.8332496,6.78254,6
35592,6.2220097,11.093582,3
35593,6.2711034,9.2825985,6
35594,7.439955,10.787472,1
35595,9.145221,11.682164,1
35596,5.394184,7.8548903,6
35600,3.840721,9.31143,1
35602,-6.0633516,4.351892,0
35603,8.011978,11.920719,6
35604,11.133019,10.888225,4
35605,8.202669,13.083632,5
35606,7.43103,13.61655,1
35607,9.683854,12.551066,6
35608,7.5722837,6.214106,1
35609,11.325994,8.877679,6
35610,4.3981876,9.592571,1
35611,8.588412,13.342508,5
35612,9.271122,3.7348597,7
35617,11.101808,8.715127,4
35618,-6.1393447,4.703249,0
35619,11.432432,13.154214,5
35620,4.8068643,6.4461765,6
35621,3.6020947,7.2949853,6
35623,4.226054,5.875634,6
35624,8.041086,-0.73847044,7
35625,10.0109,0.45288107,7
35626,13.487059,9.689343,6
35627,-6.2834263,4.1402173,0
35629,-5.536817,7.1107473,2
35632,10.365826,0.1212497,7
35634,14.579107,11.50061,3
35635,7.140851,11.284032,6
35636,9.090172,11.704147,6
35637,-5.0285716,4.007689,2
35638,14.314518,10.845306,3
35639,7.818338,11.876838,6
35640,4.9427485,9.955703,1
35641,9.988699,3.0367227,7
35642,6.536244,10.178201,1
35644,8.218087,11.122519,6
35645,4.8603086,9.122672,1
35647,11.100692,11.358081,3
35648,6.999917,11.993271,1
35649,-6.2686996,4.4210324,0
35650,8.466401,12.810886,6
35654,10.1950655,-0.20869356,7
35656,10.88498,13.524722,5
35657,4.2745113,7.281044,6
35658,-3.7191021,7.076636,2
35659,5.2146254,9.34879,1
35661,5.7074575,12.545385,3
35662,3.4970803,6.4432993,6
35663,11.166721,14.522478,5
35666,11.860484,9.766188,4
35668,10.328573,0.6430371,7
35669,13.685487,10.438942,1
35670,10.626863,15.103273,5
35671,4.4384255,10.266928,3
35672,10.886915,11.47875,4
35673,10.310116,-0.33974934,7
35674,6.6189384,12.073075,4
35675,14.268018,9.91743,1
35676,3.8886561,10.411255,3
35678,11.163347,14.497835,5
35679,-3.2070644,5.1829724,0
35680,3.5488105,6.0498285,6
35682,7.021927,10.229865,6
35684,9.541409,12.124123,6
35685,-5.4550095,4.7875338,0
35686,9.027444,12.96145,5
35688,11.696419,10.662242,1
35689,4.173494,6.150742,6
35690,-6.247423,6.8249006,2
35691,8.604282,-0.25703657,7
35692,-5.7036505,6.2710934,2
35693,6.5163217,11.914408,3
35694,-5.7158933,3.3418825,0
35696,11.633635,9.198816,1
35697,7.475343,6.2829423,1
35698,11.093249,14.239639,5
35699,-5.8124857,3.8363173,0
35700,-4.359076,7.0927973,2
35701,5.943082,10.9875555,3
35702,5.983481,9.933592,1
35703,5.890197,10.465256,1
35704,11.269394,9.24047,5
35705,3.676717,6.807148,6
35707,9.033444,3.5621717,7
35709,11.944135,10.547292,4
35710,-4.8084803,7.2756114,2
35711,5.6381035,12.322817,3
35712,6.460906,12.706371,4
35713,9.62488,13.328734,5
35714,6.7044563,12.198136,3
35715,6.8003845,12.157124,1
35718,11.529952,10.929811,3
35721,8.356082,13.713376,4
35722,8.073775,11.684258,7
35723,-5.6169524,6.604714,2
35725,-6.264567,4.1451383,0
35726,-2.9621644,4.7835116,0
35727,-4.0089774,6.983122,2
35729,10.847637,0.29602295,7
35730,3.2840157,7.1667743,6
35731,3.612482,6.0377584,6
35732,9.356078,3.361747,7
35734,8.284495,12.575586,1
35735,10.701646,14.865785,5
35736,-3.3213344,4.502129,0
35737,6.7775116,11.395534,1
35738,7.7121663,10.793202,4
35740,6.4760633,12.933296,3
35741,6.8479652,5.89495,7
35742,10.6248,-0.33130562,7
35743,-6.3521366,3.665967,0
35745,3.4862614,8.626997,6
35747,6.454267,13.7288885,3
35748,-6.5522485,6.3253474,2
35749,4.768043,6.9060082,6
35750,10.49687,14.662345,5
35751,9.899733,2.944752,7
35752,14.462481,10.401888,1
35753,8.248132,11.32908,6
35754,14.306844,10.083232,1
35755,7.8038487,10.754086,6
35756,-5.265975,6.8424063,2
35757,9.691923,2.980472,7
35758,13.710295,9.597067,1
35760,10.056084,12.619915,5
35761,7.2299027,11.310114,1
35762,-4.0646462,4.034693,0
35764,7.242698,12.303838,1
35765,10.116023,15.122634,5
35766,7.867121,11.978279,6
35767,4.7418003,6.6399317,6
35768,4.759172,10.192492,3
35769,9.570367,12.868863,6
35770,10.076527,3.1612484,7
35772,3.7336051,9.39731,1
35773,14.313607,9.8307085,1
35774,7.175398,11.501496,6
35775,-3.5882869,6.3650866,2
35776,11.217928,14.326323,5
35777,4.5449667,6.6520023,6
35778,-4.3211226,4.319955,0
35779,3.9260294,6.030807,6
35780,11.217607,0.8506249,7
35781,13.439953,10.9106865,1
35782,5.0469074,7.0737715,6
35786,6.310304,11.924847,3
35789,3.5994987,9.480962,1
35790,-4.546865,4.3093405,0
35791,3.304958,6.4506636,6
35793,10.233595,14.9279995,5
35794,8.4917145,12.557122,6
35795,-2.8526704,4.7541556,0
35796,10.084104,3.1049552,7
35797,-4.035813,6.9222193,2
35798,7.695393,11.698313,6
35799,10.426213,15.149242,5
35800,13.848409,10.482804,7
35801,9.985363,1.3067945,5
35802,3.7743936,6.8784156,6
35803,8.24332,-0.18970844,7
35804,-4.2994924,7.125043,2
35805,9.6215105,12.241416,6
35806,-4.042206,6.856135,2
35807,-5.254408,4.0733695,0
35808,9.584114,11.69145,6
35809,8.187004,-0.996623,7
35810,7.7532954,11.593299,6
35813,-5.0502295,3.9991326,0
35814,3.8519468,5.997377,6
35815,11.716032,9.497059,3
35816,6.640927,13.539126,3
35817,7.1256256,10.356419,4
35818,10.344427,0.62103903,7
35819,14.306743,10.005596,1
35820,10.414157,14.857613,5
35821,13.397151,9.977617,6
35822,3.888016,10.749947,3
35823,-5.062905,2.7380626,2
35824,14.133515,10.201891,1
35826,7.7761188,6.6445327,3
35827,10.550112,15.031627,5
35828,-4.2825356,7.338279,2
35829,4.3037205,9.933647,3
35831,10.416272,8.343016,6
35832,7.614559,13.67716,4
35833,6.253951,11.192256,1
35835,11.497402,14.262554,5
35837,-3.5336857,6.830899,2
35838,7.6293955,12.563288,4
35839,5.0126977,9.787993,1
35840,-3.038181,6.7750816,2
35841,9.409047,11.540648,6
35842,3.6626077,10.549658,3
35843,14.288781,11.123087,3
35844,10.17401,15.045389,5
35845,5.8547635,13.197518,3
35846,-5.8654613,3.4001288,0
35848,-5.7853603,6.5004454,2
35850,14.507324,10.115443,1
35851,14.236004,9.977024,1
35853,4.373786,6.169835,6
35854,13.335995,10.187285,1
35855,-5.3990316,4.4885364,0
35857,4.31255,8.751331,4
35858,-6.484162,6.1935945,2
35859,9.992511,14.78941,5
35860,3.7210035,10.361098,3
35861,8.439051,12.086424,6
35862,6.961764,12.436226,1
35863,6.5462785,10.124932,4
35864,-3.546903,7.0181904,2
35865,13.253975,9.919051,6
35866,13.6619625,9.491267,6
35867,6.685399,11.004874,5
35868,10.830943,10.580191,3
35869,9.907457,2.9879017,7
35870,6.593184,11.520133,1
35871,6.2670107,9.867564,4
35872,8.007908,11.411287,4
35873,-5.135237,3.529789,0
35874,7.04004,11.937035,4
35875,10.781189,13.557013,5
35876,4.0208015,9.356597,4
35877,9.7851715,2.9593008,7
35880,6.6916504,11.743327,1
35881,-3.5340505,6.9841485,2
35882,6.445504,12.993844,3
35883,-3.301779,6.7489033,2
35884,-6.109715,6.8932066,2
35885,-4.9143004,3.9901242,0
35886,4.699795,9.080197,5
35887,-6.1878986,6.8104177,2
35888,8.303,12.911478,1
35889,-4.1041517,6.8023667,2
35891,-6.3194356,3.9511342,0
35893,3.9165478,7.0572248,6
35894,8.021236,-0.7255848,1
35895,4.055098,10.787775,3
35897,7.091266,12.842955,1
35898,10.950962,11.712666,4
35899,4.703497,7.2598863,6
35900,-5.480407,4.2384925,0
35901,-6.353356,4.428981,0
35902,7.8488584,-0.82960284,7
35903,4.5300517,10.57229,3
35904,3.9477754,10.14204,3
35907,-2.969169,5.1508718,0
35908,7.807269,12.056381,6
35909,7.3488965,13.469974,4
35911,-3.3595498,6.608641,2
35912,-4.262038,6.268471,2
35914,10.701524,14.632524,5
35915,-6.0645742,4.6187515,0
35916,4.772876,10.609758,3
35917,9.59337,12.213058,6
35918,-5.7636676,5.475058,0
35919,10.989897,13.504904,5
35920,3.3137896,6.596926,6
35921,-5.8897867,4.5139837,0
35922,-4.157238,7.079132,2
35923,3.822818,9.134751,5
35924,6.684914,13.041126,3
35925,6.7269015,11.758272,3
35927,10.4091015,13.631209,5
35928,3.5653708,9.98215,3
35929,4.310924,8.718321,4
35930,4.1485195,10.769671,3
35931,14.383241,11.569214,3
35932,10.339363,0.40748855,7
35933,3.8543391,8.903471,4
35934,4.711926,10.438146,4
35935,-3.7587495,6.4655485,2
35937,6.5657344,13.07409,3
35938,13.701859,10.333548,1
35939,4.711681,6.287347,6
35940,7.0426617,12.175893,1
35944,4.918013,6.556566,6
35946,7.3230734,6.1605124,1
35950,5.7345967,11.250231,3
35951,-5.022863,4.5353928,0
35952,4.125428,7.115022,1
35954,-6.454602,4.196282,0
35955,7.1986012,11.931852,1
35956,6.0051246,10.718297,3
35959,-5.7993665,3.8129377,0
35960,5.7034273,12.509932,3
35961,-5.7064953,6.43449,2
35962,5.859099,11.327053,3
35963,3.2772598,9.9771595,4
35964,14.58479,10.427998,3
35965,14.604188,10.54391,3
35966,3.9457088,9.156326,1
35967,7.5950336,11.830422,6
35968,4.2832427,10.37101,3
35969,-3.7169375,4.740454,0
35972,-3.8169477,6.0662584,2
35973,9.620398,3.2707832,7
35976,-6.383343,3.5724914,0
35977,14.907242,11.229282,3
35978,8.956609,11.7029505,6
35979,8.2889,-0.78626245,7
35980,10.52368,-0.13727547,7
35981,10.898376,1.0129126,7
35983,-2.8635824,4.8086767,0
35984,6.3976493,13.303075,4
35988,7.0046263,11.055405,1
35989,14.628926,10.649982,1
35990,6.686006,6.2689457,1
35991,8.507236,13.7131,4
35992,3.8855727,10.5194845,3
35993,6.1838045,6.7380257,6
35994,8.230542,-0.17869325,7
35996,4.58387,7.8218074,6
35997,6.2000146,10.155587,3
35999,8.047624,12.959492,6
36000,10.507668,0.9010137,7
36001,3.3988035,6.869974,6
36004,-6.6477747,6.301807,2
36005,11.559863,11.361257,1
36006,-4.1008267,4.2295794,0
36008,8.0807,-0.73554426,7
36009,6.017013,13.045972,3
36010,11.54029,10.801307,4
36011,-5.542243,3.4161084,0
36013,10.416889,14.698369,5
36014,11.361888,10.711272,3
36015,3.6472054,9.381636,1
36017,14.587641,10.603797,4
36018,11.436985,13.437366,5
36019,-3.8986697,7.460437,2
36020,6.0209255,10.96861,1
36021,-3.6460662,6.3837976,2
36022,6.868102,12.087971,1
36023,11.123706,10.81397,4
36024,10.434848,0.34588856,7
36025,7.311957,11.234084,4
36026,4.2888594,6.4880614,6
36028,8.364183,13.354469,6
36030,10.79041,11.0483055,1
36031,-5.623163,5.8541856,2
36032,6.965356,10.815466,1
36035,4.4218125,6.8117547,6
36036,11.117731,8.7022915,6
36038,-3.4006183,7.0574703,2
36039,8.326822,-1.0071659,7
36040,6.2484565,12.0542145,3
36041,9.955963,2.9914937,7
36042,5.812765,12.130137,3
36043,-3.0397787,4.664471,0
36044,10.141921,0.15117447,7
36046,7.5169854,10.854631,6
36047,14.069299,10.907887,3
36048,3.6368196,9.165657,1
36049,9.337928,12.1321,6
36050,6.3850045,11.604998,6
36051,6.5871477,11.9492235,3
36052,-5.6934714,4.1659865,0
36053,3.7157803,9.72001,1
36054,4.4790816,9.057543,1
36055,7.3256283,11.644006,1
36056,6.859618,10.3224325,6
36057,11.008437,14.200759,5
36058,7.7861094,12.209105,6
36060,3.264817,6.732804,6
36061,3.4609284,7.379632,6
36062,11.122546,13.163547,5
36064,-2.9525807,6.9543552,2
36065,4.0991387,10.419914,4
36066,7.3109555,12.600996,1
36068,6.349365,11.638859,1
36069,13.540862,11.024167,1
36070,13.257931,10.460118,1
36071,8.370664,13.403345,4
36072,9.338836,11.841492,6
36073,8.713363,10.932054,6
36074,11.32886,14.706999,5
36076,-4.571898,4.1256657,0
36077,3.414418,6.424105,6
36079,9.489383,11.887697,6
36080,-5.662829,6.3902197,2
36081,7.6210885,12.484273,4
36083,10.812779,14.843601,5
36084,7.7774835,6.6189613,3
36085,-3.2665598,4.660673,0
36086,5.192256,10.472476,3
36088,11.1957445,11.0136,6
36090,7.8187976,10.876116,6
36091,-5.8491397,4.598422,0
36092,10.381623,11.23086,4
36093,9.933543,14.543154,5
36094,8.362278,-1.0858434,7
36096,4.27857,9.956957,3
36097,9.580511,3.23983,7
36098,13.897695,9.614018,1
36099,7.111858,10.4608555,4
36100,-5.952334,4.334297,0
36101,7.7208347,10.680176,4
36102,4.038212,6.1032796,6
36103,6.5200295,13.448335,1
36104,3.2360125,9.684116,4
36105,-6.171898,6.3438334,2
36106,5.6795115,12.027444,3
36108,11.22179,8.800668,6
36110,-4.472261,4.367219,0
36111,12.877571,10.604809,1
36113,11.2086525,14.81687,5
36114,6.2343273,12.299084,4
36115,3.7871592,10.000321,3
36116,6.238008,11.295876,3
36117,10.13053,0.49301323,7
36118,5.02426,9.017521,6
36119,-5.9637203,3.3481157,0
36120,-3.2747123,4.715191,0
36122,10.725248,14.67998,5
36123,-6.573315,3.95663,0
36125,-4.055714,3.818642,1
36126,7.759124,11.662284,6
36127,13.407867,9.824047,1
36129,-5.4460244,3.947314,0
36130,3.307177,9.006955,5
36131,-5.986366,6.2545037,2
36132,10.95039,11.242933,1
36134,3.8057423,6.5441957,6
36135,7.70641,11.635205,6
36136,7.941101,11.741243,6
36137,4.4124465,9.581514,1
36139,10.629593,12.545458,5
36140,10.683131,1.0296472,6
36141,6.945891,11.550486,1
36143,10.611512,10.9274645,1
36145,11.363182,8.96289,6
36147,6.1166677,10.903488,1
36148,-3.4687448,6.5099473,2
36149,4.8089495,10.305668,3
36150,3.786817,9.765248,4
36151,6.747379,11.570146,1
36152,6.129187,12.38506,3
36153,11.319942,0.46159703,7
36155,-5.84324,5.888597,2
36156,5.8786182,13.010074,3
36157,11.177674,0.1952592,7
36158,13.733727,9.576508,7
36159,3.4989822,9.485956,1
36160,6.657236,11.850133,1
36161,7.522421,5.9779263,1
36162,11.337226,0.6459983,7
36163,9.520215,13.644186,5
36164,9.748467,13.593305,5
36165,4.7591386,9.834225,4
36166,4.1891255,6.076239,6
36168,4.022085,9.762943,1
36169,8.103026,11.847777,6
36171,-5.4960995,6.2666855,2
36173,-6.5344496,6.1125255,0
36174,11.502649,11.156055,3
36175,5.096971,10.246185,1
36176,11.574853,11.1802435,3
36178,4.6772227,10.557484,3
36180,9.700267,12.211162,6
36182,-6.064682,3.2610722,0
36183,3.9479346,9.435125,4
36184,4.6812534,10.079531,1
36185,5.970355,10.128817,3
36186,8.746273,10.617872,6
36190,8.299533,12.787294,5
36192,12.996495,10.2506695,6
36193,3.483494,6.5416393,6
36194,-3.7906373,4.3490877,0
36195,4.576301,10.484323,3
36196,5.791724,12.425524,3
36197,11.220707,10.694365,4
36199,10.556001,0.047063664,7
36200,4.817053,6.383112,6
36201,11.452004,0.63449115,7
36202,9.952331,0.81189454,7
36204,7.235092,13.095144,4
36206,3.7737253,6.217484,6
36207,5.950507,11.479649,3
36208,14.880716,11.044144,3
36210,-5.6877184,4.650099,0
36211,7.4242535,12.01587,4
36212,7.786034,6.6354,3
36213,4.9738374,7.2604527,6
36214,11.277541,8.822337,4
36215,6.356217,13.400803,3
36216,4.435794,6.896726,6
36217,9.612784,12.250865,6
36218,-2.9924018,4.8044457,0
36219,6.6765327,6.1398387,6
36221,8.114246,13.235491,6
36222,6.070259,9.920495,3
36224,11.076224,0.5908005,7
36225,7.3399453,6.4973793,1
36226,10.870134,14.057277,5
36227,7.7163925,6.4451275,3
36229,-5.697072,4.8752565,0
36231,3.5944092,7.5188794,6
36232,-6.6949663,6.271173,2
36233,7.5067406,10.596174,4
36234,-5.8594337,5.051174,0
36235,7.244678,10.12934,4
36236,5.6680436,10.424992,3
36237,4.9910965,6.3727727,6
36238,-3.3906426,5.0465026,0
36239,5.1822124,9.909427,3
36241,6.9302926,12.157444,1
36242,4.5581083,7.204063,6
36243,14.2983885,11.04474,3
36244,13.999033,11.049579,3
36245,10.599935,13.625568,5
36247,11.065151,13.33291,5
36249,8.167012,-0.6362356,7
36250,5.487494,6.854492,6
36252,10.391579,11.107843,6
36253,5.48166,6.851468,6
36254,11.112226,0.47900674,7
36255,-5.670426,4.7476854,0
36257,7.337418,13.52737,4
36258,3.7736876,10.654089,3
36259,3.976704,10.212244,3
36261,7.5237417,12.935909,1
36263,7.325703,12.510415,1
36265,3.3325438,6.293755,6
36266,10.8253565,0.40144867,7
36267,4.826057,6.352296,6
36270,9.682032,14.272035,5
36272,-3.4963624,4.7111626,0
36273,7.9249887,10.809131,3
36274,5.9630775,11.493855,3
36275,11.7353,9.472561,4
36276,5.3621492,8.108184,6
36277,7.780948,13.661941,4
36278,6.2534785,9.6971855,6
36282,13.565719,10.699673,1
36283,13.569702,10.110344,6
36284,3.3191617,6.4940577,1
36285,6.340872,13.107539,4
36287,-4.034719,4.7916517,0
36288,3.3629086,6.394918,6
36289,7.3329105,12.416107,1
36290,-4.3135433,3.9414382,0
36291,5.2357144,6.684959,6
36292,-4.094111,3.7994125,0
36296,9.740554,3.3263662,7
36297,11.042249,0.03302761,7
36298,-2.919035,6.8924947,2
36299,7.152741,13.363529,4
36302,4.6731167,6.524527,6
36303,6.6708326,12.901614,3
36304,7.081942,12.62608,6
36305,5.602724,10.356991,1
36307,13.006199,10.907686,4
36309,-6.1078587,3.3094606,0
36310,9.250201,3.6715693,7
36311,-5.6559763,3.2000465,0
36313,10.218739,1.0308902,7
36314,5.2918878,7.9838095,6
36316,7.879993,11.362858,5
36318,7.2084136,6.167313,1
36319,11.343026,14.049645,5
36320,8.226061,-0.6649752,7
36322,3.6904385,9.203463,4
36323,13.337943,10.824918,1
36324,11.375663,10.763626,3
36325,3.3708239,6.9385304,6
36326,6.463572,10.218827,1
36327,6.6442723,11.418862,1
36328,3.2048612,6.664441,7
36329,9.252549,12.406763,5
36332,-3.1652412,5.015485,0
36333,6.772702,10.515348,3
36334,14.425581,11.087416,3
36335,9.424614,11.554073,6
36336,-5.907318,6.988259,2
36337,10.398729,-0.24515979,7
36338,11.270293,8.92514,4
36339,6.4480247,13.420419,3
36340,6.6416926,6.283284,1
36341,10.939688,10.476073,3
36342,10.536376,13.546637,5
36343,5.1207924,10.038596,3
36345,6.2873445,11.79138,3
36346,11.724482,11.273767,7
36347,6.7772856,6.0720215,1
36348,8.422994,13.653691,6
36349,10.132794,14.077446,5
36350,4.075785,7.1716785,6
36353,9.463172,3.3371072,7
36355,13.522754,10.833489,1
36356,7.96569,11.687761,6
36357,9.98377,13.142296,5
36358,-5.850556,6.5585647,2
36360,-6.5978155,3.9935908,0
36362,14.030235,9.871946,1
36363,11.261609,12.736704,5
36364,6.912905,12.657529,1
36365,4.6418114,6.299199,6
36366,10.576217,10.754123,1
36367,-3.2447143,6.979728,2
36368,7.994666,12.913166,4
36369,13.891973,10.662241,1
36370,4.626108,9.408633,6
36371,8.255334,13.869563,4
36372,-6.2009172,6.8800797,2
36374,14.525028,10.437701,1
36375,4.2302074,7.227685,6
36377,5.4287024,10.671829,3
36378,9.580597,13.246789,5
36379,4.1863065,6.0895987,6
36380,3.865065,8.623052,6
36381,-3.7971888,6.443344,2
36382,-3.7117808,6.851995,2
36383,7.789838,6.6199512,3
36384,6.051485,10.379478,3
36385,-5.29219,3.4728458,0
36387,6.870666,10.28351,4
36388,-4.3018155,4.6467094,0
36389,10.866252,11.758416,5
36390,-5.333653,4.454791,0
36391,-5.750178,4.8916473,0
36392,6.2880945,12.019811,3
36395,14.429731,10.106057,1
36396,4.4441333,9.081632,4
36397,7.7653646,12.300052,6
36398,-6.0931153,6.845736,2
36399,7.307696,13.606438,4
36400,8.47763,12.620917,4
36401,10.274099,14.710521,5
36402,9.0427265,11.646879,6
36403,-3.259327,7.0258183,2
36404,10.72504,0.9870145,7
36405,4.5705075,7.4386187,1
36407,-3.3254228,4.8166394,0
36408,11.142875,0.7452049,7
36409,9.790453,14.458041,1
36410,7.059685,11.987728,4
36411,4.981824,7.769773,6
36414,6.020755,13.250335,3
36415,10.5056,11.255824,1
36416,6.301895,10.823321,1
36417,9.607936,2.866282,5
36419,9.44065,3.5953627,7
36420,10.121537,14.57513,5
36421,9.513852,14.076414,6
36422,-5.569547,4.378489,0
36423,10.985385,8.587383,6
36424,8.788464,13.298352,5
36425,10.012924,3.0787704,7
36427,-3.2114701,4.873638,0
36428,-3.0331228,7.1160192,2
36431,5.866666,10.365819,3
36432,11.682587,9.22999,6
36433,10.591165,-0.16521871,7
36434,5.6599774,7.618969,1
36435,11.285184,14.145598,5
36437,10.9299965,11.578384,4
36438,10.274468,0.47705436,7
36439,5.1889415,7.498204,6
36441,14.153968,10.122872,1
36442,4.455462,9.170051,1
36443,6.989211,12.007675,4
36445,5.99779,12.1034775,3
36446,8.087223,12.754397,1
36447,6.352862,12.890953,3
36448,8.600708,12.902235,6
36449,-5.1722317,6.55495,2
36450,10.723966,13.176254,5
36452,8.232678,13.725877,4
36454,-2.9242663,6.8792863,2
36455,-4.6911125,3.638262,0
36457,-6.211011,6.77105,2
36458,6.548331,11.65436,4
36459,11.272596,8.9681225,5
36460,7.088184,12.534339,1
36461,9.27054,11.522835,6
36462,9.472685,11.690073,6
36463,-3.5729768,6.8712416,2
36464,10.947671,0.1397522,7
36465,3.860898,10.34046,3
36466,10.64835,8.383405,6
36467,10.955105,-0.0115697,7
36468,6.6467667,12.261795,3
36469,14.260322,11.623251,3
36470,10.486777,14.14744,5
36472,10.707061,0.30162865,7
36473,6.469871,10.111018,4
36474,3.1983664,8.459647,4
36475,-5.376299,6.655664,2
36476,-6.703572,6.267962,2
36478,4.788183,7.0609818,6
36480,7.906191,-0.8937991,7
36481,10.297385,-0.29458013,7
36482,-6.0743976,5.6498847,2
36483,8.627075,13.400279,5
36484,7.343946,5.97892,1
36485,11.028056,12.169398,5
36486,10.337637,14.686156,5
36487,-6.003716,4.367926,0
36489,11.139962,11.248178,4
36491,-5.6664615,6.509335,2
36492,5.830948,12.373566,3
36493,3.8493721,9.596213,1
36494,4.2038665,10.457696,3
36495,10.819671,0.8999981,1
36496,-5.7006226,3.9906294,0
36498,4.4868193,8.607473,6
36499,6.395334,11.771983,3
36500,-5.0662694,2.6773183,2
36501,-3.384929,4.7763314,0
36502,4.615405,6.401525,6
36503,5.012518,7.515287,6
36504,-6.3353987,3.6741147,0
36505,6.8849516,12.300148,1
36507,8.317582,-1.1451254,7
36508,7.2751737,11.962635,4
36511,14.825182,11.1812,3
36512,3.5586479,6.758095,6
36513,-3.6867397,6.89871,2
36514,-5.7206593,3.654781,0
36515,-4.1096997,6.2999954,2
36516,14.2767515,10.133393,1
36517,13.313605,10.711759,1
36518,6.8700767,12.100204,1
36519,-3.209781,6.3650274,2
36520,9.286742,11.396296,6
36521,9.8455925,12.727644,5
36522,-4.547676,5.2147465,0
36524,-3.6567757,4.5557585,0
36526,7.6067004,6.0922265,1
36527,7.08845,12.324012,6
36528,6.2643356,13.36108,3
36529,8.194811,-0.56225324,7
36530,8.100896,-1.1022325,7
36531,-3.0586727,7.1385484,2
36532,-2.996731,4.9122906,0
36533,14.402714,11.4518175,3
36535,10.573647,10.628626,3
36537,10.8929,14.859411,5
36538,7.195596,12.975419,1
36539,3.8678288,7.5682435,6
36540,-3.248825,5.1734695,0
36542,9.471489,3.3422909,7
36543,7.3445816,12.343356,6
36544,14.247028,9.728098,1
36545,3.7016892,7.0817885,6
36546,-3.5974731,7.309244,2
36548,7.206899,12.76281,1
36550,4.0942564,10.015106,3
36551,5.673816,11.617986,3
36552,6.9384246,12.5935755,4
36553,-4.818458,5.335347,0
36555,-2.6423585,4.9063334,0
36557,7.007693,11.117287,1
36558,4.294595,6.115097,6
36559,7.3898077,12.365018,1
36560,-6.174781,6.541293,2
36561,10.897812,8.544429,6
36562,-5.917106,3.7848086,0
36563,4.508101,6.1933093,6
36564,4.3528814,10.563228,3
36565,3.8454542,9.496172,1
36567,9.348632,3.1825292,7
36568,-6.13055,6.8139677,2
36569,-3.2143807,7.0445437,2
36570,-6.207951,4.0459003,0
36572,-4.4014273,3.7707348,0
36574,8.138863,12.637455,5
36575,13.328281,10.885602,1
36576,4.850422,10.136099,1
36580,3.7539442,5.953541,6
36581,10.908111,11.767609,6
36582,6.076852,12.448637,3
36583,7.4259057,6.2544217,1
36584,8.652157,-0.17885295,4
36585,5.3154874,9.490661,4
36586,4.316898,6.867765,6
36587,3.346433,6.2190304,6
36588,5.1695848,11.026903,3
36589,11.246582,12.92562,5
36590,-3.2066548,5.0093875,0
36591,8.193315,-0.9641555,7
36592,11.215233,14.139545,5
36593,6.0580516,11.844585,3
36596,11.387612,8.987017,4
36597,3.8612404,6.6815376,6
36598,-6.4363437,3.8442738,0
36599,5.7324824,7.3929963,6
36600,8.900837,11.504293,4
36601,10.069559,13.332175,5
36603,-5.0534563,4.335679,0
36604,7.6299324,13.816741,4
36605,10.424403,13.970758,5
36608,9.150241,12.796649,5
36609,-3.7897723,6.2663083,2
36610,13.8549185,10.041756,1
36612,11.376461,10.622279,1
36613,4.152196,7.5531597,6
36614,6.0588207,12.272038,3
36615,7.5234647,11.023511,4
36616,13.187749,10.135625,6
36617,-5.210016,4.65679,0
36618,10.46343,-0.4230483,7
36619,4.207354,9.873715,1
36621,7.4495163,13.202068,1
36622,11.896679,9.73997,3
36623,10.763594,10.812921,3
36624,11.254968,14.29262,5
36625,4.9605923,6.4250436,6
36626,6.1214423,9.526704,6
36628,7.7294683,13.534713,1
36629,-5.240889,3.3044157,0
36630,11.483279,10.727715,6
36631,5.653984,11.137481,3
36632,7.7052937,11.528271,6
36633,6.22537,12.498898,3
36635,4.439741,10.483041,3
36636,13.7492895,9.560621,6
36637,13.613148,10.6259775,1
36638,6.9320736,12.349211,1
36640,7.8941245,10.670958,1
36641,-3.2929149,7.100581,2
36644,7.8715987,11.523972,1
36646,7.0347304,13.102136,1
36647,-4.8875647,3.9350088,0
36648,-3.5451553,6.6505756,2
36649,7.8718596,-0.33804354,7
36650,5.222217,7.917827,6
36651,-4.766457,5.3067527,0
36652,10.280278,0.6430639,7
36653,-6.2764583,6.7448883,2
36656,6.2892113,11.748979,3
36657,5.6688476,12.2343235,3
36658,11.426789,9.024381,6
36659,8.006385,14.007978,4
36664,3.5905426,7.3036118,6
36665,7.506548,6.0994554,1
36667,-5.958734,4.2805495,0
36669,4.8844595,7.3707547,6
36671,6.8752785,11.598057,1
36672,14.227198,10.790146,3
36673,6.179219,11.3279915,1
36675,-3.7742531,7.484653,2
36676,9.530795,12.121102,6
36677,14.808919,10.813224,3
36679,5.802876,10.639472,1
36680,5.4137497,9.908348,1
36682,11.849476,9.685901,3
36683,9.435082,12.131681,6
36684,13.78295,10.603623,1
36685,8.067686,-0.9141405,7
36686,4.1716805,10.618495,4
36688,5.4832344,10.653086,3
36689,9.6223345,12.941173,5
36690,6.6280513,6.367168,1
36691,13.485665,10.018456,1
36692,-5.2571077,4.770299,0
36693,8.0823,-0.3361262,7
36694,4.5448966,10.348582,3
36695,11.266515,13.807037,5
36696,5.5676975,6.7912474,6
36697,7.3011746,11.550268,6
36700,7.7498474,13.741128,4
36704,7.688794,12.769062,4
36706,9.894394,3.3319755,7
36707,3.9568758,7.4992375,6
36709,5.1162534,9.006393,4
36710,9.709065,13.06392,5
36711,8.25439,13.519904,4
36712,-5.041428,6.9992347,2
36713,9.991738,3.1115353,7
36714,8.086789,-0.85586834,7
36715,11.272895,8.850992,5
36716,-5.073161,2.79146,0
36717,-6.1518135,6.3787613,2
36718,-4.370774,3.8139176,0
36719,-4.3580647,3.9357936,0
36721,-5.496089,3.3944678,0
36722,10.704184,-0.31935906,7
36723,13.397218,9.79218,6
36724,14.18166,10.71323,1
36725,10.330301,-0.38138226,7
36727,8.3859415,13.118199,6
36728,5.0901203,6.8505845,6
36729,-5.6576033,4.3256845,0
36730,7.217651,13.260119,1
36731,-5.125,4.5993047,0
36732,6.8038626,12.208909,4
36734,-3.3066385,6.8841925,2
36735,-3.567695,6.6787386,2
36736,4.2931285,7.384394,6
36737,-5.5138655,4.0263853,0
36738,4.4913006,7.583054,6
36739,6.7933903,11.059413,1
36740,4.1650505,7.0654445,6
36742,5.6810536,10.14976,1
36744,11.073753,0.47208536,7
36745,7.8870773,12.993169,4
36747,-5.7096615,4.08063,0
36748,3.7654426,9.223716,4
36749,8.316226,13.654662,4
36750,7.7567196,11.9276495,6
36752,6.3268824,12.339906,3
36753,13.391618,9.711558,6
36754,11.903155,9.697745,3
36755,-3.463903,4.4118977,0
36756,-4.2293005,3.8019543,0
36757,-4.132637,4.007661,0
36759,4.1523905,9.918473,1
36760,13.910206,10.954555,1
36761,6.0035043,12.719778,3
36762,6.449638,12.419769,3
36763,-4.210578,7.084529,2
36764,-2.7564278,4.89495,0
36765,10.706315,11.341578,1
36766,5.829577,11.314059,3
36767,-5.9631333,5.937776,2
36768,10.816531,0.15899256,7
36769,-4.77228,5.2443643,0
36770,11.117377,8.729495,4
36771,3.8600862,8.96701,6
36772,11.78946,9.66823,6
36774,-4.939043,3.8644485,0
36775,8.791464,10.72519,5
36776,5.8276143,8.686695,6
36777,14.138467,9.9746065,1
36778,3.9407911,9.785001,3
36780,5.9938293,6.7067823,6
36781,5.313305,6.9926133,6
36782,11.224374,8.620543,4
36783,10.085392,0.4371444,7
36784,9.896246,13.858798,5
36785,-3.4562025,4.6246223,0
36786,6.1360335,12.63747,3
36787,4.0413976,9.622739,6
36788,-3.1781716,6.658789,2
36789,11.108121,0.2097035,7
36790,10.682157,13.896621,5
36791,11.5662155,10.60342,1
36793,-3.8735995,6.4055843,2
36795,5.0333543,7.3092732,6
36797,8.009879,12.551503,6
36799,10.862333,0.046038926,7
36800,4.687772,10.515298,3
36801,13.169483,10.084589,6
36803,13.998108,10.57224,1
36804,4.818119,6.450932,6
36805,10.423858,13.59319,5
36806,-6.353813,4.3679338,0
36807,-4.090114,6.8421,2
36808,8.267512,12.319888,4
36810,11.2874775,13.231833,5
36811,14.174582,9.974506,1
36812,-4.058511,3.9933414,0
36813,7.4136295,11.799561,1
36815,10.533453,15.105201,5
36816,7.128378,11.864778,6
36817,11.304444,13.302558,5
36818,5.910141,9.679256,1
36819,8.610102,12.756481,6
36820,6.0224495,12.463263,3
36821,3.5719254,9.981668,3
36823,3.8905246,10.6342535,3
36825,11.248757,14.203046,5
36826,6.061972,7.2374835,1
36827,5.60965,6.8636804,6
36828,-2.5708988,5.2083807,0
36830,-3.5233061,6.655715,2
36831,11.222919,10.73307,1
36833,4.620412,9.889888,3
36834,4.395727,6.0935235,6
36835,-5.027095,7.6032844,2
36836,-3.7800798,6.3008285,2
36838,14.430001,11.324168,3
36839,14.624585,10.244523,1
36840,14.021763,11.085492,3
36844,4.2950053,10.215929,3
36845,7.773138,-0.63784283,7
36846,-2.9657578,5.4107294,0
36848,5.999784,10.028875,6
36849,-4.050963,7.1842237,0
36851,4.3000975,6.7827024,0
36853,4.091318,9.816518,1
36856,13.884383,10.79637,1
36857,5.1419506,7.5861382,6
36859,-4.4483194,4.009555,0
36860,6.883067,10.228151,4
36861,11.34364,8.919808,6
36862,5.7381635,6.877674,6
36863,9.426495,11.429095,1
36864,10.648951,11.306922,5
36865,-5.029976,7.6859064,2
36866,10.627658,-0.30096897,7
36867,4.225382,9.337267,6
36868,5.7351346,12.914915,3
36869,-3.726945,4.497837,0
36870,3.9424052,10.313408,3
36871,3.9202764,7.121736,6
36872,5.546317,9.252749,6
36873,10.3092165,14.595529,5
36874,4.0910983,9.5549555,1
36875,7.12816,13.272992,4
36876,7.406722,11.644302,6
36877,9.470584,11.856387,1
36878,3.760363,9.049124,5
36881,8.146075,13.30294,6
36882,6.791534,13.085205,1
36884,8.851736,11.107926,6
36885,5.741454,11.441723,3
36886,5.5534997,7.4532933,6
36887,13.918956,11.038803,1
36888,6.7060156,9.764172,6
36891,13.686581,9.482542,6
36892,-5.748589,5.8050346,2
36893,-6.0344205,6.156551,2
36894,4.3948345,6.1891904,6
36895,-5.8713813,5.5442886,2
36897,10.2249975,15.303111,5
36899,7.7315555,6.1409154,3
36900,3.356715,6.970082,6
36901,11.053887,10.634155,1
36902,-6.393442,4.1161146,0
36903,3.4695868,7.489713,6
36904,11.39688,8.960825,6
36905,-4.9565244,6.0501447,2
36906,14.921899,11.163951,3
36907,4.629997,6.6246824,6
36909,10.634064,-0.20594515,7
36910,-3.473443,5.252929,0
36912,-6.277431,4.2638493,0
36914,5.1536283,9.661318,1
36915,9.973273,14.653449,5
36916,10.915876,11.574696,5
36917,10.052719,13.337863,5
36921,7.0155935,12.933349,1
36922,3.8082347,6.074544,6
36923,3.564522,8.943621,4
36924,-3.7719734,4.278897,0
36925,10.659276,13.977729,5
36926,-3.5667765,5.817062,0
36927,4.8536777,6.2169247,6
36928,-2.6429555,4.964788,0
36929,-3.9000454,6.57372,2
36931,11.283929,8.872522,6
36932,10.339854,13.896716,5
36933,6.9815803,12.672463,1
36934,10.639621,8.379724,6
36935,9.639842,13.645247,5
36936,4.867749,8.975947,6
36937,6.9133873,13.122723,1
36938,10.634793,10.6544695,1
36939,6.8155365,5.928722,7
36940,4.6557164,10.492233,3
36941,-6.0143995,3.6812487,0
36942,14.276984,11.655247,3
36944,-5.5594034,6.4736156,2
36945,7.5570984,6.461728,3
36947,3.9982421,5.896443,6
36949,8.943973,13.117835,5
36950,-3.7427657,5.2464647,0
36951,10.492484,14.501145,5
36952,4.6152096,9.282772,1
36953,5.856687,6.820339,6
36954,9.23024,11.697887,6
36957,7.7651424,6.645748,3
36959,5.023306,9.875148,4
36960,8.208425,-0.22250801,7
36961,10.643277,13.915191,5
36962,8.330078,-1.0155722,7
36965,-6.0995917,4.7834215,0
36966,-6.3486347,6.163913,2
36968,-3.342647,7.324388,2
36972,8.285109,12.462885,7
36973,4.1281805,9.3204365,4
36974,6.5315995,13.7250805,3
36975,7.8690844,11.245951,4
36976,10.169714,-0.27472028,7
36978,8.667177,10.864851,6
36979,14.867495,11.133814,3
36980,4.29472,5.965944,6
36981,6.7341404,6.0180693,6
36982,-5.888007,3.3366275,0
36983,7.046872,11.283453,6
36984,10.516955,8.359258,4
36985,5.257338,10.672411,3
36986,7.3975334,11.927137,1
36987,-3.8928201,7.4959087,2
36988,11.590834,11.469956,4
36989,7.478564,13.047028,1
36990,6.6517076,10.666225,1
36991,-3.63965,6.1799893,2
36992,-5.7475505,5.8919344,2
36993,9.597705,3.535365,7
36994,5.9268975,10.515471,1
36997,4.974185,7.337867,6
36998,8.047892,13.47427,4
37001,-5.7571115,7.0749245,0
37002,-5.561894,6.0304537,2
37003,7.5856605,11.999206,4
37004,3.7629466,6.762648,6
37005,3.5826654,7.4200363,6
37006,8.143071,-0.6300463,7
37007,3.3645542,7.1505246,6
37009,14.310379,11.047236,3
37010,3.7234468,6.557706,1
37011,7.199078,12.2687845,4
37012,-5.6728835,5.809681,2
37013,11.214691,11.125109,4
37014,7.2307725,13.7967,4
37015,6.9731865,12.400324,1
37017,4.407041,6.850763,6
37019,8.536542,12.605079,5
37020,4.998441,9.535351,1
37021,6.9338193,11.068245,4
37022,8.680282,13.470638,6
37023,6.1708193,6.745689,6
37024,10.185855,-0.22027364,7
37025,-3.1639578,7.075282,2
37026,13.858855,11.096617,3
37027,10.113869,0.2736501,7
37029,3.279633,9.443467,4
37032,3.8428025,10.073288,3
37034,10.424112,0.56295705,7
37035,-4.006692,6.4069276,2
37036,10.784187,13.8252945,4
37037,10.824455,13.362621,5
37038,13.487931,10.121806,1
37039,10.951452,10.679007,1
37040,4.0623083,9.470816,1
37041,6.936449,12.219285,1
37042,14.978347,11.092839,3
37045,-3.9033384,4.8095303,0
37046,-5.802771,4.2380266,0
37047,10.514889,-0.27575776,7
37048,8.054275,11.441192,6
37050,6.0974913,13.094126,1
37051,7.496563,12.059264,1
37052,5.261422,9.256933,1
37053,-2.9545069,6.8482895,2
37054,10.674337,14.800749,5
37055,11.332573,0.6584027,7
37056,6.0926323,12.410988,3
37057,13.616092,10.646645,4
37058,6.1804037,11.063316,3
37060,6.8651934,13.606286,4
37061,13.708545,9.9421215,1
37063,4.466732,10.54719,3
37064,13.3817625,10.791706,1
37066,9.726617,3.0853317,7
37068,-4.049229,6.5876822,2
37069,4.002578,8.784405,4
37070,7.3145356,6.4551883,1
37071,9.048586,12.027159,6
37072,6.9848366,11.332238,6
37073,9.926234,13.304991,0
37074,-4.9820666,3.5443325,0
37077,9.092927,11.719002,6
37079,4.594795,10.527195,3
37080,3.8081272,9.715158,4
37081,4.313422,6.8242993,6
37084,-2.8793225,5.6802197,0
37085,10.8659525,12.760367,5
37086,5.9607763,12.929489,3
37087,10.896844,11.435654,4
37088,7.390459,13.212458,1
37089,14.608882,11.460552,3
37090,10.857027,13.687629,5
37092,7.0054464,10.550269,1
37093,7.5327926,12.309382,1
37094,10.441354,14.058419,5
37095,-5.2818933,3.7348733,0
37096,14.019593,10.797131,1
37097,5.6647053,11.943466,1
37098,6.6664176,12.2017765,1
37099,9.166661,3.6914682,7
37100,3.3259714,6.628092,6
37101,10.448805,13.534529,5
37102,-6.4733524,4.1860237,0
37103,-3.4333014,6.193748,2
37104,5.2244463,7.5100284,6
37105,9.741824,12.374966,6
37106,8.177402,11.177212,6
37107,3.9335618,9.52695,1
37108,4.364352,10.208757,3
37109,8.31859,12.368804,6
37110,10.624678,13.289841,5
37111,-4.0898232,6.718396,2
37112,10.178502,0.9398095,7
37113,-3.483077,4.711829,0
37114,6.8360095,11.979941,1
37117,7.2746606,13.881787,3
37118,10.588655,0.28491497,7
37119,3.7577894,7.4885,5
37120,13.252856,10.528361,1
37121,7.573453,12.284165,6
37122,-4.068465,7.1085,2
37123,6.9827175,13.449375,4
37124,5.1288066,6.660583,6
37125,6.5289354,11.192116,1
37127,7.3035784,11.230934,1
37128,14.47998,10.003603,1
37130,14.468639,9.864336,1
37131,6.805432,11.299855,3
37132,8.461297,13.729986,4
37133,8.3039055,-1.0597737,7
37134,7.44174,12.059366,1
37136,6.788356,12.740918,4
37137,4.835004,10.29873,3
37138,15.020005,10.907618,3
37139,9.809058,14.442833,5
37140,3.3544402,9.470051,1
37144,11.370584,0.6269069,7
37145,4.3683295,5.9985213,6
37146,-3.4771209,5.1523046,0
37147,3.3721535,6.8542876,6
37149,4.8528175,7.0920515,6
37150,-4.853242,7.490893,2
37151,11.306077,14.165991,5
37152,-5.779259,5.6506214,2
37153,4.282852,10.503392,3
37154,10.1675005,0.15153648,7
37156,4.4460435,6.7765384,6
37157,6.731263,10.194059,4
37158,13.985195,10.87968,1
37159,10.720268,13.533708,5
37160,3.702139,7.480995,5
37161,3.6726856,9.68987,1
37162,9.390632,3.2879164,7
37163,-5.5364747,6.612562,2
37164,3.6397967,9.574028,1
37165,3.953137,10.391916,3
37166,6.5881543,12.051496,1
37167,9.607895,3.1644645,7
37168,-5.9611673,4.5189037,0
37169,10.6539,0.4257609,3
37170,-3.1657135,4.611825,0
37171,6.639544,9.9333,4
37172,13.1139345,10.036611,6
37173,-6.383026,3.8879006,0
37174,7.7877145,12.987091,4
37175,7.9214272,-0.46744695,7
37176,4.7323403,6.2058587,6
37177,7.6795297,11.701568,6
37178,-5.6091323,6.031409,2
37179,7.858349,6.5984893,3
37180,10.910515,0.026293373,7
37181,-5.6243997,3.8049338,0
37182,4.0623837,10.2312975,3
37183,10.931524,13.674647,5
37184,-6.0869074,4.2908716,0
37185,3.1362107,6.6445193,6
37186,-5.323975,7.298324,2
37188,3.9842262,10.685664,3
37189,10.462026,0.2874162,7
37191,-6.1947374,6.089171,2
37192,5.8450384,12.246198,3
37194,8.246682,13.600932,1
37195,12.164719,9.511635,6
37196,11.08647,0.47199166,7
37197,13.488979,9.742095,5
37198,-4.009654,6.77797,2
37199,-5.907839,4.624928,0
37200,3.3121998,8.904697,5
37203,11.288186,13.140419,6
37204,7.5605187,11.7058,6
37205,7.900869,-0.39099836,7
37206,7.146382,11.918146,4
37207,5.324232,6.693892,6
37208,4.5780106,9.208415,6
37209,8.523131,12.630753,5
37210,10.059579,14.548046,5
37211,8.348545,13.251416,4
37212,-6.046891,6.7840624,2
37214,10.877838,11.033042,4
37215,9.138981,11.935602,6
37216,3.6469207,6.886276,6
37217,8.056182,11.893535,6
37218,-2.9905636,5.4918885,0
37219,-5.5421977,6.6715336,2
37220,9.369118,11.430879,6
37221,4.5480337,7.008928,6
37222,-6.5769215,6.372911,2
37223,-2.9702141,4.74389,0
37225,4.052052,8.955151,6
37227,6.6181474,11.178725,1
37228,-5.108486,3.8935063,0
37230,8.11478,-0.7842493,7
37231,11.311976,0.57590204,7
37232,4.3458915,6.4629416,6
37234,10.412749,14.731589,5
37236,3.46748,9.203972,1
37237,13.029281,10.28392,5
37238,3.648078,9.185317,6
37240,9.516908,11.577554,6
37241,-5.67599,6.961491,2
37242,10.011714,14.643762,5
37243,10.849308,13.347103,5
37244,6.304046,10.155585,3
37246,-6.545462,6.370213,2
37248,-3.6973937,5.3967395,0
37249,4.8129764,9.327233,1
37251,-5.59848,6.2558975,2
37252,8.1594305,-0.84439045,7
37253,6.73089,11.181098,1
37254,4.339295,10.014528,3
37256,7.319782,5.9726367,1
37258,-5.183207,4.5503573,0
37259,7.0336514,13.3021965,1
37260,6.702206,5.982568,6
37262,11.124867,14.330634,5
37265,11.107742,14.006597,4
37266,6.9373612,12.139143,1
37267,13.18646,9.938509,1
37268,-5.5548434,4.296679,0
37269,8.41636,-0.04135888,5
37270,7.4985847,6.0598445,1
37271,6.9521656,12.799236,1
37272,4.0839834,7.461008,6
37273,14.11306,10.739484,3
37274,-4.9416857,3.7142756,0
37276,9.559224,11.588515,6
37277,15.062323,10.873419,3
37278,7.717298,6.224339,1
37283,10.615644,-0.114125706,7
37286,11.632222,11.300375,4
37287,-3.2306478,7.2065096,2
37288,-3.8173635,6.092657,2
37289,3.9892633,9.970792,1
37290,6.0819187,11.9536705,3
37292,14.993605,11.042253,3
37294,7.5119915,13.247225,4
37295,9.893855,12.79914,5
37296,10.795106,-0.35105026,7
37297,3.7763994,6.6368504,6
37298,10.58041,15.184791,5
37299,-5.5149193,6.355248,2
37300,6.4383535,12.5484,3
37301,7.149154,12.241719,1
37303,-4.0091023,4.141263,0
37304,9.812542,2.8684146,7
37305,-3.1048298,6.474056,2
37306,10.574163,13.651566,5
37307,5.0557528,7.8840046,6
37308,11.044806,0.82981753,4
37309,10.296407,-0.3314346,7
37310,10.093442,15.138936,5
37311,7.99569,12.948649,7
37312,10.977036,14.679628,5
37313,7.4348397,11.431547,1
37314,11.2735815,10.580478,1
37315,-5.979131,6.286948,2
37316,10.769931,-0.16289666,7
37317,10.482967,13.804163,5
37318,13.208312,10.085776,6
37319,6.2049856,11.672656,3
37320,-3.9667783,6.9087634,2
37321,14.584442,11.468088,3
37323,7.088276,10.890614,1
37324,6.892333,12.130628,1
37325,7.6450624,12.423587,4
37326,7.670709,-0.6989379,7
37328,6.3097806,12.330676,3
37329,8.980424,13.599577,6
37330,9.400266,3.3942096,7
37331,14.9067,11.087075,3
37332,6.6900606,10.969912,1
37333,14.592789,10.582386,3
37334,12.1248255,10.996546,3
37335,11.450254,14.131189,5
37336,8.110943,12.297198,4
37337,4.4098706,6.176314,6
37339,-3.9281259,6.361253,2
37341,9.349831,11.921772,6
37343,13.115367,10.041842,6
37344,8.030944,-0.42413375,7
37345,5.385448,7.976284,6
37346,10.418932,15.024759,5
37347,11.167385,14.443172,5
37348,4.2821655,9.466338,1
37350,3.2854102,9.153472,5
37351,-4.3697224,7.073488,2
37353,13.217335,9.928089,6
37354,3.2970507,6.4595237,6
37355,-4.963551,4.3139887,0
37356,7.9156446,13.602274,1
37357,6.561523,13.608806,4
37358,11.3632145,8.967035,6
37359,11.405321,8.982003,6
37360,-3.4591634,5.319432,0
37361,14.112347,9.941395,1
37362,10.645706,0.4598987,7
37364,4.715146,9.092758,4
37365,14.066191,9.936874,1
37367,-3.5202909,7.487103,2
37368,-3.4210236,5.2011585,0
37369,-6.4558444,4.1421413,0
37370,11.419107,8.870254,5
37371,-3.7360563,4.4096866,0
37372,4.654468,9.458095,1
37373,6.208351,10.746429,1
37374,-3.4690228,6.4632797,2
37375,5.899146,6.713088,6
37379,4.4101667,6.0566916,6
37380,3.7718878,9.544356,1
37381,5.167968,6.7935386,6
37382,5.8215847,11.874295,1
37383,4.86267,6.3981833,6
37384,4.6528697,10.68436,3
37385,6.9418373,5.9682894,1
37388,-4.255493,7.3242555,2
37389,5.0792513,7.87974,6
37390,-3.98305,6.8149824,2
37391,11.406758,13.24115,5
37392,13.577121,10.81956,1
37393,14.583134,11.48303,3
37394,-4.846301,4.3871126,0
37395,7.872502,-0.39403653,7
37396,-5.07864,2.691014,0
37397,7.5229206,11.727515,4
37398,3.3238754,6.3041015,6
37400,6.716548,6.151041,1
37401,-6.345421,3.9603686,0
37402,8.767965,11.171738,6
37403,-5.9517956,6.910691,2
37405,4.7658424,10.005388,1
37407,5.8327684,10.176366,4
37408,14.647829,10.780172,3
37409,9.28598,3.7819161,7
37411,-4.565457,4.181973,0
37412,7.527084,13.996229,1
37414,7.1000752,13.862366,3
37415,14.368321,11.216833,3
37416,4.2393274,10.90153,3
37417,11.44905,13.884259,5
37419,14.2951355,9.837394,1
37421,14.711359,10.531443,3
37422,11.230731,8.772837,6
37423,6.550603,11.580519,3
37424,3.976469,7.1611576,6
37425,-5.655315,5.938673,2
37426,9.378587,3.4525287,7
37428,11.281192,11.114422,3
37429,13.806357,10.533183,1
37430,10.884382,12.821868,5
37431,4.9370356,6.8166857,6
37432,9.084281,12.040561,1
37433,4.9754286,9.985363,1
37434,-3.5313911,6.2493773,2
37435,3.868086,6.697285,6
37436,12.172921,9.80841,3
37437,-5.05807,2.7230043,2
37438,10.150663,14.649756,5
37439,10.336056,14.5074625,4
37440,5.829815,12.905083,3
37441,9.804963,3.3095343,7
37442,14.263779,10.455514,1
37444,13.45769,9.816431,6
37445,9.99516,0.31345743,4
37448,-6.075331,5.7607336,2
37450,-5.3150334,7.303821,2
37451,3.795075,6.8192034,6
37452,5.828879,6.942913,6
37453,10.911387,11.057338,6
37454,-4.510465,6.962645,2
37455,5.754336,12.844808,3
37457,14.472095,11.545242,3
37458,11.201444,9.289493,6
37459,-3.8406754,5.146843,0
37460,5.0772285,7.787511,6
37461,9.0387125,11.104204,6
37462,10.053131,14.673471,6
37463,5.692145,12.545454,3
37464,-4.027664,7.492545,2
37465,-2.8655567,4.8619585,0
37466,-3.8688402,6.67466,0
37467,3.1463,9.410552,4
37468,6.6337495,11.350661,3
37469,10.364327,0.48367417,7
37470,9.573714,12.144684,6
37471,7.146976,6.0781426,1
37473,9.364974,3.6993418,7
37474,11.058183,0.9885934,7
37476,13.906631,9.899833,1
37477,-5.9959235,3.8402052,0
37478,3.9107835,6.8565574,6
37479,9.793449,3.2970974,7
37480,5.2762265,10.157852,1
37481,-3.512006,6.2711997,2
37483,9.137418,11.195941,6
37486,4.1340127,9.082721,1
37487,-5.186908,4.235054,0
37488,11.471287,8.95644,6
37489,3.8906567,7.4676,6
37490,7.5354633,6.4754896,1
37491,11.904302,10.602583,1
37493,13.1030035,10.080012,6
37494,13.651519,9.474692,6
37497,-3.2159133,6.440122,2
37498,13.283463,9.932268,6
37500,4.849182,6.947793,6
37501,10.452415,12.818237,5
37502,14.86879,11.227425,3
37503,8.792538,13.10217,4
37504,6.6953793,12.924037,3
37506,5.94402,12.606257,3
37507,7.5027447,13.943122,1
37508,10.161922,13.309732,4
37509,7.8366513,13.265483,6
37510,-5.26292,4.811862,0
37511,-3.7094097,5.0563393,0
37515,8.913317,11.411374,6
37516,5.1878686,10.3169365,1
37517,10.899704,13.330463,5
37518,11.610847,13.042867,5
37520,3.7460191,10.183663,1
37521,4.0208936,6.1448727,6
37523,-6.1401176,6.625205,2
37524,5.9206557,11.88518,3
37525,4.4126062,9.219917,1
37526,-5.541628,4.881435,0
37527,7.868308,13.83717,4
37528,-5.34553,6.0933514,0
37529,11.116976,11.63791,5
37531,7.315688,12.537364,1
37535,8.064883,-0.68071425,7
37536,9.402519,3.4118934,7
37537,7.1063085,11.681717,1
37540,10.77524,0.8765362,7
37541,7.3626513,13.1414585,4
37542,11.375093,8.914188,4
37545,8.188975,-0.91182786,7
37546,6.8911023,10.249378,4
37548,7.9980254,12.097626,6
37550,5.1007514,8.665162,1
37551,4.376588,7.2544665,6
37553,-6.1625276,3.6770794,0
37554,7.09965,6.5382247,1
37555,5.54549,12.514642,3
37556,14.663964,10.728395,3
37558,9.507492,13.434071,5
37559,9.391496,3.3971703,7
37560,-5.1291714,3.8590326,0
37561,4.054326,6.73212,6
37562,7.717535,11.919494,1
37563,7.4970164,12.173057,4
37564,-3.545091,5.854107,0
37565,10.731752,13.52587,5
37566,9.291653,11.891955,6
37567,11.893226,10.97801,1
37569,5.9419694,11.583626,3
37570,14.510933,11.436881,3
37571,6.833093,10.809666,3
37572,4.559494,9.322447,1
37573,-4.325059,4.0662804,0
37574,-5.176281,3.4031339,0
37575,10.845871,13.412968,5
37576,7.9609475,-0.6079962,7
37577,-5.4364133,3.3705704,0
37578,-6.4474654,4.2784934,0
37579,8.3129425,13.547482,4
37580,6.1972303,6.747929,6
37581,4.8359046,6.5503473,5
37582,6.0796013,10.688976,3
37583,-4.6057124,4.4232917,0
37584,11.322412,0.7171015,7
37585,14.411222,11.522486,3
37586,3.3357463,6.9594417,6
37587,7.5625815,10.504564,5
37588,7.6906967,12.913563,6
37590,7.6859136,6.5192065,3
37591,-4.386115,7.423684,2
37592,5.770271,8.666154,6
37593,-6.3117714,3.5126934,0
37595,14.606286,10.747092,3
37596,10.142419,13.389636,5
37597,11.241975,0.15628068,7
37598,10.662182,13.947951,5
37599,13.8551855,10.503167,4
37600,13.502684,10.9187975,1
37601,7.378678,6.589915,1
37602,7.37389,6.0621443,1
37603,6.2105412,10.067686,6
37605,9.273216,3.489476,7
37606,11.6260395,9.490945,4
37607,8.125514,12.428824,6
37608,7.3419747,6.378779,1
37610,10.474162,12.856077,5
37612,5.356768,6.835072,1
37614,10.917509,14.294721,5
37615,6.9962106,6.10133,1
37617,-4.511885,4.313403,0
37621,10.562933,-0.29523063,7
37622,4.58464,6.3311343,6
37623,4.2639837,8.904461,5
37624,6.4766717,12.839309,7
37625,-2.8520834,6.9126444,2
37626,-3.1076453,5.4679217,0
37629,-4.520476,7.5250897,2
37630,10.564636,-0.13211009,7
37631,10.752499,10.961838,1
37633,13.701306,9.582252,1
37634,-3.764129,6.7565374,2
37637,11.334332,13.111455,5
37638,14.487681,10.380682,1
37639,11.715645,9.497579,4
37640,11.236806,0.6513224,7
37641,5.9868727,6.706196,6
37642,8.062911,-0.76843375,7
37643,7.3572183,13.24691,1
37645,4.2502155,9.866845,1
37647,-3.360512,7.071033,2
37648,9.470494,3.5957115,7
37649,-5.7845764,6.9276094,2
37650,-4.957101,3.5871985,0
37651,3.8475428,7.0427365,6
37652,7.055963,10.95946,4
37653,7.319028,12.121183,1
37654,4.4926767,7.0549307,4
37656,11.326274,8.955209,1
37657,13.805967,10.439523,1
37658,-5.811915,6.6851125,2
37659,7.0556383,10.365883,4
37660,6.43799,11.90437,1
37661,6.976723,13.761384,1
37662,3.5112634,9.558289,1
37663,3.7646728,6.0359607,6
37665,9.240897,12.478108,4
37666,-3.161268,6.5707645,2
37667,6.570423,10.574726,6
37669,14.672904,10.58011,3
37670,14.706132,10.860005,3
37671,7.1031766,11.095155,6
37672,13.470471,9.6785555,6
37673,-4.927434,3.980778,0
37675,4.1709666,8.683678,5
37676,6.793307,12.135614,1
37677,10.8241625,8.519693,1
37679,11.020055,14.203884,5
37682,10.926128,0.80234456,7
37683,10.972949,11.539349,5
37684,-6.429195,3.828956,0
37685,10.688702,0.042242266,7
37686,7.263711,6.2183447,1
37687,6.6213303,12.019426,3
37689,-2.9556146,4.9047914,0
37691,4.5872626,6.714125,6
37693,8.100037,13.100926,6
37694,14.066009,11.4345,3
37695,14.098507,9.783238,1
37699,7.2485223,6.452532,1
37700,6.9142838,12.720426,4
37701,6.8323884,12.875706,1
37702,11.260958,9.075753,6
37703,-5.6245456,6.0517926,2
37704,4.373015,8.681837,5
37706,14.65291,10.926898,3
37707,-6.446848,3.73279,0
37708,14.420792,11.560713,3
37710,6.581149,11.85349,1
37711,4.357195,9.711791,1
37712,3.876599,7.538087,1
37713,7.2618504,10.562929,4
37714,-5.3031936,7.268653,2
37715,-5.681145,6.084276,2
37716,6.777713,6.138629,1
37717,8.248117,-0.1494343,7
37718,-5.1658163,2.843255,0
37720,3.6895547,9.487369,4
37721,8.103038,12.371802,6
37723,12.028583,10.526672,6
37724,-5.31333,4.8366175,0
37726,8.986958,11.088371,6
37727,4.0185413,9.104861,6
37729,7.985914,13.016426,6
37732,3.781421,9.77252,1
37733,4.0688133,10.340932,3
37735,7.3755426,13.860625,4
37736,11.245863,14.234522,5
37738,-3.5270388,7.487558,2
37739,3.667277,9.50496,4
37740,-6.2468276,6.811014,2
37741,3.9404128,9.394278,6
37742,4.0641117,10.856564,3
37743,10.835775,0.63897604,7
37745,9.509194,12.251374,6
37747,-5.894553,4.848609,0
37749,14.2421465,10.673482,4
37750,10.323735,1.0733049,7
37751,8.314397,-1.0916035,7
37752,10.961457,0.5821659,7
37754,-3.4637947,6.433188,2
37756,13.768083,10.404204,1
37757,-3.1080601,6.4047227,0
37758,-3.0635722,6.3904634,2
37760,10.390172,0.06446346,7
37761,7.641273,11.326277,1
37762,10.480879,-0.4259317,7
37764,-3.3470085,7.2933464,2
37765,6.4606752,12.990455,3
37768,5.0901423,9.066106,1
37769,-5.0461392,2.7169495,2
37770,5.117281,10.3227215,3
37771,6.9265656,10.346681,4
37772,13.927253,9.91714,1
37773,7.9280024,6.42813,3
37774,9.194161,11.838872,6
37775,10.444424,15.07825,5
37776,3.6925538,6.3325133,6
37777,4.7635427,6.778852,6
37779,7.7060785,12.473065,6
37780,-2.898436,6.904388,2
37781,5.9548225,12.52801,3
37782,14.139304,11.04829,3
37783,6.9060044,12.33428,1
37784,6.2525525,12.706773,3
37785,4.3406243,10.470268,1
37786,7.9893494,11.119805,4
37787,6.188298,6.7813616,6
37788,13.586816,10.036068,1
37790,10.901784,11.176079,4
37791,6.7389536,13.649585,3
37792,6.5807614,9.908236,4
37793,8.021117,12.405288,6
37795,14.829007,11.129898,3
37796,14.249203,9.909517,1
37797,-3.0161128,5.4888163,0
37798,6.9425874,13.079652,4
37799,10.638011,0.04772655,7
37802,-5.399818,4.127725,0
37803,4.604204,6.74178,1
37806,6.3653803,11.667305,3
37807,-5.0162654,3.6706562,0
37808,14.345689,10.100068,4
37809,3.6854327,6.5164533,6
37810,14.910993,10.744226,3
37811,7.9409423,6.4198685,3
37812,7.1335487,11.7563505,1
37813,7.7108088,12.676635,4
37816,-5.337083,4.5809846,0
37817,-3.0414317,5.372193,0
37818,7.208812,10.6746645,4
37819,-5.6656814,6.9589124,2
37821,9.476256,12.000306,6
37822,5.9717593,12.131814,3
37823,5.201475,7.6538906,6
37824,14.232694,11.517623,3
37826,4.710025,7.4725237,6
37827,8.75967,11.379397,6
37828,-3.1123273,6.7137194,2
37830,7.334077,5.9099884,1
37831,3.906299,9.736103,6
37832,-3.8801794,7.2782745,2
37833,4.324961,8.785935,1
37834,11.769512,10.772869,1
37835,4.387177,6.8988876,5
37836,4.4420547,6.88222,6
37838,11.283637,14.138925,5
37839,10.79626,-0.3729935,7
37840,7.420381,5.9659905,1
37841,12.42151,10.641447,4
37842,4.4575653,10.300818,3
37843,-3.3465135,7.352774,2
37844,-2.7037005,5.1173882,0
37846,7.306259,10.688521,1
37848,-6.005613,4.253226,0
37849,7.907953,12.562108,4
37850,10.201857,15.067604,5
37851,7.592144,11.677351,1
37852,9.320043,3.7339365,7
37853,4.8933296,9.699626,4
37854,14.177962,10.777287,1
37855,-5.7880216,4.3105373,0
37856,13.856399,9.500026,6
37857,6.3949895,11.166035,3
37858,-3.6410413,5.238469,0
37859,-4.1324577,3.8030436,0
37860,-3.466135,4.865177,0
37861,5.15984,10.220847,1
37862,11.279656,0.7038591,7
37863,14.200147,10.094393,1
37864,6.33403,12.335027,3
37865,10.058993,3.1161454,7
37867,5.8231697,10.479543,3
37868,11.104348,8.845189,4
37869,7.1169505,10.803321,4
37870,4.737988,10.495916,3
37871,-3.611093,7.0428586,2
37872,6.429746,12.294878,3
37873,10.577941,14.148797,5
37874,11.665015,10.745404,1
37876,10.51692,14.779071,5
37877,11.439244,13.246408,5
37878,7.766781,11.523795,6
37880,14.11562,10.503834,1
37881,-4.2329793,7.005792,2
37882,4.463229,6.3278666,6
37884,7.024996,12.582629,4
37885,12.132917,9.488908,6
37886,7.4357095,5.953297,1
37887,-2.8592858,4.857121,0
37888,-6.0996428,6.212662,2
37889,11.347921,13.352802,5
37890,7.532513,-0.78048533,7
37891,3.927877,7.0451035,6
37893,3.7217026,10.229494,3
37895,4.665362,7.223432,6
37897,9.524775,12.040225,6
37898,7.683482,12.001425,6
37899,13.720788,9.547118,6
37900,11.792452,9.606078,3
37901,6.444384,10.619615,6
37902,9.894673,3.0468228,7
37903,4.4413543,9.781049,1
37904,3.467787,8.967909,5
37905,4.509914,6.0641155,6
37906,4.1477594,10.235269,1
37907,10.15384,15.133729,5
37908,-3.0117025,5.290292,0
37909,-3.9475334,6.453302,0
37912,-6.456825,6.456189,2
37913,6.552964,11.607726,3
37915,4.2422285,6.158803,6
37916,4.2958646,10.038298,3
37917,5.034449,10.686496,3
37918,13.364652,10.158194,1
37919,-3.0453074,7.1362247,2
37920,13.776556,9.451896,6
37921,-4.4468055,7.3165,2
37922,9.197801,12.061168,5
37923,10.714841,15.241108,5
37924,14.614338,11.2924,3
37925,-3.4374003,5.094969,0
37928,6.206407,10.271592,1
37929,4.0884523,9.927561,3
37930,4.538907,10.4101715,3
37931,13.429488,10.978964,1
37932,10.026036,14.660176,5
37934,7.4353848,12.802876,1
37935,3.458344,9.568878,4
37936,4.363297,10.202806,3
37937,10.6127405,10.63713,3
37938,-3.619406,4.869231,0
37940,-4.8583965,5.2581177,0
37941,-5.626128,3.2805817,0
37942,-4.9336166,7.463385,2
37943,14.222295,9.842192,1
37944,7.0994463,12.29984,1
37945,-4.750912,3.9682667,0
37946,7.819051,6.616481,3
37947,7.00956,12.0256815,4
37948,-3.3185022,6.403468,2
37950,4.7646475,10.184334,1
37952,5.0388293,6.516099,6
37953,10.165677,13.642051,6
37954,-4.860603,3.846529,0
37955,3.2623074,6.496147,6
37956,7.6469445,13.070995,4
37957,6.17965,6.7420597,6
37958,11.205343,8.826549,1
37959,6.2284617,11.816049,3
37961,3.257927,9.848234,4
37963,-3.2960114,5.0992455,0
37964,13.445028,9.768242,1
37965,-3.2227087,6.7565994,2
37966,9.641187,3.5442684,7
37967,-3.4499457,7.387016,2
37969,6.696884,9.656237,6
37970,-4.166712,5.0319242,0
37972,8.556024,12.333285,5
37973,3.868627,9.432837,1
37974,-5.048798,3.6982546,0
37975,13.061248,10.082565,6
37976,4.427876,10.4161215,1
37977,10.611766,13.585097,5
37978,6.483683,12.129462,3
37980,6.604959,12.308772,1
37981,-5.200193,4.455708,0
37983,9.204976,11.983415,6
37984,11.259954,8.795159,6
37985,-5.7947435,4.600025,0
37986,9.425466,3.557902,7
37987,10.530913,13.59764,5
37989,3.8522317,7.311587,6
37990,14.518651,10.229518,1
37991,-5.8720813,4.048764,0
37992,-6.5033574,4.213881,0
37993,5.6297674,11.827531,4
37995,4.2163987,10.246187,3
37996,6.0535283,8.951321,6
37997,-5.775748,3.8915832,0
37998,14.081096,10.381809,1
37999,3.704057,9.128382,6
38001,4.0816903,8.317843,1
38002,6.7790394,13.447497,4
38003,13.934357,10.77517,1
38004,3.690627,9.099802,6
38005,4.358209,10.765475,3
38006,4.0579767,7.5922604,6
38007,7.9160438,-0.3285771,7
38008,13.307388,10.7756195,1
38009,6.770434,10.052716,1
38012,4.0432,9.883646,3
38013,-4.704005,7.3236446,2
38014,9.226637,11.354948,6
38016,10.458598,-0.198478,7
38017,7.732388,6.403366,3
38018,9.772739,3.0700521,7
38019,4.5257874,10.846298,3
38020,10.402234,0.7002182,7
38021,-5.9434996,4.7268577,0
38022,6.560835,13.438291,4
38023,7.0387263,6.3983727,1
38024,10.045422,3.014267,7
38025,9.956129,14.045566,5
38026,11.032112,0.3049644,7
38027,-3.3321538,7.2563276,2
38028,7.229705,12.174425,6
38029,11.170653,0.3238023,7
38031,5.684326,12.094141,3
38032,7.549126,6.5087137,1
38033,-6.502192,6.0648675,2
38034,10.3884115,-0.10694348,7
38035,11.140714,8.758111,4
38036,3.9633057,9.375943,6
38037,5.637992,10.616699,3
38038,10.676246,13.592407,5
38040,-5.916633,3.3957453,0
38041,10.180206,14.651461,5
38042,11.225744,14.117938,5
38043,8.100532,12.925632,4
38044,7.1304393,11.901547,4
38046,3.6707714,9.288533,6
38048,14.219334,9.793224,1
38049,-6.4149065,6.1589036,2
38050,-3.2308154,6.8032737,2
38051,-5.7473154,5.764558,2
38052,-3.5289748,6.2677016,2
38053,4.447306,10.231726,3
38055,-3.1193898,5.0831933,0
38056,-4.3886375,5.905388,2
38057,9.681454,3.4536352,7
38058,11.459992,14.252169,5
38059,6.1208534,6.72866,6
38060,-3.2899559,5.0074005,0
38061,9.595399,11.906642,6
38062,11.000467,8.611727,6
38065,7.8746753,-0.505425,7
38066,11.426007,11.583862,5
38067,4.7904,6.5291104,6
38068,7.484928,6.5863504,1
38070,-6.399469,4.0869575,0
38071,8.079038,13.151766,4
38073,11.862802,9.763284,3
38074,-3.9677567,7.429618,2
38076,7.3323164,13.374589,1
38077,11.262012,9.514382,5
38078,4.199023,10.127348,1
38079,-5.76263,6.1095104,2
38080,7.170628,6.3127456,1
38081,10.047938,3.0453284,7
38082,10.958553,14.931875,5
38083,9.476922,12.004983,6
38085,11.346896,11.593795,5
38086,7.6036363,6.273173,3
38087,7.8375,12.140666,1
38088,10.149696,13.091012,5
38089,4.9423704,10.243581,3
38090,-3.4645004,4.648377,0
38091,8.21442,11.718473,6
38092,-5.0614843,4.354316,0
38093,10.7127,8.44594,6
38095,3.8541074,10.5152,3
38096,3.6465256,8.583393,6
38097,10.020935,0.33336365,7
38098,6.1207256,10.0618925,3
38099,10.622209,13.890421,5
38100,11.113884,8.707402,4
38101,9.831423,3.1249151,7
38102,10.888193,14.649542,5
38104,4.985293,9.003068,6
38105,4.041671,5.8601494,6
38106,7.778449,6.6443477,3
38108,10.314769,0.083695024,7
38109,4.3702655,9.656212,1
38110,12.3131695,9.568676,1
38111,3.784432,10.627295,3
38112,9.312779,3.5170133,7
38113,-6.5411296,3.8414824,0
38114,8.669457,12.737149,6
38115,5.797886,12.028649,3
38116,-6.2012753,3.3713717,0
38117,6.9540277,12.0185995,4
38118,11.214164,8.880019,6
38119,6.0040975,11.324514,3
38121,7.183064,12.552095,4
38122,13.2594185,9.875619,6
38124,-5.693066,3.292378,0
38125,6.9571457,13.30102,4
38126,7.897303,12.870919,4
38128,-5.637047,5.875199,2
38129,9.515886,3.3280888,7
38130,-3.1092494,6.583578,6
38131,3.8183396,7.524619,6
38132,8.19714,12.383972,4
38133,3.3329532,8.862605,6
38134,-4.268578,6.8333464,2
38135,14.302985,10.578719,1
38136,-6.25711,6.162494,2
38138,10.909791,14.972187,7
38141,4.9708776,7.4093013,6
38142,-4.881216,4.0332274,0
38144,14.42901,10.17736,1
38146,9.489113,12.98717,6
38148,6.851278,13.053188,1
38149,11.238534,0.8687201,7
38150,-5.5583243,6.2421045,2
38151,3.5331793,9.518628,4
38152,4.407482,6.2123237,6
38153,7.038923,13.81765,3
38154,7.3393083,12.044051,1
38155,11.022042,11.462127,4
38156,11.169234,11.621168,6
38157,13.476569,9.692079,6
38158,7.7599864,6.6256924,3
38160,3.9344227,10.457309,3
38161,-6.449824,4.451806,0
38162,-5.1063643,3.6658509,0
38163,7.4878235,6.3173866,1
38164,-6.0607595,6.278822,2
38165,4.11867,7.4765105,6
38166,3.6959953,10.370137,3
38167,6.3071866,11.087176,1
38168,6.7344003,10.594698,3
38169,6.4343667,12.238507,4
38170,8.038874,-0.43979752,7
38171,14.213793,11.513364,3
38173,9.713197,2.7923765,1
38174,4.598435,10.374338,3
38176,4.3743606,9.517582,1
38177,-4.1017995,3.7695413,0
38179,-3.1266308,6.479756,2
38180,3.610521,6.702124,6
38182,-5.7151637,4.3594203,0
38183,-5.8017125,3.4499805,0
38184,6.01789,7.082674,1
38185,10.090758,0.6832376,7
38187,6.2020755,9.703004,3
38188,14.704306,10.451225,3
38189,4.607883,9.751665,1
38190,3.5115776,9.486257,4
38191,6.5695863,11.86633,3
38192,14.781798,10.921621,3
38193,10.728808,11.500299,6
38195,5.1322536,6.57813,6
38196,9.149349,12.150661,6
38197,7.1022897,12.355063,1
38198,10.926458,12.926296,5
38199,-5.543672,6.923053,2
38200,11.445195,9.015042,1
38201,10.249216,-0.17820618,7
38203,9.060326,11.472775,6
38204,-4.5404735,7.2495255,2
38205,10.633667,0.340704,7
38206,-2.862766,4.818736,0
38207,9.171206,12.108746,1
38208,-5.033312,7.4866495,2
38209,9.595616,3.2956994,7
38210,-3.9170449,4.6628304,0
38211,10.444366,-0.31181067,7
38212,6.160223,9.686841,1
38213,-2.9140577,6.8737063,2
38216,7.9738913,-0.3482351,7
38217,11.111791,0.28366527,7
38218,11.440329,10.9055195,1
38219,-5.0910645,4.5521464,0
38221,10.510566,13.288001,5
38222,-6.2851257,6.7640886,2
38223,-6.2842426,6.759166,2
38224,11.379089,14.416146,5
38225,5.7135167,12.326408,3
38227,-3.0952322,6.804156,2
38228,4.333152,10.067217,3
38230,8.266725,13.429503,4
38231,9.629024,12.989385,5
38232,5.9073176,11.48585,3
38233,3.930007,6.8430557,6
38234,3.5748467,10.168584,4
38235,10.398631,14.992788,5
38236,11.186521,11.594881,6
38237,5.8156695,10.29636,3
38238,7.6612844,11.360482,6
38239,-6.54222,4.096893,0
38241,-5.685484,3.2953532,0
38242,-5.8957105,4.2868977,0
38243,-4.2629623,7.335985,2
38244,9.070189,11.460521,6
38245,3.4073582,7.358789,6
38246,-3.051864,6.7037826,2
38248,14.579532,11.382077,3
38250,10.927051,13.728158,5
38251,5.837534,8.635679,6
38252,10.756995,14.950453,5
38255,10.5457325,0.39647505,7
38256,6.804821,10.024583,1
38257,7.7350783,12.689948,4
38258,7.748003,12.106947,6
38259,5.3317156,7.443161,6
38260,5.8475,12.211081,3
38261,6.571699,10.077375,4
38262,5.696135,12.21508,3
38263,-2.6740525,4.9605303,0
38267,13.190323,9.951673,6
38268,6.6882086,10.821625,4
38269,11.31607,14.214784,5
38270,14.272177,9.79291,1
38271,13.702275,10.085222,1
38273,5.640039,12.476099,3
38274,4.0709815,10.33669,4
38275,5.2514434,7.28503,6
38276,6.6597576,11.581154,3
38277,7.3599195,6.262621,1
38278,7.2688074,11.036896,1
38281,7.0294566,13.192167,1
38282,9.096184,11.862709,6
38284,4.2370877,10.305982,3
38285,10.037061,1.026949,7
38286,9.522027,12.295061,1
38290,-5.894105,3.4719708,0
38294,3.9625251,10.063214,1
38295,14.822383,10.836593,3
38297,5.7214456,12.055154,3
38300,10.870963,0.38739803,7
38301,4.2748065,9.456924,6
38302,3.7997823,7.684084,6
38303,10.302534,14.856785,5
38304,6.9548264,12.647186,3
38305,-3.1249466,5.8738475,0
38306,9.707895,13.614392,1
38307,-3.2594469,6.0677137,2
38308,11.607916,9.131623,6
38309,10.077415,14.74869,5
38310,6.1068807,13.22885,3
38311,9.2057705,11.656156,6
38312,-3.468652,6.74602,2
38313,-3.7544317,5.2823043,0
38314,11.041988,0.34014127,7
38315,6.1471868,12.045066,3
38316,9.501062,12.081606,6
38318,5.2675104,7.050114,1
38319,10.512534,14.092557,5
38320,8.294885,-0.66822857,7
38321,10.989349,13.0373535,5
38322,3.5161526,6.2758875,6
38323,8.112134,-0.7344172,7
38324,-5.8311872,5.7781377,2
38325,9.912968,12.934522,5
38328,-3.1916218,7.0596213,2
38329,11.600363,9.419451,3
38330,-3.108279,5.142326,0
38331,-3.5377808,5.270235,0
38332,5.1238,10.186342,1
38333,5.980223,8.720301,6
38334,-5.949131,4.534718,0
38335,7.457021,11.563637,1
38336,-3.0277083,6.637365,2
38337,5.6734433,11.33358,3
38338,-6.318825,6.1260133,2
38339,11.482324,9.612028,4
38340,-6.4568877,6.216105,2
38343,10.71164,0.40551504,7
38344,10.478517,-0.44321573,7
38345,3.4109573,8.655864,6
38346,10.753664,14.876462,5
38348,-5.484885,4.754071,0
38349,-5.268471,6.531524,2
38350,-5.0516076,7.636654,2
38351,9.705707,2.865579,7
38352,5.739807,10.726757,1
38353,4.2058477,9.344592,1
38354,-6.3222003,6.1288,2
38355,7.9996386,11.93998,6
38357,5.7997565,12.877118,3
38358,7.7811837,13.507931,1
38359,-5.849316,6.08017,2
38360,14.366449,10.097732,1
38361,7.0743456,6.038328,1
38362,7.909508,11.1016865,5
38363,-3.5106523,5.227297,0
38364,6.136039,11.628239,3
38365,7.7565947,13.047896,4
38366,14.380991,11.449187,3
38367,-6.08866,3.4157968,0
38368,10.137424,0.029184448,7
38369,6.4032845,12.256444,3
38370,5.8027782,12.804673,3
38371,9.0437765,12.020696,6
38372,8.628189,12.28771,4
38373,-6.42717,4.120239,0
38374,-3.8515797,5.144821,0
38376,4.921972,7.2324505,6
38377,10.629467,-0.42267615,7
38378,5.946834,11.470019,3
38379,10.807567,-0.25671536,7
38380,5.9985723,11.220271,3
38381,3.4240704,9.47137,4
38382,13.149042,9.990206,6
38384,8.074397,10.7521305,1
38385,9.324324,3.7797005,7
38386,4.092304,10.472252,3
38388,6.697091,11.976758,1
38389,13.351078,10.788111,1
38390,6.5175114,6.2570286,6
38392,-4.963951,4.5885177,0
38393,9.920762,12.998894,5
38394,-6.348743,4.366196,0
38395,11.0054245,0.2781828,7
38397,3.5290718,7.49507,0
38398,14.407455,11.577159,3
38399,-6.1749296,6.7713156,2
38400,7.684916,12.856538,1
38401,3.299261,6.2201047,6
38402,4.0471044,10.045416,1
38404,10.395349,-0.37591985,7
38405,7.211312,12.081793,1
38406,13.724944,9.474235,6
38407,-3.19988,7.3964376,2
38408,9.33944,11.494995,6
38409,7.6378384,-0.96640235,7
38411,7.846759,-0.216172,7
38414,-4.020696,6.4801054,2
38415,3.3828895,9.051586,5
38416,6.186637,7.314423,3
38417,-6.112828,4.135498,0
38418,-5.7119026,6.7477617,2
38419,11.066344,0.8894761,7
38420,4.4843283,9.7506075,1
38421,-4.965514,4.2141733,0
38423,14.484424,10.21826,1
38424,-5.719566,3.3598351,0
38425,-5.851721,6.8993406,2
38426,-4.06647,6.826196,2
38427,-5.71981,5.4719205,2
38429,-5.069725,2.675698,2
38430,3.4479153,8.846079,6
38431,10.777909,8.441161,6
38433,6.7415257,11.813939,1
38434,10.321727,0.12240067,7
38435,8.491057,11.293962,6
38436,5.985606,12.3863945,3
38438,6.3722467,13.286516,3
38440,-5.955389,4.2642303,0
38441,10.96775,10.910785,6
38442,10.79586,8.4777355,6
38444,7.0706434,11.561657,1
38445,10.021714,3.066659,7
38447,6.1529098,12.579444,3
38448,-3.1818302,5.0098352,0
38449,11.376055,8.958771,1
38453,5.3477182,7.2125444,6
38454,4.403041,9.608157,1
38457,7.74828,12.533212,1
38459,8.081644,-1.0329115,7
38460,-4.1887255,3.7614977,0
38461,11.263497,13.833887,5
38462,4.2496986,9.745742,1
38463,-5.8123245,4.356743,0
38464,11.427098,13.649353,5
38465,6.171283,9.304852,6
38466,7.3089414,11.412656,4
38467,-6.325713,6.551773,2
38468,-4.1980343,4.50993,0
38470,4.1358323,6.395774,6
38471,14.568655,10.455588,3
38473,3.8154259,6.6531863,6
38474,4.1114545,10.220221,1
38476,11.302907,14.225329,5
38477,11.042093,14.697556,5
38478,7.4258423,11.459235,5
38480,7.157052,11.909981,4
38481,13.939099,9.763531,1
38482,3.7819664,6.6325088,6
38484,10.445201,-0.17717575,7
38486,-4.515055,4.367528,0
38487,8.020657,13.236579,7
38488,6.2953234,12.972199,3
38489,6.8696933,13.367145,3
38490,10.716377,14.187391,5
38492,-4.2250524,6.7665005,2
38493,-3.8031542,5.522804,0
38494,-5.6532354,6.477903,2
38495,10.0250635,13.010997,5
38497,-5.060653,2.6741574,2
38498,8.281942,-1.0903522,7
38499,6.5467887,13.6420965,3
38501,-4.89121,4.305693,0
38502,6.9864287,11.456434,1
38503,3.3547778,8.990391,4
38504,13.649901,9.810407,6
38505,7.7595115,6.574801,3
38506,6.1148725,9.720594,6
38507,3.6792033,7.0063944,6
38508,-2.8623161,6.951671,2
38510,-4.511417,4.217807,0
38511,14.329966,10.333565,1
38512,7.409831,6.0992274,1
38513,6.24661,11.009376,3
38514,6.605334,9.721911,4
38516,8.381363,12.983195,6
38518,6.610462,6.081151,6
38519,6.0999956,11.582316,3
38520,10.719681,13.956548,5
38521,3.2852216,9.371297,4
38522,9.656445,11.905118,6
38523,4.454312,10.413084,3
38524,11.408727,14.522286,4
38525,4.090185,9.715174,3
38526,-3.804785,7.267091,2
38528,11.1510725,14.793163,5
38529,4.7286973,6.358593,6
38530,7.4749727,10.756087,3
38531,-3.3798404,6.8549933,2
38532,7.26999,11.498619,1
38533,8.118704,12.87956,7
38535,11.029922,0.13688909,7
38536,6.259587,12.885659,3
38537,-4.1849833,3.9842672,0
38538,4.5777745,10.437925,3
38540,7.8733263,12.2093935,4
38541,-3.1001327,6.541141,2
38542,14.45714,10.110872,1
38543,6.9373612,11.582007,1
38544,6.198923,13.272173,3
38545,8.30178,12.295556,6
38548,-5.4503274,3.4035347,0
38550,4.3495407,6.0578365,6
38551,8.251613,11.307557,7
38552,11.441564,10.602942,6
38553,4.233374,9.343944,1
38554,7.3955383,12.171244,6
38555,13.418127,10.811077,1
38556,5.7597165,11.564677,3
38557,11.423133,8.900424,6
38558,-2.80762,5.3318834,0
38559,3.5160117,9.189273,4
38560,11.42687,13.180622,5
38561,6.6234436,13.171303,1
38562,11.272174,9.390692,5
38563,8.135361,-0.8354437,7
38564,-5.46665,6.0593753,2
38565,7.5793023,13.455528,4
38566,3.9754384,7.2498374,6
38568,12.2021265,9.5141325,1
38569,4.9766674,9.562519,1
38570,8.563516,13.488574,4
38571,14.071931,11.423626,3
38573,13.426721,9.785926,6
38574,5.9998746,8.796939,6
38576,7.590846,13.616738,4
38577,-2.9459784,5.3835783,0
38578,4.450487,8.923722,6
38580,-4.1598444,7.487457,2
38581,6.9569383,11.871028,1
38583,3.9573433,6.024315,6
38584,-6.521206,6.4778376,2
38585,11.404626,10.690939,6
38586,10.784445,14.98845,5
38587,-4.13226,6.64736,2
38588,-2.916814,6.8590245,2
38589,9.692308,3.4230351,7
38590,4.171936,9.188,4
38591,6.876251,12.627098,4
38592,11.151672,14.041155,5
38593,4.5055494,9.89808,1
38594,7.2203445,6.4798584,1
38595,4.8176417,10.752685,3
38596,3.8951457,9.041065,4
38597,7.936443,11.197012,6
38600,-6.193511,3.7756007,0
38601,8.067629,-1.045355,7
38602,7.813374,-0.34236765,7
38603,6.0027423,9.731789,6
38606,11.247861,0.6794162,7
38608,-4.9349585,3.7038503,0
38609,-6.3413553,4.1880136,0
38611,10.923852,11.07869,1
38612,6.0587983,6.892738,1
38613,6.82664,10.257444,4
38614,8.425201,13.618473,6
38615,-3.341871,7.358814,2
38616,4.775062,6.324924,6
38617,-6.5067515,4.1234584,0
38618,-5.881548,5.8878174,2
38619,8.010568,-0.7206833,7
38620,10.613006,15.075702,5
38622,11.2640295,0.7366287,7
38624,-5.0146856,7.2028203,2
38625,13.228851,10.475276,6
38626,7.8469434,13.01419,1
38627,5.9364433,12.396797,3
38628,7.408055,10.953796,4
38629,11.409331,11.485702,4
38630,14.453237,11.534831,3
38631,3.685537,6.9518,6
38632,8.329629,-1.109562,7
38633,6.21618,9.76789,4
38634,6.029639,13.038413,4
38635,-4.735618,4.0036,0
38636,5.100008,6.782137,6
38637,10.707259,15.232057,0
38638,14.189979,9.829111,1
38639,7.819658,12.922866,1
38640,6.0385776,13.068665,3
38642,8.325536,13.512102,6
38643,-5.1631656,6.907365,2
38644,5.407226,7.813643,6
38645,10.642174,-0.4298652,7
38646,10.497561,13.195819,5
38648,-5.7780585,6.785366,2
38649,8.329105,-1.1078115,7
38650,-4.648239,7.3617816,2
38652,4.341798,7.1098294,6
38653,9.23575,3.265442,7
38654,-5.4183946,6.626028,2
38655,10.606548,-0.2318804,7
38656,8.08468,-0.899453,7
38658,5.1862144,10.535699,3
38659,7.919451,6.4263873,3
38661,10.821002,11.00523,1
38662,4.2189226,10.043614,1
38663,7.290351,11.87643,1
38664,5.7806997,11.642836,3
38665,14.641043,10.444668,1
38666,6.0131383,10.646966,1
38669,10.398016,-0.37809563,7
38670,9.722595,12.141352,6
38673,4.2582054,9.009138,4
38674,6.048851,10.281984,1
38675,9.4616375,3.607023,7
38677,11.257811,11.155865,3
38678,4.7316465,8.981888,1
38680,14.869159,10.898975,3
38681,-3.147867,6.9008713,2
38682,3.9957943,8.913169,4
38683,10.639296,-0.43941543,7
38684,-5.051381,6.0442495,2
38685,7.342954,6.343822,1
38686,6.00051,12.015991,3
38687,3.8708513,6.8110704,6
38688,10.0508175,13.666518,5
38689,3.3096132,6.2214174,6
38691,8.214607,-1.0860815,7
38692,-6.050887,4.0968018,0
38693,13.097368,10.208523,6
38695,-5.4311724,6.2842016,2
38696,7.918733,11.565832,6
38697,-3.573634,5.2579665,0
38699,-3.300985,4.7485495,0
38700,7.8776236,-0.46127996,7
38701,10.095864,0.042906236,7
38702,-5.9691453,4.3599443,0
38703,4.940476,10.683187,3
38704,3.979146,9.819654,1
38705,3.7352617,6.689269,6
38706,3.0500169,9.179748,7
38707,-5.4672947,3.359129,0
38708,11.097309,0.448649,7
38709,3.5108595,6.9919167,6
38710,14.603255,10.645939,1
38714,11.444315,13.408738,5
38715,3.9457927,6.691881,6
38716,14.695259,10.652619,3
38717,6.691731,11.356492,3
38718,-3.643137,6.711949,2
38719,10.978893,11.318473,4
38721,3.641173,9.957437,1
38722,-4.2008843,7.1450286,2
38725,4.172314,10.74763,3
38726,-3.2130065,4.8071284,0
38727,8.725407,12.524919,6
38728,-4.1806974,3.8696618,0
38730,10.995081,10.869481,4
38731,-3.7613833,6.48909,2
38733,8.457986,13.624292,4
38734,7.557607,11.693838,1
38737,6.40694,9.842014,3
38738,4.038058,9.383637,1
38739,-3.5954669,5.8189263,0
38741,6.5712423,11.605272,1
38742,-3.5689707,6.7129264,2
38743,10.317274,14.924852,5
38744,8.18059,12.759415,6
38746,10.520261,1.1162968,7
38747,8.335807,12.353245,7
38748,8.039526,12.75898,1
38749,-3.7311697,6.992348,0
38750,9.441833,13.12203,5
38751,8.268068,-0.85102224,7
38752,9.570289,11.954917,6
38753,9.687106,3.4228275,7
38754,-3.5995502,5.3290906,0
38755,10.501014,-0.18556769,7
38756,10.389972,13.390524,5
38757,6.210202,9.6066265,3
38758,10.559257,15.003725,5
38759,3.665118,7.295741,6
38761,-5.892607,6.9482994,2
38762,4.3892193,10.246008,3
38763,-3.0107272,5.32556,0
38764,4.196571,6.8613935,6
38765,6.1648946,13.141569,3
38766,-3.2250898,7.24264,2
38768,-3.969989,6.4074755,2
38769,-5.555144,4.856116,0
38771,9.607451,12.219679,6
38772,-6.2722983,6.610551,2
38774,8.989391,10.994321,6
38775,-5.6613126,6.275131,2
38777,4.36078,6.001676,6
38778,7.005065,10.119664,4
38779,-3.977866,6.5007796,2
38780,7.9281907,-0.32533005,7
38781,6.9274206,11.507311,1
38784,14.24064,9.907212,1
38786,10.990799,14.709054,5
38787,10.412521,-0.38703486,7
38788,7.524616,12.072065,1
38789,11.227762,13.656234,5
38791,-2.7315075,4.813931,0
38793,7.8329797,12.387981,4
38794,4.1901345,5.919975,6
38796,6.502554,12.255551,3
38797,-6.1936555,6.7803326,2
38798,6.437724,6.3345327,6
38799,7.27763,10.801263,4
38801,7.852555,12.495124,4
38802,-6.1225286,6.912212,2
38803,7.118022,12.576315,1
38804,8.187684,-0.33522332,7
38806,11.504551,10.523762,1
38807,5.95198,10.978616,1
38808,-5.5063577,4.669979,0
38811,-6.520521,4.4726057,2
38813,-4.153421,6.7879157,2
38814,6.294827,11.383112,1
38815,7.5606604,13.850341,4
38818,4.142921,9.922934,1
38819,11.210972,9.049734,4
38820,6.877759,11.714994,1
38821,13.807744,9.896879,1
38822,7.2608795,10.243941,4
38823,7.86526,12.056061,6
38825,4.9949985,6.7886615,6
38826,6.029263,11.048288,1
38827,-5.8487663,5.8206463,2
38828,10.750123,13.634444,5
38829,7.011584,12.534326,1
38830,3.1609151,9.041812,5
38831,8.675512,12.671115,6
38833,9.416683,3.663634,7
38835,13.281516,10.620482,1
38836,11.725346,11.199347,4
38837,6.6210423,12.152103,3
38839,14.625007,10.758124,3
38840,5.207871,6.953245,6
38841,-4.934284,5.8505588,2
38842,8.059825,13.521895,4
38843,14.823859,10.59536,3
38844,7.019396,12.497146,4
38845,13.520559,10.354763,1
38846,6.623515,12.639807,1
38848,8.176108,11.8863945,6
38849,4.6609592,10.42798,3
38851,3.5787532,6.589541,6
38852,-3.3784473,6.2765207,2
38853,-4.2212095,6.8582706,2
38855,13.50172,9.99996,6
38856,11.320843,14.132515,5
38857,3.5219738,7.4047527,6
38858,11.160471,11.330124,4
38860,7.493169,11.878931,4
38861,11.924406,10.659563,6
38863,-4.8071733,5.3766427,0
38864,6.899688,6.0004888,1
38867,3.568269,7.2353344,6
38869,-5.6358833,4.36829,0
38870,-5.3720226,4.5813966,0
38871,4.9606385,9.325343,1
38872,7.1145806,12.056671,6
38873,6.822039,6.1160326,1
38874,13.12856,10.156378,1
38875,-6.5522685,6.1563153,2
38876,7.506724,11.82527,4
38877,7.8321114,12.984213,4
38878,7.9473314,12.228889,4
38879,10.478905,10.87355,1
38880,6.686768,12.858698,1
38881,10.480515,14.999693,5
38882,-5.067395,7.704359,2
38883,9.258172,11.290771,6
38884,11.093065,0.48492476,7
38885,7.1494784,10.4594555,1
38887,9.947786,13.093726,5
38888,6.151836,6.781268,6
38889,9.055289,11.12596,6
38890,11.319675,8.974083,6
38891,10.411099,11.134706,2
38892,6.763012,13.832991,4
38893,7.041131,10.733129,1
38896,7.8098755,-0.52548385,7
38897,5.73806,12.495744,3
38898,5.804442,12.625025,3
38899,6.071528,10.047666,3
38900,4.146654,10.366751,3
38901,7.432177,10.454463,4
38902,13.611669,9.445697,6
38903,10.825791,11.761722,4
38904,14.522391,10.386262,3
38905,4.0316076,9.373009,4
38907,13.30197,9.780655,6
38910,4.1364403,7.302891,6
38912,11.583912,10.959896,1
38913,5.67231,10.821311,3
38914,-6.4682007,6.5368085,2
38915,-6.365827,4.19277,0
38916,6.953602,13.293125,3
38917,-3.0690293,7.2722354,2
38918,-3.6094625,7.4205194,2
38919,11.306335,8.930552,4
38920,4.3304005,6.57217,6
38921,-6.314181,6.191404,2
38923,11.01183,0.9268553,4
38924,8.238997,12.184233,6
38926,6.8107033,13.362762,1
38927,10.915514,13.795811,5
38929,14.885532,11.100755,3
38930,-3.1164725,4.853461,0
38931,8.121812,10.9220295,4
38933,9.741898,3.2975025,7
38934,-5.634435,6.381669,2
38935,8.146152,12.526781,6
38936,-3.5235105,7.4323974,2
38937,-4.635132,4.477088,0
38938,3.288915,6.763083,6
38939,6.714307,11.531532,3
38940,9.934831,12.999975,7
38941,10.912735,11.595866,7
38942,7.590624,12.303597,1
38943,8.5597105,12.414362,6
38944,11.221605,0.66903126,7
38946,13.549583,10.486446,4
38947,5.586065,12.345288,3
38949,9.195052,11.776928,6
38950,7.841688,-0.4616772,7
38951,3.4036508,7.032009,6
38952,13.085952,10.617187,1
38954,3.3109865,6.7755075,6
38955,11.580404,11.361871,1
38956,5.3632836,7.189181,6
38959,13.456218,10.446544,1
38960,10.950251,10.836054,1
38961,7.017864,11.406056,1
38962,9.625779,11.810565,6
38963,-4.0741,4.1068544,0
38964,11.390821,11.344572,3
38965,11.37241,8.918237,1
38967,6.4897575,12.44472,3
38968,-5.8633337,5.855135,2
38969,6.6498384,6.1665854,1
38970,11.645342,11.029975,4
38971,11.070277,8.671229,1
38972,4.0977125,5.84648,6
38974,4.0077667,7.019504,6
38975,-6.317666,6.1528254,2
38977,14.53429,11.361135,3
38978,9.489547,12.068937,6
38979,10.090797,-0.04355528,7
38980,6.779642,13.065824,1
38981,9.463154,11.598102,6
38982,-5.120346,4.200484,0
38983,-5.9436183,4.6724367,0
38984,6.670482,11.216299,3
38985,10.731838,14.775667,5
38987,6.9765277,12.832918,1
38988,4.4930696,6.2305775,6
38989,4.789766,10.223034,3
38990,7.847259,11.655058,4
38993,9.331738,12.116103,6
38995,8.774921,12.907757,5
38996,5.811363,11.353462,3
38997,11.595733,11.03183,3
38999,7.492135,11.514243,1
39000,4.5254397,10.277581,3
39001,-4.6450496,4.0105376,0
39002,14.122463,10.286052,1
39004,6.4100385,11.684323,1
39005,-3.0513659,6.3169355,2
39006,9.713972,3.446769,7
39007,8.39775,13.365373,6
39008,-3.454557,7.2379375,2
39009,10.31644,13.908707,5
39011,-3.535703,5.2986903,0
39012,10.394861,13.510265,5
39013,-2.9420376,7.1279626,2
39014,-4.0080976,6.4156723,2
39015,11.075633,10.695336,1
39016,14.587605,11.41295,3
39017,-6.2831216,3.5278983,0
39018,6.879347,5.893348,1
39019,14.384196,10.096012,1
39020,-5.614179,3.5252006,0
39021,-5.87825,4.6575885,0
39022,9.502163,12.156084,6
39023,-3.2206733,7.219085,2
39025,-5.5358577,4.2271857,0
39026,-5.3913507,3.8265903,0
39027,4.5765405,10.608371,3
39028,9.577703,11.948236,6
39030,10.706232,0.050604925,7
39031,-4.3414197,4.0197883,0
39032,3.316626,6.6199517,6
39033,10.765953,11.280551,1
39034,6.8292212,6.083677,1
39035,11.408527,11.120956,1
39036,4.1969395,9.355257,6
39037,10.917403,0.87414145,7
39038,6.6065445,12.725589,1
39039,4.367524,6.674693,6
39040,4.5407662,10.637961,3
39041,7.2357965,13.844995,4
39042,10.549332,-0.28536773,7
39043,-6.3308635,6.4784017,2
39044,11.3693905,8.932742,6
39047,8.350933,13.501943,7
39048,5.835347,12.9443865,3
39049,6.436348,9.900418,6
39050,4.255949,10.406916,3
39052,-6.6374707,6.122774,6
39053,10.035711,13.419138,5
39054,-6.1010094,3.9085214,0
39055,5.364835,10.801104,3
39056,8.228017,11.665624,4
39058,10.999502,11.399982,4
39059,5.166332,6.5990376,6
39060,10.491656,14.789388,5
39061,-4.967233,7.278721,2
39062,8.617217,13.122088,6
39063,5.4019,7.627992,1
39065,-5.3975105,3.8475733,0
39067,10.866782,8.931406,6
39068,5.684958,9.884014,1
39069,-6.0096984,5.9135337,2
39071,5.7611217,8.3405285,6
39072,-3.8051186,4.973177,0
39074,13.685578,9.57525,6
39075,10.113168,-0.12967747,7
39076,-3.784987,6.4014983,2
39077,3.4390182,7.369682,6
39078,-5.3925986,4.359485,0
39079,14.057981,9.928358,1
39080,9.352122,12.06779,6
39081,4.139475,5.756475,6
39082,7.453651,11.842284,1
39083,4.4428706,6.0808167,6
39084,4.1248207,7.1586585,1
39085,-4.9645653,7.101037,2
39086,4.3777323,5.9748836,6
39087,12.222729,9.572533,3
39088,7.322294,12.084374,1
39089,-3.9481874,4.089149,0
39091,11.156645,0.45552894,7
39092,10.983252,0.9416569,7
39094,10.870486,-0.28646475,7
39095,8.404938,13.709569,4
39096,11.657028,11.542416,6
39097,13.57576,9.5745325,6
39099,5.47537,11.640678,3
39100,5.0961895,7.3068843,6
39101,4.766644,6.412417,6
39102,9.413862,11.699689,6
39104,7.397869,12.8197155,6
39105,10.421007,0.9292298,7
39106,6.456993,11.249873,1
39107,10.947534,13.746563,4
39108,6.288022,13.072568,3
39109,13.654519,10.845988,1
39110,10.332909,13.684674,5
39111,4.8658156,10.508395,3
39112,10.147822,0.2636792,7
39113,-5.8247848,5.867786,2
39114,7.973959,13.983192,4
39115,11.297611,14.743804,5
39116,-6.468222,6.433726,2
39117,10.627876,8.374158,6
39119,3.7391496,7.14812,6
39120,13.745226,11.0862,3
39122,10.127409,0.023674252,7
39123,11.132932,13.384778,5
39125,8.435618,-0.46936455,7
39126,7.714075,12.771492,4
39128,-3.1619518,4.9530387,0
39129,8.170888,13.571314,4
39130,6.495718,10.97005,1
39131,-6.1394362,4.6592298,0
39132,5.582669,10.48253,1
39133,13.477021,10.267029,1
39134,10.11456,13.295484,5
39135,7.5257173,6.207483,1
39136,-2.9590669,6.8464174,2
39138,6.823793,6.025282,1
39139,9.158712,11.906019,6
39140,8.049736,11.803735,6
39141,10.842075,0.1682662,7
39142,5.939772,10.048274,3
39144,-5.875009,7.0109115,2
39145,-4.1314683,7.3287616,2
39146,-3.071008,7.05902,2
39147,6.245016,6.6772323,6
39149,5.2854996,6.7457047,6
39150,7.985257,11.37681,1
39151,3.9733603,10.464314,3
39152,-5.6649985,4.706389,0
39153,7.303716,11.421403,6
39154,6.653681,13.538146,3
39155,11.333106,10.6783285,6
39156,6.875204,11.211659,1
39157,-5.6859226,4.4662232,0
39158,8.154166,11.416117,4
39159,13.713938,9.628953,1
39161,13.993178,10.726169,1
39162,13.554155,10.847785,1
39163,5.2953525,10.963287,3
39164,10.935109,14.019774,5
39165,5.943841,9.747174,1
39166,7.6786833,11.428902,6
39168,10.744819,-0.3974252,7
39170,7.4479856,11.773521,4
39173,13.546762,9.818887,6
39174,13.277929,9.973612,6
39175,4.859725,7.560277,6
39176,7.948939,6.419071,3
39177,9.596301,3.5633023,7
39180,-4.643248,4.156437,0
39181,11.232276,14.367275,5
39184,5.262649,10.423506,1
39185,13.419111,10.839847,1
39186,11.2334795,0.6460502,7
39188,6.622422,10.526374,4
39190,7.9472113,12.7349205,4
39191,4.100899,10.280142,3
39192,14.196816,10.355652,1
39193,5.996714,11.921064,3
39194,10.513825,13.572025,5
39195,-3.6844223,7.213745,2
39196,4.3986783,8.681568,6
39197,11.193822,0.60501677,7
39199,-5.0497446,2.69888,2
39200,3.4500985,9.436882,1
39201,-5.00398,7.4704905,2
39202,6.844585,13.435992,1
39203,7.427254,12.8658905,4
39204,6.7517734,12.735082,4
39205,5.6515284,12.42808,3
39206,6.6117525,12.05882,3
39207,-5.3006725,4.861487,0
39208,7.200698,13.330608,1
39209,11.167154,0.35893682,7
39210,-6.045867,6.1087117,2
39211,14.594004,11.37831,3
39212,3.896898,9.800657,4
39213,7.570861,-0.8828072,7
39214,4.0382175,7.0430717,6
39215,3.8804061,9.267804,4
39216,-3.2197,6.9445176,2
39218,9.398441,11.886622,6
39219,4.418908,6.8406706,1
39220,9.801678,12.7912245,6
39221,10.88761,14.447048,5
39222,5.7654004,12.417078,3
39223,9.751074,11.899486,6
39224,-6.4260826,6.3356996,2
39226,14.338779,10.942347,3
39227,-6.095153,5.404691,2
39229,10.932599,11.917706,5
39230,9.524753,12.225127,6
39231,11.093725,10.706903,6
39232,4.707582,6.9253283,6
39234,10.696373,11.135068,6
39236,-6.0523515,4.1876297,0
39238,-3.642899,5.4455786,0
39239,4.672414,6.8814797,6
39241,14.881569,10.62353,3
39242,3.837666,10.906352,3
39243,11.317972,0.34790045,7
39244,9.546867,3.5201156,7
39245,14.36075,10.2267475,1
39246,-5.9250135,3.9076498,0
39247,-3.0196083,6.593831,2
39249,6.235971,11.255015,1
39251,6.2934256,12.654462,6
39252,-3.461842,6.284946,2
39255,6.2351174,9.558709,1
39257,4.5485945,10.59223,3
39258,4.404271,10.349594,3
39259,14.832563,11.230274,3
39260,-3.4119864,5.1477585,0
39261,-3.341371,6.513368,2
39262,-6.574707,6.4062967,2
39264,-2.9726765,5.866871,0
39265,-5.122379,7.3511987,2
39266,5.556456,12.11162,3
39267,3.2212148,9.3428545,1
39268,7.920706,6.3998995,3
39269,4.2820344,10.596378,3
39271,4.9092593,10.61048,3
39274,-5.1396255,3.4803994,0
39275,7.1184196,6.338769,1
39276,-5.546089,6.890479,2
39277,10.66729,15.206768,5
39278,-3.2894995,4.895993,0
39279,11.239908,0.61057425,7
39280,5.7881293,11.444726,3
39281,4.7639966,9.889189,1
39282,7.2003145,11.750094,1
39283,6.844287,6.087825,1
39285,3.8901987,7.311451,6
39286,9.597471,3.6061985,7
39287,7.0704513,12.962756,4
39288,5.518221,6.967836,6
39289,4.0233293,6.5701222,6
39290,11.087395,13.480436,7
39291,6.2299986,13.41174,4
39292,-5.498136,7.1722436,2
39295,7.8152914,6.6126904,3
39296,-6.376491,4.2129836,0
39297,3.6037185,9.914672,4
39298,-3.3717551,7.3847423,2
39299,10.28328,14.901549,5
39301,6.686213,13.036385,3
39302,11.816334,11.069292,3
39304,4.3544745,10.282383,3
39305,13.57573,9.61219,6
39306,14.779888,10.442461,3
39307,-3.824117,7.4591055,2
39308,10.240971,15.314242,5
39309,5.4798365,10.459683,1
39310,7.138809,12.694547,4
39311,11.289268,0.41521814,7
39312,5.6966715,11.610178,3
39313,6.800748,5.946947,7
39314,-5.4596806,4.220285,0
39315,5.748966,6.8617716,6
39317,10.918792,11.138867,4
39318,10.716225,-0.26913694,7
39320,10.812067,0.19745763,7
39321,9.266286,3.3296607,7
39322,-3.221648,6.1867175,2
39323,13.311817,10.292362,6
39324,-5.1107597,4.4674554,0
39325,7.6148086,12.773474,4
39326,3.9078119,7.8531013,6
39327,-5.0113053,3.7747235,0
39328,4.8352633,9.558212,3
39329,10.440786,14.9398155,5
39330,6.914879,12.69005,1
39332,7.991701,6.3253474,3
39333,-5.6341434,4.77795,0
39334,7.0665073,13.289108,4
39335,10.472891,15.284849,5
39336,3.8937669,6.883801,6
39337,7.9715233,-0.6708452,7
39338,10.348159,1.1542251,7
39339,11.022107,0.88917893,7
39340,6.8762584,11.070415,6
39343,-4.765761,4.4272137,0
39344,14.429413,10.926876,3
39345,5.4519343,9.91072,6
39347,-4.0462723,3.6766942,0
39348,7.4473896,6.048081,1
39349,6.229292,11.509675,3
39350,-4.7664137,4.0301714,0
39351,-4.7323437,7.483398,2
39352,10.548575,15.1984,5
39353,-5.8933935,3.8959424,0
39354,10.844803,11.041314,1
39355,-3.86199,5.049339,0
39356,10.877961,8.624552,4
39357,4.3933234,8.685274,6
39358,7.852507,12.595698,4
39359,9.036359,11.565097,6
39360,3.9026985,10.130982,1
39364,6.0772285,8.974862,6
39365,10.633765,-0.28167525,7
39366,-5.6107764,4.8036757,0
39368,6.689255,9.983765,6
39370,10.745859,-0.30947247,7
39371,-5.4914107,6.2553067,2
39372,-3.7768738,7.14073,2
39373,-4.07683,7.494167,2
39374,10.433575,15.265507,5
39375,10.665145,-0.3562958,7
39378,-5.6519184,4.602144,0
39379,3.799379,10.840853,3
39381,4.1149826,6.801106,6
39382,6.7158046,12.04702,1
39383,9.988029,14.026672,5
39384,-5.078501,2.6763637,0
39385,-3.644016,5.265574,0
39386,6.2089777,12.866666,4
39387,6.687217,11.178751,1
39388,7.3540297,12.427541,4
39390,7.6668267,13.224012,4
39391,5.8844748,12.023637,3
39394,-4.832343,5.2970767,0
39395,9.407665,13.486211,5
39396,6.068447,8.907509,6
39397,-5.5647855,6.251189,2
39398,4.5091476,9.875851,1
39400,10.685568,8.400253,6
39401,9.412444,11.494209,6
39402,8.331767,13.844708,7
39404,-5.9971724,3.4341843,0
39405,8.447711,13.688244,5
39406,14.630241,10.452982,3
39407,10.94929,11.921713,6
39408,7.2888002,13.770331,1
39409,14.311407,11.531829,3
39412,7.9322925,12.536208,6
39413,-4.1459923,4.158433,0
39414,10.510637,-0.3001092,7
39415,8.843769,11.549823,6
39416,8.114323,-0.8779624,7
39417,6.1258173,11.812189,3
39418,9.262632,11.316417,5
39419,5.1982775,9.128639,4
39420,-5.587802,3.9948997,0
39423,11.029321,10.875657,3
39424,10.31079,1.2337474,1
39425,3.3524609,8.873392,5
39426,-5.667641,5.83948,2
39427,10.5408535,14.698118,5
39428,-5.601681,4.257607,0
39429,-6.045951,4.28683,0
39430,6.5536146,10.93164,4
39431,14.417489,11.535802,3
39433,-3.0667784,6.9760823,2
39435,3.7963283,10.1913595,3
39436,4.134944,9.424906,1
39437,7.6093516,6.338274,1
39439,-4.254382,3.7309425,0
39440,-5.533134,3.7905793,0
39442,8.663941,11.093459,5
39443,11.756509,10.564266,6
39447,11.861718,10.866985,3
39448,5.810666,10.28012,1
39449,-2.6640995,4.9235744,0
39450,10.110136,0.40944108,7
39451,11.409632,13.111788,5
39452,8.504825,-1.0750561,7
39453,3.9725993,9.528012,4
39454,-5.352842,7.290869,2
39456,13.918363,10.542601,1
39458,10.769499,0.3290147,7
39459,13.78666,9.863419,1
39460,6.24286,12.905817,3
39461,6.6067214,11.716718,4
39462,12.793126,10.0618105,5
39463,10.810541,14.279503,7
39464,-5.7513976,6.167252,2
39465,6.725938,12.869037,1
39466,-6.4033995,6.369671,2
39468,-5.8136897,4.9071383,0
39470,4.113865,9.323234,1
39472,11.213511,10.510265,6
39473,11.400025,14.029249,6
39474,6.3115597,13.42015,4
39475,-5.075959,2.661874,0
39476,9.674652,12.025006,6
39477,8.645311,13.432836,6
39478,7.0270896,13.706238,4
39479,10.685579,13.407409,5
39480,12.484462,10.928217,3
39481,-5.480254,4.7246313,0
39482,7.705284,12.432698,5
39484,7.164511,11.904795,1
39485,5.2841053,7.503951,6
39486,5.749062,9.215278,4
39487,4.8208985,6.3124795,6
39488,14.566419,10.349486,1
39489,7.890776,12.292519,6
39490,4.922109,8.8409605,6
39492,9.583414,13.647986,5
39493,-3.7429934,6.8703613,2
39494,-6.147925,4.258254,0
39497,11.534306,13.568729,5
39498,11.324921,8.995034,6
39499,10.057029,0.23055285,7
39500,3.3693736,6.262461,6
39501,7.361592,5.9061475,1
39502,4.639733,9.802354,3
39503,-3.6934905,7.440634,2
39504,-4.195639,4.441447,0
39505,10.351186,14.536264,5
39506,-6.274787,6.795075,2
39507,10.223097,15.111331,5
39511,4.183578,10.654343,3
39512,10.2229595,0.4629803,7
39513,-4.213327,6.823591,2
39514,-3.3135412,5.4282727,0
39515,11.237625,14.638365,5
39516,-4.3446426,7.138176,2
39517,8.550999,13.19247,4
39518,14.519372,10.3895035,1
39519,7.5483913,10.736477,4
39520,6.7814713,6.362825,1
39521,3.2395227,6.668982,6
39523,10.688153,-0.107900895,7
39524,5.145275,6.503778,6
39525,14.830919,11.180863,3
39526,10.941347,11.063526,1
39527,5.1548605,9.821041,3
39528,6.1670284,13.374177,1
39529,6.4529862,11.82246,1
39531,8.428624,13.58879,6
39532,-5.6792693,3.6073647,0
39534,9.772953,3.3209007,7
39535,6.245401,13.255983,3
39536,10.774948,15.057166,5
39537,7.6988983,11.5158205,1
39538,6.7016525,13.116019,3
39539,3.8154092,6.296593,6
39542,14.381013,11.438232,3
39543,-5.501742,3.7264023,0
39544,6.221773,12.576902,3
39545,5.7076597,12.551017,3
39546,8.986259,11.821908,6
39548,11.49992,10.873476,1
39549,6.2449694,12.69426,3
39550,-4.5066833,3.6958008,0
39551,11.950819,9.777713,3
39552,14.538793,11.119864,3
39553,-2.9108076,5.4404984,0
39554,11.269248,0.7039494,7
39555,3.9703236,7.3578854,6
39559,3.6315546,10.206522,3
39560,14.865317,11.2281,3
39561,13.726552,9.577059,1
39562,-3.8909264,6.469064,2
39563,10.152691,14.9972,5
39565,9.475158,12.12766,6
39567,-4.888735,3.8466048,0
39568,-5.8346477,3.9365442,0
39569,7.0630927,13.164109,1
39571,11.403685,13.691101,5
39572,8.194496,11.410135,6
39573,-5.5927615,6.299793,2
39574,-3.1631072,4.8324165,0
39575,12.739542,10.745018,3
39576,11.438646,8.952263,6
39578,9.120527,11.087391,6
39579,10.772406,10.711009,3
39581,10.94416,0.75952965,7
39582,3.185455,9.074071,5
39583,14.077598,10.775946,1
39585,-3.230683,6.398618,1
39587,11.7678175,9.317313,6
39588,7.7836494,12.007003,6
39589,14.277155,9.9542675,5
39590,7.587979,13.964944,4
39592,13.646054,9.795129,6
39593,11.351791,11.482138,4
39594,11.580904,10.6941395,1
39595,9.538147,12.019595,6
39596,11.515717,10.843164,4
39598,11.06354,13.282161,5
39600,5.4322963,7.408998,6
39603,6.7395816,10.903157,1
39604,8.024415,-0.79377574,7
39607,13.740327,9.496365,6
39608,6.3296814,10.186934,4
39609,12.724667,10.2834635,6
39610,14.752304,10.703615,3
39611,9.921378,14.421393,5
39614,7.1633472,12.690087,1
39615,3.6531525,6.9533052,6
39617,-4.2011094,3.7300866,0
39618,3.3396444,8.22213,5
39620,11.044016,0.8198954,7
39621,11.23484,13.841501,5
39622,14.718802,11.260017,3
39623,4.8999043,6.4263144,6
39624,7.7874513,11.74982,6
39625,6.825026,6.0011144,6
39627,7.63303,11.983846,4
39628,7.9951696,11.247403,5
39629,4.3543253,10.628502,3
39631,-5.8350964,6.249587,2
39632,12.512815,10.280048,1
39633,10.096005,13.447799,5
39636,-5.81146,4.19578,0
39637,5.8583217,12.856301,3
39639,4.4530945,10.150868,3
39640,10.670777,13.942762,5
39641,7.6229954,10.704405,4
39643,8.82088,12.164534,5
39644,11.429467,11.265399,4
39645,7.6705384,12.589568,4
39646,5.8592763,12.132159,3
39647,9.909931,13.145912,5
39648,10.983254,10.878953,1
39649,9.446729,12.753168,5
39651,5.9132357,11.808795,3
39652,5.1138964,9.51189,1
39653,11.909903,9.591562,6
39654,4.226369,10.333895,3
39656,-5.6894703,3.635189,0
39658,4.061411,8.424738,4
39659,7.7650228,12.916546,6
39660,7.4172835,10.34715,4
39662,-3.9609702,6.933757,2
39663,7.8317204,12.685902,4
39664,4.4216723,6.858531,5
39665,6.173214,6.7815776,6
39666,9.328546,11.401147,6
39667,3.3217175,6.7898455,6
39668,10.8457775,12.105633,5
39669,5.9172845,12.78473,3
39670,3.8072073,9.788587,1
39672,9.996607,14.890173,5
39673,12.067513,9.531007,7
39674,11.21047,0.4582024,7
39675,8.783951,13.486973,4
39677,11.400503,9.088398,6
39678,8.393811,10.401327,1
39679,7.402169,12.317963,1
39680,13.220829,10.077414,6
39681,13.919225,10.618177,1
39682,11.411531,8.923705,4
39683,8.055931,12.09976,4
39684,4.642835,6.7939563,6
39685,13.276601,10.926719,1
39686,10.483563,14.15839,5
39687,6.0754156,11.307885,3
39689,4.3702073,6.9106536,6
39690,8.066231,12.98545,6
39691,9.876517,13.869608,5
39692,3.299129,7.233629,6
39693,-5.6480107,4.504902,0
39694,3.355968,6.5639043,6
39695,-4.7804165,5.0771446,0
39696,11.201727,9.280279,5
39697,10.719232,-0.46064097,7
39698,14.720265,10.8323345,3
39699,10.768429,8.4548,6
39700,-5.9328966,7.0045815,2
39701,6.2376614,9.7628975,6
39702,11.428001,0.73434454,7
39703,8.436921,11.587685,1
39705,10.860622,8.571692,6
39706,-6.1396704,3.876112,0
39707,-5.8424063,6.6785455,2
39708,-4.1257653,6.7778006,2
39710,6.3160663,9.990076,1
39711,6.3385296,10.150076,4
39713,9.565756,12.356435,6
39714,-5.701943,6.2610006,2
39717,5.1529717,10.752004,3
39718,11.236878,10.446839,6
39719,5.912067,12.614533,3
39721,-6.0792227,5.8058963,2
39722,11.819502,9.553055,3
39723,-5.7977514,4.68443,0
39726,11.042249,8.6535015,6
39727,-4.4329042,7.1604314,2
39729,7.827864,12.768248,1
39730,8.715013,-0.11293259,4
39731,8.478967,13.53876,4
39732,-5.486703,6.175072,2
39733,7.556996,11.341085,6
39735,4.245061,6.0329022,6
39736,4.0319214,10.141719,3
39737,3.1373913,6.7748275,6
39738,6.377566,9.610941,3
39739,13.21552,10.147134,6
39740,-3.5564508,4.8062043,0
39741,5.070826,9.629345,3
39743,8.39306,13.288756,4
39744,5.3862314,8.097224,6
39745,7.4889503,13.56281,4
39746,10.532667,0.5029208,7
39747,3.8246226,7.0796494,2
39748,8.220081,12.257007,4
39750,-6.522875,6.412439,2
39751,-5.784076,3.8648303,0
39752,10.597013,14.440677,5
39753,11.097259,8.688602,6
39755,-5.227422,3.9255896,0
39756,11.349919,8.924749,4
39757,7.332934,12.0076475,1
39758,-6.2723274,6.2216897,2
39759,10.510277,0.88672113,7
39760,7.8154154,-0.35549787,7
39761,-5.8701186,6.3368745,2
39762,3.5559025,7.4374666,6
39763,-4.1106386,6.6818376,2
39764,14.567536,10.342741,1
39765,13.715371,9.503755,1
39766,-3.6710653,5.4682736,0
39767,14.414103,10.405179,1
39768,12.526145,10.604679,1
39770,-2.8995042,4.9424663,0
39771,-5.777305,6.2379923,2
39772,-2.8264754,6.5039682,2
39774,5.9439716,11.735156,3
39775,3.7317288,7.022255,6
39777,9.7032995,3.4676077,7
39778,11.410874,14.270372,5
39779,9.635176,12.276917,6
39780,12.181654,9.541399,1
39781,14.569702,10.442233,3
39782,10.453689,13.688562,6
39784,10.461178,13.573715,5
39785,4.0742483,6.2566676,6
39786,9.760591,13.973815,5
39787,-6.163562,5.9341736,6
39788,6.1089234,10.286924,3
39789,4.2306924,9.432017,1
39791,-3.6624413,6.1935005,2
39793,11.312078,10.971594,1
39796,6.82921,6.037849,1
39797,-5.71503,3.7289176,0
39798,10.363115,0.50838155,7
39799,-6.43896,6.6325355,2
39800,14.600898,11.50905,3
39801,7.3236847,13.864134,4
39804,7.9490743,11.769911,4
39805,4.9886928,7.248446,1
39806,11.146111,0.72068167,7
39807,14.191013,9.889016,4
39808,7.4170604,11.17931,4
39809,11.304475,0.7080315,7
39810,14.98641,10.9909725,3
39811,8.319687,-1.1042291,7
39812,6.124077,6.7431707,6
39814,6.3125196,9.809887,3
39815,13.646801,10.948053,1
39817,10.724705,10.746665,3
39818,11.255949,13.452038,6
39819,-3.2435064,6.80086,2
39823,8.100052,-0.929634,7
39824,11.041822,10.638427,1
39826,6.9176083,12.74964,4
39827,-3.9169512,7.4380746,2
39828,5.846061,11.600107,3
39829,8.144974,11.892815,6
39830,13.930619,10.407507,1
39832,11.042438,14.179841,5
39833,4.219338,9.086112,4
39834,-5.099388,2.7450573,2
39835,15.017299,10.870524,3
39836,4.150575,6.025233,6
39837,3.7507074,6.280737,6
39838,6.5218525,10.908345,1
39839,14.00714,10.700933,1
39840,7.038346,6.4660087,1
39841,10.444977,0.9987228,7
39842,6.1620975,6.7875605,6
39843,-2.9135635,7.065698,2
39844,-6.265556,3.4367194,0
39845,8.3503895,-0.57102764,7
39846,3.2521641,6.6058397,6
39848,4.3538747,10.600667,3
39850,10.071498,3.0195045,7
39851,-3.7929637,4.8652444,0
39852,13.777134,9.864157,1
39854,4.757743,9.528587,1
39855,6.5356083,12.35411,1
39856,8.336255,12.816612,6
39857,7.8282576,12.123804,6
39858,10.508796,-0.16473925,7
39860,7.843514,6.5686183,3
39862,6.426302,11.911716,4
39863,4.639946,9.326577,1
39864,6.540768,12.259998,3
39865,10.801772,0.021803759,7
39866,3.820117,5.975458,6
39867,4.3248286,5.9193983,6
39868,5.579689,10.527412,3
39869,-3.0116248,6.4392886,6
39870,-3.7392385,5.30142,0
39871,-5.5647373,3.5647058,0
39872,5.1332746,7.512289,6
39874,6.8530016,11.989773,1
39875,6.646336,13.590904,3
39877,4.479829,10.292117,3
39878,6.19847,6.773769,6
39879,8.141105,11.347514,6
39880,-3.4873805,6.6740565,2
39881,7.2317977,6.4538927,1
39882,7.327853,10.970681,4
39883,4.1903462,10.748545,3
39884,7.603554,13.666546,4
39885,-5.4324074,6.103114,2
39886,-4.1616564,4.52212,0
39887,3.872676,9.495853,1
39889,14.118979,10.482293,1
39890,11.442208,10.561344,6
39891,-6.3063245,6.452913,2
39892,5.1848516,9.296851,1
39893,10.590704,11.5080595,4
39894,3.4607735,9.715477,4
39895,10.629005,14.480488,7
39896,-6.251966,3.6620898,0
39897,6.7118735,9.940759,6
39898,11.277257,14.727278,5
39900,7.4815807,12.425358,1
39901,-4.2636766,3.8686268,0
39902,6.5641117,13.2429285,1
39903,7.8103986,-0.6748884,7
39904,-3.3564816,4.9486566,0
39905,13.339447,9.865275,6
39907,11.183096,14.255305,5
39908,13.516473,10.989447,1
39909,14.321189,9.990974,1
39910,9.648936,13.820331,5
39911,3.8348494,6.321322,6
39913,14.2337675,9.877454,1
39914,7.9041734,6.4570813,3
39915,-5.5427933,4.712078,0
39916,11.274742,13.268325,5
39917,-4.216033,7.4593487,2
39918,5.274888,9.283099,4
39919,-5.214828,3.983971,0
39920,3.6893814,6.957608,6
39922,-6.5825415,3.9961221,0
39923,7.0652437,13.413332,4
39925,10.841132,0.9674782,7
39926,11.024119,-0.0110720955,7
39927,-3.639459,6.3941145,2
39928,6.4750357,12.276657,3
39929,13.609748,9.561917,6
39930,9.557331,12.075345,6
39932,4.7407393,9.178383,1
39933,-5.9319696,7.0053816,2
39934,13.057759,10.354584,1
39938,10.953659,14.456265,5
39939,-3.5217085,7.3952684,2
39940,10.460446,-0.40061444,7
39941,11.079559,0.0906833,7
39942,-4.128949,3.7252402,0
39943,11.116938,10.795108,3
39944,-4.2262278,7.416513,2
39945,7.5415807,11.138062,1
39946,14.097377,10.656729,1
39947,11.358918,14.632848,5
39948,4.894473,9.311687,1
39949,7.6623783,13.269976,4
39950,8.035716,11.668912,6
39952,8.349675,-1.1074762,7
39954,-3.2625995,6.9294395,2
39956,4.285841,10.588733,3
39957,4.7227077,8.662075,4
39959,10.918716,10.925108,1
39960,4.758954,9.864253,3
39962,14.464869,10.294754,1
39963,14.0775585,9.979406,1
39964,4.165252,10.365294,3
39965,-3.3272097,7.1022396,2
39966,7.947589,-0.34378618,7
39967,5.9817553,10.294208,1
39968,-5.2235327,7.08381,2
39970,13.630208,9.473242,6
39971,-3.8217251,7.2701383,2
39972,5.022718,7.578381,6
39974,4.8554716,6.5107594,6
39975,9.813114,13.485488,5
39976,11.295148,0.6677645,7
39977,9.519452,3.3421173,7
39978,5.622428,6.737717,6
39979,13.787323,10.678168,1
39980,-5.8695836,4.447983,0
39981,11.090385,14.917396,5
39982,-2.9491177,5.1816382,0
39983,10.677279,14.929013,5
39984,3.9416728,10.059405,1
39985,-3.3671417,6.4276,2
39988,4.4849224,6.784663,1
39989,11.663776,10.607893,1
39990,-3.1604087,4.903473,0
39991,-4.895829,3.6361115,0
39992,10.794986,10.604309,1
39994,4.885254,9.105457,6
39996,8.035157,-0.83041847,7
39997,11.086543,0.5443519,7
39998,-3.2134194,7.33437,2
39999,6.496018,12.582594,3
40000,5.616045,7.48195,6
